experiment;cell_id;peak_id;cell_intensity_mean;foci_intensity_peak;foci_intensity_mean_disk;foci_radius;signal_to_cell_ratio;foci_x;foci_y;cell_area
Ex 3 day 01;1;1;0,1227;4,0579;3,2105;2,8300;33,0700;859;0;4909
Ex 3 day 01;1;2;0,1227;3,0363;2,0439;4,2400;24,7500;868;21;4909
Ex 3 day 01;1;3;0,1227;2,0584;1,5686;3,7700;16,7800;871;46;4909
Ex 3 day 01;1;4;0,1227;2,1372;1,5377;3,3000;17,4200;885;50;4909
Ex 3 day 01;1;5;0,1227;1,9892;1,4387;4,2400;16,2100;896;45;4909
Ex 3 day 01;2;6;0,1823;2,7755;2,3839;2,8300;15,2200;1376;43;3874
Ex 3 day 01;2;7;0,1823;3,2328;2,6610;2,8300;17,7300;1360;36;3874
Ex 3 day 01;2;8;0,1823;3,5587;3,0892;2,8300;19,5200;1379;59;3874
Ex 3 day 01;2;9;0,1823;2,9452;1,9480;3,3000;16,1600;1360;65;3874
Ex 3 day 01;2;10;0,1823;2,8727;2,0261;3,3000;15,7600;1374;90;3874
Ex 3 day 01;2;11;0,1823;2,0359;1,6651;2,8300;11,1700;1363;53;3874
Ex 3 day 01;3;12;0,1632;3,7122;3,1958;2,8300;22,7500;234;98;8324
Ex 3 day 01;3;13;0,1632;3,7530;3,1845;2,8300;23,0000;281;75;8324
Ex 3 day 01;3;14;0,1632;3,4178;2,4210;3,3000;20,9500;261;91;8324
Ex 3 day 01;3;15;0,1632;2,9713;2,5571;2,8300;18,2100;248;77;8324
Ex 3 day 01;3;16;0,1632;2,6247;2,3039;2,8300;16,0900;223;97;8324
Ex 3 day 01;3;17;0,1632;1,8646;1,3146;3,3000;11,4300;276;101;8324
Ex 3 day 01;3;18;0,1632;1,8947;1,5644;2,8300;11,6100;278;84;8324
Ex 3 day 01;3;19;0,1632;2,2948;1,8980;2,8300;14,0700;247;102;8324
Ex 3 day 01;3;20;0,1632;2,1707;1,5813;3,3000;13,3000;286;95;8324
Ex 3 day 01;3;21;0,1632;1,5098;1,1478;2,8300;9,2500;229;86;8324
Ex 3 day 01;5;22;0,1352;3,4898;2,6627;3,7700;25,8100;0;86;4706
Ex 3 day 01;5;23;0,1352;3,0140;2,0809;3,3000;22,3000;33;71;4706
Ex 3 day 01;5;24;0,1352;2,3097;1,9746;2,8300;17,0800;41;89;4706
Ex 3 day 01;5;25;0,1352;1,8204;1,3871;3,3000;13,4700;7;64;4706
Ex 3 day 01;5;26;0,1352;2,3937;2,0749;2,8300;17,7100;13;51;4706
Ex 3 day 01;5;27;0,1352;1,8772;1,5553;2,8300;13,8900;20;60;4706
Ex 3 day 01;5;28;0,1352;2,0518;1,7712;2,8300;15,1800;59;75;4706
Ex 3 day 01;5;29;0,1352;1,8139;1,2852;4,2400;13,4200;50;67;4706
Ex 3 day 01;6;30;0,2453;3,6089;2,6115;3,7700;14,7100;1052;124;4482
Ex 3 day 01;6;31;0,2453;1,9625;1,5915;2,8300;8,0000;1051;104;4482
Ex 3 day 01;6;32;0,2453;2,3171;1,7290;3,3000;9,4400;1029;96;4482
Ex 3 day 01;6;33;0,2453;2,2513;1,8838;2,8300;9,1800;1034;99;4482
Ex 3 day 01;6;34;0,2453;2,1625;1,4736;3,3000;8,8100;1067;146;4482
Ex 3 day 01;7;35;0,2346;2,9911;1,8948;3,3000;12,7500;781;119;3667
Ex 3 day 01;7;36;0,2346;3,1889;2,2622;3,3000;13,5900;777;135;3667
Ex 3 day 01;7;37;0,2346;2,9061;2,5098;2,8300;12,3900;761;113;3667
Ex 3 day 01;7;38;0,2346;2,4569;1,9768;2,8300;10,4700;799;102;3667
Ex 3 day 01;8;39;0,1874;2,8766;2,1227;3,7700;15,3500;487;149;6105
Ex 3 day 01;8;40;0,1874;2,7389;1,8929;3,3000;14,6200;442;161;6105
Ex 3 day 01;8;41;0,1874;2,4065;1,7703;3,3000;12,8400;482;163;6105
Ex 3 day 01;8;42;0,1874;2,4521;2,0710;2,8300;13,0800;468;168;6105
Ex 3 day 01;8;43;0,1874;1,5896;1,2158;5,6600;8,4800;468;145;6105
Ex 3 day 01;8;44;0,1874;2,3219;1,6754;3,3000;12,3900;449;189;6105
Ex 3 day 01;8;45;0,1874;1,8810;1,4959;3,7700;10,0400;450;127;6105
Ex 3 day 01;8;46;0,1874;2,1328;1,8498;2,8300;11,3800;463;125;6105
Ex 3 day 01;8;47;0,1874;1,8976;1,4850;3,7700;10,1300;468;163;6105
Ex 3 day 01;8;48;0,1874;1,3727;1,2293;3,3000;7,3200;442;145;6105
Ex 3 day 01;8;49;0,1874;1,8543;1,5257;2,8300;9,8900;459;180;6105
Ex 3 day 01;9;50;0,1928;3,8554;3,3215;2,8300;20,0000;994;191;4657
Ex 3 day 01;9;51;0,1928;3,9397;2,7032;3,3000;20,4300;999;165;4657
Ex 3 day 01;9;52;0,1928;2,7115;1,6686;3,3000;14,0600;974;158;4657
Ex 3 day 01;9;53;0,1928;1,7332;1,4007;5,6600;8,9900;977;190;4657
Ex 3 day 01;9;54;0,1928;1,9063;1,4363;3,3000;9,8900;998;182;4657
Ex 3 day 01;9;55;0,1928;2,1071;1,7161;2,8300;10,9300;964;172;4657
Ex 3 day 01;9;56;0,1928;1,6042;1,4091;2,8300;8,3200;986;162;4657
Ex 3 day 01;10;57;0,1785;3,5469;3,1030;2,8300;19,8700;569;213;7612
Ex 3 day 01;10;58;0,1785;3,0736;2,6837;2,8300;17,2200;598;179;7612
Ex 3 day 01;10;59;0,1785;2,6351;2,1884;3,7700;14,7600;588;206;7612
Ex 3 day 01;10;60;0,1785;2,5269;2,1964;2,8300;14,1600;568;193;7612
Ex 3 day 01;10;61;0,1785;2,8414;1,8206;3,3000;15,9200;620;192;7612
Ex 3 day 01;10;62;0,1785;1,6161;1,2607;2,8300;9,0500;572;202;7612
Ex 3 day 01;10;63;0,1785;2,4563;2,0942;2,8300;13,7600;624;195;7612
Ex 3 day 01;10;64;0,1785;2,0732;1,7738;2,8300;11,6200;562;224;7612
Ex 3 day 01;10;65;0,1785;1,9525;1,5940;2,8300;10,9400;587;224;7612
Ex 3 day 01;11;66;0,2577;3,2828;2,8137;2,8300;12,7400;1172;186;4023
Ex 3 day 01;11;67;0,2577;2,9534;2,0528;3,3000;11,4600;1201;196;4023
Ex 3 day 01;11;68;0,2577;2,6602;2,2139;2,8300;10,3200;1180;205;4023
Ex 3 day 01;11;69;0,2577;2,2767;1,6845;3,3000;8,8300;1195;179;4023
Ex 3 day 01;11;70;0,2577;1,5012;1,3980;5,1900;5,8200;1200;180;4023
Ex 3 day 01;11;71;0,2577;1,7253;1,4382;2,8300;6,6900;1185;171;4023
Ex 3 day 01;12;72;0,1544;3,5020;2,4594;3,3000;22,6900;213;243;8861
Ex 3 day 01;12;73;0,1544;2,9080;2,1046;3,3000;18,8400;187;210;8861
Ex 3 day 01;12;74;0,1544;3,1317;2,7086;2,8300;20,2900;212;221;8861
Ex 3 day 01;12;75;0,1544;2,4107;1,8885;3,7700;15,6200;228;254;8861
Ex 3 day 01;12;76;0,1544;2,5351;1,8281;3,7700;16,4200;207;202;8861
Ex 3 day 01;12;77;0,1544;2,0228;1,4034;4,2400;13,1000;216;261;8861
Ex 3 day 01;12;78;0,1544;2,1949;1,8473;2,8300;14,2200;222;234;8861
Ex 3 day 01;12;79;0,1544;1,4231;0,9794;3,3000;9,2200;201;253;8861
Ex 3 day 01;12;80;0,1544;2,3601;2,1188;2,8300;15,2900;186;238;8861
Ex 3 day 01;12;81;0,1544;2,1827;1,9445;2,8300;14,1400;185;187;8861
Ex 3 day 01;12;82;0,1544;1,8227;1,2683;3,3000;11,8100;223;219;8861
Ex 3 day 01;12;83;0,1544;1,9306;1,7455;2,8300;12,5100;213;230;8861
Ex 3 day 01;13;84;0,2531;3,7017;2,7314;2,8300;14,6300;790;264;3376
Ex 3 day 01;13;85;0,2531;2,9803;2,5616;2,8300;11,7800;785;247;3376
Ex 3 day 01;13;86;0,2531;2,4206;1,9665;3,7700;9,5600;775;239;3376
Ex 3 day 01;13;87;0,2531;2,7212;2,3062;2,8300;10,7500;772;260;3376
Ex 3 day 01;13;88;0,2531;2,0782;1,6223;3,7700;8,2100;808;250;3376
Ex 3 day 01;13;89;0,2531;1,9683;1,5976;2,8300;7,7800;782;259;3376
Ex 3 day 01;14;90;0,2225;3,1903;2,2112;3,3000;14,3400;1327;263;3433
Ex 3 day 01;14;91;0,2225;2,1221;1,5252;3,3000;9,5400;1374;237;3433
Ex 3 day 01;14;92;0,2225;1,9542;1,2464;6,6000;8,7800;1349;264;3433
Ex 3 day 01;14;93;0,2225;2,0097;1,4605;4,7100;9,0300;1340;242;3433
Ex 3 day 01;15;94;0,1917;3,3968;1,9851;4,2400;17,7200;445;288;4550
Ex 3 day 01;15;95;0,1917;3,2238;2,2912;3,3000;16,8200;434;273;4550
Ex 3 day 01;15;96;0,1917;2,9093;2,3775;2,8300;15,1800;436;314;4550
Ex 3 day 01;15;97;0,1917;2,4696;1,7722;4,2400;12,8800;419;274;4550
Ex 3 day 01;15;98;0,1917;3,1631;2,2027;2,8300;16,5000;426;304;4550
Ex 3 day 01;15;99;0,1917;2,0490;1,7053;2,8300;10,6900;448;273;4550
Ex 3 day 01;15;100;0,1917;2,3541;1,4720;4,7100;12,2800;463;302;4550
Ex 3 day 01;15;101;0,1917;2,2663;1,6515;3,3000;11,8200;457;267;4550
Ex 3 day 01;15;102;0,1917;2,2133;1,6577;3,7700;11,5500;415;314;4550
Ex 3 day 01;16;103;0,2284;3,0727;2,1996;3,3000;13,4500;890;286;3439
Ex 3 day 01;16;104;0,2284;2,2156;1,7531;2,8300;9,7000;904;274;3439
Ex 3 day 01;16;105;0,2284;2,2241;1,6835;3,3000;9,7400;891;316;3439
Ex 3 day 01;16;106;0,2284;2,1312;1,4758;3,3000;9,3300;903;328;3439
Ex 3 day 01;16;107;0,2284;1,8637;1,5985;3,7700;8,1600;875;294;3439
Ex 3 day 01;16;108;0,2284;1,9968;1,7297;2,8300;8,7400;891;305;3439
Ex 3 day 01;17;109;0,1889;4,1436;3,4945;2,8300;21,9300;1185;282;4098
Ex 3 day 01;17;110;0,1889;2,6246;1,7877;3,3000;13,8900;1168;287;4098
Ex 3 day 01;17;111;0,1889;2,3256;1,7631;3,3000;12,3100;1204;276;4098
Ex 3 day 01;17;112;0,1889;1,9586;1,7292;2,8300;10,3700;1149;284;4098
Ex 3 day 01;18;113;0,1587;2,4110;2,1143;2,8300;15,1900;671;295;4463
Ex 3 day 01;18;114;0,1587;2,1032;1,7022;4,7100;13,2500;654;311;4463
Ex 3 day 01;18;115;0,1587;2,2183;1,9623;2,8300;13,9800;695;305;4463
Ex 3 day 01;19;116;0,2227;3,0786;2,5301;2,8300;13,8200;1056;330;2824
Ex 3 day 01;19;117;0,2227;2,6825;2,1389;2,8300;12,0500;1045;326;2824
Ex 3 day 01;19;118;0,2227;2,6340;2,0206;2,8300;11,8300;1050;308;2824
Ex 3 day 01;19;119;0,2227;2,8014;2,2504;2,8300;12,5800;1045;303;2824
Ex 3 day 01;19;120;0,2227;2,6077;2,1159;2,8300;11,7100;1027;313;2824
Ex 3 day 01;20;121;0,2572;3,2294;2,4818;3,7700;12,5500;316;335;3905
Ex 3 day 01;20;122;0,2572;3,2131;2,7841;2,8300;12,4900;328;323;3905
Ex 3 day 01;20;123;0,2572;1,8564;1,4254;5,1900;7,2200;348;336;3905
Ex 3 day 01;20;124;0,2572;1,8161;1,1822;5,1900;7,0600;343;355;3905
Ex 3 day 01;20;125;0,2572;1,7358;1,3107;5,1900;6,7500;363;349;3905
Ex 3 day 01;21;126;0,1692;2,8942;2,4741;2,8300;17,1100;1202;355;4221
Ex 3 day 01;21;127;0,1692;2,0545;1,4940;2,8300;12,1500;1195;342;4221
Ex 3 day 01;21;128;0,1692;2,5154;1,9723;2,8300;14,8700;1172;351;4221
Ex 3 day 01;21;129;0,1692;2,4763;2,0402;2,8300;14,6400;1193;356;4221
Ex 3 day 01;21;130;0,1692;2,5823;2,0425;2,8300;15,2700;1185;336;4221
Ex 3 day 01;21;131;0,1692;2,4849;1,8962;2,8300;14,6900;1209;368;4221
Ex 3 day 01;21;132;0,1692;2,4957;2,1299;2,8300;14,7500;1177;360;4221
Ex 3 day 01;21;133;0,1692;2,0656;1,7498;2,8300;12,2100;1168;341;4221
Ex 3 day 01;21;134;0,1692;2,3672;1,9228;2,8300;13,9900;1207;340;4221
Ex 3 day 01;21;135;0,1692;1,9470;1,1175;3,3000;11,5100;1183;340;4221
Ex 3 day 01;21;136;0,1692;2,0674;1,7568;2,8300;12,2200;1221;373;4221
Ex 3 day 01;21;137;0,1692;1,6117;1,3153;2,8300;9,5300;1184;371;4221
Ex 3 day 01;22;138;0,2470;3,2812;2,5147;3,7700;13,2900;837;356;3636
Ex 3 day 01;22;139;0,2470;2,2740;1,5783;4,2400;9,2100;866;363;3636
Ex 3 day 01;23;140;0,0678;1,9250;1,5116;2,8300;28,4000;1014;355;3442
Ex 3 day 01;23;141;0,0678;2,8942;2,4066;2,8300;42,7000;1065;372;3442
Ex 3 day 01;23;142;0,0678;2,4796;2,1559;2,8300;36,5800;1011;375;3442
Ex 3 day 01;23;143;0,0678;1,5702;1,2689;2,8300;23,1600;1018;348;3442
Ex 3 day 01;23;144;0,0678;1,7496;1,3600;3,7700;25,8100;1048;364;3442
Ex 3 day 01;23;145;0,0678;2,1118;1,8657;2,8300;31,1600;1026;377;3442
Ex 3 day 01;24;146;0,0625;2,6335;2,2611;2,8300;42,1500;560;406;4410
Ex 3 day 01;25;147;0,1932;3,7725;2,6764;3,3000;19,5200;658;413;3925
Ex 3 day 01;25;148;0,1932;3,1029;2,1250;4,7100;16,0600;641;416;3925
Ex 3 day 01;25;149;0,1932;2,7832;1,6328;4,2400;14,4000;624;420;3925
Ex 3 day 01;25;150;0,1932;1,8722;1,5444;5,6600;9,6900;620;436;3925
Ex 3 day 01;25;151;0,1932;2,5590;1,7137;3,3000;13,2400;643;430;3925
Ex 3 day 01;25;152;0,1932;2,0151;1,6392;2,8300;10,4300;659;399;3925
Ex 3 day 01;25;153;0,1932;2,1893;1,3650;4,2400;11,3300;643;443;3925
Ex 3 day 01;26;154;0,1106;2,6695;2,0210;2,8300;24,1300;1110;420;3677
Ex 3 day 01;26;155;0,1106;2,5929;1,8993;2,8300;23,4300;1092;400;3677
Ex 3 day 01;26;156;0,1106;2,1402;1,3997;4,2400;19,3400;1081;398;3677
Ex 3 day 01;26;157;0,1106;2,0707;1,3291;3,3000;18,7100;1091;427;3677
Ex 3 day 01;26;158;0,1106;1,9080;1,6453;2,8300;17,2400;1095;413;3677
Ex 3 day 01;27;159;0,1657;3,2590;2,7480;2,8300;19,6600;206;458;5230
Ex 3 day 01;27;160;0,1657;2,9316;2,4604;2,8300;17,6900;211;440;5230
Ex 3 day 01;27;161;0,1657;2,5016;1,9872;3,3000;15,0900;219;468;5230
Ex 3 day 01;27;162;0,1657;2,8681;2,3045;2,8300;17,3000;227;429;5230
Ex 3 day 01;27;163;0,1657;3,3502;2,2174;2,8300;20,2100;229;454;5230
Ex 3 day 01;27;164;0,1657;2,1542;1,6655;2,8300;13,0000;222;431;5230
Ex 3 day 01;28;165;0,1894;3,6815;2,6706;3,3000;19,4400;51;448;4146
Ex 3 day 01;28;166;0,1894;3,6266;2,8210;2,8300;19,1500;45;422;4146
Ex 3 day 01;28;167;0,1894;2,5179;2,1929;2,8300;13,2900;34;447;4146
Ex 3 day 01;28;168;0,1894;2,7282;2,1364;2,8300;14,4100;33;462;4146
Ex 3 day 01;28;169;0,1894;2,1179;1,7146;3,7700;11,1800;60;466;4146
Ex 3 day 01;28;170;0,1894;2,4895;2,1791;2,8300;13,1400;36;471;4146
Ex 3 day 01;28;171;0,1894;2,3352;2,0916;2,8300;12,3300;67;444;4146
Ex 3 day 01;28;172;0,1894;2,0543;1,7223;2,8300;10,8500;49;479;4146
Ex 3 day 01;28;173;0,1894;2,2173;1,5154;3,3000;11,7100;62;431;4146
Ex 3 day 01;28;174;0,1894;1,9965;1,3465;2,8300;10,5400;31;434;4146
Ex 3 day 01;29;175;0,1930;2,7849;1,9091;4,2400;14,4300;1292;434;3084
Ex 3 day 01;29;176;0,1930;2,8455;2,4826;2,8300;14,7500;1251;443;3084
Ex 3 day 01;29;177;0,1930;2,2694;1,7265;4,2400;11,7600;1272;435;3084
Ex 3 day 01;29;178;0,1930;2,0351;1,7472;2,8300;10,5500;1265;470;3084
Ex 3 day 01;29;179;0,1930;2,0610;1,5324;3,3000;10,6800;1257;465;3084
Ex 3 day 01;29;180;0,1930;2,2070;1,8541;2,8300;11,4400;1268;459;3084
Ex 3 day 01;29;181;0,1930;1,9710;1,4034;4,2400;10,2100;1240;437;3084
Ex 3 day 01;29;182;0,1930;1,4448;1,0890;3,3000;7,4900;1260;450;3084
Ex 3 day 01;29;183;0,1930;1,9304;1,1676;5,1900;10,0000;1290;456;3084
Ex 3 day 01;30;184;0,1918;3,7152;3,1821;2,8300;19,3700;1102;492;3963
Ex 3 day 01;30;185;0,1918;2,7502;2,1532;3,7700;14,3400;1084;471;3963
Ex 3 day 01;30;186;0,1918;2,2059;1,9076;2,8300;11,5000;1097;465;3963
Ex 3 day 01;30;187;0,1918;2,6165;2,2752;2,8300;13,6400;1115;476;3963
Ex 3 day 01;31;188;0,2246;3,2466;2,5789;3,7700;14,4600;926;492;3294
Ex 3 day 01;31;189;0,2246;3,3042;2,6166;2,8300;14,7100;925;478;3294
Ex 3 day 01;31;190;0,2246;2,2610;1,7806;2,8300;10,0700;943;478;3294
Ex 3 day 01;31;191;0,2246;2,2936;1,7020;3,3000;10,2100;923;469;3294
Ex 3 day 01;31;192;0,2246;2,9752;2,5496;2,8300;13,2500;953;490;3294
Ex 3 day 01;31;193;0,2246;1,9817;1,6206;3,7700;8,8300;912;503;3294
Ex 3 day 01;31;194;0,2246;1,8839;1,6613;2,8300;8,3900;912;491;3294
Ex 3 day 01;31;195;0,2246;2,0141;1,5547;2,8300;8,9700;951;472;3294
Ex 3 day 01;32;196;0,1173;3,1486;2,2718;3,3000;26,8500;661;511;8814
Ex 3 day 01;32;197;0,1173;2,3265;1,9019;2,8300;19,8400;657;525;8814
Ex 3 day 01;32;198;0,1173;2,2598;1,9725;2,8300;19,2700;692;475;8814
Ex 3 day 01;32;199;0,1173;1,5679;1,4463;3,7700;13,3700;650;533;8814
Ex 3 day 01;33;200;0,2730;1,8498;0,5490;6,1300;6,7800;296;482;937
Ex 3 day 01;33;201;0,2730;1,8477;1,4993;3,7700;6,7700;309;497;937
Ex 3 day 01;34;202;0,0663;2,3988;1,9143;2,8300;36,1800;260;507;5285
Ex 3 day 01;34;203;0,0663;2,4465;1,9089;3,3000;36,9000;222;520;5285
Ex 3 day 01;34;204;0,0663;1,8927;1,4194;2,8300;28,5500;265;501;5285
Ex 3 day 01;34;205;0,0663;1,7593;1,1780;5,1900;26,5300;281;488;5285
Ex 3 day 01;34;206;0,0663;2,4196;1,9647;2,8300;36,4900;237;540;5285
Ex 3 day 01;35;207;0,1983;3,7566;2,6394;3,3000;18,9400;1242;527;3877
Ex 3 day 01;35;208;0,1983;2,4384;1,6032;5,6600;12,3000;1256;515;3877
Ex 3 day 01;35;209;0,1983;2,6568;1,9712;3,7700;13,4000;1240;509;3877
Ex 3 day 01;35;210;0,1983;2,5976;2,1104;3,7700;13,1000;1280;509;3877
Ex 3 day 01;35;211;0,1983;2,5614;2,0954;3,7700;12,9200;1262;492;3877
Ex 3 day 01;35;212;0,1983;2,3221;1,3604;4,7100;11,7100;1259;534;3877
Ex 3 day 01;36;213;0,2398;3,4412;2,3967;3,3000;14,3500;87;550;4248
Ex 3 day 01;36;214;0,2398;3,3241;2,4301;3,7700;13,8600;83;567;4248
Ex 3 day 01;36;215;0,2398;2,9868;2,0868;3,7700;12,4500;105;552;4248
Ex 3 day 01;36;216;0,2398;1,9921;1,5595;3,7700;8,3100;67;576;4248
Ex 3 day 01;37;217;0,0841;3,1404;2,7504;2,8300;37,3200;1145;570;7414
Ex 3 day 01;37;218;0,0841;3,0899;2,6761;2,8300;36,7200;1111;593;7414
Ex 3 day 01;37;219;0,0841;2,2007;1,4850;5,1900;26,1500;1125;581;7414
Ex 3 day 01;37;220;0,0841;2,2012;1,5071;4,2400;26,1600;1109;548;7414
Ex 3 day 01;37;221;0,0841;2,3438;1,7215;3,3000;27,8500;1129;621;7414
Ex 3 day 01;37;222;0,0841;2,3265;1,4776;4,2400;27,6500;1107;574;7414
Ex 3 day 01;37;223;0,0841;1,2472;1,0174;5,6600;14,8200;1138;596;7414
Ex 3 day 01;37;224;0,0841;2,1474;1,7996;2,8300;25,5200;1124;567;7414
Ex 3 day 01;37;225;0,0841;1,8621;1,5771;2,8300;22,1300;1101;605;7414
Ex 3 day 01;38;226;0,2524;2,7973;2,3088;2,8300;11,0800;969;560;3336
Ex 3 day 01;38;227;0,2524;3,1584;2,4950;2,8300;12,5100;955;558;3336
Ex 3 day 01;38;228;0,2524;2,6788;2,0975;2,8300;10,6100;993;570;3336
Ex 3 day 01;38;229;0,2524;2,6587;1,9976;2,8300;10,5300;973;572;3336
Ex 3 day 01;38;230;0,2524;2,5729;1,4077;4,2400;10,1900;979;571;3336
Ex 3 day 01;39;231;0,1962;3,4560;2,8422;2,8300;17,6100;481;590;3559
Ex 3 day 01;39;232;0,1962;2,6984;2,3277;2,8300;13,7500;467;625;3559
Ex 3 day 01;39;233;0,1962;1,8608;1,6452;2,8300;9,4800;479;577;3559
Ex 3 day 01;39;234;0,1962;1,8023;1,4147;3,3000;9,1900;443;592;3559
Ex 3 day 01;39;235;0,1962;1,9271;1,4591;2,8300;9,8200;455;584;3559
Ex 3 day 01;39;236;0,1962;2,4433;2,1036;2,8300;12,4500;450;613;3559
Ex 3 day 01;40;237;0,1057;3,3654;2,3492;3,3000;31,8300;285;670;13302
Ex 3 day 01;40;238;0,1057;2,4529;1,7098;4,7100;23,2000;316;684;13302
Ex 3 day 01;40;239;0,1057;2,4852;1,7333;4,2400;23,5000;313;655;13302
Ex 3 day 01;40;240;0,1057;2,3162;2,0312;2,8300;21,9000;305;666;13302
Ex 3 day 01;40;241;0,1057;2,9225;2,3438;2,8300;27,6400;300;636;13302
Ex 3 day 01;40;242;0,1057;2,1692;1,7624;3,7700;20,5100;265;635;13302
Ex 3 day 01;40;243;0,1057;2,2918;1,7654;2,8300;21,6700;310;622;13302
Ex 3 day 01;40;244;0,1057;2,1937;1,8709;2,8300;20,7500;285;702;13302
Ex 3 day 01;40;245;0,1057;2,3661;1,4517;4,2400;22,3800;323;669;13302
Ex 3 day 01;40;246;0,1057;2,1944;1,7342;3,7700;20,7500;317;596;13302
Ex 3 day 01;40;247;0,1057;2,3534;2,1498;2,8300;22,2600;278;641;13302
Ex 3 day 01;40;248;0,1057;2,2187;1,4698;3,3000;20,9800;268;689;13302
Ex 3 day 01;40;249;0,1057;2,0820;1,2803;4,2400;19,6900;352;635;13302
Ex 3 day 01;40;250;0,1057;1,9542;1,3880;3,3000;18,4800;328;712;13302
Ex 3 day 01;40;251;0,1057;1,9550;1,6529;2,8300;18,4900;305;641;13302
Ex 3 day 01;40;252;0,1057;1,7248;1,4004;2,8300;16,3100;298;671;13302
Ex 3 day 01;40;253;0,1057;1,8242;1,5891;2,8300;17,2500;328;654;13302
Ex 3 day 01;41;254;0,1972;2,5587;1,7750;3,3000;12,9800;788;635;3455
Ex 3 day 01;41;255;0,1972;2,6795;2,0691;3,3000;13,5900;799;616;3455
Ex 3 day 01;41;256;0,1972;2,9141;2,5210;2,8300;14,7800;792;647;3455
Ex 3 day 01;41;257;0,1972;2,6162;2,0527;2,8300;13,2700;818;627;3455
Ex 3 day 01;41;258;0,1972;2,0417;1,3777;3,3000;10,3500;803;637;3455
Ex 3 day 01;41;259;0,1972;1,8399;1,4468;3,7700;9,3300;768;628;3455
Ex 3 day 01;42;260;0,1718;2,9696;2,5954;2,8300;17,2800;1135;646;3841
Ex 3 day 01;42;261;0,1718;2,6446;2,3052;2,8300;15,3900;1135;629;3841
Ex 3 day 01;42;262;0,1718;2,5964;2,2297;2,8300;15,1100;1147;633;3841
Ex 3 day 01;42;263;0,1718;2,6559;2,0459;3,7700;15,4600;1167;640;3841
Ex 3 day 01;42;264;0,1718;2,2127;1,6954;3,7700;12,8800;1184;658;3841
Ex 3 day 01;42;265;0,1718;2,2734;1,9772;2,8300;13,2300;1152;649;3841
Ex 3 day 01;43;266;0,1809;5,8309;4,1653;2,8300;32,2400;0;676;3177
Ex 3 day 01;43;267;0,1809;2,8742;2,4746;2,8300;15,8900;20;668;3177
Ex 3 day 01;43;268;0,1809;2,4215;1,8997;2,8300;13,3900;15;676;3177
Ex 3 day 01;43;269;0,1809;1,7414;1,4941;3,7700;9,6300;34;651;3177
Ex 3 day 01;43;270;0,1809;1,5053;1,3081;4,2400;8,3200;33;666;3177
Ex 3 day 01;43;271;0,1809;1,4746;1,2665;2,8300;8,1500;5;655;3177
Ex 3 day 01;44;272;0,1394;3,8333;2,7455;3,3000;27,5000;865;683;5098
Ex 3 day 01;44;273;0,1394;2,3139;1,7044;3,3000;16,6000;877;691;5098
Ex 3 day 01;44;274;0,1394;1,9515;1,3798;3,3000;14,0000;828;681;5098
Ex 3 day 01;45;275;0,0835;2,9481;2,1844;3,7700;35,3000;631;686;4982
Ex 3 day 01;46;276;0,1199;3,7121;3,1828;2,8300;30,9600;469;725;5678
Ex 3 day 01;46;277;0,1199;3,4942;2,3986;3,3000;29,1400;471;690;5678
Ex 3 day 01;46;278;0,1199;2,9134;2,0625;3,3000;24,3000;487;732;5678
Ex 3 day 01;46;279;0,1199;2,2920;1,9141;2,8300;19,1100;478;719;5678
Ex 3 day 01;46;280;0,1199;2,4930;2,1559;2,8300;20,7900;489;719;5678
Ex 3 day 01;46;281;0,1199;2,8050;1,9396;3,3000;23,3900;502;704;5678
Ex 3 day 01;46;282;0,1199;2,5886;1,5848;5,6600;21,5900;453;691;5678
Ex 3 day 01;46;283;0,1199;2,5616;1,9476;3,3000;21,3600;496;689;5678
Ex 3 day 01;46;284;0,1199;1,9744;1,5037;3,7700;16,4700;466;716;5678
Ex 3 day 01;46;285;0,1199;1,6311;1,3464;2,8300;13,6000;487;705;5678
Ex 3 day 01;47;286;0,0938;3,3228;2,9006;2,8300;35,4100;268;748;12425
Ex 3 day 01;47;287;0,0938;3,0168;1,9976;3,3000;32,1500;245;711;12425
Ex 3 day 01;47;288;0,0938;3,2435;2,7951;2,8300;34,5700;226;749;12425
Ex 3 day 01;47;289;0,0938;2,8428;2,0980;2,8300;30,2900;252;696;12425
Ex 3 day 01;47;290;0,0938;2,6515;1,9276;4,7100;28,2600;252;747;12425
Ex 3 day 01;47;291;0,0938;2,9552;2,0237;3,3000;31,4900;199;758;12425
Ex 3 day 01;47;292;0,0938;2,2832;1,7022;3,7700;24,3300;235;726;12425
Ex 3 day 01;47;293;0,0938;2,0443;1,8345;2,8300;21,7900;252;710;12425
Ex 3 day 01;47;294;0,0938;1,6560;1,3944;4,7100;17,6500;235;771;12425
Ex 3 day 01;47;295;0,0938;2,0949;1,8676;2,8300;22,3300;274;717;12425
Ex 3 day 01;48;296;0,1954;2,8451;2,1231;3,3000;14,5600;1108;761;5263
Ex 3 day 01;48;297;0,1954;2,3066;1,7920;2,8300;11,8000;1131;762;5263
Ex 3 day 01;48;298;0,1954;2,5795;1,9302;3,3000;13,2000;1096;727;5263
Ex 3 day 01;48;299;0,1954;2,5277;2,0817;2,8300;12,9300;1081;724;5263
Ex 3 day 01;48;300;0,1954;2,4772;2,0288;2,8300;12,6700;1122;768;5263
Ex 3 day 01;48;301;0,1954;2,3571;1,9831;2,8300;12,0600;1084;739;5263
Ex 3 day 01;48;302;0,1954;1,5256;1,4287;4,2400;7,8100;1128;753;5263
Ex 3 day 01;48;303;0,1954;1,8830;1,7326;2,8300;9,6300;1124;776;5263
Ex 3 day 01;49;304;0,1438;3,3715;2,6696;3,3000;23,4400;622;752;4675
Ex 3 day 01;49;305;0,1438;3,1082;2,1181;3,3000;21,6100;642;742;4675
Ex 3 day 01;49;306;0,1438;1,9137;1,3785;3,3000;13,3100;629;738;4675
Ex 3 day 01;49;307;0,1438;2,1256;1,5350;3,3000;14,7800;633;773;4675
Ex 3 day 01;49;308;0,1438;2,1043;1,6311;3,7700;14,6300;646;770;4675
Ex 3 day 01;49;309;0,1438;1,4130;1,2596;2,8300;9,8200;638;760;4675
Ex 3 day 01;49;310;0,1438;1,5906;1,4679;2,8300;11,0600;652;737;4675
Ex 3 day 01;50;311;0,1723;2,2145;1,7105;4,2400;12,8500;992;777;3437
Ex 3 day 01;50;312;0,1723;1,7626;1,2289;7,0700;10,2300;1019;787;3437
Ex 3 day 01;51;313;0,2370;3,8525;2,7483;3,3000;16,2500;1221;851;3451
Ex 3 day 01;51;314;0,2370;3,3105;2,8530;2,8300;13,9700;1247;853;3451
Ex 3 day 01;51;315;0,2370;2,4334;1,6724;3,3000;10,2700;1232;838;3451
Ex 3 day 01;51;316;0,2370;2,4255;2,1288;2,8300;10,2300;1261;832;3451
Ex 3 day 01;52;317;0,2438;3,3355;2,8966;2,8300;13,6800;724;845;3235
Ex 3 day 01;52;318;0,2438;2,7097;2,2512;2,8300;11,1100;683;868;3235
Ex 3 day 01;52;319;0,2438;2,4813;1,9983;2,8300;10,1800;698;876;3235
Ex 3 day 01;52;320;0,2438;2,4898;2,1717;2,8300;10,2100;701;861;3235
Ex 3 day 01;52;321;0,2438;2,0502;1,7968;2,8300;8,4100;694;854;3235
Ex 3 day 01;52;322;0,2438;2,2868;1,6161;2,8300;9,3800;713;862;3235
Ex 3 day 01;53;323;0,0894;2,3178;1,8493;2,8300;25,9300;577;903;3252
Ex 3 day 01;53;324;0,0894;2,3031;1,5444;4,2400;25,7700;598;887;3252
Ex 3 day 01;53;325;0,0894;2,3243;1,9328;2,8300;26,0000;566;915;3252
Ex 3 day 01;53;326;0,0894;2,1158;1,7535;2,8300;23,6700;569;895;3252
Ex 3 day 01;53;327;0,0894;2,2534;1,5701;2,8300;25,2100;556;912;3252
Ex 3 day 01;53;328;0,0894;3,1791;2,4119;2,8300;35,5700;559;874;3252
Ex 3 day 01;53;329;0,0894;1,9266;1,5727;2,8300;21,5500;586;890;3252
Ex 3 day 01;53;330;0,0894;1,3177;1,1200;4,7100;14,7400;550;894;3252
Ex 3 day 01;53;331;0,0894;2,6152;1,8428;2,8300;29,2600;545;878;3252
Ex 3 day 01;53;332;0,0894;2,5344;2,0862;2,8300;28,3500;563;901;3252
Ex 3 day 01;53;333;0,0894;1,9570;1,5165;2,8300;21,8900;571;885;3252
Ex 3 day 01;53;334;0,0894;1,7631;1,4568;2,8300;19,7300;575;876;3252
Ex 3 day 01;53;335;0,0894;2,0260;1,2278;4,2400;22,6700;588;875;3252
Ex 3 day 01;54;336;0,1699;3,1238;2,7338;2,8300;18,3900;408;903;4283
Ex 3 day 01;54;337;0,1699;2,8678;2,4093;2,8300;16,8800;420;923;4283
Ex 3 day 01;54;338;0,1699;2,6874;1,9333;3,3000;15,8200;431;926;4283
Ex 3 day 01;54;339;0,1699;2,2475;1,6084;3,3000;13,2300;399;911;4283
Ex 3 day 01;54;340;0,1699;2,0499;1,4355;4,2400;12,0700;418;883;4283
Ex 3 day 01;54;341;0,1699;1,7725;1,3576;3,7700;10,4400;434;888;4283
Ex 3 day 01;55;342;0,1884;3,1387;2,1065;4,2400;16,6600;522;948;4095
Ex 3 day 01;56;343;0,2463;2,1950;1,9332;3,7700;8,9100;210;936;3688
Ex 3 day 01;57;344;0,1951;2,3974;1,9604;2,8300;12,2900;1147;956;4778
Ex 3 day 01;57;345;0,1951;2,4119;2,0229;2,8300;12,3600;1148;966;4778
Ex 3 day 01;57;346;0,1951;2,1414;1,7200;2,8300;10,9800;1180;965;4778
Ex 3 day 01;57;347;0,1951;2,3540;1,8188;2,8300;12,0700;1110;966;4778
Ex 3 day 01;57;348;0,1951;2,4465;2,0856;2,8300;12,5400;1110;956;4778
Ex 3 day 01;57;349;0,1951;2,3935;1,9147;2,8300;12,2700;1179;956;4778
Ex 3 day 01;57;350;0,1951;2,5832;2,0677;2,8300;13,2400;1111;950;4778
Ex 3 day 01;57;351;0,1951;2,1915;1,7501;2,8300;11,2300;1133;963;4778
Ex 3 day 01;57;352;0,1951;1,9839;1,5757;2,8300;10,1700;1156;966;4778
Ex 3 day 01;57;353;0,1951;1,8120;1,3189;2,8300;9,2900;1171;966;4778
Ex 3 day 01;57;354;0,1951;1,8412;1,3238;2,8300;9,4400;1163;966;4778
Ex 3 day 01;57;355;0,1951;2,2449;1,8162;2,8300;11,5100;1133;954;4778
Ex 3 day 01;57;356;0,1951;2,0074;1,6919;2,8300;10,2900;1164;956;4778
Ex 3 day 01;57;357;0,1951;2,3002;1,7653;2,8300;11,7900;1130;950;4778
Ex 3 day 01;57;358;0,1951;1,8209;1,3985;2,8300;9,3300;1124;953;4778
Ex 3 day 02;1;1;0,1710;2,1825;1,8725;2,8300;12,7600;698;145;4143
Ex 3 day 02;1;2;0,1710;2,1278;1,6838;2,8300;12,4400;707;142;4143
Ex 3 day 02;1;3;0,1710;2,2001;1,8077;2,8300;12,8700;697;131;4143
Ex 3 day 02;2;4;0,1960;2,8894;2,3610;2,8300;14,7400;464;196;2664
Ex 3 day 02;2;5;0,1960;2,3011;1,9239;2,8300;11,7400;469;185;2664
Ex 3 day 02;3;6;0,1464;3,1735;2,4828;2,8300;21,6800;890;328;4016
Ex 3 day 02;3;7;0,1464;2,3657;1,9368;2,8300;16,1600;887;317;4016
Ex 3 day 02;3;8;0,1464;2,3398;1,9228;2,8300;15,9800;865;333;4016
Ex 3 day 02;3;9;0,1464;1,2796;1,0388;3,3000;8,7400;886;345;4016
Ex 3 day 02;4;10;0,1355;2,0494;1,7263;2,8300;15,1200;1145;405;3844
Ex 3 day 02;4;11;0,1355;2,1628;1,6672;3,3000;15,9600;1117;366;3844
Ex 3 day 02;4;12;0,1355;1,8625;1,4938;2,8300;13,7400;1132;396;3844
Ex 3 day 02;4;13;0,1355;2,3476;1,6846;3,7700;17,3200;1140;385;3844
Ex 3 day 02;4;14;0,1355;1,8904;1,5729;2,8300;13,9500;1104;361;3844
Ex 3 day 02;4;15;0,1355;1,4915;1,1767;2,8300;11,0100;1158;406;3844
Ex 3 day 02;5;16;0,1641;2,5979;2,0025;2,8300;15,8300;943;434;2899
Ex 3 day 02;5;17;0,1641;3,0258;2,4958;2,8300;18,4400;923;426;2899
Ex 3 day 02;5;18;0,1641;2,2255;1,7150;2,8300;13,5600;944;449;2899
Ex 3 day 02;5;19;0,1641;2,1258;1,7343;2,8300;12,9500;943;457;2899
Ex 3 day 02;5;20;0,1641;2,4091;1,6902;2,8300;14,6800;934;421;2899
Ex 3 day 02;5;21;0,1641;2,1956;1,7764;3,3000;13,3800;924;453;2899
Ex 3 day 02;6;22;0,1354;3,6106;2,6406;3,7700;26,6700;542;482;3396
Ex 3 day 02;6;23;0,1354;1,9869;1,5429;3,7700;14,6700;525;480;3396
Ex 3 day 02;6;24;0,1354;1,8253;1,1835;3,3000;13,4800;530;507;3396
Ex 3 day 02;6;25;0,1354;2,3015;1,4656;4,2400;17,0000;546;507;3396
Ex 3 day 02;6;26;0,1354;1,9846;1,5143;2,8300;14,6600;531;496;3396
Ex 3 day 02;7;27;0,1513;3,5765;2,6102;3,3000;23,6400;980;569;3271
Ex 3 day 02;7;28;0,1513;1,4705;0,9009;7,0700;9,7200;951;583;3271
Ex 3 day 02;7;29;0,1513;2,0140;1,7136;2,8300;13,3100;990;587;3271
Ex 3 day 02;8;30;0,1009;3,0702;2,5824;2,8300;30,4200;364;647;3262
Ex 3 day 02;8;31;0,1009;2,7491;2,4006;2,8300;27,2400;358;633;3262
Ex 3 day 02;8;32;0,1009;2,5199;1,9212;2,8300;24,9700;352;650;3262
Ex 3 day 02;8;33;0,1009;2,3360;1,7794;2,8300;23,1500;337;660;3262
Ex 3 day 02;8;34;0,1009;2,1495;1,7234;2,8300;21,3000;334;623;3262
Ex 3 day 02;8;35;0,1009;2,0262;1,6096;2,8300;20,0800;373;635;3262
Ex 3 day 02;8;36;0,1009;1,7584;1,2933;2,8300;17,4200;354;641;3262
Ex 3 day 02;9;37;0,0673;2,7301;2,2683;2,8300;40,5900;326;813;6119
Ex 3 day 02;9;38;0,0673;1,2702;0,7518;3,7700;18,8900;371;840;6119
Ex 3 day 02;9;39;0,0673;2,0764;1,5921;3,3000;30,8700;332;826;6119
Ex 3 day 02;9;40;0,0673;2,2687;2,0036;2,8300;33,7300;327;841;6119
Ex 3 day 02;9;41;0,0673;2,1304;1,3412;4,7100;31,6800;356;808;6119
Ex 3 day 02;9;42;0,0673;2,1797;1,5651;3,3000;32,4100;313;799;6119
Ex 3 day 02;9;43;0,0673;1,9548;1,5281;2,8300;29,0600;325;831;6119
Ex 3 day 02;9;44;0,0673;1,7917;1,5546;2,8300;26,6400;333;807;6119
Ex 3 day 02;10;45;0,1331;2,4537;2,1499;2,8300;18,4400;580;805;3219
Ex 3 day 02;10;46;0,1331;2,4369;2,0705;2,8300;18,3100;581;818;3219
Ex 3 day 02;10;47;0,1331;1,8257;1,4231;2,8300;13,7200;570;822;3219
Ex 3 day 02;10;48;0,1331;2,0915;1,8231;2,8300;15,7200;561;819;3219
Ex 3 day 02;11;49;0,1074;2,9197;2,4816;2,8300;27,2000;418;816;3648
Ex 3 day 02;11;50;0,1074;3,0716;2,2810;2,8300;28,6100;410;834;3648
Ex 3 day 02;11;51;0,1074;2,6518;2,0930;2,8300;24,7000;401;837;3648
Ex 3 day 02;11;52;0,1074;2,5660;1,9297;2,8300;23,9000;393;836;3648
Ex 3 day 02;11;53;0,1074;2,2832;1,9303;2,8300;21,2700;409;799;3648
Ex 3 day 02;11;54;0,1074;3,1461;1,8752;2,8300;29,3100;398;830;3648
Ex 3 day 02;11;55;0,1074;2,0801;1,8042;2,8300;19,3800;387;853;3648
Ex 3 day 02;11;56;0,1074;2,3188;1,6537;2,8300;21,6000;398;816;3648
Ex 3 day 02;11;57;0,1074;2,1935;1,6935;2,8300;20,4300;397;846;3648
Ex 3 day 02;11;58;0,1074;1,6901;1,3031;3,3000;15,7400;392;820;3648
Ex 3 day 02;11;59;0,1074;2,0176;1,5363;2,8300;18,7900;410;807;3648
Ex 3 day 02;11;60;0,1074;1,5942;1,1938;2,8300;14,8500;386;835;3648
Ex 3 day 02;11;61;0,1074;1,6339;1,1734;3,3000;15,2200;415;791;3648
Ex 3 day 02;11;62;0,1074;2,2188;1,5089;3,3000;20,6700;379;826;3648
Ex 3 day 02;11;63;0,1074;2,3585;1,8089;2,8300;21,9700;397;800;3648
Ex 3 day 02;11;64;0,1074;1,3071;1,0585;2,8300;12,1800;399;785;3648
Ex 3 day 02;11;65;0,1074;1,8538;1,5700;2,8300;17,2700;389;843;3648
Ex 3 day 02;11;66;0,1074;2,1006;1,6780;2,8300;19,5700;387;804;3648
Ex 3 day 02;11;67;0,1074;1,2669;0,8741;2,8300;11,8000;398;807;3648
Ex 3 day 02;12;68;0,1463;3,6494;2,5757;2,8300;24,9400;8;844;3253
Ex 3 day 02;12;69;0,1463;2,2325;2,0709;4,7100;15,2600;0;876;3253
Ex 3 day 02;12;70;0,1463;2,6791;2,2452;2,8300;18,3100;26;893;3253
Ex 3 day 02;12;71;0,1463;3,0036;2,4103;2,8300;20,5300;18;858;3253
Ex 3 day 02;12;72;0,1463;2,3347;2,1481;2,8300;15,9600;26;872;3253
Ex 3 day 02;12;73;0,1463;2,8705;2,2838;2,8300;19,6200;25;902;3253
Ex 3 day 02;12;74;0,1463;1,5415;1,7087;4,7100;10,5400;12;900;3253
Ex 3 day 02;12;75;0,1463;2,0103;1,6789;2,8300;13,7400;0;847;3253
Ex 3 day 02;12;76;0,1463;1,3404;1,1796;2,8300;9,1600;17;879;3253
Ex 3 day 02;12;77;0,1463;2,1458;1,6542;2,8300;14,6700;25;864;3253
Ex 3 day 02;13;78;0,1609;1,8419;1,4189;3,3000;11,4500;567;915;2996
Ex 3 day 02;13;79;0,1609;2,2970;1,7053;2,8300;14,2800;573;884;2996
Ex 3 day 02;13;80;0,1609;2,1285;1,8364;2,8300;13,2300;570;878;2996
Ex 3 day 02;13;81;0,1609;2,1671;1,5876;3,7700;13,4700;559;896;2996
Ex 3 day 02;13;82;0,1609;2,3024;1,7637;2,8300;14,3100;584;925;2996
Ex 3 day 02;14;83;0,0996;2,9217;2,1350;2,8300;29,3500;707;972;5672
Ex 3 day 02;14;84;0,0996;2,4461;1,4242;4,2400;24,5700;728;980;5672
Ex 3 day 02;14;85;0,0996;2,4712;1,8296;2,8300;24,8200;712;1004;5672
Ex 3 day 02;14;86;0,0996;2,3369;1,8430;2,8300;23,4700;706;965;5672
Ex 3 day 02;14;87;0,0996;1,8830;1,5717;2,8300;18,9100;715;968;5672
Ex 3 day 03;2;1;0,1914;4,6894;3,5811;2,8300;24,5000;1285;222;4312
Ex 3 day 03;2;2;0,1914;3,4557;2,5152;2,8300;18,0500;1254;222;4312
Ex 3 day 03;2;3;0,1914;2,4241;2,0538;2,8300;12,6600;1273;228;4312
Ex 3 day 03;2;4;0,1914;2,1457;1,8437;2,8300;11,2100;1271;217;4312
Ex 3 day 03;3;5;0,1718;2,2801;1,9301;2,8300;13,2700;811;258;5141
Ex 3 day 03;3;6;0,1718;2,5067;1,8559;2,8300;14,5900;819;274;5141
Ex 3 day 03;4;7;0,1666;3,2637;2,7293;2,8300;19,5900;604;290;3918
Ex 3 day 03;4;8;0,1666;2,4993;1,7609;2,8300;15,0000;578;268;3918
Ex 3 day 03;5;9;0,1892;2,1638;1,9471;2,8300;11,4400;850;387;4564
Ex 3 day 03;5;10;0,1892;2,7684;2,1333;2,8300;14,6400;887;366;4564
Ex 3 day 03;5;11;0,1892;2,0775;1,4396;4,2400;10,9800;849;374;4564
Ex 3 day 03;5;12;0,1892;2,3638;1,7630;2,8300;12,5000;856;363;4564
Ex 3 day 03;5;13;0,1892;2,0058;1,8062;2,8300;10,6000;856;359;4564
Ex 3 day 03;5;14;0,1892;1,8489;1,5091;2,8300;9,7700;875;363;4564
Ex 3 day 03;6;15;0,1628;3,4368;2,5236;2,8300;21,1200;814;570;5224
Ex 3 day 03;6;16;0,1628;2,5743;2,0652;2,8300;15,8200;833;542;5224
Ex 3 day 03;6;17;0,1628;2,4638;2,1310;2,8300;15,1400;813;551;5224
Ex 3 day 03;7;18;0,1419;3,2292;2,5988;2,8300;22,7600;695;572;4200
Ex 3 day 03;7;19;0,1419;2,7936;2,0721;2,8300;19,6900;680;538;4200
Ex 3 day 03;7;20;0,1419;2,0091;1,6397;2,8300;14,1600;710;555;4200
Ex 3 day 03;7;21;0,1419;2,1684;1,7786;2,8300;15,2900;680;585;4200
Ex 3 day 03;8;22;0,1565;3,8016;2,8984;2,8300;24,2800;320;574;3481
Ex 3 day 03;8;23;0,1565;2,2977;1,8443;2,8300;14,6800;333;586;3481
Ex 3 day 03;9;24;0,1749;2,2214;1,8428;2,8300;12,7000;323;641;3438
Ex 3 day 03;9;25;0,1749;2,6076;2,2518;2,8300;14,9100;325;652;3438
Ex 3 day 03;11;26;0,1325;2,7354;2,3948;2,8300;20,6400;752;727;4086
Ex 3 day 03;11;27;0,1325;2,8592;2,3713;2,8300;21,5700;758;711;4086
Ex 3 day 03;11;28;0,1325;1,9047;1,3286;2,8300;14,3700;776;759;4086
Ex 3 day 03;11;29;0,1325;1,6856;1,3209;2,8300;12,7200;756;734;4086
Ex 3 day 03;15;30;0,2064;3,9389;3,2280;2,8300;19,0900;544;1039;2706
Ex 3 day 04;1;1;0,1182;2,8464;1,9305;4,2400;24,0800;585;7;5628
Ex 3 day 04;1;2;0,1182;2,6153;1,7845;4,2400;22,1300;589;34;5628
Ex 3 day 04;1;3;0,1182;2,5300;1,9455;3,3000;21,4000;579;44;5628
Ex 3 day 04;1;4;0,1182;2,4889;2,0383;2,8300;21,0600;568;54;5628
Ex 3 day 04;1;5;0,1182;2,6117;1,9943;3,3000;22,0900;553;38;5628
Ex 3 day 04;1;6;0,1182;2,1744;1,4867;3,3000;18,4000;552;60;5628
Ex 3 day 04;1;7;0,1182;2,4162;1,8918;2,8300;20,4400;534;72;5628
Ex 3 day 04;1;8;0,1182;2,1104;1,7961;2,8300;17,8500;570;67;5628
Ex 3 day 04;1;9;0,1182;1,4978;1,0939;2,8300;12,6700;554;5;5628
Ex 3 day 04;1;10;0,1182;1,8116;1,4113;3,7700;15,3300;591;49;5628
Ex 3 day 04;1;11;0,1182;1,8094;1,3424;4,2400;15,3100;579;67;5628
Ex 3 day 04;3;12;0,0725;2,9994;1,9984;2,8300;41,4000;1135;24;4269
Ex 3 day 04;3;13;0,0725;2,1901;1,8737;2,8300;30,2300;1128;12;4269
Ex 3 day 04;4;14;0,0541;3,5452;2,9734;2,8300;65,5700;1381;19;2455
Ex 3 day 04;4;15;0,0541;2,5270;1,9434;2,8300;46,7400;1341;10;2455
Ex 3 day 04;4;16;0,0541;3,0847;2,2143;2,8300;57,0600;1384;6;2455
Ex 3 day 04;4;17;0,0541;2,0228;1,7784;2,8300;37,4200;1364;14;2455
Ex 3 day 04;4;18;0,0541;2,7671;2,0348;2,8300;51,1800;1360;32;2455
Ex 3 day 04;4;19;0,0541;2,2425;1,7558;2,8300;41,4800;1354;9;2455
Ex 3 day 04;4;20;0,0541;2,6480;2,0408;2,8300;48,9800;1338;3;2455
Ex 3 day 04;4;21;0,0541;1,8041;1,1256;3,3000;33,3700;1351;35;2455
Ex 3 day 04;4;22;0,0541;1,9043;1,6380;2,8300;35,2200;1355;15;2455
Ex 3 day 04;4;23;0,0541;1,3195;0,7532;2,8300;24,4100;1391;4;2455
Ex 3 day 04;5;24;0,1114;2,5642;1,5182;4,2400;23,0300;785;50;4912
Ex 3 day 04;5;25;0,1114;1,9634;1,4347;2,8300;17,6300;798;52;4912
Ex 3 day 04;6;26;0,2210;1,7431;1,0786;3,3000;7,8900;1191;21;546
Ex 3 day 04;7;27;0,0903;3,5594;2,9151;3,7700;39,4000;1363;60;3027
Ex 3 day 04;7;28;0,0903;2,6856;1,7421;4,2400;29,7300;1391;73;3027
Ex 3 day 04;7;29;0,0903;2,6790;1,7869;3,3000;29,6600;1336;63;3027
Ex 3 day 04;7;30;0,0903;2,0824;1,6919;2,8300;23,0500;1348;61;3027
Ex 3 day 04;8;31;0,0982;3,0086;2,1565;3,3000;30,6300;877;168;4807
Ex 3 day 04;8;32;0,0982;2,3889;1,6792;4,2400;24,3200;898;169;4807
Ex 3 day 04;8;33;0,0982;2,4099;1,7582;3,3000;24,5300;893;143;4807
Ex 3 day 04;8;34;0,0982;1,8183;1,6158;3,7700;18,5100;908;158;4807
Ex 3 day 04;8;35;0,0982;2,4619;2,1017;2,8300;25,0600;908;147;4807
Ex 3 day 04;8;36;0,0982;2,1356;1,8545;2,8300;21,7400;892;130;4807
Ex 3 day 04;8;37;0,0982;1,9372;1,5815;2,8300;19,7200;865;157;4807
Ex 3 day 04;8;38;0,0982;1,5482;1,0734;5,1900;15,7600;891;155;4807
Ex 3 day 04;9;39;-0,0033;3,4877;2,6790;2,8300;-1057,5400;809;216;11610
Ex 3 day 04;9;40;-0,0033;3,1566;2,5147;2,8300;-957,1700;850;205;11610
Ex 3 day 04;9;41;-0,0033;2,6123;2,3429;3,3000;-792,1000;810;158;11610
Ex 3 day 04;9;42;-0,0033;2,8317;2,1045;2,8300;-858,6500;866;200;11610
Ex 3 day 04;9;43;-0,0033;2,4655;1,4703;3,3000;-747,6000;788;218;11610
Ex 3 day 04;9;44;-0,0033;2,8087;1,9426;3,3000;-851,6500;799;227;11610
Ex 3 day 04;9;45;-0,0033;2,1530;1,4619;4,2400;-652,8500;835;187;11610
Ex 3 day 04;9;46;-0,0033;2,7094;1,8039;3,7700;-821,5700;805;177;11610
Ex 3 day 04;9;47;-0,0033;2,5916;2,1130;2,8300;-785,8400;846;174;11610
Ex 3 day 04;9;48;-0,0033;2,2519;1,8776;2,8300;-682,8100;796;167;11610
Ex 3 day 04;9;49;-0,0033;1,9860;1,6438;4,2400;-602,1900;785;185;11610
Ex 3 day 04;9;50;-0,0033;2,0673;1,5929;2,8300;-626,8500;790;171;11610
Ex 3 day 04;9;51;-0,0033;2,3747;1,9675;2,8300;-720,0700;820;194;11610
Ex 3 day 04;9;52;-0,0033;2,4115;1,9798;2,8300;-731,2300;770;175;11610
Ex 3 day 04;9;53;-0,0033;2,0286;1,6987;2,8300;-615,1200;813;190;11610
Ex 3 day 04;9;54;-0,0033;1,8420;1,5136;2,8300;-558,5300;798;201;11610
Ex 3 day 04;9;55;-0,0033;1,8926;1,2190;3,3000;-573,8700;764;190;11610
Ex 3 day 04;9;56;-0,0033;2,2344;1,4240;3,3000;-677,5200;819;242;11610
Ex 3 day 04;9;57;-0,0033;1,9719;1,4622;2,8300;-597,9200;863;187;11610
Ex 3 day 04;9;58;-0,0033;2,1157;1,4249;3,3000;-641,5300;818;173;11610
Ex 3 day 04;9;59;-0,0033;2,4258;1,9185;2,8300;-735,5500;839;145;11610
Ex 3 day 04;9;60;-0,0033;2,5725;2,0490;2,8300;-780,0300;822;204;11610
Ex 3 day 04;9;61;-0,0033;1,5636;1,4650;3,7700;-474,1300;844;161;11610
Ex 3 day 04;9;62;-0,0033;1,3915;0,9818;2,8300;-421,9500;834;150;11610
Ex 3 day 04;9;63;-0,0033;1,5994;1,2511;2,8300;-484,9800;752;169;11610
Ex 3 day 04;9;64;-0,0033;1,9969;1,6263;2,8300;-605,5100;795;193;11610
Ex 3 day 04;9;65;-0,0033;1,4327;1,1250;2,8300;-434,4300;850;187;11610
Ex 3 day 04;9;66;-0,0033;1,7486;1,3045;2,8300;-530,2300;812;230;11610
Ex 3 day 04;9;67;-0,0033;1,7740;1,4152;3,7700;-537,9300;803;151;11610
Ex 3 day 04;9;68;-0,0033;1,0584;0,9033;2,8300;-320,9400;825;256;11610
Ex 3 day 04;9;69;-0,0033;2,0467;1,5481;2,8300;-620,6200;857;187;11610
Ex 3 day 04;9;70;-0,0033;1,8904;1,5677;2,8300;-573,2000;877;235;11610
Ex 3 day 04;9;71;-0,0033;1,8299;1,3379;2,8300;-554,8600;869;256;11610
Ex 3 day 04;9;72;-0,0033;1,0211;0,6455;4,7100;-309,6300;776;210;11610
Ex 3 day 04;10;73;-0,0112;2,9470;2,3555;2,8300;-263,5700;695;225;12693
Ex 3 day 04;10;74;-0,0112;2,4861;1,7747;3,7700;-222,3400;784;287;12693
Ex 3 day 04;10;75;-0,0112;2,5197;1,5535;3,7700;-225,3500;694;238;12693
Ex 3 day 04;10;76;-0,0112;2,1392;2,1093;3,3000;-191,3200;728;224;12693
Ex 3 day 04;10;77;-0,0112;2,7149;2,0374;2,8300;-242,8100;744;324;12693
Ex 3 day 04;10;78;-0,0112;2,4822;2,1453;2,8300;-222,0000;735;325;12693
Ex 3 day 04;10;79;-0,0112;2,3690;1,7210;3,3000;-211,8700;743;256;12693
Ex 3 day 04;10;80;-0,0112;1,9394;1,5187;2,8300;-173,4500;775;257;12693
Ex 3 day 04;10;81;-0,0112;1,7758;1,3167;2,8300;-158,8200;691;255;12693
Ex 3 day 04;10;82;-0,0112;2,2729;1,9284;2,8300;-203,2800;743;241;12693
Ex 3 day 04;10;83;-0,0112;2,5057;1,9976;2,8300;-224,1000;738;299;12693
Ex 3 day 04;10;84;-0,0112;1,4433;1,1984;2,8300;-129,0800;788;259;12693
Ex 3 day 04;10;85;-0,0112;1,7933;1,4788;2,8300;-160,3800;689;261;12693
Ex 3 day 04;10;86;-0,0112;1,2227;0,9066;4,2400;-109,3500;771;273;12693
Ex 3 day 04;10;87;-0,0112;1,6569;1,3338;2,8300;-148,1800;722;291;12693
Ex 3 day 04;10;88;-0,0112;1,6680;1,3491;2,8300;-149,1800;787;251;12693
Ex 3 day 04;11;89;0,1516;3,7336;2,9807;2,8300;24,6200;637;228;5400
Ex 3 day 04;11;90;0,1516;2,9512;2,4000;2,8300;19,4600;646;209;5400
Ex 3 day 04;11;91;0,1516;2,8205;1,8695;3,3000;18,6000;627;209;5400
Ex 3 day 04;11;92;0,1516;2,9518;1,9797;3,3000;19,4700;642;196;5400
Ex 3 day 04;11;93;0,1516;2,0824;1,7554;2,8300;13,7300;649;220;5400
Ex 3 day 04;11;94;0,1516;2,0363;1,5932;3,3000;13,4300;670;210;5400
Ex 3 day 04;11;95;0,1516;2,1604;1,7948;2,8300;14,2500;655;205;5400
Ex 3 day 04;11;96;0,1516;2,5968;2,0857;2,8300;17,1300;656;239;5400
Ex 3 day 04;11;97;0,1516;1,9978;1,4579;3,3000;13,1800;657;194;5400
Ex 3 day 04;11;98;0,1516;1,6900;1,2812;2,8300;11,1500;674;277;5400
Ex 3 day 04;11;99;0,1516;1,7503;1,5333;3,7700;11,5400;653;250;5400
Ex 3 day 04;11;100;0,1516;1,7123;1,2866;4,7100;11,2900;661;239;5400
Ex 3 day 04;11;101;0,1516;1,5577;1,3202;3,7700;10,2700;623;238;5400
Ex 3 day 04;12;102;0,0999;3,5839;3,0737;2,8300;35,8800;65;231;2850
Ex 3 day 04;12;103;0,0999;2,4715;1,9029;2,8300;24,7400;88;225;2850
Ex 3 day 04;12;104;0,0999;2,3258;2,0156;2,8300;23,2900;90;237;2850
Ex 3 day 04;12;105;0,0999;2,6971;2,2054;2,8300;27,0000;73;248;2850
Ex 3 day 04;12;106;0,0999;2,1684;1,7059;2,8300;21,7100;91;245;2850
Ex 3 day 04;12;107;0,0999;1,5147;1,2150;2,8300;15,1700;103;237;2850
Ex 3 day 04;12;108;0,0999;1,4407;1,2109;2,8300;14,4200;84;235;2850
Ex 3 day 04;12;109;0,0999;1,6656;1,2610;2,8300;16,6800;76;228;2850
Ex 3 day 04;12;110;0,0999;1,8444;1,3851;2,8300;18,4700;86;264;2850
Ex 3 day 04;13;111;0,1711;2,4957;1,8429;4,2400;14,5900;453;257;4407
Ex 3 day 04;13;112;0,1711;2,4715;1,8351;3,7700;14,4500;442;233;4407
Ex 3 day 04;13;113;0,1711;2,5115;1,8365;3,7700;14,6800;473;257;4407
Ex 3 day 04;13;114;0,1711;2,1734;1,6503;4,2400;12,7100;438;274;4407
Ex 3 day 04;13;115;0,1711;2,3244;1,5682;4,7100;13,5900;429;257;4407
Ex 3 day 04;13;116;0,1711;2,6496;1,8420;2,8300;15,4900;434;252;4407
Ex 3 day 04;15;117;0,1627;4,5310;3,4200;2,8300;27,8400;182;280;1769
Ex 3 day 04;15;118;0,1627;3,5653;2,5200;2,8300;21,9100;208;298;1769
Ex 3 day 04;15;119;0,1627;2,9440;2,3547;2,8300;18,0900;202;264;1769
Ex 3 day 04;15;120;0,1627;3,5873;2,6260;2,8300;22,0400;198;292;1769
Ex 3 day 04;15;121;0,1627;2,5287;1,8745;2,8300;15,5400;173;270;1769
Ex 3 day 04;15;122;0,1627;2,2169;1,5552;4,7100;13,6200;189;264;1769
Ex 3 day 04;15;123;0,1627;2,3552;1,8606;2,8300;14,4700;179;293;1769
Ex 3 day 04;15;124;0,1627;2,2788;1,2001;3,3000;14,0000;218;279;1769
Ex 3 day 04;15;125;0,1627;1,6971;1,4385;2,8300;10,4300;207;269;1769
Ex 3 day 04;17;126;0,0928;2,2160;1,7825;3,7700;23,8700;950;295;4512
Ex 3 day 04;17;127;0,0928;2,0736;1,4570;4,7100;22,3400;955;308;4512
Ex 3 day 04;17;128;0,0928;1,8977;1,3503;4,2400;20,4500;917;266;4512
Ex 3 day 04;17;129;0,0928;1,9141;1,5563;3,7700;20,6200;925;315;4512
Ex 3 day 04;17;130;0,0928;1,9329;1,4167;2,8300;20,8200;930;300;4512
Ex 3 day 04;19;131;0,1219;2,7617;2,1596;3,7700;22,6600;1077;299;3375
Ex 3 day 04;19;132;0,1219;2,3258;1,4883;4,2400;19,0800;1093;291;3375
Ex 3 day 04;20;133;-0,0029;2,7723;2,2342;2,8300;-958,7800;811;279;4824
Ex 3 day 04;20;134;-0,0029;2,5930;1,9880;2,8300;-896,7600;754;342;4824
Ex 3 day 04;20;135;-0,0029;2,5937;1,9073;3,3000;-897,0000;815;314;4824
Ex 3 day 04;20;136;-0,0029;2,0660;1,5635;3,3000;-714,4900;810;305;4824
Ex 3 day 04;20;137;-0,0029;1,4932;1,2129;3,3000;-516,4100;773;336;4824
Ex 3 day 04;20;138;-0,0029;2,0911;1,6303;2,8300;-723,1800;781;303;4824
Ex 3 day 04;20;139;-0,0029;2,0772;1,7163;2,8300;-718,4000;836;323;4824
Ex 3 day 04;20;140;-0,0029;1,4276;1,2665;2,8300;-493,7400;767;329;4824
Ex 3 day 04;20;141;-0,0029;1,8588;1,4727;3,7700;-642,8600;797;307;4824
Ex 3 day 04;20;142;-0,0029;2,0364;1,2790;2,8300;-704,2600;778;320;4824
Ex 3 day 04;24;143;0,0622;1,4675;1,0427;2,8300;23,5800;1065;345;3474
Ex 3 day 04;24;144;0,0622;2,0244;1,6485;2,8300;32,5300;1043;359;3474
Ex 3 day 04;24;145;0,0622;2,0196;1,2097;3,3000;32,4500;1052;342;3474
Ex 3 day 04;24;146;0,0622;1,4887;1,1532;2,8300;23,9200;1062;337;3474
Ex 3 day 04;24;147;0,0622;1,0669;1,1463;3,7700;17,1400;1036;349;3474
Ex 3 day 04;24;148;0,0622;1,5768;1,1806;2,8300;25,3400;1029;354;3474
Ex 3 day 04;24;149;0,0622;2,3283;1,9904;2,8300;37,4100;1024;392;3474
Ex 3 day 04;24;150;0,0622;1,8047;1,4912;2,8300;29,0000;1062;391;3474
Ex 3 day 04;24;151;0,0622;1,2513;1,2489;3,7700;20,1100;1062;377;3474
Ex 3 day 04;24;152;0,0622;1,5511;1,1584;6,1300;24,9200;1045;377;3474
Ex 3 day 04;24;153;0,0622;1,6219;1,3292;2,8300;26,0600;1039;389;3474
Ex 3 day 04;25;154;-0,0072;2,8155;2,3174;2,8300;-390,4600;754;389;9057
Ex 3 day 04;25;155;-0,0072;3,2689;2,3425;2,8300;-453,3500;808;372;9057
Ex 3 day 04;25;156;-0,0072;3,3984;2,5228;2,8300;-471,3000;725;397;9057
Ex 3 day 04;25;157;-0,0072;3,2505;2,7746;2,8300;-450,8000;744;399;9057
Ex 3 day 04;25;158;-0,0072;2,2262;1,6924;2,8300;-308,7400;763;401;9057
Ex 3 day 04;25;159;-0,0072;2,7199;2,1804;2,8300;-377,2100;789;356;9057
Ex 3 day 04;25;160;-0,0072;2,4716;2,0658;2,8300;-342,7700;808;387;9057
Ex 3 day 04;25;161;-0,0072;2,1037;1,6880;2,8300;-291,7500;762;412;9057
Ex 3 day 04;25;162;-0,0072;2,6773;2,1070;2,8300;-371,2900;715;400;9057
Ex 3 day 04;25;163;-0,0072;2,2644;1,7670;2,8300;-314,0400;774;395;9057
Ex 3 day 04;25;164;-0,0072;2,2610;1,6102;2,8300;-313,5600;736;445;9057
Ex 3 day 04;25;165;-0,0072;1,7077;1,2416;2,8300;-236,8300;761;441;9057
Ex 3 day 04;25;166;-0,0072;1,8035;1,4766;3,7700;-250,1100;734;417;9057
Ex 3 day 04;25;167;-0,0072;1,5938;1,3201;3,3000;-221,0300;786;414;9057
Ex 3 day 04;25;168;-0,0072;1,6957;1,0955;2,8300;-235,1700;706;412;9057
Ex 3 day 04;25;169;-0,0072;2,0355;1,7498;2,8300;-282,2800;713;425;9057
Ex 3 day 04;25;170;-0,0072;1,9812;1,6435;2,8300;-274,7600;804;378;9057
Ex 3 day 04;25;171;-0,0072;2,1813;1,5205;4,2400;-302,5000;773;375;9057
Ex 3 day 04;25;172;-0,0072;1,9704;1,5899;3,3000;-273,2700;786;398;9057
Ex 3 day 04;25;173;-0,0072;2,5403;2,1738;2,8300;-352,3000;773;407;9057
Ex 3 day 04;25;174;-0,0072;2,0638;1,6527;2,8300;-286,2200;757;377;9057
Ex 3 day 04;25;175;-0,0072;1,4557;1,1646;2,8300;-201,8800;757;397;9057
Ex 3 day 04;25;176;-0,0072;2,2316;1,8379;2,8300;-309,4900;773;413;9057
Ex 3 day 04;25;177;-0,0072;1,7147;1,4281;2,8300;-237,8000;784;359;9057
Ex 3 day 04;25;178;-0,0072;1,7455;1,5586;2,8300;-242,0700;727;434;9057
Ex 3 day 04;25;179;-0,0072;1,8795;1,4001;2,8300;-260,6600;731;446;9057
Ex 3 day 04;25;180;-0,0072;1,6365;1,1494;2,8300;-226,9600;771;354;9057
Ex 3 day 04;26;181;0,0788;3,4649;2,6720;3,7700;43,9800;951;425;5224
Ex 3 day 04;26;182;0,0788;3,0589;2,0393;3,3000;38,8300;968;399;5224
Ex 3 day 04;26;183;0,0788;1,6413;1,6080;4,7100;20,8300;949;410;5224
Ex 3 day 04;26;184;0,0788;2,1187;1,5849;3,7700;26,8900;975;412;5224
Ex 3 day 04;27;185;0,0920;1,9420;1,5499;2,8300;21,1000;133;430;1403
Ex 3 day 04;27;186;0,0920;2,1096;1,6955;2,8300;22,9200;125;413;1403
Ex 3 day 04;27;187;0,0920;1,7723;1,2102;2,8300;19,2600;119;446;1403
Ex 3 day 04;27;188;0,0920;1,9294;1,4593;2,8300;20,9700;124;429;1403
Ex 3 day 04;28;189;0,0957;2,8320;1,9265;3,3000;29,6000;662;442;3177
Ex 3 day 04;29;190;0,1582;2,6635;2,3700;2,8300;16,8400;314;463;5969
Ex 3 day 04;29;191;0,1582;2,4175;1,6114;4,7100;15,2800;317;477;5969
Ex 3 day 04;29;192;0,1582;2,2825;1,7833;4,2400;14,4300;286;456;5969
Ex 3 day 04;29;193;0,1582;1,6237;1,4022;4,7100;10,2700;296;443;5969
Ex 3 day 04;29;194;0,1582;2,3310;1,5866;4,7100;14,7400;319;495;5969
Ex 3 day 04;29;195;0,1582;1,8014;1,1957;4,7100;11,3900;299;463;5969
Ex 3 day 04;30;196;0,0352;2,6384;2,1042;3,7700;74,9100;621;466;2920
Ex 3 day 04;31;197;0,1904;3,3353;2,3507;3,3000;17,5200;55;451;1927
Ex 3 day 04;31;198;0,1904;3,2283;2,6504;2,8300;16,9500;67;460;1927
Ex 3 day 04;31;199;0,1904;2,7184;2,2366;2,8300;14,2800;59;474;1927
Ex 3 day 04;31;200;0,1904;2,0290;1,6708;2,8300;10,6600;72;475;1927
Ex 3 day 04;31;201;0,1904;2,0144;1,5935;2,8300;10,5800;41;445;1927
Ex 3 day 04;31;202;0,1904;2,2966;1,8193;2,8300;12,0600;70;451;1927
Ex 3 day 04;31;203;0,1904;2,0748;1,6717;2,8300;10,9000;57;439;1927
Ex 3 day 04;32;204;0,0464;3,6787;2,5203;3,3000;79,3600;788;493;7419
Ex 3 day 04;32;205;0,0464;3,9975;2,9505;2,8300;86,2400;764;492;7419
Ex 3 day 04;32;206;0,0464;2,0983;1,3700;4,2400;45,2700;772;523;7419
Ex 3 day 04;32;207;0,0464;2,3558;1,8138;2,8300;50,8200;813;460;7419
Ex 3 day 04;32;208;0,0464;1,7893;1,4565;2,8300;38,6000;796;478;7419
Ex 3 day 04;32;209;0,0464;2,2854;1,7328;2,8300;49,3000;745;526;7419
Ex 3 day 04;32;210;0,0464;2,1870;1,6972;2,8300;47,1800;779;485;7419
Ex 3 day 04;32;211;0,0464;2,0476;1,5946;2,8300;44,1800;776;492;7419
Ex 3 day 04;32;212;0,0464;1,6647;1,5214;4,2400;35,9100;796;513;7419
Ex 3 day 04;32;213;0,0464;2,3143;1,9643;2,8300;49,9300;771;473;7419
Ex 3 day 04;32;214;0,0464;2,3154;1,7253;2,8300;49,9500;736;462;7419
Ex 3 day 04;32;215;0,0464;2,0403;1,6970;2,8300;44,0200;802;496;7419
Ex 3 day 04;32;216;0,0464;1,8926;1,7660;2,8300;40,8300;773;464;7419
Ex 3 day 04;32;217;0,0464;1,7861;1,3376;4,2400;38,5300;785;469;7419
Ex 3 day 04;35;218;0,0725;5,1253;3,7952;2,8300;70,7000;647;494;4421
Ex 3 day 04;35;219;0,0725;1,6796;1,3778;2,8300;23,1700;631;517;4421
Ex 3 day 04;35;220;0,0725;2,2436;1,6043;3,3000;30,9500;593;512;4421
Ex 3 day 04;35;221;0,0725;1,7807;1,3567;4,2400;24,5600;624;504;4421
Ex 3 day 04;35;222;0,0725;2,0693;1,7356;2,8300;28,5400;618;529;4421
Ex 3 day 04;35;223;0,0725;1,8382;1,5121;2,8300;25,3600;638;533;4421
Ex 3 day 04;35;224;0,0725;1,9019;1,5825;2,8300;26,2300;635;499;4421
Ex 3 day 04;35;225;0,0725;1,5565;1,3678;2,8300;21,4700;607;514;4421
Ex 3 day 04;35;226;0,0725;1,9278;1,5509;2,8300;26,5900;623;535;4421
Ex 3 day 04;36;227;0,0800;3,7505;3,0033;2,8300;46,8900;905;566;6041
Ex 3 day 04;36;228;0,0800;3,3543;2,8061;2,8300;41,9400;902;554;6041
Ex 3 day 04;36;229;0,0800;2,8005;2,1072;2,8300;35,0200;942;578;6041
Ex 3 day 04;36;230;0,0800;2,4314;1,9207;2,8300;30,4000;924;541;6041
Ex 3 day 04;36;231;0,0800;2,7792;1,9331;3,7700;34,7500;890;577;6041
Ex 3 day 04;36;232;0,0800;2,3746;1,9799;2,8300;29,6900;888;551;6041
Ex 3 day 04;36;233;0,0800;1,9132;1,7746;2,8300;23,9200;910;533;6041
Ex 3 day 04;36;234;0,0800;1,9298;1,6536;2,8300;24,1300;925;577;6041
Ex 3 day 04;36;235;0,0800;2,2805;1,6660;2,8300;28,5100;917;570;6041
Ex 3 day 04;36;236;0,0800;1,9976;0,8031;4,2400;24,9800;950;563;6041
Ex 3 day 04;36;237;0,0800;2,1120;1,5101;3,3000;26,4100;926;551;6041
Ex 3 day 04;36;238;0,0800;1,4204;1,1608;2,8300;17,7600;889;563;6041
Ex 3 day 04;37;239;0,0158;2,8171;2,0659;2,8300;178,4000;1032;586;6455
Ex 3 day 04;37;240;0,0158;2,3363;1,7852;2,8300;147,9600;1013;600;6455
Ex 3 day 04;37;241;0,0158;2,2104;1,7649;4,7100;139,9800;998;558;6455
Ex 3 day 04;37;242;0,0158;2,3308;2,0403;2,8300;147,6100;1020;559;6455
Ex 3 day 04;37;243;0,0158;2,2358;1,7631;2,8300;141,5900;992;621;6455
Ex 3 day 04;37;244;0,0158;1,6570;1,2527;2,8300;104,9300;990;609;6455
Ex 3 day 04;37;245;0,0158;2,0261;1,4918;2,8300;128,3100;1013;553;6455
Ex 3 day 04;37;246;0,0158;1,8103;1,0772;2,8300;114,6500;960;563;6455
Ex 3 day 04;37;247;0,0158;2,2689;1,5378;3,3000;143,6900;1023;546;6455
Ex 3 day 04;37;248;0,0158;1,5967;1,4486;3,7700;101,1200;984;551;6455
Ex 3 day 04;37;249;0,0158;2,2842;1,8088;2,8300;144,6600;1011;542;6455
Ex 3 day 04;37;250;0,0158;2,4662;1,9051;2,8300;156,1800;982;576;6455
Ex 3 day 04;38;251;0,0651;3,2145;2,7361;2,8300;49,4100;750;555;6161
Ex 3 day 04;38;252;0,0651;2,5927;1,7791;4,2400;39,8500;772;553;6161
Ex 3 day 04;38;253;0,0651;1,8814;1,6170;2,8300;28,9200;751;565;6161
Ex 3 day 04;38;254;0,0651;2,4116;2,1651;2,8300;37,0700;736;563;6161
Ex 3 day 04;38;255;0,0651;2,3468;2,0640;2,8300;36,0700;758;553;6161
Ex 3 day 04;38;256;0,0651;1,7515;1,4314;4,2400;26,9200;718;579;6161
Ex 3 day 04;38;257;0,0651;1,9153;1,4922;2,8300;29,4400;781;583;6161
Ex 3 day 04;38;258;0,0651;2,5640;2,0390;2,8300;39,4100;753;578;6161
Ex 3 day 04;38;259;0,0651;2,1860;1,3074;3,3000;33,6000;768;584;6161
Ex 3 day 04;38;260;0,0651;2,3956;2,0373;2,8300;36,8200;747;579;6161
Ex 3 day 04;39;261;0,1701;2,2660;1,8856;3,7700;13,3300;472;575;2987
Ex 3 day 04;39;262;0,1701;2,3204;1,6874;4,2400;13,6500;490;556;2987
Ex 3 day 04;39;263;0,1701;2,1998;1,4509;3,3000;12,9400;456;577;2987
Ex 3 day 04;39;264;0,1701;2,1866;1,5433;2,8300;12,8600;491;591;2987
Ex 3 day 04;39;265;0,1701;2,4787;2,1195;2,8300;14,5800;488;603;2987
Ex 3 day 04;39;266;0,1701;2,1782;1,8108;2,8300;12,8100;489;573;2987
Ex 3 day 04;39;267;0,1701;2,3942;2,0207;2,8300;14,0800;497;553;2987
Ex 3 day 04;39;268;0,1701;2,1114;1,7443;2,8300;12,4200;479;593;2987
Ex 3 day 04;39;269;0,1701;1,8230;1,4081;3,3000;10,7200;502;588;2987
Ex 3 day 04;39;270;0,1701;2,1306;1,6901;2,8300;12,5300;497;589;2987
Ex 3 day 04;39;271;0,1701;1,3045;1,0402;2,8300;7,6700;484;565;2987
Ex 3 day 04;39;272;0,1701;1,8072;1,5805;2,8300;10,6300;501;597;2987
Ex 3 day 04;39;273;0,1701;2,3112;1,9841;2,8300;13,5900;497;572;2987
Ex 3 day 04;39;274;0,1701;2,3787;2,0742;2,8300;13,9900;461;556;2987
Ex 3 day 04;41;275;0,0176;3,8130;2,4969;3,3000;216,4400;1054;618;5279
Ex 3 day 04;41;276;0,0176;2,9438;2,1897;2,8300;167,1000;999;639;5279
Ex 3 day 04;41;277;0,0176;2,5268;2,0803;2,8300;143,4300;1058;652;5279
Ex 3 day 04;41;278;0,0176;2,1694;1,4224;4,2400;123,1500;1054;592;5279
Ex 3 day 04;41;279;0,0176;1,6040;1,2534;2,8300;91,0500;1049;652;5279
Ex 3 day 04;41;280;0,0176;2,3008;1,4782;3,3000;130,6100;1023;644;5279
Ex 3 day 04;41;281;0,0176;1,8927;1,4081;2,8300;107,4400;1025;655;5279
Ex 3 day 04;41;282;0,0176;1,4409;1,3646;3,7700;81,7900;1023;602;5279
Ex 3 day 04;41;283;0,0176;1,9836;1,4006;2,8300;112,6000;1038;656;5279
Ex 3 day 04;41;284;0,0176;2,2601;1,8750;2,8300;128,2900;1040;612;5279
Ex 3 day 04;41;285;0,0176;1,3115;1,0645;3,3000;74,4400;1029;629;5279
Ex 3 day 04;41;286;0,0176;1,8022;1,0961;4,2400;102,3000;1038;597;5279
Ex 3 day 04;41;287;0,0176;1,4400;1,3009;2,8300;81,7400;1050;575;5279
Ex 3 day 04;44;288;0,0206;2,8064;2,2925;2,8300;136,3400;767;635;4190
Ex 3 day 04;44;289;0,0206;3,0839;2,4252;2,8300;149,8200;752;655;4190
Ex 3 day 04;44;290;0,0206;3,1794;2,0526;2,8300;154,4600;750;622;4190
Ex 3 day 04;44;291;0,0206;2,4314;1,6281;3,3000;118,1200;747;681;4190
Ex 3 day 04;44;292;0,0206;3,0968;1,8613;3,3000;150,4400;719;684;4190
Ex 3 day 04;44;293;0,0206;1,8968;1,4798;2,8300;92,1500;713;668;4190
Ex 3 day 04;44;294;0,0206;2,5169;1,9539;2,8300;122,2800;780;681;4190
Ex 3 day 04;44;295;0,0206;2,1033;1,6495;2,8300;102,1800;736;617;4190
Ex 3 day 04;44;296;0,0206;2,1088;1,6226;2,8300;102,4500;726;663;4190
Ex 3 day 04;44;297;0,0206;1,9802;1,6731;3,7700;96,2000;770;670;4190
Ex 3 day 04;44;298;0,0206;1,7117;1,4567;2,8300;83,1500;733;681;4190
Ex 3 day 04;44;299;0,0206;1,9656;1,6080;2,8300;95,4900;733;664;4190
Ex 3 day 04;44;300;0,0206;2,1865;1,5107;2,8300;106,2200;746;670;4190
Ex 3 day 04;44;301;0,0206;2,8063;2,1512;2,8300;136,3400;746;645;4190
Ex 3 day 04;44;302;0,0206;1,7750;1,4199;2,8300;86,2300;754;629;4190
Ex 3 day 04;44;303;0,0206;1,9625;1,5088;2,8300;95,3400;735;655;4190
Ex 3 day 04;44;304;0,0206;2,0994;1,5349;2,8300;101,9900;717;663;4190
Ex 3 day 04;44;305;0,0206;1,7590;1,4172;2,8300;85,4600;735;627;4190
Ex 3 day 04;44;306;0,0206;1,8089;1,4709;2,8300;87,8800;760;672;4190
Ex 3 day 04;44;307;0,0206;1,8646;1,5082;2,8300;90,5900;750;635;4190
Ex 3 day 04;44;308;0,0206;2,4622;1,9389;2,8300;119,6200;756;660;4190
Ex 3 day 04;45;309;0,2818;1,9679;1,9000;2,8300;6,9800;92;650;1584
Ex 3 day 04;46;310;0,0889;2,9895;2,3715;3,7700;33,6300;1079;667;4696
Ex 3 day 04;46;311;0,0889;3,0877;2,4618;2,8300;34,7300;1109;656;4696
Ex 3 day 04;46;312;0,0889;2,9430;2,3799;2,8300;33,1100;1073;688;4696
Ex 3 day 04;46;313;0,0889;2,1838;1,7363;2,8300;24,5700;1097;660;4696
Ex 3 day 04;46;314;0,0889;2,2115;1,7917;2,8300;24,8800;1065;662;4696
Ex 3 day 04;46;315;0,0889;2,0713;1,2036;4,2400;23,3000;1082;645;4696
Ex 3 day 04;46;316;0,0889;1,9301;1,5175;2,8300;21,7100;1080;692;4696
Ex 3 day 04;46;317;0,0889;2,2617;1,8218;2,8300;25,4400;1096;684;4696
Ex 3 day 04;46;318;0,0889;1,7757;1,4175;2,8300;19,9800;1101;652;4696
Ex 3 day 04;46;319;0,0889;2,6452;2,1304;2,8300;29,7600;1105;672;4696
Ex 3 day 04;46;320;0,0889;1,6662;1,4833;3,3000;18,7400;1086;705;4696
Ex 3 day 04;46;321;0,0889;2,1141;1,7096;2,8300;23,7800;1096;702;4696
Ex 3 day 04;46;322;0,0889;2,1623;1,5937;2,8300;24,3200;1084;689;4696
Ex 3 day 04;46;323;0,0889;1,4763;1,1481;2,8300;16,6100;1083;680;4696
Ex 3 day 04;46;324;0,0889;2,0307;1,6428;2,8300;22,8400;1095;675;4696
Ex 3 day 04;46;325;0,0889;1,5163;1,2874;2,8300;17,0600;1109;684;4696
Ex 3 day 04;46;326;0,0889;1,4203;1,2942;2,8300;15,9800;1089;696;4696
Ex 3 day 04;46;327;0,0889;1,4668;1,2103;2,8300;16,5000;1101;639;4696
Ex 3 day 04;47;328;0,0416;2,3677;1,8310;2,8300;56,9200;1043;667;6001
Ex 3 day 04;47;329;0,0416;2,5577;1,6205;5,1900;61,4900;992;668;6001
Ex 3 day 04;47;330;0,0416;2,9905;2,6211;2,8300;71,8900;992;713;6001
Ex 3 day 04;47;331;0,0416;2,6139;2,2906;2,8300;62,8400;1013;696;6001
Ex 3 day 04;47;332;0,0416;2,3375;1,9343;2,8300;56,1900;1047;696;6001
Ex 3 day 04;47;333;0,0416;2,3318;1,4686;3,3000;56,0600;999;706;6001
Ex 3 day 04;47;334;0,0416;2,4621;1,7872;2,8300;59,1900;1004;712;6001
Ex 3 day 04;47;335;0,0416;2,0165;1,6623;2,8300;48,4800;975;746;6001
Ex 3 day 04;47;336;0,0416;1,9437;1,5035;2,8300;46,7300;1018;674;6001
Ex 3 day 04;47;337;0,0416;2,3882;1,9394;2,8300;57,4100;1013;665;6001
Ex 3 day 04;47;338;0,0416;1,9913;1,4491;2,8300;47,8700;975;673;6001
Ex 3 day 04;48;339;0,1601;2,3140;2,0944;2,8300;14,4500;578;669;3162
Ex 3 day 04;48;340;0,1601;2,7553;2,2734;2,8300;17,2100;557;681;3162
Ex 3 day 04;48;341;0,1601;2,6976;1,6792;3,3000;16,8500;552;701;3162
Ex 3 day 04;48;342;0,1601;1,6595;1,6769;3,7700;10,3700;566;720;3162
Ex 3 day 04;48;343;0,1601;2,6061;2,1483;2,8300;16,2800;537;693;3162
Ex 3 day 04;48;344;0,1601;2,0222;1,7900;2,8300;12,6300;548;712;3162
Ex 3 day 04;48;345;0,1601;2,7862;2,1786;2,8300;17,4000;584;682;3162
Ex 3 day 04;48;346;0,1601;2,5198;1,9771;2,8300;15,7400;560;670;3162
Ex 3 day 04;48;347;0,1601;2,2043;1,9094;2,8300;13,7700;559;661;3162
Ex 3 day 04;48;348;0,1601;2,3730;1,7048;3,7700;14,8200;584;701;3162
Ex 3 day 04;48;349;0,1601;2,0843;1,5904;2,8300;13,0200;571;711;3162
Ex 3 day 04;48;350;0,1601;2,2865;1,8416;2,8300;14,2800;550;685;3162
Ex 3 day 04;48;351;0,1601;2,0038;1,7865;2,8300;12,5200;575;697;3162
Ex 3 day 04;48;352;0,1601;2,2537;1,8543;2,8300;14,0800;564;701;3162
Ex 3 day 04;49;353;0,0210;2,5853;1,8614;4,2400;122,8500;916;708;6115
Ex 3 day 04;49;354;0,0210;2,7961;2,2603;2,8300;132,8700;885;707;6115
Ex 3 day 04;49;355;0,0210;1,8001;1,3725;2,8300;85,5400;861;710;6115
Ex 3 day 04;49;356;0,0210;2,4582;2,1049;2,8300;116,8200;875;693;6115
Ex 3 day 04;49;357;0,0210;2,1026;1,6877;2,8300;99,9200;937;735;6115
Ex 3 day 04;49;358;0,0210;1,9785;1,3484;4,2400;94,0200;888;710;6115
Ex 3 day 04;49;359;0,0210;1,7860;1,4263;2,8300;84,8700;925;693;6115
Ex 3 day 04;49;360;0,0210;1,7112;1,0937;3,3000;81,3200;876;730;6115
Ex 3 day 04;49;361;0,0210;1,3629;1,0518;3,3000;64,7700;902;741;6115
Ex 3 day 04;49;362;0,0210;2,4939;1,9982;2,8300;118,5100;904;699;6115
Ex 3 day 04;49;363;0,0210;1,8123;1,2498;4,2400;86,1200;901;676;6115
Ex 3 day 04;50;364;-0,1257;2,4850;1,8428;2,8300;-19,7800;959;700;1993
Ex 3 day 04;50;365;-0,1257;1,3868;1,4166;3,7700;-11,0400;952;726;1993
Ex 3 day 04;50;366;-0,1257;1,4893;1,3714;3,3000;-11,8500;951;738;1993
Ex 3 day 04;50;367;-0,1257;1,4742;1,1589;2,8300;-11,7300;968;687;1993
Ex 3 day 04;50;368;-0,1257;2,1401;1,8158;2,8300;-17,0300;963;745;1993
Ex 3 day 04;51;369;0,1704;2,6960;2,2124;2,8300;15,8200;308;701;2304
Ex 3 day 04;51;370;0,1704;2,6445;1,6959;3,3000;15,5200;312;725;2304
Ex 3 day 04;51;371;0,1704;2,0569;1,8818;2,8300;12,0700;300;716;2304
Ex 3 day 04;51;372;0,1704;2,0489;1,8409;2,8300;12,0200;304;728;2304
Ex 3 day 04;51;373;0,1704;2,1965;1,9067;2,8300;12,8900;306;710;2304
Ex 3 day 04;51;374;0,1704;2,2459;1,8442;2,8300;13,1800;312;685;2304
Ex 3 day 04;51;375;0,1704;2,3947;1,2320;4,2400;14,0500;293;688;2304
Ex 3 day 04;51;376;0,1704;1,7519;1,6977;2,8300;10,2800;290;698;2304
Ex 3 day 04;51;377;0,1704;1,9748;1,4947;2,8300;11,5900;296;703;2304
Ex 3 day 04;51;378;0,1704;1,6813;1,2090;2,8300;9,8700;303;695;2304
Ex 3 day 04;51;379;0,1704;2,0977;1,7695;2,8300;12,3100;321;697;2304
Ex 3 day 04;51;380;0,1704;1,8607;1,4214;2,8300;10,9200;315;696;2304
Ex 3 day 04;52;381;0,0805;2,7200;2,2103;3,7700;33,7700;778;740;4099
Ex 3 day 04;52;382;0,0805;3,2761;2,5446;2,8300;40,6700;789;704;4099
Ex 3 day 04;52;383;0,0805;2,8073;2,3263;2,8300;34,8500;746;742;4099
Ex 3 day 04;52;384;0,0805;2,4005;1,9270;2,8300;29,8000;737;708;4099
Ex 3 day 04;52;385;0,0805;2,6956;2,2065;2,8300;33,4700;758;711;4099
Ex 3 day 04;52;386;0,0805;1,9080;1,5511;2,8300;23,6900;724;698;4099
Ex 3 day 04;52;387;0,0805;2,6370;2,0341;2,8300;32,7400;749;696;4099
Ex 3 day 04;52;388;0,0805;2,8135;2,2439;2,8300;34,9300;781;714;4099
Ex 3 day 04;52;389;0,0805;2,0315;1,5171;2,8300;25,2200;721;708;4099
Ex 3 day 04;52;390;0,0805;2,1777;1,6845;2,8300;27,0400;763;733;4099
Ex 3 day 04;52;391;0,0805;2,1362;1,6249;2,8300;26,5200;787;726;4099
Ex 3 day 04;52;392;0,0805;2,0000;1,3109;3,3000;24,8300;748;704;4099
Ex 3 day 04;52;393;0,0805;2,1312;1,6525;2,8300;26,4600;721;720;4099
Ex 3 day 04;52;394;0,0805;1,4348;1,2639;2,8300;17,8100;736;725;4099
Ex 3 day 04;52;395;0,0805;1,5272;1,3984;2,8300;18,9600;769;708;4099
Ex 3 day 04;52;396;0,0805;1,9844;1,3574;2,8300;24,6400;761;726;4099
Ex 3 day 04;52;397;0,0805;2,3735;1,8644;2,8300;29,4700;752;738;4099
Ex 3 day 04;52;398;0,0805;2,0994;1,7324;2,8300;26,0700;760;743;4099
Ex 3 day 04;53;399;0,1970;3,1901;2,4708;2,8300;16,2000;1267;722;2647
Ex 3 day 04;53;400;0,1970;2,4521;1,7310;3,3000;12,4500;1287;725;2647
Ex 3 day 04;54;401;-0,0058;2,9564;2,2364;3,7700;-511,3100;956;804;8700
Ex 3 day 04;54;402;-0,0058;2,8078;2,1714;3,7700;-485,6200;932;808;8700
Ex 3 day 04;54;403;-0,0058;2,5945;1,8391;3,3000;-448,7200;943;815;8700
Ex 3 day 04;54;404;-0,0058;2,0296;1,7460;3,7700;-351,0200;955;787;8700
Ex 3 day 04;54;405;-0,0058;2,2647;1,7861;2,8300;-391,6900;942;862;8700
Ex 3 day 04;54;406;-0,0058;2,3434;1,6489;2,8300;-405,2900;964;846;8700
Ex 3 day 04;54;407;-0,0058;2,8464;2,5152;2,8300;-492,2900;932;792;8700
Ex 3 day 04;54;408;-0,0058;2,2583;1,5489;3,3000;-390,5800;933;747;8700
Ex 3 day 04;54;409;-0,0058;2,2199;1,5787;2,8300;-383,9300;900;812;8700
Ex 3 day 04;54;410;-0,0058;2,4514;1,8084;2,8300;-423,9800;962;854;8700
Ex 3 day 04;54;411;-0,0058;1,8242;1,6226;2,8300;-315,5000;904;785;8700
Ex 3 day 04;54;412;-0,0058;1,6688;1,2913;2,8300;-288,6100;966;768;8700
Ex 3 day 04;54;413;-0,0058;1,6405;1,2028;3,3000;-283,7200;915;849;8700
Ex 3 day 04;54;414;-0,0058;1,6182;1,2160;2,8300;-279,8700;932;861;8700
Ex 3 day 04;54;415;-0,0058;2,0002;1,4157;2,8300;-345,9400;952;854;8700
Ex 3 day 04;54;416;-0,0058;2,0788;1,4468;3,7700;-359,5200;918;832;8700
Ex 3 day 04;54;417;-0,0058;2,0895;1,5200;3,7700;-361,3900;942;837;8700
Ex 3 day 04;54;418;-0,0058;1,6944;1,3485;2,8300;-293,0400;980;756;8700
Ex 3 day 04;54;419;-0,0058;2,0345;1,5400;2,8300;-351,8600;905;831;8700
Ex 3 day 04;54;420;-0,0058;1,9248;1,6094;2,8300;-332,8900;944;757;8700
Ex 3 day 04;54;421;-0,0058;2,4212;1,7978;2,8300;-418,7500;913;764;8700
Ex 3 day 04;54;422;-0,0058;1,6573;1,0376;3,7700;-286,6300;928;762;8700
Ex 3 day 04;55;423;0,1082;2,3576;1,8855;2,8300;21,7800;790;793;4913
Ex 3 day 04;55;424;0,1082;2,3315;1,8791;3,3000;21,5400;772;799;4913
Ex 3 day 04;55;425;0,1082;2,7305;1,8431;2,8300;25,2300;776;760;4913
Ex 3 day 04;55;426;0,1082;1,6761;1,3554;4,7100;15,4800;748;787;4913
Ex 3 day 04;55;427;0,1082;1,4993;1,0567;4,2400;13,8500;766;789;4913
Ex 3 day 04;56;428;0,1726;2,6093;2,1577;2,8300;15,1200;268;827;2301
Ex 3 day 04;56;429;0,1726;2,5751;2,0998;2,8300;14,9200;286;821;2301
Ex 3 day 04;56;430;0,1726;2,5704;2,1780;2,8300;14,8900;283;786;2301
Ex 3 day 04;56;431;0,1726;1,8526;1,4562;2,8300;10,7300;294;809;2301
Ex 3 day 04;56;432;0,1726;1,9667;1,6358;2,8300;11,3900;280;803;2301
Ex 3 day 04;57;433;0,2361;1,6841;1,5435;3,3000;7,1300;434;808;2911
Ex 3 day 04;57;434;0,2361;2,6215;2,1900;2,8300;11,1000;434;789;2911
Ex 3 day 04;57;435;0,2361;1,9170;1,3948;3,7700;8,1200;417;806;2911
Ex 3 day 04;57;436;0,2361;2,2872;1,5932;2,8300;9,6900;434;798;2911
Ex 3 day 04;57;437;0,2361;1,8818;1,6923;2,8300;7,9700;431;830;2911
Ex 3 day 04;57;438;0,2361;2,7052;1,7264;3,7700;11,4600;409;818;2911
Ex 3 day 04;57;439;0,2361;2,3534;1,9312;2,8300;9,9700;424;823;2911
Ex 3 day 04;57;440;0,2361;2,1926;1,6587;2,8300;9,2900;411;834;2911
Ex 3 day 04;57;441;0,2361;2,0964;1,7628;2,8300;8,8800;444;817;2911
Ex 3 day 04;58;442;0,1479;3,6979;2,8406;2,8300;25,0000;584;836;3831
Ex 3 day 04;58;443;0,1479;3,9645;3,1017;2,8300;26,8100;603;834;3831
Ex 3 day 04;58;444;0,1479;2,7834;2,2247;2,8300;18,8200;614;848;3831
Ex 3 day 04;58;445;0,1479;3,3408;2,6070;2,8300;22,5900;607;860;3831
Ex 3 day 04;58;446;0,1479;2,0309;1,4371;4,2400;13,7300;617;873;3831
Ex 3 day 04;58;447;0,1479;2,4695;1,4033;3,3000;16,7000;624;852;3831
Ex 3 day 04;58;448;0,1479;2,0534;1,7622;2,8300;13,8800;583;851;3831
Ex 3 day 04;58;449;0,1479;2,1246;1,7612;2,8300;14,3700;633;838;3831
Ex 3 day 04;58;450;0,1479;1,8323;1,4370;2,8300;12,3900;593;865;3831
Ex 3 day 04;58;451;0,1479;1,6743;1,1717;2,8300;11,3200;617;860;3831
Ex 3 day 04;58;452;0,1479;2,0512;1,6315;2,8300;13,8700;629;862;3831
Ex 3 day 04;58;453;0,1479;1,1339;1,1048;3,7700;7,6700;599;851;3831
Ex 3 day 04;60;454;0,0733;3,1910;2,2635;2,8300;43,5400;828;866;3890
Ex 3 day 04;60;455;0,0733;1,8977;1,6397;2,8300;25,9000;852;885;3890
Ex 3 day 04;60;456;0,0733;2,2826;1,8513;2,8300;31,1500;832;881;3890
Ex 3 day 04;60;457;0,0733;2,4881;2,0113;2,8300;33,9500;839;885;3890
Ex 3 day 04;60;458;0,0733;2,4528;2,0954;2,8300;33,4700;816;867;3890
Ex 3 day 04;60;459;0,0733;1,3874;1,3538;2,8300;18,9300;825;878;3890
Ex 3 day 04;60;460;0,0733;2,0003;1,5760;2,8300;27,3000;815;852;3890
Ex 3 day 04;60;461;0,0733;2,4292;2,0640;2,8300;33,1500;869;862;3890
Ex 3 day 04;60;462;0,0733;2,7234;2,2462;2,8300;37,1600;843;899;3890
Ex 3 day 04;60;463;0,0733;2,1213;1,6028;2,8300;28,9500;813;881;3890
Ex 3 day 04;60;464;0,0733;2,5198;2,0964;2,8300;34,3900;850;875;3890
Ex 3 day 04;60;465;0,0733;2,8318;2,0518;2,8300;38,6400;859;842;3890
Ex 3 day 04;60;466;0,0733;2,5263;1,9419;2,8300;34,4700;847;870;3890
Ex 3 day 04;60;467;0,0733;2,0658;1,5482;2,8300;28,1900;862;877;3890
Ex 3 day 04;60;468;0,0733;1,3222;1,2971;2,8300;18,0400;856;870;3890
Ex 3 day 04;60;469;0,0733;1,7981;1,5021;2,8300;24,5400;826;902;3890
Ex 3 day 04;60;470;0,0733;1,7881;1,2191;2,8300;24,4000;820;886;3890
Ex 3 day 04;60;471;0,0733;1,5627;1,3496;2,8300;21,3200;863;859;3890
Ex 3 day 04;60;472;0,0733;2,0441;1,3808;2,8300;27,8900;830;894;3890
Ex 3 day 04;63;473;0,1025;2,5202;2,2398;2,8300;24,6000;1095;873;4135
Ex 3 day 04;63;474;0,1025;2,6434;1,3991;5,1900;25,8000;1090;875;4135
Ex 3 day 04;63;475;0,1025;2,2185;1,3452;4,2400;21,6500;1102;857;4135
Ex 3 day 04;63;476;0,1025;1,4836;1,1012;2,8300;14,4800;1098;886;4135
Ex 3 day 04;63;477;0,1025;1,8492;1,3856;3,3000;18,0500;1081;889;4135
Ex 3 day 04;63;478;0,1025;2,3382;1,4605;2,8300;22,8200;1056;902;4135
Ex 3 day 04;63;479;0,1025;2,3159;1,2041;5,6600;22,6000;1111;880;4135
Ex 3 day 04;65;480;0,0140;2,1845;1,7886;2,8300;155,8400;869;880;4514
Ex 3 day 04;65;481;0,0140;2,6297;2,2314;3,7700;187,6000;890;891;4514
Ex 3 day 04;65;482;0,0140;2,8700;2,0086;2,8300;204,7400;881;904;4514
Ex 3 day 04;65;483;0,0140;2,8094;2,3147;2,8300;200,4200;893;905;4514
Ex 3 day 04;65;484;0,0140;2,1924;1,7709;2,8300;156,4100;903;859;4514
Ex 3 day 04;65;485;0,0140;2,5517;1,7883;3,3000;182,0400;905;891;4514
Ex 3 day 04;65;486;0,0140;2,3093;2,0588;2,8300;164,7400;896;934;4514
Ex 3 day 04;65;487;0,0140;1,5655;1,3176;2,8300;111,6800;919;863;4514
Ex 3 day 04;65;488;0,0140;2,1957;1,6663;2,8300;156,6400;893;927;4514
Ex 3 day 04;65;489;0,0140;1,9680;1,4775;3,3000;140,3900;895;873;4514
Ex 3 day 04;65;490;0,0140;1,9061;1,5731;2,8300;135,9800;881;925;4514
Ex 3 day 04;65;491;0,0140;1,2856;0,9483;2,8300;91,7100;909;866;4514
Ex 3 day 04;66;492;0,0574;2,5866;2,1013;2,8300;45,0400;1007;862;4612
Ex 3 day 04;66;493;0,0574;2,3991;1,9298;3,7700;41,7800;1009;911;4612
Ex 3 day 04;66;494;0,0574;2,5461;1,8121;3,7700;44,3400;989;889;4612
Ex 3 day 04;66;495;0,0574;2,3394;1,5154;3,3000;40,7400;1026;903;4612
Ex 3 day 04;66;496;0,0574;2,3317;2,0016;2,8300;40,6000;995;873;4612
Ex 3 day 04;66;497;0,0574;1,8306;1,6044;2,8300;31,8800;1033;919;4612
Ex 3 day 04;66;498;0,0574;2,1619;1,6373;2,8300;37,6500;984;897;4612
Ex 3 day 04;66;499;0,0574;2,3822;1,8811;2,8300;41,4800;1025;872;4612
Ex 3 day 04;66;500;0,0574;1,4108;0,9398;3,3000;24,5700;1009;873;4612
Ex 3 day 04;66;501;0,0574;1,6808;1,0696;2,8300;29,2700;978;873;4612
Ex 3 day 04;66;502;0,0574;1,6629;1,4303;2,8300;28,9600;1019;880;4612
Ex 3 day 04;66;503;0,0574;2,2944;1,8525;2,8300;39,9600;1031;895;4612
Ex 3 day 04;70;504;0,1603;2,8016;2,2747;2,8300;17,4800;1177;932;3685
Ex 3 day 04;70;505;0,1603;2,4295;1,9630;2,8300;15,1600;1147;956;3685
Ex 3 day 04;70;506;0,1603;2,4996;1,9561;2,8300;15,5900;1153;924;3685
Ex 3 day 04;70;507;0,1603;2,1712;1,7449;2,8300;13,5400;1180;965;3685
Ex 3 day 04;70;508;0,1603;2,3050;1,8811;2,8300;14,3800;1153;932;3685
Ex 3 day 04;70;509;0,1603;2,4067;1,9302;2,8300;15,0100;1179;956;3685
Ex 3 day 04;70;510;0,1603;2,2147;1,9147;2,8300;13,8200;1147;965;3685
Ex 3 day 04;70;511;0,1603;2,5440;1,8617;2,8300;15,8700;1167;934;3685
Ex 3 day 04;70;512;0,1603;2,0355;1,5718;2,8300;12,7000;1166;928;3685
Ex 3 day 04;70;513;0,1603;1,8618;1,3802;2,8300;11,6100;1185;910;3685
Ex 3 day 04;70;514;0,1603;2,0502;1,7206;2,8300;12,7900;1164;956;3685
Ex 3 day 04;70;515;0,1603;1,6982;1,3499;2,8300;10,5900;1171;965;3685
Ex 3 day 04;70;516;0,1603;1,8777;1,5462;2,8300;11,7100;1156;965;3685
Ex 3 day 04;70;517;0,1603;1,7677;1,3625;2,8300;11,0300;1163;965;3685
Ex 3 day 04;70;518;0,1603;2,0576;1,8521;2,8300;12,8400;1175;918;3685
Ex 3 day 04;70;519;0,1603;1,7564;1,3204;2,8300;10,9600;1156;956;3685
Ex 3 day 04;70;520;0,1603;2,1236;1,7587;2,8300;13,2500;1176;899;3685
Ex 3 day 04;70;521;0,1603;1,7824;1,2860;2,8300;11,1200;1153;901;3685
Ex 3 day 04;70;522;0,1603;2,0076;1,6820;2,8300;12,5200;1182;898;3685
Ex 3 day 04;70;523;0,1603;2,0199;1,6890;2,8300;12,6000;1171;956;3685
Ex 3 day 04;74;524;0,0429;4,8664;3,6052;2,8300;113,5200;912;1039;7970
Ex 3 day 04;74;525;0,0429;3,8218;2,9516;2,8300;89,1500;893;1039;7970
Ex 3 day 04;74;526;0,0429;3,3626;2,7511;2,8300;78,4400;882;1039;7970
Ex 3 day 04;74;527;0,0429;3,1724;2,3529;2,8300;74,0000;936;1039;7970
Ex 3 day 04;74;528;0,0429;3,2080;1,8936;3,3000;74,8400;923;1039;7970
Ex 3 day 04;74;529;0,0429;3,1415;2,1075;3,3000;73,2800;961;995;7970
Ex 3 day 04;74;530;0,0429;2,7579;1,7883;4,2400;64,3400;1009;961;7970
Ex 3 day 04;74;531;0,0429;3,1569;2,2802;2,8300;73,6400;937;994;7970
Ex 3 day 04;74;532;0,0429;2,1912;1,6529;4,2400;51,1100;971;1004;7970
Ex 3 day 04;74;533;0,0429;2,9437;2,0948;3,3000;68,6700;983;990;7970
Ex 3 day 04;74;534;0,0429;2,4052;1,4803;3,3000;56,1100;969;969;7970
Ex 3 day 04;74;535;0,0429;1,6955;1,4346;2,8300;39,5500;939;1030;7970
Ex 3 day 04;74;536;0,0429;2,1789;1,8151;2,8300;50,8300;979;994;7970
Ex 3 day 04;74;537;0,0429;1,0732;1,1369;3,7700;25,0400;994;932;7970
Ex 3 day 04;74;538;0,0429;1,5077;1,3303;2,8300;35,1700;993;971;7970
Ex 3 day 04;74;539;0,0429;2,1385;1,8614;2,8300;49,8900;990;1012;7970
Ex 3 day 04;75;540;0,0337;3,3777;2,4480;2,8300;100,0900;867;1039;7564
Ex 3 day 04;75;541;0,0337;3,4402;2,7693;2,8300;101,9500;838;1028;7564
Ex 3 day 04;75;542;0,0337;2,8055;2,3402;2,8300;83,1400;800;1019;7564
Ex 3 day 04;75;543;0,0337;3,1308;2,4943;2,8300;92,7800;855;1039;7564
Ex 3 day 04;75;544;0,0337;2,6243;1,9351;2,8300;77,7700;794;974;7564
Ex 3 day 04;75;545;0,0337;1,4148;0,9498;5,1900;41,9300;764;981;7564
Ex 3 day 04;75;546;0,0337;1,5205;1,2039;2,8300;45,0600;796;949;7564
Ex 3 day 04;75;547;0,0337;2,1818;1,8194;2,8300;64,6600;847;979;7564
Ex 3 day 04;75;548;0,0337;2,1045;1,5294;4,2400;62,3600;836;968;7564
Ex 3 day 04;75;549;0,0337;2,3542;1,9431;2,8300;69,7600;804;961;7564
Ex 3 day 04;75;550;0,0337;2,9093;2,3697;2,8300;86,2100;857;1007;7564
Ex 3 day 04;75;551;0,0337;2,1700;1,7146;2,8300;64,3000;827;1006;7564
Ex 3 day 04;75;552;0,0337;2,2528;1,5879;2,8300;66,7600;858;984;7564
Ex 3 day 04;75;553;0,0337;2,4252;1,9174;2,8300;71,8700;785;961;7564
Ex 3 day 04;75;554;0,0337;1,5158;1,2091;3,3000;44,9200;815;981;7564
Ex 3 day 04;75;555;0,0337;2,2024;1,5830;2,8300;65,2700;854;1019;7564
Ex 3 day 04;75;556;0,0337;2,3720;1,9109;2,8300;70,2900;777;1005;7564
Ex 3 day 04;75;557;0,0337;2,1631;1,4319;3,3000;64,1000;849;965;7564
Ex 3 day 04;75;558;0,0337;1,7855;1,4063;3,7700;52,9100;829;995;7564
Ex 3 day 04;75;559;0,0337;1,7638;1,3859;2,8300;52,2700;793;989;7564
Ex 3 day 04;75;560;0,0337;1,7195;1,4071;2,8300;50,9600;815;961;7564
Ex 3 day 04;75;561;0,0337;1,6831;1,4406;2,8300;49,8800;818;995;7564
Ex 3 day 04;75;562;0,0337;2,6816;2,1389;2,8300;79,4700;842;1013;7564
Ex 3 day 04;75;563;0,0337;1,9580;1,5193;2,8300;58,0200;813;991;7564
Ex 3 day 04;75;564;0,0337;1,7306;1,4188;2,8300;51,2800;826;1021;7564
Ex 3 day 04;75;565;0,0337;1,7557;1,2847;3,7700;52,0300;824;980;7564
Ex 3 day 04;75;566;0,0337;2,1197;1,6376;2,8300;62,8100;863;993;7564
Ex 3 day 04;75;567;0,0337;2,2928;1,8446;2,8300;67,9400;781;989;7564
Ex 3 day 04;75;568;0,0337;1,9322;1,2577;2,8300;57,2600;795;996;7564
Ex 3 day 04;75;569;0,0337;2,1693;1,6450;2,8300;64,2800;805;996;7564
Ex 3 day 04;75;570;0,0337;1,9024;1,5401;2,8300;56,3700;859;1031;7564
Ex 3 day 04;75;571;0,0337;1,3206;1,2222;2,8300;39,1300;774;969;7564
Ex 3 day 04;75;572;0,0337;2,2456;1,7674;2,8300;66,5500;802;979;7564
Ex 3 day 04;75;573;0,0337;2,2757;1,7476;2,8300;67,4400;848;991;7564
Ex 3 day 04;75;574;0,0337;2,2738;1,5819;2,8300;67,3800;789;1024;7564
Ex 3 day 04;75;575;0,0337;1,7672;1,0928;5,6600;52,3700;842;1007;7564
Ex 3 day 04;75;576;0,0337;1,4826;1,1532;2,8300;43,9300;837;979;7564
Ex 3 day 04;75;577;0,0337;1,9651;1,5005;2,8300;58,2300;785;979;7564
Ex 3 day 04;76;578;0,0478;2,3096;1,7555;3,3000;48,3500;1374;1032;5375
Ex 3 day 04;76;579;0,0478;3,0575;2,4881;2,8300;64,0100;1348;1039;5375
Ex 3 day 04;76;580;0,0478;1,9827;1,6760;2,8300;41,5100;1329;1034;5375
Ex 3 day 04;76;581;0,0478;2,4818;2,0190;2,8300;51,9600;1380;1012;5375
Ex 3 day 04;76;582;0,0478;2,4941;2,1501;2,8300;52,2200;1352;991;5375
Ex 3 day 04;76;583;0,0478;2,3483;1,6577;2,8300;49,1600;1355;1039;5375
Ex 3 day 04;76;584;0,0478;1,7468;1,5153;2,8300;36,5700;1382;1026;5375
Ex 3 day 04;76;585;0,0478;1,8369;1,5507;3,7700;38,4600;1334;996;5375
Ex 3 day 04;76;586;0,0478;1,5299;1,2440;2,8300;32,0300;1353;1028;5375
Ex 3 day 04;76;587;0,0478;2,5422;2,0059;2,8300;53,2200;1357;999;5375
Ex 3 day 04;76;588;0,0478;2,0280;1,2334;2,8300;42,4600;1379;1039;5375
Ex 3 day 04;76;589;0,0478;1,5955;1,0752;4,2400;33,4000;1335;1009;5375
Ex 3 day 04;76;590;0,0478;1,9986;1,5640;2,8300;41,8400;1365;1033;5375
Ex 3 day 04;76;591;0,0478;1,3573;0,7635;2,8300;28,4200;1391;1007;5375
Ex 3 day 04;76;592;0,0478;1,3385;0,9921;2,8300;28,0200;1357;1021;5375
Ex 3 day 04;76;593;0,0478;1,6637;1,3300;2,8300;34,8300;1318;1021;5375
Ex 3 day 04;77;594;0,0723;3,0968;2,3362;3,7700;42,8100;716;996;5380
Ex 3 day 04;77;595;0,0723;2,6854;1,9859;3,3000;37,1200;669;1004;5380
Ex 3 day 04;77;596;0,0723;2,6586;2,0192;3,7700;36,7500;666;1039;5380
Ex 3 day 04;77;597;0,0723;3,5365;2,7385;2,8300;48,8900;657;1008;5380
Ex 3 day 04;77;598;0,0723;2,9014;1,8399;3,3000;40,1100;701;1039;5380
Ex 3 day 04;77;599;0,0723;2,6493;1,6867;4,2400;36,6200;699;1017;5380
Ex 3 day 04;77;600;0,0723;2,3249;1,9778;2,8300;32,1400;690;978;5380
Ex 3 day 04;77;601;0,0723;2,1015;1,7191;2,8300;29,0500;743;1011;5380
Ex 3 day 04;77;602;0,0723;2,3093;1,6981;3,3000;31,9200;681;1000;5380
Ex 3 day 04;77;603;0,0723;2,6994;2,2451;2,8300;37,3200;716;1016;5380
Ex 3 day 04;77;604;0,0723;1,9661;1,6103;2,8300;27,1800;723;984;5380
Ex 3 day 04;77;605;0,0723;1,5765;1,2525;2,8300;21,7900;689;1027;5380
Ex 3 day 04;77;606;0,0723;2,7527;2,1320;2,8300;38,0500;710;982;5380
Ex 3 day 04;77;607;0,0723;2,1653;1,8656;2,8300;29,9300;711;1034;5380
Ex 3 day 04;77;608;0,0723;1,9128;1,5231;2,8300;26,4400;657;1026;5380
Ex 3 day 04;77;609;0,0723;1,9915;1,5142;2,8300;27,5300;727;996;5380
Ex 3 day 04;77;610;0,0723;2,5756;1,8514;2,8300;35,6100;715;1010;5380
Ex 3 day 04;77;611;0,0723;1,7313;1,5391;2,8300;23,9300;672;1021;5380
Ex 3 day 04;77;612;0,0723;1,9250;1,4265;2,8300;26,6100;667;988;5380
Ex 3 day 04;77;613;0,0723;1,9702;1,3923;2,8300;27,2400;707;1028;5380
Ex 3 day 04;78;614;0,7709;1,3648;0,7693;3,3000;1,7700;1147;969;607
Ex 3 day 04;79;615;0,1024;4,6106;3,5508;2,8300;45,0100;395;1039;4135
Ex 3 day 04;79;616;0,1024;2,3117;1,9370;2,8300;22,5700;394;994;4135
Ex 3 day 04;79;617;0,1024;2,8281;1,8757;3,3000;27,6100;419;1039;4135
Ex 3 day 04;79;618;0,1024;2,8811;1,7630;4,7100;28,1300;403;1012;4135
Ex 3 day 04;79;619;0,1024;2,3069;1,3832;5,1900;22,5200;423;1015;4135
Ex 3 day 04;79;620;0,1024;1,8948;1,4240;2,8300;18,5000;429;1029;4135
Ex 3 day 04;79;621;0,1024;2,8431;2,2160;2,8300;27,7500;429;1000;4135
Ex 3 day 04;79;622;0,1024;2,4504;2,1656;2,8300;23,9200;382;1033;4135
Ex 3 day 04;79;623;0,1024;1,5740;1,0667;2,8300;15,3700;407;1039;4135
Ex 3 day 04;79;624;0,1024;1,5977;1,2620;2,8300;15,6000;360;1016;4135
Ex 3 day 04;79;625;0,1024;1,7474;1,3036;2,8300;17,0600;392;1027;4135
Ex 3 day 04;79;626;0,1024;2,1723;1,8754;2,8300;21,2100;388;985;4135
Ex 3 day 04;87;627;0,0432;3,6052;1,8733;4,2400;83,5500;1083;1039;2935
Ex 3 day 04;87;628;0,0432;3,9406;2,9262;2,8300;91,3200;1110;1024;2935
Ex 3 day 04;87;629;0,0432;3,0897;2,4791;2,8300;71,6000;1135;1022;2935
Ex 3 day 04;87;630;0,0432;3,4496;2,2958;2,8300;79,9400;1133;1039;2935
Ex 3 day 04;87;631;0,0432;3,3040;2,1867;2,8300;76,5700;1103;1039;2935
Ex 3 day 04;87;632;0,0432;2,7823;2,1956;2,8300;64,4800;1136;1006;2935
Ex 3 day 04;87;633;0,0432;2,4475;1,7764;2,8300;56,7200;1090;1022;2935
Ex 3 day 04;87;634;0,0432;1,7725;1,3363;3,3000;41,0800;1111;1039;2935
Ex 3 day 04;87;635;0,0432;2,1793;1,7605;2,8300;50,5000;1095;1015;2935
Ex 3 day 04;87;636;0,0432;2,4206;1,9471;2,8300;56,1000;1105;1003;2935
Ex 3 day 04;87;637;0,0432;0,8750;1,4453;5,6600;20,2800;1124;1039;2935
Ex 3 day 04;87;638;0,0432;1,8239;1,4094;2,8300;42,2700;1150;1017;2935
Ex 3 day 04;87;639;0,0432;2,0027;1,5405;2,8300;46,4100;1160;1025;2935
Ex 3 day 04;87;640;0,0432;1,6771;1,2117;3,3000;38,8700;1132;999;2935
Ex 3 day 04;87;641;0,0432;2,5218;1,9164;2,8300;58,4400;1102;1012;2935
Ex 3 day 04;87;642;0,0432;1,4240;0,9381;2,8300;33,0000;1125;1007;2935
Ex 3 day 04;88;643;0,1912;4,6172;3,5707;2,8300;24,1500;335;1039;1965
Ex 3 day 04;88;644;0,1912;3,3892;1,8348;4,2400;17,7300;318;1039;1965
Ex 3 day 04;88;645;0,1912;3,2948;2,6457;2,8300;17,2300;319;1023;1965
Ex 3 day 04;88;646;0,1912;2,7276;2,2043;2,8300;14,2700;319;1006;1965
Ex 3 day 04;88;647;0,1912;2,3271;1,5961;2,8300;12,1700;352;1039;1965
Ex 3 day 04;88;648;0,1912;2,5380;2,0805;2,8300;13,2700;303;1014;1965
Ex 3 day 05;1;1;0,1777;3,7700;2,8470;2,8300;21,2200;178;36;3116
Ex 3 day 05;1;2;0,1777;2,0753;1,7185;2,8300;11,6800;179;23;3116
Ex 3 day 05;1;3;0,1777;2,6113;2,1653;2,8300;14,7000;191;9;3116
Ex 3 day 05;1;4;0,1777;2,5990;2,2378;2,8300;14,6300;159;29;3116
Ex 3 day 05;1;5;0,1777;2,0656;1,7820;2,8300;11,6300;195;20;3116
Ex 3 day 05;1;6;0,1777;2,7415;2,2239;2,8300;15,4300;181;11;3116
Ex 3 day 05;1;7;0,1777;2,0136;1,6240;2,8300;11,3300;167;30;3116
Ex 3 day 05;1;8;0,1777;2,4503;2,0718;2,8300;13,7900;185;55;3116
Ex 3 day 05;1;9;0,1777;1,7608;1,1986;3,3000;9,9100;204;29;3116
Ex 3 day 05;2;10;0,1257;3,1830;2,6282;2,8300;25,3200;861;14;4049
Ex 3 day 05;2;11;0,1257;2,4214;1,9084;2,8300;19,2600;840;5;4049
Ex 3 day 05;2;12;0,1257;2,0912;1,8551;2,8300;16,6300;866;0;4049
Ex 3 day 05;2;13;0,1257;1,0870;0,9426;3,7700;8,6500;852;0;4049
Ex 3 day 05;2;14;0,1257;2,0124;1,5275;2,8300;16,0100;858;29;4049
Ex 3 day 05;2;15;0,1257;1,8303;1,5715;2,8300;14,5600;867;34;4049
Ex 3 day 05;2;16;0,1257;2,1178;1,6795;2,8300;16,8500;844;37;4049
Ex 3 day 05;2;17;0,1257;1,9403;1,3944;2,8300;15,4300;873;8;4049
Ex 3 day 05;2;18;0,1257;2,1862;1,2906;3,3000;17,3900;872;26;4049
Ex 3 day 05;2;19;0,1257;2,1027;1,7524;2,8300;16,7300;865;52;4049
Ex 3 day 05;3;20;0,1316;3,1474;2,4981;2,8300;23,9200;353;57;3879
Ex 3 day 05;3;21;0,1316;2,4030;2,0587;2,8300;18,2600;335;59;3879
Ex 3 day 05;3;22;0,1316;2,6771;2,2195;2,8300;20,3500;317;34;3879
Ex 3 day 05;3;23;0,1316;2,5181;2,0420;2,8300;19,1400;350;36;3879
Ex 3 day 05;3;24;0,1316;2,4612;2,0545;2,8300;18,7100;350;26;3879
Ex 3 day 05;3;25;0,1316;2,1282;1,8208;2,8300;16,1800;368;66;3879
Ex 3 day 05;3;26;0,1316;2,2509;1,3898;2,8300;17,1100;346;50;3879
Ex 3 day 05;3;27;0,1316;1,4249;1,1402;2,8300;10,8300;308;48;3879
Ex 3 day 05;3;28;0,1316;1,8965;1,4314;2,8300;14,4200;354;45;3879
Ex 3 day 05;3;29;0,1316;1,6847;1,4990;2,8300;12,8000;341;57;3879
Ex 3 day 05;3;30;0,1316;2,1963;1,4108;4,2400;16,6900;327;44;3879
Ex 3 day 05;3;31;0,1316;2,5124;2,1327;2,8300;19,1000;345;72;3879
Ex 3 day 05;3;32;0,1316;2,0438;1,6247;2,8300;15,5300;316;59;3879
Ex 3 day 05;3;33;0,1316;1,8546;1,7941;2,8300;14,1000;330;64;3879
Ex 3 day 05;3;34;0,1316;1,7179;1,3821;3,7700;13,0600;339;23;3879
Ex 3 day 05;3;35;0,1316;2,0330;1,6483;2,8300;15,4500;365;59;3879
Ex 3 day 05;4;36;0,1874;3,1764;2,6750;2,8300;16,9500;263;40;4129
Ex 3 day 05;4;37;0,1874;2,7494;2,1005;2,8300;14,6700;259;46;4129
Ex 3 day 05;4;38;0,1874;3,0884;2,6764;2,8300;16,4800;274;62;4129
Ex 3 day 05;4;39;0,1874;2,4539;2,0079;2,8300;13,0900;253;54;4129
Ex 3 day 05;4;40;0,1874;2,5269;2,0167;2,8300;13,4800;262;62;4129
Ex 3 day 05;4;41;0,1874;2,1473;1,5827;2,8300;11,4600;275;43;4129
Ex 3 day 05;4;42;0,1874;2,2357;1,9041;2,8300;11,9300;265;21;4129
Ex 3 day 05;4;43;0,1874;1,9094;1,3767;2,8300;10,1900;273;36;4129
Ex 3 day 05;5;44;0,1684;2,6627;1,8989;3,3000;15,8100;1173;62;6769
Ex 3 day 05;5;45;0,1684;3,3682;2,8439;2,8300;20,0000;1151;55;6769
Ex 3 day 05;5;46;0,1684;2,9363;1,9548;2,8300;17,4400;1166;44;6769
Ex 3 day 05;5;47;0,1684;2,7897;2,4286;2,8300;16,5700;1123;59;6769
Ex 3 day 05;5;48;0,1684;2,5788;1,6737;2,8300;15,3200;1128;86;6769
Ex 3 day 05;5;49;0,1684;2,8982;2,2855;2,8300;17,2100;1142;31;6769
Ex 3 day 05;5;50;0,1684;1,8251;1,4760;2,8300;10,8400;1130;34;6769
Ex 3 day 05;5;51;0,1684;1,8612;1,5186;2,8300;11,0500;1141;45;6769
Ex 3 day 05;5;52;0,1684;2,9469;1,9022;2,8300;17,5000;1135;46;6769
Ex 3 day 05;5;53;0,1684;2,4241;1,8312;3,7700;14,4000;1155;23;6769
Ex 3 day 05;5;54;0,1684;1,8595;1,4971;2,8300;11,0400;1139;58;6769
Ex 3 day 05;5;55;0,1684;2,1208;1,8328;2,8300;12,6000;1115;37;6769
Ex 3 day 05;5;56;0,1684;1,4912;1,2209;2,8300;8,8600;1176;87;6769
Ex 3 day 05;5;57;0,1684;1,6527;1,3003;2,8300;9,8200;1134;79;6769
Ex 3 day 05;5;58;0,1684;1,8654;1,4794;3,3000;11,0800;1119;49;6769
Ex 3 day 05;6;59;0,1132;3,1026;2,3299;3,3000;27,4000;680;53;6270
Ex 3 day 05;6;60;0,1132;3,2037;1,7121;4,2400;28,2900;666;70;6270
Ex 3 day 05;6;61;0,1132;2,5878;2,2111;2,8300;22,8500;667;106;6270
Ex 3 day 05;6;62;0,1132;2,1186;1,5575;3,7700;18,7100;683;77;6270
Ex 3 day 05;6;63;0,1132;1,7998;1,3173;5,6600;15,8900;674;88;6270
Ex 3 day 05;6;64;0,1132;2,0420;1,6559;2,8300;18,0300;666;26;6270
Ex 3 day 05;7;65;0,2111;1,9639;1,4891;5,6600;9,3000;567;64;3903
Ex 3 day 05;7;66;0,2111;1,9814;1,2140;5,1900;9,3900;561;91;3903
Ex 3 day 05;8;67;0,1228;3,4184;2,8615;2,8300;27,8400;417;112;4968
Ex 3 day 05;8;68;0,1228;3,0052;2,1556;3,3000;24,4800;403;105;4968
Ex 3 day 05;8;69;0,1228;2,8629;2,1618;3,3000;23,3200;417;133;4968
Ex 3 day 05;8;70;0,1228;2,6022;2,2568;2,8300;21,1900;397;93;4968
Ex 3 day 05;8;71;0,1228;2,2042;1,9318;2,8300;17,9500;403;77;4968
Ex 3 day 05;8;72;0,1228;1,6334;1,5398;2,8300;13,3000;426;98;4968
Ex 3 day 05;9;73;0,0775;2,8342;2,4046;2,8300;36,5900;495;126;6631
Ex 3 day 05;9;74;0,0775;2,4557;2,0585;2,8300;31,7000;490;85;6631
Ex 3 day 05;9;75;0,0775;1,9370;1,5794;2,8300;25,0100;506;103;6631
Ex 3 day 05;9;76;0,0775;2,2254;1,7686;4,7100;28,7300;530;131;6631
Ex 3 day 05;9;77;0,0775;2,1706;1,7479;2,8300;28,0200;507;146;6631
Ex 3 day 05;9;78;0,0775;2,0455;1,4616;2,8300;26,4100;486;122;6631
Ex 3 day 05;9;79;0,0775;2,4833;1,8853;2,8300;32,0600;531;103;6631
Ex 3 day 05;9;80;0,0775;2,3105;1,5748;2,8300;29,8300;514;116;6631
Ex 3 day 05;9;81;0,0775;1,2341;1,0847;2,8300;15,9300;535;110;6631
Ex 3 day 05;9;82;0,0775;2,3582;1,9797;2,8300;30,4400;483;102;6631
Ex 3 day 05;9;83;0,0775;1,8555;1,4967;2,8300;23,9500;514;122;6631
Ex 3 day 05;9;84;0,0775;1,9885;1,3218;2,8300;25,6700;526;116;6631
Ex 3 day 05;9;85;0,0775;2,2126;1,6899;2,8300;28,5600;481;116;6631
Ex 3 day 05;10;86;0,1772;3,0177;2,1084;3,3000;17,0300;963;111;3208
Ex 3 day 05;10;87;0,1772;2,6143;2,1355;2,8300;14,7600;987;135;3208
Ex 3 day 05;10;88;0,1772;2,0889;1,5237;3,3000;11,7900;991;130;3208
Ex 3 day 05;10;89;0,1772;2,9589;2,4321;2,8300;16,7000;1000;146;3208
Ex 3 day 05;10;90;0,1772;2,1945;1,5659;3,3000;12,3900;973;128;3208
Ex 3 day 05;11;91;0,1528;3,6210;3,1693;2,8300;23,6900;893;154;4706
Ex 3 day 05;11;92;0,1528;2,5543;1,8354;3,3000;16,7100;885;135;4706
Ex 3 day 05;12;93;0,2279;3,2165;2,8357;2,8300;14,1100;1155;200;4450
Ex 3 day 05;12;94;0,2279;2,2962;1,9298;2,8300;10,0800;1154;166;4450
Ex 3 day 05;12;95;0,2279;1,7786;1,2186;5,1900;7,8000;1153;184;4450
Ex 3 day 05;12;96;0,2279;2,4878;2,0247;2,8300;10,9200;1139;154;4450
Ex 3 day 05;13;97;0,1903;4,1794;2,9408;3,3000;21,9700;95;194;5093
Ex 3 day 05;13;98;0,1903;2,6405;1,8155;3,3000;13,8800;130;213;5093
Ex 3 day 05;13;99;0,1903;3,0264;2,3259;2,8300;15,9100;112;172;5093
Ex 3 day 05;13;100;0,1903;2,5391;1,8333;3,3000;13,3500;97;212;5093
Ex 3 day 05;13;101;0,1903;2,8993;2,5136;2,8300;15,2400;116;218;5093
Ex 3 day 05;13;102;0,1903;2,3625;1,9989;2,8300;12,4200;111;199;5093
Ex 3 day 05;13;103;0,1903;2,4909;1,9095;2,8300;13,0900;109;162;5093
Ex 3 day 05;14;104;0,1305;2,8262;2,4839;2,8300;21,6600;869;187;4076
Ex 3 day 05;14;105;0,1305;3,2557;2,5208;2,8300;24,9500;866;180;4076
Ex 3 day 05;14;106;0,1305;2,8113;1,9591;3,3000;21,5500;885;205;4076
Ex 3 day 05;14;107;0,1305;2,6908;2,2541;2,8300;20,6200;848;150;4076
Ex 3 day 05;14;108;0,1305;1,6440;1,4279;3,3000;12,6000;835;174;4076
Ex 3 day 05;14;109;0,1305;1,8677;1,5094;2,8300;14,3200;857;193;4076
Ex 3 day 05;14;110;0,1305;2,1290;1,7343;2,8300;16,3200;855;164;4076
Ex 3 day 05;14;111;0,1305;2,1079;1,8083;2,8300;16,1600;855;206;4076
Ex 3 day 05;15;112;0,2180;3,3981;2,9724;2,8300;15,5900;621;216;4112
Ex 3 day 05;15;113;0,2180;2,1341;1,8333;2,8300;9,7900;611;221;4112
Ex 3 day 05;16;114;0,1889;2,3103;1,8915;2,8300;12,2300;172;223;2561
Ex 3 day 05;16;115;0,1889;2,2324;2,0035;2,8300;11,8200;165;229;2561
Ex 3 day 05;16;116;0,1889;1,8660;1,1810;3,3000;9,8800;163;254;2561
Ex 3 day 05;16;117;0,1889;1,9024;1,4501;3,3000;10,0700;172;212;2561
Ex 3 day 05;17;118;0,1803;3,0902;2,4588;2,8300;17,1400;221;230;3372
Ex 3 day 05;17;119;0,1803;2,7685;2,4272;2,8300;15,3600;230;253;3372
Ex 3 day 05;17;120;0,1803;2,6815;2,1994;2,8300;14,8700;223;248;3372
Ex 3 day 05;17;121;0,1803;2,7205;2,3366;2,8300;15,0900;207;287;3372
Ex 3 day 05;17;122;0,1803;2,4846;2,0684;2,8300;13,7800;246;220;3372
Ex 3 day 05;17;123;0,1803;2,5416;1,7907;2,8300;14,1000;229;270;3372
Ex 3 day 05;18;124;0,2011;2,9214;2,4625;2,8300;14,5200;312;252;3836
Ex 3 day 05;18;125;0,2011;3,1061;2,3342;2,8300;15,4400;306;270;3836
Ex 3 day 05;18;126;0,2011;2,1958;1,7400;2,8300;10,9200;302;289;3836
Ex 3 day 05;18;127;0,2011;2,0777;1,8423;2,8300;10,3300;338;285;3836
Ex 3 day 05;18;128;0,2011;2,1279;1,5464;2,8300;10,5800;328;302;3836
Ex 3 day 05;18;129;0,2011;2,0326;1,6844;2,8300;10,1100;305;277;3836
Ex 3 day 05;18;130;0,2011;2,0936;1,8653;2,8300;10,4100;318;282;3836
Ex 3 day 05;19;131;0,1844;3,5668;2,4872;3,3000;19,3400;1180;296;4432
Ex 3 day 05;19;132;0,1844;2,8541;2,1285;3,7700;15,4800;1205;304;4432
Ex 3 day 05;19;133;0,1844;2,6987;1,9354;3,3000;14,6300;1197;270;4432
Ex 3 day 05;19;134;0,1844;2,8379;2,1666;3,7700;15,3900;1211;276;4432
Ex 3 day 05;20;135;0,1061;3,1122;2,6402;2,8300;29,3300;474;310;8105
Ex 3 day 05;20;136;0,1061;2,6511;2,1886;2,8300;24,9900;521;344;8105
Ex 3 day 05;20;137;0,1061;2,4090;1,8705;2,8300;22,7000;492;294;8105
Ex 3 day 05;20;138;0,1061;2,1758;1,2801;4,7100;20,5100;492;308;8105
Ex 3 day 05;20;139;0,1061;2,5666;2,1612;2,8300;24,1900;502;325;8105
Ex 3 day 05;20;140;0,1061;2,1644;1,5769;2,8300;20,4000;481;314;8105
Ex 3 day 05;20;141;0,1061;2,4926;1,9075;2,8300;23,4900;522;309;8105
Ex 3 day 05;20;142;0,1061;2,8948;2,2067;2,8300;27,2800;479;326;8105
Ex 3 day 05;20;143;0,1061;1,9910;1,5901;2,8300;18,7700;515;325;8105
Ex 3 day 05;20;144;0,1061;2,4404;1,8136;2,8300;23,0000;450;312;8105
Ex 3 day 05;20;145;0,1061;1,9361;1,5167;2,8300;18,2500;458;291;8105
Ex 3 day 05;20;146;0,1061;2,1395;1,3776;2,8300;20,1600;498;282;8105
Ex 3 day 05;20;147;0,1061;1,9425;1,6398;2,8300;18,3100;477;297;8105
Ex 3 day 05;20;148;0,1061;2,1013;1,6151;2,8300;19,8000;479;360;8105
Ex 3 day 05;21;149;0,2095;3,0342;2,2680;3,3000;14,4800;1105;276;3168
Ex 3 day 05;21;150;0,2095;2,6795;2,3651;2,8300;12,7900;1099;315;3168
Ex 3 day 05;21;151;0,2095;1,5023;1,2335;5,1900;7,1700;1103;299;3168
Ex 3 day 05;21;152;0,2095;1,9196;1,6097;3,7700;9,1600;1118;309;3168
Ex 3 day 05;21;153;0,2095;1,7217;1,4904;2,8300;8,2200;1084;279;3168
Ex 3 day 05;22;154;0,1650;2,9382;2,1885;2,8300;17,8000;571;320;3990
Ex 3 day 05;22;155;0,1650;2,8384;2,4062;2,8300;17,2000;587;305;3990
Ex 3 day 05;22;156;0,1650;2,4060;1,8856;2,8300;14,5800;560;281;3990
Ex 3 day 05;22;157;0,1650;1,9865;1,5639;2,8300;12,0400;586;316;3990
Ex 3 day 05;22;158;0,1650;1,7492;1,3888;2,8300;10,6000;565;303;3990
Ex 3 day 05;22;159;0,1650;1,8951;1,2486;2,8300;11,4800;578;320;3990
Ex 3 day 05;22;160;0,1650;2,0599;1,5827;2,8300;12,4800;568;294;3990
Ex 3 day 05;22;161;0,1650;2,3955;1,9179;2,8300;14,5100;573;294;3990
Ex 3 day 05;22;162;0,1650;2,0406;1,4586;2,8300;12,3600;592;294;3990
Ex 3 day 05;22;163;0,1650;2,0399;1,7313;2,8300;12,3600;579;288;3990
Ex 3 day 05;22;164;0,1650;2,3029;1,4550;4,2400;13,9500;577;336;3990
Ex 3 day 05;22;165;0,1650;1,4097;0,9529;3,3000;8,5400;573;309;3990
Ex 3 day 05;22;166;0,1650;2,1172;1,2132;5,6600;12,8300;597;330;3990
Ex 3 day 05;24;167;0,0621;2,2982;1,6406;3,3000;37,0200;727;315;6487
Ex 3 day 05;24;168;0,0621;1,6577;1,2645;5,1900;26,7000;717;359;6487
Ex 3 day 05;24;169;0,0621;2,1496;1,4994;4,7100;34,6300;713;342;6487
Ex 3 day 05;24;170;0,0621;2,1761;1,6850;2,8300;35,0500;717;321;6487
Ex 3 day 05;24;171;0,0621;2,3410;1,8142;2,8300;37,7100;688;363;6487
Ex 3 day 05;24;172;0,0621;2,2290;1,8532;2,8300;35,9100;692;353;6487
Ex 3 day 05;24;173;0,0621;2,0025;1,6534;2,8300;32,2600;703;380;6487
Ex 3 day 05;24;174;0,0621;1,2700;0,9056;2,8300;20,4600;697;363;6487
Ex 3 day 05;25;175;0,1786;2,5864;1,9089;3,3000;14,4800;1004;323;5536
Ex 3 day 05;25;176;0,1786;2,8381;2,5008;2,8300;15,8900;1024;347;5536
Ex 3 day 05;25;177;0,1786;2,3400;2,0240;2,8300;13,1000;1052;327;5536
Ex 3 day 05;25;178;0,1786;2,5560;1,5428;4,2400;14,3100;1033;369;5536
Ex 3 day 05;26;179;0,2639;2,7633;2,3905;2,8300;10,4700;114;337;2456
Ex 3 day 05;26;180;0,2639;1,7462;1,3565;2,8300;6,6200;120;349;2456
Ex 3 day 05;26;181;0,2639;1,8623;1,5191;2,8300;7,0600;114;368;2456
Ex 3 day 05;28;182;0,0927;2,8728;1,7581;4,2400;30,9800;753;382;7055
Ex 3 day 05;28;183;0,0927;2,2990;1,7674;2,8300;24,7900;719;416;7055
Ex 3 day 05;28;184;0,0927;2,2078;1,9762;2,8300;23,8100;729;383;7055
Ex 3 day 05;28;185;0,0927;2,1727;1,6761;3,3000;23,4300;766;407;7055
Ex 3 day 05;28;186;0,0927;2,2041;1,7823;2,8300;23,7700;724;396;7055
Ex 3 day 05;28;187;0,0927;2,1547;1,9086;2,8300;23,2400;777;409;7055
Ex 3 day 05;28;188;0,0927;1,9775;1,6609;2,8300;21,3300;765;382;7055
Ex 3 day 05;28;189;0,0927;1,7212;1,4014;3,7700;18,5600;754;353;7055
Ex 3 day 05;28;190;0,0927;1,4262;1,0808;5,1900;15,3800;763;340;7055
Ex 3 day 05;29;191;0,1061;2,6274;1,9816;3,3000;24,7500;1335;438;9106
Ex 3 day 05;29;192;0,1061;2,5819;1,8092;3,3000;24,3300;1348;451;9106
Ex 3 day 05;29;193;0,1061;2,3474;2,0711;2,8300;22,1200;1337;484;9106
Ex 3 day 05;29;194;0,1061;2,4919;2,1733;2,8300;23,4800;1352;490;9106
Ex 3 day 05;29;195;0,1061;2,3155;1,6889;3,7700;21,8200;1324;446;9106
Ex 3 day 05;29;196;0,1061;2,6417;2,0167;2,8300;24,8900;1367;466;9106
Ex 3 day 05;29;197;0,1061;2,2109;1,5429;4,2400;20,8300;1323;463;9106
Ex 3 day 05;29;198;0,1061;2,3564;1,8702;2,8300;22,2000;1336;453;9106
Ex 3 day 05;29;199;0,1061;2,3867;1,4022;4,7100;22,4900;1381;456;9106
Ex 3 day 05;29;200;0,1061;2,1636;1,6069;2,8300;20,3900;1336;460;9106
Ex 3 day 05;29;201;0,1061;1,8049;1,3756;2,8300;17,0000;1362;440;9106
Ex 3 day 05;29;202;0,1061;1,4825;1,1297;2,8300;13,9700;1343;479;9106
Ex 3 day 05;29;203;0,1061;1,9750;1,7329;2,8300;18,6100;1372;443;9106
Ex 3 day 05;29;204;0,1061;1,9961;1,4489;3,7700;18,8100;1353;479;9106
Ex 3 day 05;29;205;0,1061;1,9327;1,5164;2,8300;18,2100;1340;466;9106
Ex 3 day 05;30;206;0,1819;3,1024;2,7055;2,8300;17,0500;396;448;3952
Ex 3 day 05;30;207;0,1819;2,3932;2,0803;2,8300;13,1600;389;457;3952
Ex 3 day 05;30;208;0,1819;2,6278;2,1680;2,8300;14,4500;379;446;3952
Ex 3 day 05;30;209;0,1819;2,6127;2,0055;2,8300;14,3600;383;460;3952
Ex 3 day 05;30;210;0,1819;2,1678;1,8106;2,8300;11,9200;403;463;3952
Ex 3 day 05;30;211;0,1819;2,1384;1,7061;2,8300;11,7500;402;481;3952
Ex 3 day 05;31;212;0,1178;3,5953;2,9846;2,8300;30,5300;697;479;6718
Ex 3 day 05;31;213;0,1178;3,1784;2,1421;3,3000;26,9900;672;478;6718
Ex 3 day 05;31;214;0,1178;2,9349;2,5825;2,8300;24,9200;696;466;6718
Ex 3 day 05;31;215;0,1178;2,7165;1,6278;4,7100;23,0700;723;508;6718
Ex 3 day 05;31;216;0,1178;1,9805;1,6578;3,7700;16,8200;702;509;6718
Ex 3 day 05;31;217;0,1178;1,8424;1,3363;3,3000;15,6400;708;498;6718
Ex 3 day 05;31;218;0,1178;2,1286;1,6976;3,7700;18,0700;706;462;6718
Ex 3 day 05;31;219;0,1178;1,9320;1,6791;2,8300;16,4100;690;482;6718
Ex 3 day 05;31;220;0,1178;2,1593;1,8939;2,8300;18,3400;684;495;6718
Ex 3 day 05;31;221;0,1178;2,3312;1,9547;2,8300;19,8000;709;477;6718
Ex 3 day 05;31;222;0,1178;1,6148;1,2547;2,8300;13,7100;681;485;6718
Ex 3 day 05;31;223;0,1178;2,0980;1,8422;2,8300;17,8100;712;490;6718
Ex 3 day 05;32;224;0,1743;2,6753;1,9550;4,7100;15,3500;940;475;2688
Ex 3 day 05;33;225;0,2032;2,6051;2,0241;2,8300;12,8200;1162;474;3754
Ex 3 day 05;33;226;0,2032;2,1719;1,8642;2,8300;10,6900;1157;485;3754
Ex 3 day 05;33;227;0,2032;2,2707;1,9886;2,8300;11,1700;1142;494;3754
Ex 3 day 05;34;228;0,2391;2,3357;1,6322;3,7700;9,7700;239;526;3543
Ex 3 day 05;35;229;0,1890;2,7955;2,2582;2,8300;14,7900;11;542;2373
Ex 3 day 05;35;230;0,1890;3,3244;1,9330;2,8300;17,5900;0;568;2373
Ex 3 day 05;35;231;0,1890;2,7139;2,3534;2,8300;14,3600;20;527;2373
Ex 3 day 05;35;232;0,1890;2,2741;1,7803;2,8300;12,0300;0;556;2373
Ex 3 day 05;35;233;0,1890;2,0731;1,6051;2,8300;10,9700;0;535;2373
Ex 3 day 05;36;234;0,0681;3,9458;3,3926;2,8300;57,9500;746;573;5988
Ex 3 day 05;36;235;0,0681;2,8437;2,5919;2,8300;41,7700;744;590;5988
Ex 3 day 05;36;236;0,0681;2,9655;2,1121;3,3000;43,5600;719;588;5988
Ex 3 day 05;37;237;0,2050;2,1673;1,9397;2,8300;10,5700;960;588;3309
Ex 3 day 05;37;238;0,2050;2,3388;1,8135;3,7700;11,4100;943;567;3309
Ex 3 day 05;37;239;0,2050;2,5456;1,7299;2,8300;12,4100;971;562;3309
Ex 3 day 05;37;240;0,2050;2,2447;1,8139;2,8300;10,9500;924;569;3309
Ex 3 day 05;37;241;0,2050;1,8741;1,5600;2,8300;9,1400;956;579;3309
Ex 3 day 05;37;242;0,2050;2,3508;2,0208;2,8300;11,4600;971;588;3309
Ex 3 day 05;37;243;0,2050;1,6615;1,3296;2,8300;8,1000;937;595;3309
Ex 3 day 05;38;244;0,1798;2,5179;2,0396;2,8300;14,0000;517;596;5531
Ex 3 day 05;38;245;0,1798;2,6017;2,1840;2,8300;14,4700;527;579;5531
Ex 3 day 05;38;246;0,1798;2,1354;1,8765;2,8300;11,8800;545;610;5531
Ex 3 day 05;38;247;0,1798;2,4704;2,1781;2,8300;13,7400;563;595;5531
Ex 3 day 05;39;248;0,2124;2,9047;2,1868;4,7100;13,6700;1134;602;4871
Ex 3 day 05;39;249;0,2124;2,6333;2,2961;2,8300;12,4000;1141;577;4871
Ex 3 day 05;39;250;0,2124;2,5956;1,8421;3,3000;12,2200;1150;614;4871
Ex 3 day 05;39;251;0,2124;2,4142;1,8069;3,7700;11,3700;1153;598;4871
Ex 3 day 05;40;252;0,2303;3,3116;2,0803;4,2400;14,3800;385;608;4104
Ex 3 day 05;40;253;0,2303;2,1655;1,6799;4,7100;9,4000;402;609;4104
Ex 3 day 05;40;254;0,2303;2,3563;1,8285;3,3000;10,2300;358;629;4104
Ex 3 day 05;40;255;0,2303;2,1361;1,6416;3,3000;9,2700;396;628;4104
Ex 3 day 05;41;256;0,1842;3,0880;2,4867;2,8300;16,7600;75;622;3839
Ex 3 day 05;41;257;0,1842;2,5680;1,9409;3,3000;13,9400;30;623;3839
Ex 3 day 05;41;258;0,1842;2,7731;1,9407;3,3000;15,0600;61;631;3839
Ex 3 day 05;41;259;0,1842;1,9283;1,6085;2,8300;10,4700;74;635;3839
Ex 3 day 05;41;260;0,1842;1,6725;1,2562;2,8300;9,0800;80;610;3839
Ex 3 day 05;41;261;0,1842;2,2588;1,6254;2,8300;12,2600;44;633;3839
Ex 3 day 05;41;262;0,1842;1,7622;1,3712;2,8300;9,5700;48;622;3839
Ex 3 day 05;41;263;0,1842;1,9709;1,4808;2,8300;10,7000;58;650;3839
Ex 3 day 05;41;264;0,1842;2,0941;1,7287;2,8300;11,3700;71;645;3839
Ex 3 day 05;41;265;0,1842;1,8307;1,4753;2,8300;9,9400;33;608;3839
Ex 3 day 05;41;266;0,1842;1,5367;1,2938;2,8300;8,3400;50;612;3839
Ex 3 day 05;42;267;0,1742;3,9335;3,4275;2,8300;22,5700;973;712;5564
Ex 3 day 05;42;268;0,1742;2,2767;1,7703;2,8300;13,0700;960;705;5564
Ex 3 day 05;42;269;0,1742;2,1020;1,6144;3,3000;12,0600;953;715;5564
Ex 3 day 05;42;270;0,1742;2,6755;2,3802;2,8300;15,3500;941;675;5564
Ex 3 day 05;42;271;0,1742;2,4176;2,0291;2,8300;13,8700;929;687;5564
Ex 3 day 05;42;272;0,1742;2,2342;1,9051;2,8300;12,8200;969;684;5564
Ex 3 day 05;42;273;0,1742;2,1189;1,8520;2,8300;12,1600;936;709;5564
Ex 3 day 05;43;274;0,2153;2,9028;2,4490;2,8300;13,4800;819;704;4765
Ex 3 day 05;43;275;0,2153;2,9534;2,5261;2,8300;13,7200;830;685;4765
Ex 3 day 05;43;276;0,2153;2,3632;2,0548;2,8300;10,9800;831;730;4765
Ex 3 day 05;43;277;0,2153;1,7062;1,3649;4,2400;7,9300;838;701;4765
Ex 3 day 05;43;278;0,2153;1,7977;1,4250;4,7100;8,3500;856;724;4765
Ex 3 day 05;43;279;0,2153;1,2361;1,0644;2,8300;5,7400;846;719;4765
Ex 3 day 05;44;280;0,2207;3,3203;2,6858;2,8300;15,0400;329;735;4245
Ex 3 day 05;44;281;0,2207;3,2232;2,3019;2,8300;14,6000;328;700;4245
Ex 3 day 05;44;282;0,2207;1,9196;1,4267;3,3000;8,7000;321;688;4245
Ex 3 day 05;44;283;0,2207;2,3978;1,9977;2,8300;10,8600;334;684;4245
Ex 3 day 05;44;284;0,2207;2,0468;1,7204;2,8300;9,2700;315;697;4245
Ex 3 day 05;44;285;0,2207;1,7923;1,4632;2,8300;8,1200;333;715;4245
Ex 3 day 05;44;286;0,2207;2,5432;1,5396;4,2400;11,5200;345;714;4245
Ex 3 day 05;44;287;0,2207;2,2956;1,7644;2,8300;10,4000;315;722;4245
Ex 3 day 05;44;288;0,2207;1,8389;1,4091;2,8300;8,3300;338;690;4245
Ex 3 day 05;44;289;0,2207;1,9709;1,6847;2,8300;8,9300;312;683;4245
Ex 3 day 05;44;290;0,2207;1,0851;1,1324;6,1300;4,9200;321;720;4245
Ex 3 day 05;45;291;0,1514;3,3435;2,3311;2,8300;22,0800;669;754;7810
Ex 3 day 05;45;292;0,1514;2,7177;2,3305;2,8300;17,9500;656;751;7810
Ex 3 day 05;45;293;0,1514;3,4900;2,7668;2,8300;23,0500;628;697;7810
Ex 3 day 05;45;294;0,1514;2,9011;2,5218;2,8300;19,1600;611;711;7810
Ex 3 day 05;45;295;0,1514;2,4301;1,8777;2,8300;16,0500;598;715;7810
Ex 3 day 05;45;296;0,1514;1,7771;1,4728;2,8300;11,7300;621;721;7810
Ex 3 day 05;45;297;0,1514;2,6832;1,8764;2,8300;17,7200;619;730;7810
Ex 3 day 05;45;298;0,1514;2,4012;2,0476;2,8300;15,8600;628;744;7810
Ex 3 day 05;45;299;0,1514;1,9773;1,5224;3,3000;13,0600;661;768;7810
Ex 3 day 05;45;300;0,1514;2,2250;1,8418;2,8300;14,6900;627;689;7810
Ex 3 day 05;45;301;0,1514;1,8252;1,4827;2,8300;12,0500;633;712;7810
Ex 3 day 05;45;302;0,1514;1,7386;1,4561;3,7700;11,4800;638;761;7810
Ex 3 day 05;45;303;0,1514;2,1014;1,5096;3,3000;13,8800;637;726;7810
Ex 3 day 05;45;304;0,1514;2,0322;1,5895;2,8300;13,4200;657;712;7810
Ex 3 day 05;46;305;0,2019;2,5217;2,1903;2,8300;12,4900;776;708;4590
Ex 3 day 05;46;306;0,2019;2,7623;2,4465;2,8300;13,6800;736;737;4590
Ex 3 day 05;46;307;0,2019;2,5679;2,2466;2,8300;12,7200;759;739;4590
Ex 3 day 05;46;308;0,2019;2,4334;2,0496;2,8300;12,0500;766;740;4590
Ex 3 day 05;46;309;0,2019;2,3071;1,9185;2,8300;11,4300;729;716;4590
Ex 3 day 05;46;310;0,2019;2,1352;1,6228;4,7100;10,5800;777;727;4590
Ex 3 day 05;47;311;0,2032;2,9190;2,4283;2,8300;14,3700;81;731;3059
Ex 3 day 05;47;312;0,2032;2,2259;1,8358;2,8300;10,9500;112;741;3059
Ex 3 day 05;48;313;0,1741;2,8604;2,5148;2,8300;16,4300;80;813;3852
Ex 3 day 05;48;314;0,1741;0,7485;0,5450;2,8300;4,3000;65;855;3852
Ex 3 day 05;48;315;0,1741;2,7700;2,3180;2,8300;15,9100;44;827;3852
Ex 3 day 05;48;316;0,1741;2,4208;2,0381;2,8300;13,9100;63;827;3852
Ex 3 day 05;48;317;0,1741;1,9827;1,6586;2,8300;11,3900;57;823;3852
Ex 3 day 05;49;318;0,1675;3,6657;2,4812;3,3000;21,8900;1108;840;5785
Ex 3 day 05;49;319;0,1675;3,4810;2,6588;3,7700;20,7900;1091;846;5785
Ex 3 day 05;49;320;0,1675;3,0331;2,6660;2,8300;18,1100;1127;846;5785
Ex 3 day 05;49;321;0,1675;2,7558;2,2941;2,8300;16,4600;1135;828;5785
Ex 3 day 05;49;322;0,1675;2,5330;1,8409;3,3000;15,1300;1098;819;5785
Ex 3 day 05;49;323;0,1675;2,5636;1,8197;3,3000;15,3100;1111;854;5785
Ex 3 day 05;49;324;0,1675;2,4695;2,1052;2,8300;14,7500;1121;788;5785
Ex 3 day 05;49;325;0,1675;2,2455;1,1797;5,6600;13,4100;1123;806;5785
Ex 3 day 05;49;326;0,1675;2,1756;1,4976;3,3000;12,9900;1110;871;5785
Ex 3 day 05;49;327;0,1675;1,6324;1,1274;3,3000;9,7500;1119;827;5785
Ex 3 day 05;50;328;0,2339;3,5304;3,0526;2,8300;15,1000;295;829;4447
Ex 3 day 05;50;329;0,2339;3,4307;2,8155;2,8300;14,6700;262;812;4447
Ex 3 day 05;50;330;0,2339;2,6784;2,3324;2,8300;11,4500;271;847;4447
Ex 3 day 05;50;331;0,2339;2,1291;1,6045;3,3000;9,1000;289;843;4447
Ex 3 day 05;51;332;0,2166;2,6522;2,1047;3,3000;12,2400;440;845;3661
Ex 3 day 05;51;333;0,2166;2,8401;2,3914;2,8300;13,1100;413;815;3661
Ex 3 day 05;51;334;0,2166;1,9897;1,5068;3,3000;9,1900;429;835;3661
Ex 3 day 05;51;335;0,2166;2,7599;2,3267;2,8300;12,7400;433;817;3661
Ex 3 day 05;51;336;0,2166;2,0107;1,4469;3,3000;9,2800;400;836;3661
Ex 3 day 05;51;337;0,2166;2,2821;1,5584;2,8300;10,5400;410;834;3661
Ex 3 day 05;51;338;0,2166;2,0044;1,6126;2,8300;9,2500;426;815;3661
Ex 3 day 05;53;339;0,2716;2,7250;2,1158;3,3000;10,0300;573;843;3304
Ex 3 day 05;53;340;0,2716;1,6460;1,4259;4,2400;6,0600;581;856;3304
Ex 3 day 05;53;341;0,2716;1,5400;1,4283;2,8300;5,6700;562;836;3304
Ex 3 day 05;53;342;0,2716;2,4574;2,0493;2,8300;9,0500;597;847;3304
Ex 3 day 05;53;343;0,2716;1,9738;1,5466;2,8300;7,2700;593;864;3304
Ex 3 day 05;53;344;0,2716;2,1247;1,7390;2,8300;7,8200;618;869;3304
Ex 3 day 05;54;345;0,1863;2,3621;1,9752;2,8300;12,6800;66;869;4592
Ex 3 day 05;54;346;0,1863;2,6645;1,9589;2,8300;14,3000;47;912;4592
Ex 3 day 05;54;347;0,1863;1,8014;1,6737;2,8300;9,6700;67;888;4592
Ex 3 day 05;54;348;0,1863;1,6928;1,4370;2,8300;9,0900;57;889;4592
Ex 3 day 05;54;349;0,1863;1,7826;1,2931;5,6600;9,5700;83;875;4592
Ex 3 day 05;54;350;0,1863;1,5922;1,3652;2,8300;8,5500;59;879;4592
Ex 3 day 05;54;351;0,1863;1,9124;1,3919;3,3000;10,2700;63;897;4592
Ex 3 day 05;54;352;0,1863;1,8065;1,4791;2,8300;9,7000;54;908;4592
Ex 3 day 05;54;353;0,1863;1,4818;1,0674;4,2400;7,9600;28;876;4592
Ex 3 day 05;54;354;0,1863;1,9143;1,6890;3,7700;10,2800;48;875;4592
Ex 3 day 05;54;355;0,1863;1,8094;1,2994;2,8300;9,7100;68;878;4592
Ex 3 day 05;55;356;0,1737;3,7813;3,1900;2,8300;21,7700;197;984;6006
Ex 3 day 05;55;357;0,1737;3,0134;2,0762;3,3000;17,3500;197;955;6006
Ex 3 day 05;55;358;0,1737;1,7681;1,3840;3,3000;10,1800;188;969;6006
Ex 3 day 05;55;359;0,1737;1,7771;1,4506;4,2400;10,2300;220;972;6006
Ex 3 day 05;55;360;0,1737;1,4848;1,3306;4,7100;8,5500;209;964;6006
Ex 3 day 05;56;361;0,2531;3,1154;2,3414;3,3000;12,3100;968;946;3408
Ex 3 day 05;56;362;0,2531;2,5261;2,1964;2,8300;9,9800;979;952;3408
Ex 3 day 05;57;363;0,1366;3,4860;2,5051;3,3000;25,5200;109;1001;5813
Ex 3 day 05;57;364;0,1366;2,8052;2,4605;2,8300;20,5400;141;983;5813
Ex 3 day 05;57;365;0,1366;2,3100;1,6412;4,7100;16,9100;87;962;5813
Ex 3 day 05;57;366;0,1366;1,7959;1,2804;3,3000;13,1500;113;1027;5813
Ex 3 day 05;57;367;0,1366;1,8211;1,4847;2,8300;13,3300;114;977;5813
Ex 3 day 06;1;1;0,2281;2,7776;1,8527;3,3000;12,1800;1237;38;2408
Ex 3 day 06;2;2;0,3150;2,6134;1,9643;3,3000;8,3000;1267;167;2077
Ex 3 day 06;3;3;0,2747;2,5159;2,1870;2,8300;9,1600;589;188;2230
Ex 3 day 06;3;4;0,2747;2,0527;1,7096;3,7700;7,4700;584;164;2230
Ex 3 day 06;4;5;0,2358;2,2527;1,5431;4,7100;9,5500;670;333;3512
Ex 3 day 06;5;6;0,1591;2,7857;2,1202;3,7700;17,5100;610;310;2345
Ex 3 day 06;5;7;0,1591;2,6593;1,9632;3,7700;16,7100;612;324;2345
Ex 3 day 06;6;8;0,2965;2,9770;2,2530;3,7700;10,0400;759;340;2057
Ex 3 day 06;6;9;0,2965;2,6316;1,8547;4,2400;8,8700;735;335;2057
Ex 3 day 06;7;10;0,2008;3,1328;2,4380;3,7700;15,6000;525;405;2540
Ex 3 day 06;7;11;0,2008;2,4906;1,5909;4,2400;12,4000;504;402;2540
Ex 3 day 06;7;12;0,2008;2,2627;1,7906;3,7700;11,2700;522;391;2540
Ex 3 day 06;8;13;0,2754;2,4736;2,1344;2,8300;8,9800;796;730;2012
Ex 3 day 06;8;14;0,2754;1,7213;1,5382;4,2400;6,2500;802;744;2012
Ex 3 day 06;9;15;0,3046;2,5155;1,8233;4,2400;8,2600;910;768;2030
Ex 3 day 06;10;16;0,1426;2,2471;1,6422;3,7700;15,7600;802;747;2768
Ex 3 day 06;10;17;0,1426;1,6472;1,2601;4,2400;11,5500;818;759;2768
Ex 3 day 06;10;18;0,1426;2,2985;1,6861;2,8300;16,1200;782;754;2768
Ex 3 day 06;11;19;0,2125;2,8939;2,1401;3,7700;13,6200;554;804;4073
Ex 3 day 06;11;20;0,2125;2,8205;1,9713;3,3000;13,2700;555;783;4073
Ex 3 day 06;11;21;0,2125;2,0184;1,8334;3,7700;9,5000;568;797;4073
Ex 3 day 06;11;22;0,2125;2,4629;1,7423;3,7700;11,5900;568;808;4073
Ex 3 day 06;11;23;0,2125;2,6074;1,6722;4,2400;12,2700;585;802;4073
Ex 3 day 06;11;24;0,2125;2,3968;2,0575;2,8300;11,2800;574;777;4073
Ex 3 day 06;11;25;0,2125;2,1330;1,7377;2,8300;10,0400;537;810;4073
Ex 3 day 06;12;26;0,2521;2,5113;1,8628;3,7700;9,9600;686;898;3150
Ex 3 day 06;12;27;0,2521;2,2408;1,8986;2,8300;8,8900;689;907;3150
Ex 3 day 06;12;28;0,2521;1,9811;1,6850;3,7700;7,8600;714;892;3150
Ex 3 day 06;12;29;0,2521;1,2095;0,8761;3,3000;4,8000;702;896;3150
Ex 3 day 06;14;30;0,6816;2,4139;1,9500;2,8300;3,5400;1147;956;624
Ex 3 day 06;14;31;0,6816;2,4030;1,4883;3,3000;3,5300;1148;966;624
Ex 3 day 06;14;32;0,6816;1,9939;1,5860;2,8300;2,9300;1156;966;624
Ex 3 day 06;14;33;0,6816;1,8545;1,3417;2,8300;2,7200;1163;966;624
Ex 3 day 06;14;34;0,6816;2,0264;1,7002;2,8300;2,9700;1164;956;624
Ex 3 day 06;15;35;0,1114;2,2603;1,7887;2,8300;20,2900;1180;965;2293
Ex 3 day 06;15;36;0,1114;1,8149;1,3351;2,8300;16,3000;1171;966;2293
Ex 3 day 06;15;37;0,1114;2,4286;1,9382;2,8300;21,8100;1179;956;2293
Ex 3 day 06;16;38;0,1201;1,6351;1,4176;5,1900;13,6100;1249;981;3726
Ex 3 day 06;16;39;0,1201;1,6505;1,2121;4,7100;13,7400;1244;1029;3726
Ex 3 day 06;16;40;0,1201;2,0357;1,4487;4,2400;16,9400;1248;1001;3726
Ex 3 day 07;1;1;0,1056;2,7132;2,1732;2,8300;25,6800;826;0;3628
Ex 3 day 07;1;2;0,1056;2,7621;2,0590;3,3000;26,1400;839;0;3628
Ex 3 day 07;1;3;0,1056;2,1191;1,8554;2,8300;20,0600;847;14;3628
Ex 3 day 07;1;4;0,1056;2,2810;1,9168;2,8300;21,5900;885;16;3628
Ex 3 day 07;1;5;0,1056;2,5185;2,1115;2,8300;23,8400;871;31;3628
Ex 3 day 07;1;6;0,1056;1,7550;1,3367;2,8300;16,6100;845;27;3628
Ex 3 day 07;1;7;0,1056;2,7755;2,3221;2,8300;26,2700;859;33;3628
Ex 3 day 07;1;8;0,1056;2,2742;1,8553;2,8300;21,5300;883;56;3628
Ex 3 day 07;1;9;0,1056;1,8684;1,5170;2,8300;17,6800;892;23;3628
Ex 3 day 07;1;10;0,1056;1,7423;1,1098;4,7100;16,4900;868;50;3628
Ex 3 day 07;1;11;0,1056;1,6060;1,0526;2,8300;15,2000;872;7;3628
Ex 3 day 07;1;12;0,1056;1,5157;1,1687;2,8300;14,3500;901;57;3628
Ex 3 day 07;1;13;0,1056;2,1403;1,8108;2,8300;20,2600;891;42;3628
Ex 3 day 07;2;14;0,1995;2,9746;2,2912;3,7700;14,9100;1231;33;2841
Ex 3 day 07;2;15;0,1995;2,9178;1,9785;3,3000;14,6300;1214;0;2841
Ex 3 day 07;2;16;0,1995;2,9039;2,4773;2,8300;14,5600;1236;4;2841
Ex 3 day 07;2;17;0,1995;2,5892;2,2839;2,8300;12,9800;1206;28;2841
Ex 3 day 07;2;18;0,1995;2,0052;1,5837;2,8300;10,0500;1220;8;2841
Ex 3 day 07;2;19;0,1995;2,4927;1,9976;2,8300;12,5000;1245;0;2841
Ex 3 day 07;2;20;0,1995;1,6245;1,2458;3,3000;8,1400;1224;16;2841
Ex 3 day 07;3;21;0,1927;2,8637;2,5214;2,8300;14,8600;485;11;2508
Ex 3 day 07;3;22;0,1927;2,4198;1,7732;2,8300;12,5600;480;27;2508
Ex 3 day 07;3;23;0,1927;2,1337;1,4727;4,2400;11,0700;487;55;2508
Ex 3 day 07;3;24;0,1927;2,0241;1,7005;2,8300;10,5000;504;32;2508
Ex 3 day 07;3;25;0,1927;1,6884;1,7108;4,7100;8,7600;501;20;2508
Ex 3 day 07;3;26;0,1927;1,9496;1,3256;2,8300;10,1200;495;34;2508
Ex 3 day 07;3;27;0,1927;1,5862;1,4436;3,3000;8,2300;480;41;2508
Ex 3 day 07;3;28;0,1927;1,8987;1,4855;3,7700;9,8500;471;50;2508
Ex 3 day 07;3;29;0,1927;2,1137;1,7466;2,8300;10,9700;476;39;2508
Ex 3 day 07;4;30;0,1702;3,9189;3,2805;2,8300;23,0300;1111;55;5262
Ex 3 day 07;4;31;0,1702;2,8748;2,2961;2,8300;16,8900;1098;77;5262
Ex 3 day 07;4;32;0,1702;2,4216;2,1483;2,8300;14,2300;1108;63;5262
Ex 3 day 07;4;33;0,1702;2,7093;1,8214;2,8300;15,9200;1142;86;5262
Ex 3 day 07;4;34;0,1702;1,6107;1,5792;3,7700;9,4700;1097;48;5262
Ex 3 day 07;4;35;0,1702;2,1380;1,8737;2,8300;12,5600;1111;82;5262
Ex 3 day 07;4;36;0,1702;1,3870;1,2150;3,7700;8,1500;1095;35;5262
Ex 3 day 07;4;37;0,1702;2,4688;1,9606;2,8300;14,5100;1136;60;5262
Ex 3 day 07;4;38;0,1702;1,6113;1,4263;2,8300;9,4700;1124;100;5262
Ex 3 day 07;5;39;0,1789;3,9442;3,4359;2,8300;22,0400;637;89;4798
Ex 3 day 07;5;40;0,1789;2,6685;1,9719;3,7700;14,9100;651;79;4798
Ex 3 day 07;5;41;0,1789;2,6314;2,2474;2,8300;14,7100;672;83;4798
Ex 3 day 07;5;42;0,1789;1,8813;1,4058;4,2400;10,5100;678;64;4798
Ex 3 day 07;5;43;0,1789;1,9118;1,5717;2,8300;10,6800;652;91;4798
Ex 3 day 07;5;44;0,1789;1,7274;1,3700;2,8300;9,6500;664;70;4798
Ex 3 day 07;5;45;0,1789;1,7950;1,5161;2,8300;10,0300;649;65;4798
Ex 3 day 07;6;46;0,1734;2,7445;2,2133;2,8300;15,8200;791;85;2846
Ex 3 day 07;6;47;0,1734;2,2685;1,9706;2,8300;13,0800;774;61;2846
Ex 3 day 07;6;48;0,1734;2,4014;2,0361;2,8300;13,8500;784;80;2846
Ex 3 day 07;6;49;0,1734;2,4765;2,0346;2,8300;14,2800;762;70;2846
Ex 3 day 07;6;50;0,1734;1,5567;1,4137;3,7700;8,9800;807;72;2846
Ex 3 day 07;6;51;0,1734;2,3425;1,9628;2,8300;13,5100;799;74;2846
Ex 3 day 07;6;52;0,1734;2,0978;1,4750;3,3000;12,1000;801;60;2846
Ex 3 day 07;7;53;0,1748;4,2025;3,7186;2,8300;24,0400;549;125;3605
Ex 3 day 07;7;54;0,1748;1,8424;1,5552;3,7700;10,5400;559;141;3605
Ex 3 day 07;8;55;0,1822;2,7798;2,1214;2,8300;15,2500;982;110;3150
Ex 3 day 07;8;56;0,1822;3,2746;2,5582;2,8300;17,9700;1024;123;3150
Ex 3 day 07;8;57;0,1822;2,4325;1,9723;2,8300;13,3500;991;143;3150
Ex 3 day 07;8;58;0,1822;2,8733;2,0064;2,8300;15,7700;996;116;3150
Ex 3 day 07;8;59;0,1822;2,8787;2,1329;2,8300;15,8000;1009;98;3150
Ex 3 day 07;8;60;0,1822;2,1586;1,4845;2,8300;11,8400;1004;123;3150
Ex 3 day 07;8;61;0,1822;2,0610;1,6125;2,8300;11,3100;1008;117;3150
Ex 3 day 07;8;62;0,1822;2,9719;2,1323;2,8300;16,3100;978;140;3150
Ex 3 day 07;8;63;0,1822;2,4912;1,8561;2,8300;13,6700;990;128;3150
Ex 3 day 07;8;64;0,1822;2,2833;1,8360;2,8300;12,5300;979;123;3150
Ex 3 day 07;8;65;0,1822;1,7048;1,2226;3,3000;9,3500;1029;113;3150
Ex 3 day 07;8;66;0,1822;2,4641;1,9786;2,8300;13,5200;1000;145;3150
Ex 3 day 07;8;67;0,1822;2,2642;1,7549;2,8300;12,4200;1013;111;3150
Ex 3 day 07;8;68;0,1822;1,9153;1,4657;2,8300;10,5100;984;145;3150
Ex 3 day 07;8;69;0,1822;1,7359;1,5269;2,8300;9,5300;1007;131;3150
Ex 3 day 07;8;70;0,1822;2,1441;1,6037;2,8300;11,7600;1019;124;3150
Ex 3 day 07;8;71;0,1822;1,7382;1,2469;2,8300;9,5400;995;133;3150
Ex 3 day 07;9;72;0,2409;3,1196;2,3135;3,3000;12,9500;458;132;3549
Ex 3 day 07;9;73;0,2409;2,3449;1,9070;2,8300;9,7300;483;134;3549
Ex 3 day 07;9;74;0,2409;2,0394;1,6953;2,8300;8,4700;471;147;3549
Ex 3 day 07;9;75;0,2409;2,5664;2,2141;2,8300;10,6500;474;165;3549
Ex 3 day 07;9;76;0,2409;2,3481;1,8782;2,8300;9,7500;484;143;3549
Ex 3 day 07;9;77;0,2409;1,9434;1,3527;4,2400;8,0700;458;156;3549
Ex 3 day 07;10;78;0,1669;3,1836;2,0438;3,3000;19,0700;937;147;4445
Ex 3 day 07;10;79;0,1669;2,5611;2,1757;3,7700;15,3400;913;141;4445
Ex 3 day 07;10;80;0,1669;2,3001;2,0036;2,8300;13,7800;899;161;4445
Ex 3 day 07;10;81;0,1669;2,3218;1,5700;3,3000;13,9100;910;155;4445
Ex 3 day 07;10;82;0,1669;2,3269;1,8044;3,7700;13,9400;916;165;4445
Ex 3 day 07;10;83;0,1669;2,5140;2,2138;2,8300;15,0600;907;126;4445
Ex 3 day 07;10;84;0,1669;2,2271;1,8438;2,8300;13,3400;899;143;4445
Ex 3 day 07;10;85;0,1669;2,4268;2,0651;2,8300;14,5400;918;127;4445
Ex 3 day 07;10;86;0,1669;2,3262;1,9244;2,8300;13,9400;930;161;4445
Ex 3 day 07;11;87;0,2453;1,8717;1,9987;3,7700;7,6300;373;176;2814
Ex 3 day 07;11;88;0,2453;2,8049;2,3301;2,8300;11,4400;396;212;2814
Ex 3 day 07;11;89;0,2453;2,3591;1,9140;2,8300;9,6200;374;202;2814
Ex 3 day 07;11;90;0,2453;1,7196;1,4395;2,8300;7,0100;383;195;2814
Ex 3 day 07;11;91;0,2453;2,1191;1,8918;2,8300;8,6400;385;221;2814
Ex 3 day 07;11;92;0,2453;2,2939;1,6538;2,8300;9,3500;383;186;2814
Ex 3 day 07;11;93;0,2453;2,1306;1,8662;2,8300;8,6900;389;195;2814
Ex 3 day 07;11;94;0,2453;1,9551;1,6419;2,8300;7,9700;366;203;2814
Ex 3 day 07;12;95;0,1714;3,1091;2,2847;3,3000;18,1400;784;211;3069
Ex 3 day 07;12;96;0,1714;1,9077;1,4862;4,7100;11,1300;795;192;3069
Ex 3 day 07;13;97;0,1664;2,3886;1,8803;2,8300;14,3600;1062;214;3341
Ex 3 day 07;13;98;0,1664;2,7343;2,0854;2,8300;16,4300;1060;227;3341
Ex 3 day 07;13;99;0,1664;2,8601;2,0757;2,8300;17,1900;1062;206;3341
Ex 3 day 07;13;100;0,1664;2,3275;1,8760;2,8300;13,9900;1035;220;3341
Ex 3 day 07;13;101;0,1664;2,6955;2,0795;2,8300;16,2000;1058;222;3341
Ex 3 day 07;13;102;0,1664;2,8385;1,8560;2,8300;17,0600;1080;210;3341
Ex 3 day 07;13;103;0,1664;2,0997;1,8450;2,8300;12,6200;1045;199;3341
Ex 3 day 07;13;104;0,1664;2,5637;1,9368;2,8300;15,4100;1087;198;3341
Ex 3 day 07;13;105;0,1664;2,1911;1,8448;2,8300;13,1700;1072;221;3341
Ex 3 day 07;13;106;0,1664;2,1406;1,6585;2,8300;12,8700;1030;201;3341
Ex 3 day 07;13;107;0,1664;1,7280;1,3229;2,8300;10,3900;1050;215;3341
Ex 3 day 07;13;108;0,1664;2,1514;1,5349;2,8300;12,9300;1034;193;3341
Ex 3 day 07;13;109;0,1664;1,9707;1,7415;2,8300;11,8400;1057;201;3341
Ex 3 day 07;13;110;0,1664;2,0444;1,6116;2,8300;12,2900;1083;191;3341
Ex 3 day 07;14;111;0,1731;3,3418;2,9434;2,8300;19,3000;1307;243;3715
Ex 3 day 07;14;112;0,1731;2,5193;2,0306;3,7700;14,5500;1270;239;3715
Ex 3 day 07;14;113;0,1731;1,8404;1,2980;5,1900;10,6300;1289;245;3715
Ex 3 day 07;14;114;0,1731;1,8091;1,5484;2,8300;10,4500;1264;222;3715
Ex 3 day 07;15;115;0,1625;4,6092;3,4279;2,8300;28,3600;555;272;3349
Ex 3 day 07;15;116;0,1625;2,7796;2,1843;2,8300;17,1000;570;271;3349
Ex 3 day 07;15;117;0,1625;2,6879;2,1566;3,7700;16,5400;572;258;3349
Ex 3 day 07;15;118;0,1625;1,5400;1,5026;3,7700;9,4800;596;265;3349
Ex 3 day 07;15;119;0,1625;1,9337;1,6814;2,8300;11,9000;563;291;3349
Ex 3 day 07;15;120;0,1625;1,9313;1,3005;2,8300;11,8800;582;250;3349
Ex 3 day 07;15;121;0,1625;2,3670;1,7234;2,8300;14,5700;577;275;3349
Ex 3 day 07;15;122;0,1625;2,2326;1,5797;2,8300;13,7400;558;256;3349
Ex 3 day 07;15;123;0,1625;1,7381;1,2717;2,8300;10,7000;582;268;3349
Ex 3 day 07;16;124;0,0994;3,4305;2,9101;2,8300;34,5200;811;267;4322
Ex 3 day 07;16;125;0,0994;2,6746;2,2107;2,8300;26,9100;818;262;4322
Ex 3 day 07;16;126;0,0994;2,4364;2,0495;2,8300;24,5100;830;271;4322
Ex 3 day 07;16;127;0,0994;2,2757;1,9621;2,8300;22,9000;829;243;4322
Ex 3 day 07;16;128;0,0994;2,5200;2,0195;2,8300;25,3600;844;250;4322
Ex 3 day 07;16;129;0,0994;2,1206;1,7276;2,8300;21,3400;829;284;4322
Ex 3 day 07;16;130;0,0994;1,8883;1,6436;2,8300;19,0000;843;270;4322
Ex 3 day 07;16;131;0,0994;2,2530;1,8127;2,8300;22,6700;817;282;4322
Ex 3 day 07;17;132;0,1842;3,2854;2,6853;2,8300;17,8400;757;288;4043
Ex 3 day 07;17;133;0,1842;3,1516;2,6096;2,8300;17,1100;714;277;4043
Ex 3 day 07;17;134;0,1842;2,3595;1,8017;2,8300;12,8100;742;284;4043
Ex 3 day 07;17;135;0,1842;1,9325;1,7860;2,8300;10,4900;751;280;4043
Ex 3 day 07;17;136;0,1842;2,6692;2,2501;2,8300;14,4900;734;264;4043
Ex 3 day 07;17;137;0,1842;2,4015;1,8766;2,8300;13,0400;693;266;4043
Ex 3 day 07;17;138;0,1842;1,6724;1,4779;4,7100;9,0800;727;297;4043
Ex 3 day 07;17;139;0,1842;1,8839;1,6444;2,8300;10,2300;711;285;4043
Ex 3 day 07;17;140;0,1842;2,1756;1,7480;2,8300;11,8100;713;298;4043
Ex 3 day 07;17;141;0,1842;1,5071;0,9378;4,2400;8,1800;728;283;4043
Ex 3 day 07;17;142;0,1842;1,9646;1,3483;2,8300;10,6700;717;288;4043
Ex 3 day 07;18;143;0,1597;3,1908;2,7896;2,8300;19,9800;1003;288;4242
Ex 3 day 07;18;144;0,1597;3,3517;2,7207;2,8300;20,9900;988;286;4242
Ex 3 day 07;18;145;0,1597;2,7827;1,8468;3,3000;17,4300;988;269;4242
Ex 3 day 07;18;146;0,1597;2,8334;2,1820;2,8300;17,7500;957;284;4242
Ex 3 day 07;18;147;0,1597;2,0654;1,7689;2,8300;12,9400;987;304;4242
Ex 3 day 07;18;148;0,1597;2,2464;1,8941;2,8300;14,0700;977;265;4242
Ex 3 day 07;18;149;0,1597;2,1880;1,5350;2,8300;13,7000;973;280;4242
Ex 3 day 07;18;150;0,1597;2,2934;1,9694;2,8300;14,3600;982;310;4242
Ex 3 day 07;18;151;0,1597;2,3322;1,9527;2,8300;14,6100;1002;305;4242
Ex 3 day 07;18;152;0,1597;1,9429;1,7488;2,8300;12,1700;958;261;4242
Ex 3 day 07;19;153;0,0840;3,0198;1,7541;3,3000;35,9600;1315;328;4394
Ex 3 day 07;19;154;0,0840;2,2836;1,7974;3,3000;27,1900;1320;300;4394
Ex 3 day 07;19;155;0,0840;2,3393;1,8945;2,8300;27,8600;1292;282;4394
Ex 3 day 07;19;156;0,0840;2,4324;2,1214;2,8300;28,9600;1302;326;4394
Ex 3 day 07;19;157;0,0840;2,9799;1,7448;2,8300;35,4800;1296;298;4394
Ex 3 day 07;19;158;0,0840;2,5735;2,2649;2,8300;30,6500;1267;312;4394
Ex 3 day 07;19;159;0,0840;2,1433;1,5383;2,8300;25,5200;1303;297;4394
Ex 3 day 07;19;160;0,0840;1,6982;1,4910;2,8300;20,2200;1313;300;4394
Ex 3 day 07;19;161;0,0840;1,4963;1,4349;4,2400;17,8200;1282;309;4394
Ex 3 day 07;19;162;0,0840;2,3761;1,9803;2,8300;28,2900;1297;336;4394
Ex 3 day 07;19;163;0,0840;2,6280;2,1975;2,8300;31,2900;1259;303;4394
Ex 3 day 07;19;164;0,0840;2,4565;2,1013;2,8300;29,2500;1299;313;4394
Ex 3 day 07;19;165;0,0840;2,7945;2,1761;2,8300;33,2800;1279;290;4394
Ex 3 day 07;19;166;0,0840;2,7116;2,0502;2,8300;32,2900;1265;298;4394
Ex 3 day 07;19;167;0,0840;2,1656;1,8292;2,8300;25,7900;1309;338;4394
Ex 3 day 07;19;168;0,0840;1,9821;1,5358;2,8300;23,6000;1272;331;4394
Ex 3 day 07;19;169;0,0840;1,8205;1,3553;2,8300;21,6800;1291;334;4394
Ex 3 day 07;19;170;0,0840;1,8053;1,4719;2,8300;21,5000;1254;310;4394
Ex 3 day 07;19;171;0,0840;1,6387;1,3170;2,8300;19,5100;1289;323;4394
Ex 3 day 07;20;172;0,2862;2,9568;2,4866;2,8300;10,3300;155;365;2557
Ex 3 day 07;21;173;0,0893;3,2079;2,6038;2,8300;35,9100;694;386;3586
Ex 3 day 07;21;174;0,0893;2,3414;1,8308;2,8300;26,2100;692;361;3586
Ex 3 day 07;21;175;0,0893;3,4194;2,3389;2,8300;38,2700;680;362;3586
Ex 3 day 07;21;176;0,0893;2,2706;1,7061;2,8300;25,4100;679;384;3586
Ex 3 day 07;21;177;0,0893;1,6972;1,2664;2,8300;19,0000;683;407;3586
Ex 3 day 07;21;178;0,0893;2,8961;2,2013;2,8300;32,4200;700;348;3586
Ex 3 day 07;21;179;0,0893;1,8959;1,4427;2,8300;21,2200;676;355;3586
Ex 3 day 07;21;180;0,0893;2,2113;1,6901;2,8300;24,7500;704;380;3586
Ex 3 day 07;21;181;0,0893;2,3645;1,7253;2,8300;26,4700;715;400;3586
Ex 3 day 07;21;182;0,0893;1,5124;1,2177;2,8300;16,9300;667;375;3586
Ex 3 day 07;21;183;0,0893;1,5857;1,2604;2,8300;17,7500;685;371;3586
Ex 3 day 07;21;184;0,0893;1,8220;1,4704;2,8300;20,3900;669;367;3586
Ex 3 day 07;22;185;0,1776;3,2462;2,2996;2,8300;18,2800;886;366;3336
Ex 3 day 07;22;186;0,1776;2,7965;2,3813;2,8300;15,7400;876;370;3336
Ex 3 day 07;22;187;0,1776;2,6299;1,6290;3,3000;14,8100;881;384;3336
Ex 3 day 07;22;188;0,1776;2,2662;1,8374;2,8300;12,7600;882;357;3336
Ex 3 day 07;23;189;0,2315;3,2534;2,7863;2,8300;14,0500;458;391;3024
Ex 3 day 07;23;190;0,2315;2,1339;1,2571;3,3000;9,2200;474;385;3024
Ex 3 day 07;23;191;0,2315;1,8782;1,4526;2,8300;8,1100;462;380;3024
Ex 3 day 07;23;192;0,2315;1,9580;1,7350;2,8300;8,4600;483;390;3024
Ex 3 day 07;23;193;0,2315;1,9428;1,6163;2,8300;8,3900;474;373;3024
Ex 3 day 07;24;194;0,1212;2,9619;2,5182;2,8300;24,4400;632;393;3393
Ex 3 day 07;24;195;0,1212;3,2780;2,6971;2,8300;27,0500;654;411;3393
Ex 3 day 07;24;196;0,1212;3,0213;2,3318;2,8300;24,9300;655;384;3393
Ex 3 day 07;24;197;0,1212;2,6038;2,1349;2,8300;21,4900;651;442;3393
Ex 3 day 07;24;198;0,1212;2,7910;2,2941;2,8300;23,0300;652;422;3393
Ex 3 day 07;24;199;0,1212;2,1907;1,7854;2,8300;18,0800;658;376;3393
Ex 3 day 07;24;200;0,1212;2,5663;1,8345;3,7700;21,1800;628;430;3393
Ex 3 day 07;24;201;0,1212;2,0004;1,7114;2,8300;16,5100;659;395;3393
Ex 3 day 07;24;202;0,1212;2,0987;1,4814;2,8300;17,3200;648;392;3393
Ex 3 day 07;24;203;0,1212;1,5586;1,1715;2,8300;12,8600;664;390;3393
Ex 3 day 07;25;204;0,2147;2,7231;2,1500;2,8300;12,6800;1275;389;3611
Ex 3 day 07;25;205;0,2147;2,4643;2,1068;2,8300;11,4800;1299;413;3611
Ex 3 day 07;25;206;0,2147;2,4234;1,8640;2,8300;11,2900;1322;407;3611
Ex 3 day 07;25;207;0,2147;1,9952;1,6366;2,8300;9,2900;1286;405;3611
Ex 3 day 07;25;208;0,2147;2,6437;2,1314;2,8300;12,3100;1289;396;3611
Ex 3 day 07;25;209;0,2147;2,6744;1,8568;2,8300;12,4600;1277;400;3611
Ex 3 day 07;25;210;0,2147;2,5280;1,8487;2,8300;11,7700;1306;419;3611
Ex 3 day 07;25;211;0,2147;2,1393;1,6483;2,8300;9,9600;1275;416;3611
Ex 3 day 07;25;212;0,2147;1,3931;1,3287;2,8300;6,4900;1303;402;3611
Ex 3 day 07;25;213;0,2147;1,8110;1,3487;2,8300;8,4300;1311;412;3611
Ex 3 day 07;25;214;0,2147;2,1676;1,7167;2,8300;10,1000;1291;383;3611
Ex 3 day 07;25;215;0,2147;1,8896;1,3867;2,8300;8,8000;1295;418;3611
Ex 3 day 07;25;216;0,2147;1,8872;1,6825;2,8300;8,7900;1287;413;3611
Ex 3 day 07;25;217;0,2147;1,7789;1,5140;2,8300;8,2900;1255;405;3611
Ex 3 day 07;25;218;0,2147;2,1439;1,5028;2,8300;9,9900;1278;405;3611
Ex 3 day 07;26;219;0,0184;2,5223;1,7993;3,3000;136,9900;860;517;10809
Ex 3 day 07;26;220;0,0184;3,8373;2,7133;2,8300;208,4100;883;494;10809
Ex 3 day 07;26;221;0,0184;2,7963;1,9790;2,8300;151,8700;888;522;10809
Ex 3 day 07;26;222;0,0184;2,6259;2,0313;2,8300;142,6200;838;456;10809
Ex 3 day 07;26;223;0,0184;2,8277;2,1778;2,8300;153,5700;855;496;10809
Ex 3 day 07;26;224;0,0184;2,4448;1,9794;2,8300;132,7800;878;439;10809
Ex 3 day 07;26;225;0,0184;2,1979;1,8347;3,3000;119,3700;877;498;10809
Ex 3 day 07;26;226;0,0184;2,7452;2,0688;2,8300;149,0900;841;518;10809
Ex 3 day 07;26;227;0,0184;3,0158;2,4905;2,8300;163,7900;872;451;10809
Ex 3 day 07;26;228;0,0184;2,2199;1,6846;2,8300;120,5700;858;507;10809
Ex 3 day 07;26;229;0,0184;1,9181;1,6215;2,8300;104,1700;886;515;10809
Ex 3 day 07;26;230;0,0184;2,0198;1,4037;2,8300;109,7000;894;527;10809
Ex 3 day 07;26;231;0,0184;2,4901;1,7969;3,3000;135,2400;896;468;10809
Ex 3 day 07;26;232;0,0184;2,5357;1,9108;2,8300;137,7200;880;469;10809
Ex 3 day 07;26;233;0,0184;1,8969;1,1438;2,8300;103,0300;864;490;10809
Ex 3 day 07;26;234;0,0184;2,6371;2,0517;2,8300;143,2300;884;456;10809
Ex 3 day 07;26;235;0,0184;2,2521;1,7355;2,8300;122,3100;838;415;10809
Ex 3 day 07;26;236;0,0184;2,3761;1,8221;2,8300;129,0500;854;485;10809
Ex 3 day 07;26;237;0,0184;2,2340;1,9022;2,8300;121,3300;859;482;10809
Ex 3 day 07;26;238;0,0184;1,6868;1,2552;3,3000;91,6100;839;420;10809
Ex 3 day 07;26;239;0,0184;1,6073;1,3192;2,8300;87,3000;904;507;10809
Ex 3 day 07;26;240;0,0184;1,2763;1,0083;2,8300;69,3200;910;496;10809
Ex 3 day 07;26;241;0,0184;2,1014;1,6165;2,8300;114,1300;867;530;10809
Ex 3 day 07;27;242;0,2925;2,6527;1,8391;3,7700;9,0700;192;461;2656
Ex 3 day 07;28;243;0,3346;1,9596;1,6481;3,3000;5,8600;72;450;2671
Ex 3 day 07;28;244;0,3346;2,5140;2,3143;2,8300;7,5100;57;464;2671
Ex 3 day 07;28;245;0,3346;2,5289;2,1064;2,8300;7,5600;53;475;2671
Ex 3 day 07;28;246;0,3346;2,0005;1,5846;3,7700;5,9800;72;463;2671
Ex 3 day 07;28;247;0,3346;2,0395;1,4786;3,3000;6,0900;62;448;2671
Ex 3 day 07;29;248;0,1490;3,6541;2,7561;2,8300;24,5200;1115;476;4614
Ex 3 day 07;29;249;0,1490;2,5069;1,7752;3,3000;16,8200;1107;483;4614
Ex 3 day 07;29;250;0,1490;1,8814;1,7815;2,8300;12,6300;1092;472;4614
Ex 3 day 07;29;251;0,1490;2,4447;2,0787;2,8300;16,4100;1099;459;4614
Ex 3 day 07;29;252;0,1490;2,7928;2,3694;2,8300;18,7400;1137;484;4614
Ex 3 day 07;29;253;0,1490;2,7777;1,9960;2,8300;18,6400;1084;470;4614
Ex 3 day 07;30;254;0,0974;2,5893;1,8090;3,3000;26,5900;567;491;3302
Ex 3 day 07;30;255;0,0974;2,2664;1,8539;2,8300;23,2800;591;483;3302
Ex 3 day 07;30;256;0,0974;2,2646;1,7734;2,8300;23,2600;572;503;3302
Ex 3 day 07;30;257;0,0974;2,1583;1,7358;2,8300;22,1700;603;473;3302
Ex 3 day 07;30;258;0,0974;2,5920;2,1297;2,8300;26,6200;593;463;3302
Ex 3 day 07;30;259;0,0974;2,2798;1,8355;2,8300;23,4100;587;467;3302
Ex 3 day 07;30;260;0,0974;2,1175;1,6212;2,8300;21,7500;582;467;3302
Ex 3 day 07;30;261;0,0974;1,9741;1,2577;4,7100;20,2700;586;497;3302
Ex 3 day 07;30;262;0,0974;1,8995;1,6575;2,8300;19,5100;594;490;3302
Ex 3 day 07;31;263;0,1740;4,1436;3,4874;2,8300;23,8100;416;491;3804
Ex 3 day 07;31;264;0,1740;2,2204;1,7862;2,8300;12,7600;427;500;3804
Ex 3 day 07;32;265;0,0264;3,1186;2,6030;3,7700;118,0900;500;490;6919
Ex 3 day 07;32;266;0,0264;3,4123;3,0190;2,8300;129,2100;483;499;6919
Ex 3 day 07;32;267;0,0264;2,4950;2,0112;2,8300;94,4800;515;514;6919
Ex 3 day 07;32;268;0,0264;2,7517;2,1416;2,8300;104,2000;496;520;6919
Ex 3 day 07;32;269;0,0264;3,0094;2,5374;2,8300;113,9500;505;466;6919
Ex 3 day 07;32;270;0,0264;3,2308;2,2548;2,8300;122,3400;544;506;6919
Ex 3 day 07;32;271;0,0264;2,3048;1,9412;2,8300;87,2700;536;541;6919
Ex 3 day 07;32;272;0,0264;1,9958;1,7595;2,8300;75,5700;540;523;6919
Ex 3 day 07;32;273;0,0264;1,9872;1,4147;3,3000;75,2500;533;512;6919
Ex 3 day 07;32;274;0,0264;1,8807;1,5052;2,8300;71,2100;529;496;6919
Ex 3 day 07;32;275;0,0264;2,4883;2,0223;2,8300;94,2200;539;512;6919
Ex 3 day 07;32;276;0,0264;1,9249;1,5235;2,8300;72,8900;528;523;6919
Ex 3 day 07;32;277;0,0264;2,0663;1,8377;2,8300;78,2400;478;522;6919
Ex 3 day 07;32;278;0,0264;1,9038;1,3097;3,7700;72,0900;536;524;6919
Ex 3 day 07;32;279;0,0264;2,0325;1,3455;2,8300;76,9600;558;490;6919
Ex 3 day 07;32;280;0,0264;1,8826;1,5315;2,8300;71,2800;492;504;6919
Ex 3 day 07;32;281;0,0264;1,7967;1,4646;2,8300;68,0300;517;475;6919
Ex 3 day 07;32;282;0,0264;1,6972;1,3002;2,8300;64,2700;525;507;6919
Ex 3 day 07;32;283;0,0264;1,9003;1,4816;2,8300;71,9600;494;537;6919
Ex 3 day 07;32;284;0,0264;2,1621;1,5164;2,8300;81,8700;518;535;6919
Ex 3 day 07;32;285;0,0264;1,7461;1,2139;2,8300;66,1200;555;514;6919
Ex 3 day 07;32;286;0,0264;1,9637;1,6482;2,8300;74,3600;501;529;6919
Ex 3 day 07;32;287;0,0264;1,8785;1,5957;2,8300;71,1300;557;532;6919
Ex 3 day 07;32;288;0,0264;1,6549;1,4806;2,8300;62,6600;485;514;6919
Ex 3 day 07;32;289;0,0264;1,3635;1,0033;2,8300;51,6300;483;531;6919
Ex 3 day 07;32;290;0,0264;1,5542;1,4578;2,8300;58,8500;523;522;6919
Ex 3 day 07;32;291;0,0264;1,6966;1,5096;2,8300;64,2400;501;508;6919
Ex 3 day 07;32;292;0,0264;1,7195;1,2586;2,8300;65,1100;548;487;6919
Ex 3 day 07;32;293;0,0264;2,0232;1,6797;2,8300;76,6100;472;504;6919
Ex 3 day 07;32;294;0,0264;2,0692;1,4690;2,8300;78,3500;464;506;6919
Ex 3 day 07;33;295;0,0816;3,8847;2,8034;2,8300;47,6100;1366;486;4176
Ex 3 day 07;33;296;0,0816;3,0125;2,4567;2,8300;36,9200;1351;495;4176
Ex 3 day 07;33;297;0,0816;3,0932;2,1539;3,3000;37,9100;1357;526;4176
Ex 3 day 07;33;298;0,0816;2,9929;2,4618;2,8300;36,6800;1371;526;4176
Ex 3 day 07;33;299;0,0816;2,6620;2,1572;2,8300;32,6200;1379;514;4176
Ex 3 day 07;33;300;0,0816;2,8729;2,4694;2,8300;35,2100;1333;503;4176
Ex 3 day 07;33;301;0,0816;2,5009;2,0961;2,8300;30,6500;1368;513;4176
Ex 3 day 07;33;302;0,0816;2,3659;1,4772;4,2400;28,9900;1344;517;4176
Ex 3 day 07;33;303;0,0816;2,2682;1,9289;2,8300;27,8000;1377;499;4176
Ex 3 day 07;33;304;0,0816;3,1561;2,2378;2,8300;38,6800;1362;494;4176
Ex 3 day 07;33;305;0,0816;2,7175;2,0791;2,8300;33,3000;1339;498;4176
Ex 3 day 07;33;306;0,0816;2,7458;2,1176;2,8300;33,6500;1370;544;4176
Ex 3 day 07;33;307;0,0816;2,7464;1,9791;2,8300;33,6600;1388;485;4176
Ex 3 day 07;33;308;0,0816;2,0269;1,7171;2,8300;24,8400;1365;527;4176
Ex 3 day 07;33;309;0,0816;2,3070;1,8416;2,8300;28,2700;1376;480;4176
Ex 3 day 07;33;310;0,0816;1,8385;1,3289;2,8300;22,5300;1381;492;4176
Ex 3 day 07;33;311;0,0816;1,5246;1,3767;2,8300;18,6800;1348;533;4176
Ex 3 day 07;33;312;0,0816;2,9714;1,8982;2,8300;36,4100;1391;510;4176
Ex 3 day 07;33;313;0,0816;1,9623;1,5121;2,8300;24,0500;1331;521;4176
Ex 3 day 07;34;314;0,1569;2,7153;1,9457;3,7700;17,3100;640;537;3093
Ex 3 day 07;34;315;0,1569;2,4668;1,8228;2,8300;15,7200;680;538;3093
Ex 3 day 07;34;316;0,1569;2,1510;1,7441;3,7700;13,7100;655;547;3093
Ex 3 day 07;34;317;0,1569;2,1518;1,6751;3,7700;13,7100;667;536;3093
Ex 3 day 07;34;318;0,1569;1,3758;1,2167;2,8300;8,7700;632;544;3093
Ex 3 day 07;34;319;0,1569;1,8751;1,4121;3,7700;11,9500;652;532;3093
Ex 3 day 07;35;320;0,1697;4,8644;3,8520;2,8300;28,6700;125;539;2582
Ex 3 day 07;35;321;0,1697;3,3725;2,8735;2,8300;19,8800;97;531;2582
Ex 3 day 07;35;322;0,1697;3,0591;2,4821;2,8300;18,0300;101;545;2582
Ex 3 day 07;35;323;0,1697;2,8699;2,2172;2,8300;16,9200;118;551;2582
Ex 3 day 07;35;324;0,1697;2,6338;2,2341;2,8300;15,5200;97;554;2582
Ex 3 day 07;35;325;0,1697;2,6879;2,1206;2,8300;15,8400;108;522;2582
Ex 3 day 07;35;326;0,1697;2,3095;1,7082;2,8300;13,6100;112;538;2582
Ex 3 day 07;35;327;0,1697;2,3126;1,9079;2,8300;13,6300;114;568;2582
Ex 3 day 07;35;328;0,1697;1,9561;1,5173;2,8300;11,5300;117;520;2582
Ex 3 day 07;35;329;0,1697;2,0136;1,6998;2,8300;11,8700;132;550;2582
Ex 3 day 07;36;330;0,0712;2,7604;2,3988;2,8300;38,7600;560;571;1609
Ex 3 day 07;36;331;0,0712;2,6074;1,9953;2,8300;36,6100;558;558;1609
Ex 3 day 07;36;332;0,0712;1,6600;0,9330;3,3000;23,3100;540;575;1609
Ex 3 day 07;37;333;0,0770;2,5127;2,0857;2,8300;32,6500;887;578;4424
Ex 3 day 07;37;334;0,0770;2,5236;1,6486;3,3000;32,7900;867;570;4424
Ex 3 day 07;37;335;0,0770;1,5284;1,0618;2,8300;19,8600;894;540;4424
Ex 3 day 07;37;336;0,0770;2,2218;1,6533;4,2400;28,8700;911;579;4424
Ex 3 day 07;37;337;0,0770;1,6263;1,3184;3,7700;21,1300;915;551;4424
Ex 3 day 07;37;338;0,0770;2,1411;1,6196;2,8300;27,8200;869;548;4424
Ex 3 day 07;37;339;0,0770;1,8829;1,0936;5,1900;24,4700;891;564;4424
Ex 3 day 07;38;340;0,1342;3,2956;2,5222;3,3000;24,5600;1302;581;4687
Ex 3 day 07;38;341;0,1342;2,7191;2,3011;2,8300;20,2600;1340;603;4687
Ex 3 day 07;38;342;0,1342;2,1971;1,8834;2,8300;16,3700;1326;582;4687
Ex 3 day 07;38;343;0,1342;2,3858;1,7264;3,3000;17,7800;1333;616;4687
Ex 3 day 07;38;344;0,1342;2,0885;1,8500;2,8300;15,5600;1313;613;4687
Ex 3 day 07;38;345;0,1342;2,7542;2,2668;2,8300;20,5200;1323;566;4687
Ex 3 day 07;38;346;0,1342;2,4067;1,5748;2,8300;17,9300;1302;590;4687
Ex 3 day 07;38;347;0,1342;1,5347;1,5319;2,8300;11,4400;1335;580;4687
Ex 3 day 07;38;348;0,1342;2,2230;1,8551;2,8300;16,5600;1314;584;4687
Ex 3 day 07;38;349;0,1342;2,1371;1,4811;3,3000;15,9200;1347;583;4687
Ex 3 day 07;38;350;0,1342;2,1857;1,5539;2,8300;16,2900;1300;560;4687
Ex 3 day 07;38;351;0,1342;1,6802;1,3623;3,7700;12,5200;1319;595;4687
Ex 3 day 07;38;352;0,1342;2,1019;1,6900;2,8300;15,6600;1307;596;4687
Ex 3 day 07;39;353;0,1360;3,8041;2,8319;2,8300;27,9800;1075;608;3491
Ex 3 day 07;39;354;0,1360;3,0621;2,2374;2,8300;22,5200;1064;578;3491
Ex 3 day 07;39;355;0,1360;2,8452;2,3493;2,8300;20,9300;1052;584;3491
Ex 3 day 07;39;356;0,1360;2,8179;2,3284;2,8300;20,7200;1077;567;3491
Ex 3 day 07;39;357;0,1360;2,3080;1,8026;2,8300;16,9700;1054;595;3491
Ex 3 day 07;39;358;0,1360;1,8377;1,2316;4,2400;13,5200;1092;583;3491
Ex 3 day 07;39;359;0,1360;1,7848;1,6401;3,7700;13,1300;1051;609;3491
Ex 3 day 07;39;360;0,1360;1,9945;1,7051;2,8300;14,6700;1087;595;3491
Ex 3 day 07;39;361;0,1360;2,2699;1,8150;2,8300;16,6900;1054;573;3491
Ex 3 day 07;39;362;0,1360;2,5717;1,7243;3,3000;18,9100;1076;587;3491
Ex 3 day 07;39;363;0,1360;2,2217;1,3834;3,3000;16,3400;1041;572;3491
Ex 3 day 07;40;364;0,1888;2,5871;2,0329;2,8300;13,7000;744;592;2794
Ex 3 day 07;40;365;0,1888;2,7817;2,3570;2,8300;14,7300;758;592;2794
Ex 3 day 07;40;366;0,1888;1,7255;1,4595;2,8300;9,1400;727;593;2794
Ex 3 day 07;40;367;0,1888;1,9797;1,3914;2,8300;10,4800;735;598;2794
Ex 3 day 07;40;368;0,1888;2,2225;1,6661;2,8300;11,7700;716;598;2794
Ex 3 day 07;40;369;0,1888;1,4920;1,1200;2,8300;7,9000;741;603;2794
Ex 3 day 07;41;370;0,2372;2,5968;1,7592;3,7700;10,9500;1180;596;3151
Ex 3 day 07;41;371;0,2372;2,6800;2,2924;2,8300;11,3000;1200;609;3151
Ex 3 day 07;41;372;0,2372;2,1611;1,2998;5,1900;9,1100;1162;586;3151
Ex 3 day 07;41;373;0,2372;2,2617;1,6847;2,8300;9,5300;1199;584;3151
Ex 3 day 07;41;374;0,2372;2,1306;1,8199;2,8300;8,9800;1199;601;3151
Ex 3 day 07;42;375;0,2723;2,8813;2,2807;2,8300;10,5800;21;592;2972
Ex 3 day 07;42;376;0,2723;2,4721;2,0727;2,8300;9,0800;23;620;2972
Ex 3 day 07;42;377;0,2723;2,4506;2,0000;2,8300;9,0000;48;585;2972
Ex 3 day 07;42;378;0,2723;1,8599;1,6092;4,7100;6,8300;53;610;2972
Ex 3 day 07;43;379;0,0555;2,9141;2,3359;2,8300;52,5100;549;582;1768
Ex 3 day 07;43;380;0,0555;2,4553;1,7685;3,3000;44,2400;546;598;1768
Ex 3 day 07;43;381;0,0555;0,8641;0,6271;2,8300;15,5700;525;578;1768
Ex 3 day 07;44;382;0,1241;3,1510;2,6491;2,8300;25,3800;578;638;3779
Ex 3 day 07;44;383;0,1241;3,0810;2,1870;3,3000;24,8200;601;620;3779
Ex 3 day 07;44;384;0,1241;2,1180;1,3526;4,7100;17,0600;599;648;3779
Ex 3 day 07;44;385;0,1241;2,0146;1,7291;2,8300;16,2300;602;660;3779
Ex 3 day 07;45;386;0,0584;2,8513;2,2757;2,8300;48,8300;929;610;4224
Ex 3 day 07;45;387;0,0584;3,4144;2,8810;2,8300;58,4700;949;653;4224
Ex 3 day 07;45;388;0,0584;2,5447;2,0611;2,8300;43,5800;958;627;4224
Ex 3 day 07;45;389;0,0584;2,7392;1,9325;2,8300;46,9100;946;666;4224
Ex 3 day 07;45;390;0,0584;2,6753;2,1410;2,8300;45,8100;937;662;4224
Ex 3 day 07;45;391;0,0584;2,1825;1,7636;2,8300;37,3700;939;651;4224
Ex 3 day 07;45;392;0,0584;2,5239;1,7432;3,3000;43,2200;929;641;4224
Ex 3 day 07;45;393;0,0584;2,4967;1,7751;2,8300;42,7500;904;627;4224
Ex 3 day 07;45;394;0,0584;2,4082;2,0194;2,8300;41,2400;901;621;4224
Ex 3 day 07;45;395;0,0584;2,2132;1,7433;2,8300;37,9000;964;638;4224
Ex 3 day 07;45;396;0,0584;2,2427;1,6281;3,3000;38,4100;903;639;4224
Ex 3 day 07;45;397;0,0584;1,9781;1,3994;2,8300;33,8800;915;610;4224
Ex 3 day 07;45;398;0,0584;2,3459;1,5951;2,8300;40,1700;946;632;4224
Ex 3 day 07;45;399;0,0584;2,0901;1,5879;2,8300;35,7900;941;621;4224
Ex 3 day 07;45;400;0,0584;2,2215;1,7171;2,8300;38,0400;916;639;4224
Ex 3 day 07;45;401;0,0584;2,0685;1,7252;2,8300;35,4200;949;621;4224
Ex 3 day 07;45;402;0,0584;1,8659;1,5109;2,8300;31,9500;918;619;4224
Ex 3 day 07;45;403;0,0584;2,2855;1,5655;2,8300;39,1400;955;640;4224
Ex 3 day 07;45;404;0,0584;2,1221;1,8326;2,8300;36,3400;911;643;4224
Ex 3 day 07;45;405;0,0584;2,2184;1,7535;2,8300;37,9900;963;651;4224
Ex 3 day 07;45;406;0,0584;1,9158;1,4257;2,8300;32,8100;920;605;4224
Ex 3 day 07;45;407;0,0584;1,6331;1,2944;2,8300;27,9700;907;608;4224
Ex 3 day 07;45;408;0,0584;1,5951;1,3077;2,8300;27,3200;920;655;4224
Ex 3 day 07;46;409;0,0801;1,7289;1,3625;2,8300;21,5700;1391;653;2256
Ex 3 day 07;46;410;0,0801;3,0011;2,5163;2,8300;37,4500;1365;657;2256
Ex 3 day 07;46;411;0,0801;2,3373;2,0542;2,8300;29,1700;1381;639;2256
Ex 3 day 07;46;412;0,0801;2,2022;1,8570;2,8300;27,4800;1374;646;2256
Ex 3 day 07;46;413;0,0801;2,4436;1,8443;2,8300;30,4900;1378;657;2256
Ex 3 day 07;46;414;0,0801;1,3044;1,1281;3,3000;16,2800;1391;606;2256
Ex 3 day 07;46;415;0,0801;1,7640;1,3932;2,8300;22,0100;1363;669;2256
Ex 3 day 07;47;416;0,2403;2,2930;1,9462;2,8300;9,5400;95;653;3053
Ex 3 day 07;47;417;0,2403;2,1114;1,7332;2,8300;8,7900;84;675;3053
Ex 3 day 07;47;418;0,2403;1,8654;1,7573;3,3000;7,7600;85;680;3053
Ex 3 day 07;47;419;0,2403;1,9736;1,5568;2,8300;8,2100;75;683;3053
Ex 3 day 07;47;420;0,2403;1,2897;1,0168;2,8300;5,3700;96;675;3053
Ex 3 day 07;47;421;0,2403;1,8777;1,6440;2,8300;7,8100;91;646;3053
Ex 3 day 07;47;422;0,2403;2,3831;1,5911;4,2400;9,9200;69;648;3053
Ex 3 day 07;47;423;0,2403;2,0734;1,3559;3,7700;8,6300;64;667;3053
Ex 3 day 07;47;424;0,2403;1,8256;1,4910;2,8300;7,6000;97;685;3053
Ex 3 day 07;48;425;0,1316;2,7387;2,4135;2,8300;20,8200;835;670;4659
Ex 3 day 07;48;426;0,1316;2,4453;2,1224;2,8300;18,5900;841;689;4659
Ex 3 day 07;48;427;0,1316;2,7104;1,8939;3,3000;20,6000;858;689;4659
Ex 3 day 07;48;428;0,1316;2,8166;2,4377;2,8300;21,4100;827;684;4659
Ex 3 day 07;48;429;0,1316;2,0861;1,9102;2,8300;15,8600;822;669;4659
Ex 3 day 07;49;430;0,2172;2,6728;2,3478;2,8300;12,3100;340;701;3480
Ex 3 day 07;49;431;0,2172;2,8134;2,1251;2,8300;12,9500;341;692;3480
Ex 3 day 07;49;432;0,2172;2,5398;2,0270;2,8300;11,6900;329;713;3480
Ex 3 day 07;49;433;0,2172;2,4149;1,6938;2,8300;11,1200;350;686;3480
Ex 3 day 07;49;434;0,2172;2,5729;2,0870;2,8300;11,8500;324;720;3480
Ex 3 day 07;49;435;0,2172;2,2252;1,8999;2,8300;10,2400;369;680;3480
Ex 3 day 07;49;436;0,2172;1,9739;1,3650;3,3000;9,0900;341;710;3480
Ex 3 day 07;49;437;0,2172;2,0062;1,6430;2,8300;9,2400;329;689;3480
Ex 3 day 07;49;438;0,2172;1,9488;1,5266;3,7700;8,9700;343;660;3480
Ex 3 day 07;49;439;0,2172;1,9316;1,3617;3,3000;8,8900;360;680;3480
Ex 3 day 07;49;440;0,2172;2,1811;1,6351;2,8300;10,0400;336;686;3480
Ex 3 day 07;49;441;0,2172;2,1005;1,6182;2,8300;9,6700;350;698;3480
Ex 3 day 07;50;442;0,1792;3,3297;2,7521;2,8300;18,5800;231;695;3101
Ex 3 day 07;50;443;0,1792;3,3173;2,6418;2,8300;18,5100;222;673;3101
Ex 3 day 07;50;444;0,1792;2,6367;2,0125;3,3000;14,7200;254;686;3101
Ex 3 day 07;50;445;0,1792;2,5005;2,0648;2,8300;13,9600;242;709;3101
Ex 3 day 07;50;446;0,1792;2,5927;2,1703;2,8300;14,4700;239;671;3101
Ex 3 day 07;50;447;0,1792;2,2018;1,9241;2,8300;12,2900;219;688;3101
Ex 3 day 07;50;448;0,1792;2,1034;1,7102;2,8300;11,7400;238;682;3101
Ex 3 day 07;50;449;0,1792;2,2498;1,6927;2,8300;12,5600;243;685;3101
Ex 3 day 07;50;450;0,1792;2,9730;2,0212;2,8300;16,5900;236;714;3101
Ex 3 day 07;50;451;0,1792;2,3761;1,9246;2,8300;13,2600;259;702;3101
Ex 3 day 07;50;452;0,1792;2,5138;1,7056;2,8300;14,0300;251;706;3101
Ex 3 day 07;50;453;0,1792;2,0240;1,7770;2,8300;11,3000;221;705;3101
Ex 3 day 07;50;454;0,1792;1,6277;1,3186;2,8300;9,0800;245;701;3101
Ex 3 day 07;50;455;0,1792;2,1311;1,8530;2,8300;11,8900;248;667;3101
Ex 3 day 07;50;456;0,1792;1,8735;1,5729;2,8300;10,4600;257;673;3101
Ex 3 day 07;51;457;0,1391;2,6232;1,8550;2,8300;18,8600;964;678;2827
Ex 3 day 07;51;458;0,1391;1,6708;1,1936;4,2400;12,0100;1007;708;2827
Ex 3 day 07;51;459;0,1391;2,2902;1,9018;2,8300;16,4600;986;672;2827
Ex 3 day 07;51;460;0,1391;2,4274;1,9969;2,8300;17,4500;991;693;2827
Ex 3 day 07;51;461;0,1391;1,9585;1,5639;2,8300;14,0800;1003;709;2827
Ex 3 day 07;51;462;0,1391;1,8162;1,2226;2,8300;13,0500;1016;714;2827
Ex 3 day 07;51;463;0,1391;1,8983;1,7813;2,8300;13,6400;990;712;2827
Ex 3 day 07;52;464;0,1447;1,5706;1,5365;4,7100;10,8600;1104;690;3371
Ex 3 day 07;52;465;0,1447;2,2636;1,7482;2,8300;15,6500;1088;703;3371
Ex 3 day 07;52;466;0,1447;1,9108;1,7876;2,8300;13,2100;1108;703;3371
Ex 3 day 07;52;467;0,1447;2,6066;1,7986;3,3000;18,0200;1092;671;3371
Ex 3 day 07;52;468;0,1447;2,5869;2,1387;2,8300;17,8800;1122;689;3371
Ex 3 day 07;52;469;0,1447;2,1196;1,7074;2,8300;14,6500;1102;708;3371
Ex 3 day 07;52;470;0,1447;2,5889;1,8792;2,8300;17,8900;1106;680;3371
Ex 3 day 07;52;471;0,1447;1,8864;1,2147;3,3000;13,0400;1078;673;3371
Ex 3 day 07;52;472;0,1447;2,7079;2,2616;2,8300;18,7200;1065;692;3371
Ex 3 day 07;52;473;0,1447;1,8707;1,5418;2,8300;12,9300;1079;706;3371
Ex 3 day 07;53;474;0,1961;2,3652;2,0202;2,8300;12,0600;1325;719;2268
Ex 3 day 07;54;475;0,0926;3,2410;2,7294;2,8300;34,9900;1054;710;4621
Ex 3 day 07;54;476;0,0926;2,8596;2,2598;2,8300;30,8700;1034;761;4621
Ex 3 day 07;54;477;0,0926;2,7552;1,7336;3,7700;29,7400;1043;724;4621
Ex 3 day 07;54;478;0,0926;1,9721;1,4972;2,8300;21,2900;1054;726;4621
Ex 3 day 07;54;479;0,0926;2,4948;2,0161;2,8300;26,9300;1029;725;4621
Ex 3 day 07;54;480;0,0926;2,7498;2,3141;2,8300;29,6900;1049;771;4621
Ex 3 day 07;54;481;0,0926;2,1561;1,6928;2,8300;23,2800;1069;783;4621
Ex 3 day 07;54;482;0,0926;2,0879;1,8449;2,8300;22,5400;1074;751;4621
Ex 3 day 07;54;483;0,0926;2,7999;2,1560;2,8300;30,2300;1032;738;4621
Ex 3 day 07;54;484;0,0926;1,7866;1,4276;2,8300;19,2900;1060;766;4621
Ex 3 day 07;54;485;0,0926;2,0954;1,9611;2,8300;22,6200;1055;742;4621
Ex 3 day 07;54;486;0,0926;2,0464;1,3098;3,3000;22,0900;1025;736;4621
Ex 3 day 07;54;487;0,0926;2,3722;2,0453;2,8300;25,6100;1037;743;4621
Ex 3 day 07;54;488;0,0926;1,4930;1,0838;2,8300;16,1200;1024;746;4621
Ex 3 day 07;54;489;0,0926;1,9340;1,5361;2,8300;20,8800;1024;754;4621
Ex 3 day 07;54;490;0,0926;1,8172;1,6699;2,8300;19,6200;1078;744;4621
Ex 3 day 07;54;491;0,0926;1,7120;1,4000;2,8300;18,4800;1055;753;4621
Ex 3 day 07;57;492;0,2232;2,5781;2,2617;2,8300;11,5500;47;768;2586
Ex 3 day 07;57;493;0,2232;2,7549;2,2145;2,8300;12,3400;65;777;2586
Ex 3 day 07;57;494;0,2232;2,5542;1,9453;2,8300;11,4400;61;784;2586
Ex 3 day 07;57;495;0,2232;1,8371;1,4863;2,8300;8,2300;74;761;2586
Ex 3 day 07;57;496;0,2232;2,5431;1,8854;2,8300;11,3900;81;766;2586
Ex 3 day 07;57;497;0,2232;2,1440;1,5104;2,8300;9,6000;74;755;2586
Ex 3 day 07;57;498;0,2232;2,0728;1,8054;2,8300;9,2900;76;743;2586
Ex 3 day 07;57;499;0,2232;2,5070;1,5670;3,3000;11,2300;56;740;2586
Ex 3 day 07;58;500;0,1458;2,5464;2,2650;2,8300;17,4700;490;789;4032
Ex 3 day 07;58;501;0,1458;2,4556;1,9834;2,8300;16,8500;507;778;4032
Ex 3 day 07;58;502;0,1458;1,9721;1,6711;3,3000;13,5300;494;776;4032
Ex 3 day 07;58;503;0,1458;1,8295;1,4650;2,8300;12,5500;503;789;4032
Ex 3 day 07;59;504;0,2062;3,3713;2,1813;2,8300;16,3500;535;792;2702
Ex 3 day 07;59;505;0,2062;2,6937;1,9610;2,8300;13,0600;543;776;2702
Ex 3 day 07;59;506;0,2062;2,3436;1,8580;2,8300;11,3700;545;814;2702
Ex 3 day 07;59;507;0,2062;2,4287;2,0805;2,8300;11,7800;548;824;2702
Ex 3 day 07;60;508;0,1257;2,8521;2,2315;2,8300;22,6800;963;827;3522
Ex 3 day 07;60;509;0,1257;2,6163;2,2428;2,8300;20,8100;972;788;3522
Ex 3 day 07;60;510;0,1257;2,3168;2,1337;2,8300;18,4300;976;787;3522
Ex 3 day 07;60;511;0,1257;2,0781;1,6976;2,8300;16,5300;954;842;3522
Ex 3 day 07;60;512;0,1257;1,7905;1,5248;2,8300;14,2400;965;815;3522
Ex 3 day 07;61;513;0,1899;3,4980;2,5436;2,8300;18,4200;232;848;2666
Ex 3 day 07;61;514;0,1899;2,9138;2,3436;2,8300;15,3400;239;813;2666
Ex 3 day 07;61;515;0,1899;1,6839;1,2315;3,7700;8,8700;219;826;2666
Ex 3 day 07;61;516;0,1899;1,6569;1,6683;3,7700;8,7200;253;802;2666
Ex 3 day 07;61;517;0,1899;2,2068;1,8406;2,8300;11,6200;258;802;2666
Ex 3 day 07;61;518;0,1899;1,9284;1,3804;2,8300;10,1500;251;826;2666
Ex 3 day 07;61;519;0,1899;2,3495;1,7139;3,3000;12,3700;268;811;2666
Ex 3 day 07;61;520;0,1899;1,9290;1,5591;2,8300;10,1600;256;843;2666
Ex 3 day 07;61;521;0,1899;2,1323;1,9900;2,8300;11,2300;246;843;2666
Ex 3 day 07;61;522;0,1899;1,6201;1,1919;4,7100;8,5300;235;826;2666
Ex 3 day 07;62;523;0,0690;3,2803;2,4638;3,3000;47,5200;1028;889;3588
Ex 3 day 07;62;524;0,0690;2,9938;2,2861;2,8300;43,3700;1009;862;3588
Ex 3 day 07;62;525;0,0690;2,9958;2,5070;2,8300;43,4000;1034;833;3588
Ex 3 day 07;62;526;0,0690;2,5124;1,9591;2,8300;36,3900;1023;823;3588
Ex 3 day 07;62;527;0,0690;2,7500;1,9629;2,8300;39,8300;1028;844;3588
Ex 3 day 07;62;528;0,0690;2,4308;1,6203;3,3000;35,2100;1015;850;3588
Ex 3 day 07;62;529;0,0690;1,5746;1,1084;4,2400;22,8100;1047;881;3588
Ex 3 day 07;62;530;0,0690;2,0477;1,7052;2,8300;29,6600;1039;856;3588
Ex 3 day 07;62;531;0,0690;1,9537;1,3178;2,8300;28,3000;1024;852;3588
Ex 3 day 07;62;532;0,0690;1,6121;1,3255;2,8300;23,3500;1027;860;3588
Ex 3 day 07;62;533;0,0690;2,1710;1,6926;2,8300;31,4500;1032;852;3588
Ex 3 day 07;62;534;0,0690;1,5114;1,0438;2,8300;21,8900;1041;891;3588
Ex 3 day 07;62;535;0,0690;2,3761;1,8958;2,8300;34,4200;1012;834;3588
Ex 3 day 07;62;536;0,0690;2,4248;1,9911;2,8300;35,1200;1023;871;3588
Ex 3 day 07;63;537;0,2649;2,8042;2,3067;2,8300;10,5900;66;877;2963
Ex 3 day 07;63;538;0,2649;2,1734;1,7701;3,7700;8,2000;46;895;2963
Ex 3 day 07;63;539;0,2649;2,3080;1,6230;3,7700;8,7100;70;893;2963
Ex 3 day 07;63;540;0,2649;1,7567;1,4668;2,8300;6,6300;78;875;2963
Ex 3 day 07;64;541;0,0834;3,3168;2,5102;2,8300;39,7900;1087;904;2930
Ex 3 day 07;64;542;0,0834;3,7458;2,4971;2,8300;44,9300;1070;880;2930
Ex 3 day 07;64;543;0,0834;2,7689;2,3395;2,8300;33,2100;1061;866;2930
Ex 3 day 07;64;544;0,0834;2,3929;1,9210;2,8300;28,7000;1067;898;2930
Ex 3 day 07;64;545;0,0834;2,6757;1,8954;2,8300;32,1000;1054;919;2930
Ex 3 day 07;64;546;0,0834;2,2934;1,6955;2,8300;27,5100;1093;898;2930
Ex 3 day 07;64;547;0,0834;2,3461;1,5952;2,8300;28,1400;1050;908;2930
Ex 3 day 07;64;548;0,0834;2,3521;1,8339;2,8300;28,2100;1085;874;2930
Ex 3 day 07;64;549;0,0834;2,9205;2,0890;2,8300;35,0300;1070;864;2930
Ex 3 day 07;64;550;0,0834;2,2553;1,8991;2,8300;27,0500;1074;902;2930
Ex 3 day 07;64;551;0,0834;1,7792;1,5061;2,8300;21,3400;1057;857;2930
Ex 3 day 07;64;552;0,0834;2,3082;1,8194;2,8300;27,6900;1081;909;2930
Ex 3 day 07;64;553;0,0834;1,5810;0,9794;3,3000;18,9600;1051;897;2930
Ex 3 day 07;64;554;0,0834;1,3270;1,5288;3,7700;15,9200;1081;884;2930
Ex 3 day 07;64;555;0,0834;1,8449;1,5240;2,8300;22,1300;1089;883;2930
Ex 3 day 07;64;556;0,0834;2,3081;1,7073;2,8300;27,6900;1055;902;2930
Ex 3 day 07;64;557;0,0834;1,7434;1,2821;2,8300;20,9100;1071;907;2930
Ex 3 day 07;64;558;0,0834;1,4296;1,2158;2,8300;17,1500;1064;913;2930
Ex 3 day 07;64;559;0,0834;1,6235;1,5724;2,8300;19,4700;1064;885;2930
Ex 3 day 07;65;560;0,2044;4,0700;3,3892;2,8300;19,9100;125;882;3245
Ex 3 day 07;65;561;0,2044;1,9121;1,6111;3,7700;9,3600;123;901;3245
Ex 3 day 07;65;562;0,2044;2,5551;2,0604;2,8300;12,5000;119;866;3245
Ex 3 day 07;66;563;0,1790;2,8695;2,2832;2,8300;16,0300;1155;924;3628
Ex 3 day 07;66;564;0,1790;2,4353;2,0037;2,8300;13,6100;1168;933;3628
Ex 3 day 07;66;565;0,1790;2,3850;1,9676;2,8300;13,3300;1175;933;3628
Ex 3 day 07;66;566;0,1790;2,2208;1,8362;3,7700;12,4100;1151;896;3628
Ex 3 day 07;66;567;0,1790;2,0909;1,5644;2,8300;11,6800;1157;910;3628
Ex 3 day 07;66;568;0,1790;1,7838;1,4744;2,8300;9,9700;1161;903;3628
Ex 3 day 07;67;569;0,2152;3,1926;2,2411;3,3000;14,8400;315;925;2994
Ex 3 day 07;67;570;0,2152;2,3877;1,8925;2,8300;11,1000;301;924;2994
Ex 3 day 07;67;571;0,2152;2,3174;1,7011;3,3000;10,7700;287;896;2994
Ex 3 day 07;67;572;0,2152;1,5437;1,3022;5,1900;7,1700;293;909;2994
Ex 3 day 07;67;573;0,2152;2,0605;1,6017;2,8300;9,5800;302;912;2994
Ex 3 day 07;67;574;0,2152;2,0141;1,2406;4,2400;9,3600;311;907;2994
Ex 3 day 07;68;575;0,2580;3,7397;2,6578;3,3000;14,5000;532;919;3525
Ex 3 day 07;68;576;0,2580;2,2020;1,8779;2,8300;8,5400;549;912;3525
Ex 3 day 07;68;577;0,2580;2,5315;1,8952;3,3000;9,8100;522;932;3525
Ex 3 day 07;68;578;0,2580;1,7912;1,4681;3,3000;6,9400;543;935;3525
Ex 3 day 07;68;579;0,2580;2,2578;1,8605;3,3000;8,7500;552;950;3525
Ex 3 day 07;69;580;0,1886;3,7735;3,1983;2,8300;20,0100;285;1026;3366
Ex 3 day 07;69;581;0,1886;3,2049;2,7831;2,8300;17,0000;271;1003;3366
Ex 3 day 07;69;582;0,1886;2,7456;2,4041;2,8300;14,5600;249;1009;3366
Ex 3 day 07;69;583;0,1886;2,4075;1,7509;2,8300;12,7700;256;1014;3366
Ex 3 day 07;69;584;0,1886;2,5663;2,1003;2,8300;13,6100;286;1036;3366
Ex 3 day 07;69;585;0,1886;1,2566;1,1006;4,2400;6,6600;271;1039;3366
Ex 3 day 07;70;586;0,1587;3,5929;2,3129;3,7700;22,6300;1138;1039;2422
Ex 3 day 07;70;587;0,1587;3,5133;2,7702;2,8300;22,1300;1120;1039;2422
Ex 3 day 07;70;588;0,1587;1,6769;1,4034;2,8300;10,5600;1126;1024;2422
Ex 3 day 07;70;589;0,1587;3,0002;2,4935;2,8300;18,9000;1135;1022;2422
Ex 3 day 07;70;590;0,1587;2,0768;1,7721;2,8300;13,0800;1157;1033;2422
Ex 3 day 07;70;591;0,1587;2,5890;2,2796;2,8300;16,3100;1137;1005;2422
Ex 3 day 07;70;592;0,1587;1,9286;1,2708;4,2400;12,1500;1103;1039;2422
Ex 3 day 07;70;593;0,1587;2,2651;1,8631;2,8300;14,2700;1145;1021;2422
Ex 3 day 07;70;594;0,1587;1,7698;1,4033;2,8300;11,1500;1151;1037;2422
Ex 3 day 07;70;595;0,1587;2,3066;1,1271;5,1900;14,5300;1112;1023;2422
Ex 3 day 08;1;1;0,1131;2,3599;1,7797;2,8300;20,8600;403;11;2773
Ex 3 day 08;1;2;0,1131;1,9071;1,7338;4,2400;16,8600;417;0;2773
Ex 3 day 08;1;3;0,1131;3,2374;2,3797;2,8300;28,6200;345;0;2773
Ex 3 day 08;1;4;0,1131;2,6260;1,5739;4,7100;23,2100;378;30;2773
Ex 3 day 08;1;5;0,1131;2,5709;1,9448;2,8300;22,7300;417;16;2773
Ex 3 day 08;1;6;0,1131;1,7688;1,3228;2,8300;15,6400;385;18;2773
Ex 3 day 08;2;7;0,0339;3,1737;2,1434;3,3000;93,4900;595;118;28944
Ex 3 day 08;2;8;0,0339;2,5059;1,6948;3,3000;73,8100;525;71;28944
Ex 3 day 08;2;9;0,0339;2,4025;1,6471;5,1900;70,7700;544;85;28944
Ex 3 day 08;2;10;0,0339;2,7325;2,3564;2,8300;80,4900;526;113;28944
Ex 3 day 08;2;11;0,0339;2,2140;1,5986;2,8300;65,2200;520;13;28944
Ex 3 day 08;2;12;0,0339;2,7783;2,4218;2,8300;81,8400;475;139;28944
Ex 3 day 08;2;13;0,0339;2,6257;2,2330;2,8300;77,3400;530;119;28944
Ex 3 day 08;2;14;0,0339;2,0408;1,7039;2,8300;60,1100;492;35;28944
Ex 3 day 08;2;15;0,0339;2,0817;1,6363;2,8300;61,3200;464;113;28944
Ex 3 day 08;2;16;0,0339;2,6197;2,1487;2,8300;77,1700;483;144;28944
Ex 3 day 08;2;17;0,0339;1,9858;1,4287;2,8300;58,5000;484;88;28944
Ex 3 day 08;2;18;0,0339;1,6545;1,2671;3,7700;48,7400;485;110;28944
Ex 3 day 08;2;19;0,0339;2,2210;1,9334;2,8300;65,4200;545;58;28944
Ex 3 day 08;2;20;0,0339;2,0843;1,6461;3,3000;61,4000;573;90;28944
Ex 3 day 08;2;21;0,0339;2,3045;1,6888;4,2400;67,8800;637;91;28944
Ex 3 day 08;2;22;0,0339;2,0316;1,7416;2,8300;59,8400;487;19;28944
Ex 3 day 08;2;23;0,0339;2,2636;1,9012;2,8300;66,6800;579;102;28944
Ex 3 day 08;2;24;0,0339;1,6334;1,2803;3,7700;48,1200;482;98;28944
Ex 3 day 08;2;25;0,0339;1,6688;1,1375;2,8300;49,1600;497;144;28944
Ex 3 day 08;2;26;0,0339;1,8930;1,2770;4,2400;55,7600;523;95;28944
Ex 3 day 08;2;27;0,0339;1,9296;1,7039;2,8300;56,8400;543;147;28944
Ex 3 day 08;3;28;0,2352;2,4741;1,5029;4,2400;10,5200;230;60;3587
Ex 3 day 08;3;29;0,2352;2,2865;1,5754;5,6600;9,7200;213;47;3587
Ex 3 day 08;4;30;0,1981;1,8700;1,5780;2,8300;9,4400;1081;63;3490
Ex 3 day 08;4;31;0,1981;2,2310;1,0971;5,6600;11,2600;1066;70;3490
Ex 3 day 08;4;32;0,1981;2,9757;2,1437;2,8300;15,0200;1098;46;3490
Ex 3 day 08;5;33;0,1350;3,2268;2,6470;2,8300;23,9100;772;52;3874
Ex 3 day 08;5;34;0,1350;2,8823;2,2177;2,8300;21,3500;748;56;3874
Ex 3 day 08;5;35;0,1350;2,1416;1,8896;2,8300;15,8700;751;65;3874
Ex 3 day 08;5;36;0,1350;2,6303;1,7478;3,3000;19,4900;771;64;3874
Ex 3 day 08;5;37;0,1350;2,0432;1,5835;2,8300;15,1400;743;65;3874
Ex 3 day 08;5;38;0,1350;1,5858;1,1710;3,3000;11,7500;734;92;3874
Ex 3 day 08;5;39;0,1350;1,6894;1,2795;2,8300;12,5200;755;84;3874
Ex 3 day 08;5;40;0,1350;1,3876;1,0609;2,8300;10,2800;761;91;3874
Ex 3 day 08;5;41;0,1350;1,8530;1,3377;2,8300;13,7300;762;61;3874
Ex 3 day 08;5;42;0,1350;1,6705;1,3517;2,8300;12,3800;757;72;3874
Ex 3 day 08;6;43;0,1197;3,8241;3,1932;2,8300;31,9500;1386;77;7319
Ex 3 day 08;6;44;0,1197;3,3116;2,9266;2,8300;27,6700;1349;110;7319
Ex 3 day 08;6;45;0,1197;2,6916;1,9116;3,3000;22,4900;1344;126;7319
Ex 3 day 08;6;46;0,1197;3,0089;2,6009;2,8300;25,1400;1324;90;7319
Ex 3 day 08;6;47;0,1197;3,1366;2,0907;3,3000;26,2100;1355;72;7319
Ex 3 day 08;6;48;0,1197;2,1142;1,7955;2,8300;17,6700;1327;127;7319
Ex 3 day 08;6;49;0,1197;1,4740;1,2817;2,8300;12,3200;1340;83;7319
Ex 3 day 08;6;50;0,1197;2,0570;1,7867;2,8300;17,1900;1345;89;7319
Ex 3 day 08;6;51;0,1197;1,7217;1,5491;2,8300;14,3900;1355;94;7319
Ex 3 day 08;6;52;0,1197;2,3545;1,7722;2,8300;19,6700;1359;128;7319
Ex 3 day 08;6;53;0,1197;2,1348;1,7417;3,7700;17,8400;1323;138;7319
Ex 3 day 08;6;54;0,1197;1,2722;1,0425;2,8300;10,6300;1387;109;7319
Ex 3 day 08;8;55;0,1480;3,2560;2,4319;3,3000;22,0000;1043;112;5890
Ex 3 day 08;8;56;0,1480;2,4495;1,8861;3,7700;16,5500;1043;137;5890
Ex 3 day 08;8;57;0,1480;3,2207;2,2707;3,3000;21,7600;1019;104;5890
Ex 3 day 08;8;58;0,1480;2,8669;2,4807;2,8300;19,3700;1087;103;5890
Ex 3 day 08;8;59;0,1480;2,3924;2,0584;2,8300;16,1700;1035;85;5890
Ex 3 day 08;8;60;0,1480;2,9670;2,3283;2,8300;20,0500;1062;110;5890
Ex 3 day 08;8;61;0,1480;2,8325;1,9816;3,3000;19,1400;1059;99;5890
Ex 3 day 08;8;62;0,1480;2,4069;1,3825;5,1900;16,2600;1017;132;5890
Ex 3 day 08;8;63;0,1480;2,4616;2,1603;2,8300;16,6300;1030;155;5890
Ex 3 day 08;9;64;0,0788;3,6460;3,1725;2,8300;46,2500;685;105;3031
Ex 3 day 08;9;65;0,0788;2,7174;2,2017;2,8300;34,4700;718;120;3031
Ex 3 day 08;9;66;0,0788;2,1789;1,5329;3,3000;27,6400;708;107;3031
Ex 3 day 08;12;67;0,1978;4,3396;3,6956;2,8300;21,9400;887;169;4930
Ex 3 day 08;12;68;0,1978;2,4399;1,6445;4,7100;12,3300;847;151;4930
Ex 3 day 08;12;69;0,1978;1,8521;1,5680;3,7700;9,3600;883;187;4930
Ex 3 day 08;12;70;0,1978;2,0760;1,6028;3,7700;10,4900;871;186;4930
Ex 3 day 08;12;71;0,1978;2,3233;1,7830;3,3000;11,7500;869;158;4930
Ex 3 day 08;13;72;0,1277;3,3024;2,9296;2,8300;25,8600;1387;160;2423
Ex 3 day 08;13;73;0,1277;2,7390;2,2926;2,8300;21,4500;1372;185;2423
Ex 3 day 08;13;74;0,1277;2,0976;1,5713;2,8300;16,4300;1391;175;2423
Ex 3 day 08;13;75;0,1277;2,7115;1,9803;3,3000;21,2300;1377;209;2423
Ex 3 day 08;13;76;0,1277;2,1779;1,5631;4,2400;17,0500;1391;197;2423
Ex 3 day 08;13;77;0,1277;2,2313;1,7742;2,8300;17,4700;1374;164;2423
Ex 3 day 08;14;78;0,1271;3,5662;2,3984;4,2400;28,0700;670;233;4155
Ex 3 day 08;14;79;0,1271;3,9926;3,0974;2,8300;31,4200;625;236;4155
Ex 3 day 08;14;80;0,1271;2,3612;1,5676;3,3000;18,5800;623;225;4155
Ex 3 day 08;14;81;0,1271;2,4123;1,3279;4,2400;18,9900;643;248;4155
Ex 3 day 08;14;82;0,1271;1,9876;1,6158;2,8300;15,6400;644;260;4155
Ex 3 day 08;15;83;0,1661;3,3036;2,0833;4,2400;19,8900;1060;272;5243
Ex 3 day 08;15;84;0,1661;3,3047;2,4798;3,7700;19,8900;1031;290;5243
Ex 3 day 08;15;85;0,1661;3,1797;2,0399;3,3000;19,1400;1040;272;5243
Ex 3 day 08;15;86;0,1661;2,0931;1,4556;4,2400;12,6000;1045;249;5243
Ex 3 day 08;15;87;0,1661;2,4654;2,1532;2,8300;14,8400;1032;241;5243
Ex 3 day 08;15;88;0,1661;1,9341;1,2335;3,3000;11,6400;1050;262;5243
Ex 3 day 08;15;89;0,1661;2,1488;1,7722;2,8300;12,9400;1045;282;5243
Ex 3 day 08;15;90;0,1661;2,0465;1,7865;2,8300;12,3200;1031;259;5243
Ex 3 day 08;16;91;0,1685;2,4495;1,8672;3,3000;14,5400;949;253;4324
Ex 3 day 08;16;92;0,1685;2,5233;1,7476;3,3000;14,9800;963;253;4324
Ex 3 day 08;16;93;0,1685;2,4781;1,9766;3,7700;14,7100;950;279;4324
Ex 3 day 08;17;94;0,1604;4,6430;3,9206;2,8300;28,9500;322;293;5342
Ex 3 day 08;17;95;0,1604;2,6256;1,8517;3,3000;16,3700;316;275;5342
Ex 3 day 08;17;96;0,1604;2,1179;1,1461;6,1300;13,2100;373;295;5342
Ex 3 day 08;17;97;0,1604;2,0427;1,8273;2,8300;12,7400;348;303;5342
Ex 3 day 08;18;98;0,1801;2,3717;1,9411;2,8300;13,1700;543;310;3811
Ex 3 day 08;18;99;0,1801;3,1057;2,4183;2,8300;17,2400;529;268;3811
Ex 3 day 08;18;100;0,1801;2,1117;1,4221;3,3000;11,7200;530;313;3811
Ex 3 day 08;18;101;0,1801;1,7049;1,5269;3,7700;9,4700;513;312;3811
Ex 3 day 08;18;102;0,1801;2,1670;1,7972;2,8300;12,0300;553;312;3811
Ex 3 day 08;18;103;0,1801;2,0147;1,5180;4,7100;11,1900;547;298;3811
Ex 3 day 08;18;104;0,1801;2,3973;2,0064;2,8300;13,3100;512;278;3811
Ex 3 day 08;18;105;0,1801;1,5384;1,0830;2,8300;8,5400;540;277;3811
Ex 3 day 08;18;106;0,1801;2,0147;1,5771;4,2400;11,1900;530;289;3811
Ex 3 day 08;18;107;0,1801;1,6239;1,0670;2,8300;9,0200;527;305;3811
Ex 3 day 08;18;108;0,1801;1,5131;1,2157;2,8300;8,4000;538;268;3811
Ex 3 day 08;19;109;0,2159;3,4613;2,8447;2,8300;16,0300;446;305;3472
Ex 3 day 08;19;110;0,2159;2,9973;2,0977;3,3000;13,8800;440;321;3472
Ex 3 day 08;19;111;0,2159;2,4559;2,1367;2,8300;11,3700;459;316;3472
Ex 3 day 08;19;112;0,2159;2,4697;2,1161;2,8300;11,4400;468;320;3472
Ex 3 day 08;20;113;0,1837;3,5081;3,1131;2,8300;19,1000;1208;316;4153
Ex 3 day 08;20;114;0,1837;2,8261;2,5159;2,8300;15,3900;1187;357;4153
Ex 3 day 08;20;115;0,1837;2,5693;2,1804;2,8300;13,9900;1197;345;4153
Ex 3 day 08;20;116;0,1837;2,5550;2,1831;2,8300;13,9100;1218;335;4153
Ex 3 day 08;20;117;0,1837;1,9029;1,5073;2,8300;10,3600;1193;325;4153
Ex 3 day 08;20;118;0,1837;2,5502;2,2146;2,8300;13,8800;1181;381;4153
Ex 3 day 08;20;119;0,1837;2,1641;1,6508;2,8300;11,7800;1176;332;4153
Ex 3 day 08;20;120;0,1837;2,0520;1,4497;3,7700;11,1700;1163;375;4153
Ex 3 day 08;20;121;0,1837;1,9138;1,3983;2,8300;10,4200;1187;319;4153
Ex 3 day 08;20;122;0,1837;2,5379;1,4978;3,7700;13,8200;1155;360;4153
Ex 3 day 08;20;123;0,1837;1,8104;1,4676;2,8300;9,8600;1201;329;4153
Ex 3 day 08;21;124;0,2022;3,1804;2,5797;2,8300;15,7300;756;382;5504
Ex 3 day 08;21;125;0,2022;2,3313;1,8043;3,7700;11,5300;743;327;5504
Ex 3 day 08;21;126;0,2022;2,3559;1,9202;2,8300;11,6500;755;360;5504
Ex 3 day 08;21;127;0,2022;2,3974;1,4464;4,2400;11,8500;709;382;5504
Ex 3 day 08;21;128;0,2022;2,5461;1,9425;2,8300;12,5900;756;368;5504
Ex 3 day 08;21;129;0,2022;1,9957;1,7470;2,8300;9,8700;747;373;5504
Ex 3 day 08;22;130;0,3044;2,5190;2,2833;2,8300;8,2700;1297;386;2073
Ex 3 day 08;23;131;0,2077;3,3018;1,9817;3,3000;15,9000;964;456;5739
Ex 3 day 08;23;132;0,2077;2,0457;1,6625;2,8300;9,8500;963;435;5739
Ex 3 day 08;23;133;0,2077;2,5066;2,2087;2,8300;12,0700;977;465;5739
Ex 3 day 08;23;134;0,2077;2,0055;1,5922;4,2400;9,6500;974;441;5739
Ex 3 day 08;23;135;0,2077;1,9074;1,6906;4,7100;9,1800;946;420;5739
Ex 3 day 08;23;136;0,2077;1,8358;1,3002;5,1900;8,8400;965;422;5739
Ex 3 day 08;23;137;0,2077;2,4761;2,0356;2,8300;11,9200;966;406;5739
Ex 3 day 08;24;138;0,2093;3,6527;2,7030;3,7700;17,4500;287;462;4630
Ex 3 day 08;24;139;0,2093;2,8355;2,0684;3,3000;13,5500;256;448;4630
Ex 3 day 08;24;140;0,2093;2,1777;1,5396;3,3000;10,4000;269;454;4630
Ex 3 day 08;24;141;0,2093;2,4848;1,7627;3,3000;11,8700;263;430;4630
Ex 3 day 08;24;142;0,2093;2,3890;1,6282;3,7700;11,4100;283;440;4630
Ex 3 day 08;25;143;0,1216;5,0143;3,3762;3,3000;41,2400;767;470;6727
Ex 3 day 08;25;144;0,1216;3,9948;3,4670;2,8300;32,8600;765;506;6727
Ex 3 day 08;25;145;0,1216;4,0183;2,7088;3,3000;33,0500;804;481;6727
Ex 3 day 08;25;146;0,1216;1,9857;1,6528;4,2400;16,3300;783;452;6727
Ex 3 day 08;25;147;0,1216;2,9888;1,8402;4,2400;24,5800;748;474;6727
Ex 3 day 08;25;148;0,1216;2,1390;1,4442;5,1900;17,5900;801;456;6727
Ex 3 day 08;25;149;0,1216;2,0216;1,3816;3,3000;16,6300;789;468;6727
Ex 3 day 08;25;150;0,1216;2,1323;1,8109;2,8300;17,5400;774;452;6727
Ex 3 day 08;26;151;0,1227;4,1618;2,8191;3,3000;33,9100;1201;533;7356
Ex 3 day 08;26;152;0,1227;3,7833;2,6889;3,3000;30,8300;1185;527;7356
Ex 3 day 08;26;153;0,1227;3,3903;2,8726;2,8300;27,6300;1186;539;7356
Ex 3 day 08;26;154;0,1227;3,5167;3,0155;2,8300;28,6600;1189;552;7356
Ex 3 day 08;26;155;0,1227;2,8265;2,3951;2,8300;23,0300;1216;540;7356
Ex 3 day 08;26;156;0,1227;3,1495;2,6842;2,8300;25,6600;1158;504;7356
Ex 3 day 08;26;157;0,1227;2,3448;1,8144;2,8300;19,1100;1215;518;7356
Ex 3 day 08;26;158;0,1227;2,5669;1,7575;3,3000;20,9200;1219;554;7356
Ex 3 day 08;26;159;0,1227;2,4057;1,9570;2,8300;19,6000;1171;512;7356
Ex 3 day 08;26;160;0,1227;2,4371;1,8486;3,7700;19,8600;1228;539;7356
Ex 3 day 08;26;161;0,1227;2,0704;1,6217;2,8300;16,8700;1206;555;7356
Ex 3 day 08;27;162;0,2061;3,4932;2,9596;2,8300;16,9500;652;514;4756
Ex 3 day 08;27;163;0,2061;3,1451;2,2041;3,3000;15,2600;634;487;4756
Ex 3 day 08;27;164;0,2061;2,4509;1,8537;3,3000;11,8900;642;501;4756
Ex 3 day 08;27;165;0,2061;2,6427;2,2250;2,8300;12,8200;664;539;4756
Ex 3 day 08;27;166;0,2061;1,1800;1,4355;4,7100;5,7300;669;513;4756
Ex 3 day 08;27;167;0,2061;2,1413;1,4363;2,8300;10,3900;648;494;4756
Ex 3 day 08;27;168;0,2061;2,0622;1,6396;2,8300;10,0100;621;530;4756
Ex 3 day 08;28;169;0,1267;3,7589;2,4278;4,2400;29,6800;510;525;4704
Ex 3 day 08;28;170;0,1267;2,7809;2,1297;3,3000;21,9600;499;547;4704
Ex 3 day 08;28;171;0,1267;2,0654;1,6980;3,7700;16,3100;489;531;4704
Ex 3 day 08;28;172;0,1267;2,8138;2,1387;2,8300;22,2200;472;534;4704
Ex 3 day 08;28;173;0,1267;2,1617;1,6978;2,8300;17,0700;486;542;4704
Ex 3 day 08;28;174;0,1267;1,8217;1,4635;2,8300;14,3800;483;522;4704
Ex 3 day 08;29;175;0,2301;4,0806;2,8637;3,3000;17,7400;1271;569;2378
Ex 3 day 08;29;176;0,2301;1,8419;1,7228;4,7100;8,0100;1281;546;2378
Ex 3 day 08;30;177;0,1614;2,9931;2,6151;2,8300;18,5400;922;553;5407
Ex 3 day 08;30;178;0,1614;2,9078;2,4730;2,8300;18,0100;897;580;5407
Ex 3 day 08;30;179;0,1614;2,6299;2,1928;2,8300;16,2900;934;554;5407
Ex 3 day 08;30;180;0,1614;2,2743;1,3011;4,2400;14,0900;930;569;5407
Ex 3 day 08;30;181;0,1614;1,6677;1,2502;4,2400;10,3300;916;569;5407
Ex 3 day 08;30;182;0,1614;1,6931;1,3481;5,1900;10,4900;921;585;5407
Ex 3 day 08;31;183;0,2676;3,1041;2,3992;2,8300;11,6000;1066;608;2562
Ex 3 day 08;31;184;0,2676;2,2724;1,9170;2,8300;8,4900;1078;625;2562
Ex 3 day 08;31;185;0,2676;2,2523;1,7210;2,8300;8,4200;1085;620;2562
Ex 3 day 08;32;186;0,2227;1,9205;1,5767;2,8300;8,6200;592;641;2459
Ex 3 day 08;33;187;0,1725;3,4241;2,5123;3,7700;19,8500;656;711;4772
Ex 3 day 08;33;188;0,1725;1,7557;1,4985;2,8300;10,1800;670;677;4772
Ex 3 day 08;33;189;0,1725;0,6250;1,4624;5,1900;3,6200;646;674;4772
Ex 3 day 08;33;190;0,1725;2,0081;1,6730;2,8300;11,6400;658;681;4772
Ex 3 day 08;33;191;0,1725;2,4519;1,9038;3,7700;14,2200;629;698;4772
Ex 3 day 08;33;192;0,1725;2,3176;1,3355;3,3000;13,4400;660;662;4772
Ex 3 day 08;33;193;0,1725;1,7600;1,3986;4,7100;10,2100;671;659;4772
Ex 3 day 08;33;194;0,1725;2,0129;1,7355;2,8300;11,6700;670;665;4772
Ex 3 day 08;33;195;0,1725;1,6832;1,3898;5,6600;9,7600;646;646;4772
Ex 3 day 08;34;196;0,2161;3,3038;2,7355;2,8300;15,2900;395;685;3603
Ex 3 day 08;34;197;0,2161;3,1149;2,2643;3,3000;14,4100;416;678;3603
Ex 3 day 08;34;198;0,2161;2,3953;1,6874;2,8300;11,0800;400;689;3603
Ex 3 day 08;34;199;0,2161;1,3980;1,3548;4,7100;6,4700;391;699;3603
Ex 3 day 08;34;200;0,2161;2,0994;1,5856;2,8300;9,7200;403;675;3603
Ex 3 day 08;35;201;0,2056;3,3678;2,5353;2,8300;16,3800;1278;696;3597
Ex 3 day 08;35;202;0,2056;2,5127;1,4114;4,2400;12,2200;1281;679;3597
Ex 3 day 08;35;203;0,2056;2,3232;1,9954;2,8300;11,3000;1312;681;3597
Ex 3 day 08;35;204;0,2056;2,5102;2,0514;2,8300;12,2100;1271;662;3597
Ex 3 day 08;35;205;0,2056;1,8062;1,4959;2,8300;8,7800;1307;690;3597
Ex 3 day 08;36;206;0,1474;2,5159;1,7446;4,2400;17,0700;1126;672;4088
Ex 3 day 08;36;207;0,1474;2,8931;2,4589;2,8300;19,6300;1157;679;4088
Ex 3 day 08;36;208;0,1474;2,0783;1,7292;2,8300;14,1000;1174;694;4088
Ex 3 day 08;36;209;0,1474;2,6575;2,2337;2,8300;18,0300;1176;677;4088
Ex 3 day 08;36;210;0,1474;2,4412;2,0259;2,8300;16,5600;1151;719;4088
Ex 3 day 08;36;211;0,1474;1,0093;1,1962;3,7700;6,8500;1144;680;4088
Ex 3 day 08;36;212;0,1474;1,7045;1,5013;2,8300;11,5600;1143;670;4088
Ex 3 day 08;36;213;0,1474;1,6024;1,3687;4,7100;10,8700;1155;697;4088
Ex 3 day 08;36;214;0,1474;2,5963;2,1276;2,8300;17,6100;1165;712;4088
Ex 3 day 08;36;215;0,1474;1,4520;0,9864;3,3000;9,8500;1139;699;4088
Ex 3 day 08;36;216;0,1474;1,9381;1,5257;3,7700;13,1500;1160;672;4088
Ex 3 day 08;37;217;0,1515;3,0487;1,9738;4,2400;20,1200;503;700;2806
Ex 3 day 08;37;218;0,1515;2,6176;2,2349;2,8300;17,2800;542;695;2806
Ex 3 day 08;37;219;0,1515;2,5542;2,2236;2,8300;16,8600;539;705;2806
Ex 3 day 08;37;220;0,1515;2,7149;2,1537;2,8300;17,9200;519;694;2806
Ex 3 day 08;37;221;0,1515;2,2879;1,7446;2,8300;15,1000;515;680;2806
Ex 3 day 08;37;222;0,1515;2,3751;1,9323;2,8300;15,6800;526;701;2806
Ex 3 day 08;38;223;0,2126;2,8714;2,1502;3,3000;13,5100;879;695;5183
Ex 3 day 08;38;224;0,2126;2,7394;2,3672;2,8300;12,8900;890;705;5183
Ex 3 day 08;38;225;0,2126;2,5828;1,9078;3,3000;12,1500;871;717;5183
Ex 3 day 08;38;226;0,2126;2,1020;1,6660;3,7700;9,8900;884;721;5183
Ex 3 day 08;38;227;0,2126;2,1746;1,5890;3,3000;10,2300;915;737;5183
Ex 3 day 08;38;228;0,2126;2,3113;1,7084;3,3000;10,8700;896;718;5183
Ex 3 day 08;38;229;0,2126;2,0039;1,6876;2,8300;9,4300;871;725;5183
Ex 3 day 08;38;230;0,2126;2,5564;1,8816;3,7700;12,0200;882;749;5183
Ex 3 day 08;39;231;0,2207;3,1029;2,6873;2,8300;14,0600;1019;727;4432
Ex 3 day 08;39;232;0,2207;2,2051;1,7723;3,3000;9,9900;1028;717;4432
Ex 3 day 08;39;233;0,2207;2,7699;2,3560;2,8300;12,5500;1025;758;4432
Ex 3 day 08;39;234;0,2207;1,9752;1,5811;2,8300;8,9500;1013;744;4432
Ex 3 day 08;39;235;0,2207;2,3278;1,9591;2,8300;10,5500;1055;715;4432
Ex 3 day 08;39;236;0,2207;1,5931;1,3154;2,8300;7,2200;1043;709;4432
Ex 3 day 08;40;237;0,2127;2,4721;1,9660;3,7700;11,6200;1175;763;3947
Ex 3 day 08;40;238;0,2127;1,9956;1,7099;3,7700;9,3800;1200;773;3947
Ex 3 day 08;41;239;0,1882;3,2313;2,6629;2,8300;17,1700;580;774;4522
Ex 3 day 08;41;240;0,1882;3,3381;2,8715;2,8300;17,7400;605;796;4522
Ex 3 day 08;41;241;0,1882;2,3648;1,5209;5,1900;12,5700;618;824;4522
Ex 3 day 08;41;242;0,1882;2,2120;1,7337;4,7100;11,7600;581;801;4522
Ex 3 day 08;41;243;0,1882;1,8222;1,3738;3,7700;9,6800;595;783;4522
Ex 3 day 08;41;244;0,1882;2,3486;2,0114;2,8300;12,4800;629;804;4522
Ex 3 day 08;42;245;0,1945;2,4723;1,7832;4,2400;12,7100;418;840;3320
Ex 3 day 08;42;246;0,1945;2,9440;2,4925;2,8300;15,1400;401;816;3320
Ex 3 day 08;42;247;0,1945;2,3944;2,0171;2,8300;12,3100;385;803;3320
Ex 3 day 08;42;248;0,1945;1,8297;1,5074;2,8300;9,4100;404;834;3320
Ex 3 day 08;42;249;0,1945;1,9382;1,5341;4,2400;9,9600;405;801;3320
Ex 3 day 08;42;250;0,1945;1,8480;1,4652;3,3000;9,5000;396;778;3320
Ex 3 day 08;42;251;0,1945;2,3341;1,6012;3,7700;12,0000;417;824;3320
Ex 3 day 08;43;252;0,2433;3,1110;2,0668;3,7700;12,7800;1251;829;2931
Ex 3 day 08;43;253;0,2433;2,5474;2,0825;2,8300;10,4700;1239;834;2931
Ex 3 day 08;43;254;0,2433;2,6135;2,2617;2,8300;10,7400;1244;813;2931
Ex 3 day 08;43;255;0,2433;1,9461;1,5675;4,7100;8,0000;1254;851;2931
Ex 3 day 08;43;256;0,2433;2,6110;2,1804;2,8300;10,7300;1243;804;2931
Ex 3 day 08;44;257;0,2325;3,0172;2,6326;2,8300;12,9800;1041;841;4082
Ex 3 day 08;44;258;0,2325;3,0932;2,5478;2,8300;13,3000;1039;828;4082
Ex 3 day 08;44;259;0,2325;2,2500;1,8069;2,8300;9,6800;1039;852;4082
Ex 3 day 08;44;260;0,2325;2,0649;1,3858;5,6600;8,8800;1026;808;4082
Ex 3 day 08;44;261;0,2325;2,1170;1,0127;7,0700;9,1100;1011;827;4082
Ex 3 day 08;45;262;0,1249;2,7124;1,9970;3,3000;21,7100;1125;935;5712
Ex 3 day 08;45;263;0,1249;2,4446;1,9199;2,8300;19,5700;1109;965;5712
Ex 3 day 08;45;264;0,1249;2,5240;2,1416;2,8300;20,2000;1110;956;5712
Ex 3 day 08;45;265;0,1249;2,4941;2,0112;2,8300;19,9600;1147;956;5712
Ex 3 day 08;45;266;0,1249;2,6959;2,1567;2,8300;21,5800;1111;950;5712
Ex 3 day 08;45;267;0,1249;2,1694;1,7553;2,8300;17,3600;1132;965;5712
Ex 3 day 08;45;268;0,1249;2,0232;1,7928;2,8300;16,1900;1095;951;5712
Ex 3 day 08;45;269;0,1249;2,1780;1,7841;2,8300;17,4300;1133;954;5712
Ex 3 day 08;45;270;0,1249;2,4210;1,9199;2,8300;19,3800;1130;950;5712
Ex 3 day 08;46;271;0,1927;2,6625;1,7035;3,3000;13,8200;1301;958;3815
Ex 3 day 08;46;272;0,1927;2,2560;1,9490;3,7700;11,7100;1255;946;3815
Ex 3 day 08;46;273;0,1927;1,7486;1,6550;3,7700;9,0800;1285;955;3815
Ex 3 day 08;46;274;0,1927;2,2313;1,7667;2,8300;11,5800;1259;952;3815
Ex 3 day 08;46;275;0,1927;2,3173;2,0469;2,8300;12,0300;1276;954;3815
Ex 3 day 08;46;276;0,1927;1,8133;1,5465;2,8300;9,4100;1298;971;3815
Ex 3 day 08;46;277;0,1927;1,7115;1,3442;2,8300;8,8800;1274;919;3815
Ex 3 day 08;46;278;0,1927;2,2509;1,7391;2,8300;11,6800;1259;960;3815
Ex 3 day 08;46;279;0,1927;2,2248;1,5347;2,8300;11,5500;1270;962;3815
Ex 3 day 08;46;280;0,1927;2,3139;1,8852;2,8300;12,0100;1264;929;3815
Ex 3 day 08;46;281;0,1927;2,0912;1,7655;2,8300;10,8500;1271;931;3815
Ex 3 day 08;47;282;0,2100;3,2336;2,6902;2,8300;15,4000;803;939;4437
Ex 3 day 08;47;283;0,2100;2,2591;1,8360;3,3000;10,7600;835;962;4437
Ex 3 day 08;47;284;0,2100;2,1854;1,5650;5,1900;10,4100;803;971;4437
Ex 3 day 08;47;285;0,2100;2,4438;1,8270;3,3000;11,6400;785;953;4437
Ex 3 day 08;47;286;0,2100;2,2397;1,8105;2,8300;10,6700;820;968;4437
Ex 3 day 08;48;287;0,1078;4,6822;3,5728;2,8300;43,4300;633;1039;7293
Ex 3 day 08;48;288;0,1078;4,9352;3,4800;2,8300;45,7800;657;1008;7293
Ex 3 day 08;48;289;0,1078;3,2182;2,5904;2,8300;29,8500;617;969;7293
Ex 3 day 08;48;290;0,1078;3,5613;2,7230;2,8300;33,0300;615;1039;7293
Ex 3 day 08;48;291;0,1078;3,2472;2,4148;2,8300;30,1200;654;991;7293
Ex 3 day 08;48;292;0,1078;2,9878;2,5683;2,8300;27,7100;623;989;7293
Ex 3 day 08;48;293;0,1078;2,2103;1,6773;2,8300;20,5000;654;1033;7293
Ex 3 day 08;48;294;0,1078;2,5919;1,9785;2,8300;24,0400;605;971;7293
Ex 3 day 08;48;295;0,1078;1,9874;1,7158;2,8300;18,4300;635;1002;7293
Ex 3 day 08;48;296;0,1078;1,9756;1,3167;2,8300;18,3200;612;988;7293
Ex 3 day 08;48;297;0,1078;2,3172;1,7698;2,8300;21,4900;643;999;7293
Ex 3 day 08;48;298;0,1078;1,5037;1,3308;5,1900;13,9500;624;1013;7293
Ex 3 day 08;48;299;0,1078;1,1595;1,1371;3,3000;10,7500;603;983;7293
Ex 3 day 08;48;300;0,1078;2,8967;2,1582;2,8300;26,8700;604;1000;7293
Ex 3 day 08;48;301;0,1078;2,0537;1,6926;2,8300;19,0500;628;965;7293
Ex 3 day 08;48;302;0,1078;1,7085;1,3275;2,8300;15,8500;583;975;7293
Ex 3 day 08;48;303;0,1078;2,6931;1,8263;2,8300;24,9800;627;1039;7293
Ex 3 day 08;48;304;0,1078;0,9005;0,7215;3,3000;8,3500;638;1027;7293
Ex 3 day 08;48;305;0,1078;2,1176;1,5555;2,8300;19,6400;576;992;7293
Ex 3 day 08;48;306;0,1078;2,1013;1,7186;2,8300;19,4900;654;964;7293
Ex 3 day 08;48;307;0,1078;1,9437;1,7030;2,8300;18,0300;593;1003;7293
Ex 3 day 08;49;308;0,1173;3,7008;2,8749;3,7700;31,5500;1015;1015;3330
Ex 3 day 08;49;309;0,1173;2,1292;1,4873;2,8300;18,1500;977;1039;3330
Ex 3 day 08;49;310;0,1173;1,6254;1,1282;2,8300;13,8600;1017;1039;3330
Ex 3 day 08;49;311;0,1173;2,2481;1,5957;2,8300;19,1600;988;1039;3330
Ex 3 day 08;49;312;0,1173;1,8588;1,4895;2,8300;15,8400;992;1034;3330
Ex 3 day 08;49;313;0,1173;2,0946;1,8891;3,3000;17,8500;988;1008;3330
Ex 3 day 08;49;314;0,1173;1,5990;1,3131;2,8300;13,6300;999;1022;3330
Ex 3 day 09;1;1;0,1783;3,9213;2,8477;3,3000;21,9900;401;29;3940
Ex 3 day 09;1;2;0,1783;2,9972;2,1612;3,3000;16,8100;386;14;3940
Ex 3 day 09;1;3;0,1783;2,7346;2,2590;2,8300;15,3400;440;12;3940
Ex 3 day 09;1;4;0,1783;2,0910;1,4423;3,3000;11,7300;403;11;3940
Ex 3 day 09;1;5;0,1783;2,1541;1,6611;3,7700;12,0800;406;46;3940
Ex 3 day 09;1;6;0,1783;1,8293;1,4278;2,8300;10,2600;436;23;3940
Ex 3 day 09;1;7;0,1783;2,2496;1,7719;2,8300;12,6200;433;38;3940
Ex 3 day 09;1;8;0,1783;1,2378;1,3523;4,7100;6,9400;422;29;3940
Ex 3 day 09;2;9;0,1816;3,4118;2,6705;2,8300;18,7900;1097;46;3526
Ex 3 day 09;2;10;0,1816;2,5396;2,3280;2,8300;13,9900;1074;78;3526
Ex 3 day 09;2;11;0,1816;3,1139;2,5373;2,8300;17,1500;1067;53;3526
Ex 3 day 09;2;12;0,1816;2,7699;2,2497;2,8300;15,2600;1102;67;3526
Ex 3 day 09;2;13;0,1816;2,9370;2,1397;2,8300;16,1800;1083;70;3526
Ex 3 day 09;2;14;0,1816;2,3825;1,9332;2,8300;13,1200;1079;55;3526
Ex 3 day 09;2;15;0,1816;2,3488;1,8308;2,8300;12,9400;1064;92;3526
Ex 3 day 09;2;16;0,1816;0,9583;1,5195;4,2400;5,2800;1091;84;3526
Ex 3 day 09;2;17;0,1816;2,2798;1,8515;2,8300;12,5600;1057;65;3526
Ex 3 day 09;2;18;0,1816;1,6732;1,3995;2,8300;9,2200;1092;67;3526
Ex 3 day 09;3;19;0,1543;3,4399;3,0156;2,8300;22,2900;761;107;4367
Ex 3 day 09;3;20;0,1543;3,6302;3,1055;2,8300;23,5300;777;134;4367
Ex 3 day 09;3;21;0,1543;2,8624;2,4745;2,8300;18,5500;771;119;4367
Ex 3 day 09;3;22;0,1543;2,5229;1,6886;4,7100;16,3500;778;152;4367
Ex 3 day 09;3;23;0,1543;2,3285;2,0878;2,8300;15,0900;807;130;4367
Ex 3 day 09;4;24;0,1842;3,1011;2,4359;3,7700;16,8400;360;196;4552
Ex 3 day 09;4;25;0,1842;2,6821;1,6290;4,2400;14,5600;347;215;4552
Ex 3 day 09;4;26;0,1842;2,2863;1,5356;5,1900;12,4100;363;222;4552
Ex 3 day 09;4;27;0,1842;1,7702;1,4584;4,7100;9,6100;342;192;4552
Ex 3 day 09;4;28;0,1842;1,8520;1,7603;4,7100;10,0500;363;175;4552
Ex 3 day 09;4;29;0,1842;1,9164;1,6780;2,8300;10,4000;327;187;4552
Ex 3 day 09;4;30;0,1842;2,1149;1,5104;2,8300;11,4800;328;196;4552
Ex 3 day 09;5;31;0,1863;2,3783;1,9294;2,8300;12,7700;1047;198;3285
Ex 3 day 09;5;32;0,1863;2,4732;2,0471;2,8300;13,2800;1060;210;3285
Ex 3 day 09;5;33;0,1863;1,7908;1,5380;2,8300;9,6100;1047;229;3285
Ex 3 day 09;5;34;0,1863;1,7448;1,3662;3,3000;9,3700;1056;238;3285
Ex 3 day 09;5;35;0,1863;2,0962;1,7195;2,8300;11,2500;1059;201;3285
Ex 3 day 09;5;36;0,1863;1,9721;1,4729;2,8300;10,5900;1058;223;3285
Ex 3 day 09;5;37;0,1863;2,2872;1,8954;2,8300;12,2800;1046;215;3285
Ex 3 day 09;5;38;0,1863;2,3659;1,6449;3,3000;12,7000;1028;221;3285
Ex 3 day 09;6;39;0,0184;3,3202;2,5151;2,8300;180,5300;603;256;8496
Ex 3 day 09;6;40;0,0184;2,4313;2,0150;2,8300;132,2000;633;250;8496
Ex 3 day 09;6;41;0,0184;1,4728;1,1245;2,8300;80,0800;579;257;8496
Ex 3 day 09;6;42;0,0184;1,8252;1,4104;2,8300;99,2400;564;265;8496
Ex 3 day 09;6;43;0,0184;2,3455;1,7127;2,8300;127,5300;591;255;8496
Ex 3 day 09;6;44;0,0184;2,6060;1,8207;2,8300;141,6900;597;262;8496
Ex 3 day 09;6;45;0,0184;2,4453;1,8456;2,8300;132,9600;553;256;8496
Ex 3 day 09;6;46;0,0184;1,5453;1,1721;2,8300;84,0200;583;251;8496
Ex 3 day 09;6;47;0,0184;1,3525;1,0738;2,8300;73,5400;611;259;8496
Ex 3 day 09;6;48;0,0184;1,7594;1,1196;2,8300;95,6600;622;251;8496
Ex 3 day 09;7;49;0,1125;2,8751;2,5749;2,8300;25,5500;664;284;4711
Ex 3 day 09;7;50;0,1125;3,1019;2,2777;3,3000;27,5600;621;269;4711
Ex 3 day 09;7;51;0,1125;2,7382;2,4057;2,8300;24,3300;636;305;4711
Ex 3 day 09;7;52;0,1125;2,5456;1,9227;4,7100;22,6200;658;307;4711
Ex 3 day 09;7;53;0,1125;2,7862;2,0616;2,8300;24,7600;635;291;4711
Ex 3 day 09;7;54;0,1125;2,1542;1,8397;2,8300;19,1400;643;295;4711
Ex 3 day 09;7;55;0,1125;2,2173;1,7840;3,3000;19,7000;604;282;4711
Ex 3 day 09;7;56;0,1125;3,0771;2,2664;2,8300;27,3400;604;290;4711
Ex 3 day 09;7;57;0,1125;2,1371;1,7988;2,8300;18,9900;618;286;4711
Ex 3 day 09;7;58;0,1125;1,7304;1,5187;2,8300;15,3800;651;292;4711
Ex 3 day 09;7;59;0,1125;2,0012;1,5939;2,8300;17,7800;650;269;4711
Ex 3 day 09;7;60;0,1125;1,8687;1,5056;2,8300;16,6100;635;274;4711
Ex 3 day 09;7;61;0,1125;2,2913;1,7966;2,8300;20,3600;625;297;4711
Ex 3 day 09;7;62;0,1125;1,2905;1,3094;4,2400;11,4700;650;276;4711
Ex 3 day 09;7;63;0,1125;2,0278;1,7331;2,8300;18,0200;673;284;4711
Ex 3 day 09;7;64;0,1125;1,2573;1,2438;3,3000;11,1700;647;260;4711
Ex 3 day 09;8;65;0,1326;3,9163;2,8205;2,8300;29,5300;777;320;4693
Ex 3 day 09;8;66;0,1326;2,5182;2,3431;2,8300;18,9900;790;330;4693
Ex 3 day 09;8;67;0,1326;3,0671;2,6081;2,8300;23,1200;782;297;4693
Ex 3 day 09;8;68;0,1326;1,5913;1,4683;4,2400;12,0000;770;288;4693
Ex 3 day 09;8;69;0,1326;2,1917;1,5704;2,8300;16,5200;759;333;4693
Ex 3 day 09;8;70;0,1326;2,2861;1,6406;3,3000;17,2400;771;307;4693
Ex 3 day 09;8;71;0,1326;2,2887;1,8436;2,8300;17,2600;794;286;4693
Ex 3 day 09;8;72;0,1326;2,2136;1,7163;2,8300;16,6900;806;294;4693
Ex 3 day 09;8;73;0,1326;1,6677;1,1934;2,8300;12,5700;765;339;4693
Ex 3 day 09;8;74;0,1326;2,3942;1,9027;2,8300;18,0500;777;277;4693
Ex 3 day 09;8;75;0,1326;2,1575;1,7769;2,8300;16,2700;793;318;4693
Ex 3 day 09;8;76;0,1326;1,7811;1,2062;3,3000;13,4300;762;304;4693
Ex 3 day 09;8;77;0,1326;1,4640;1,3590;3,7700;11,0400;799;312;4693
Ex 3 day 09;8;78;0,1326;1,6099;1,2786;2,8300;12,1400;793;300;4693
Ex 3 day 09;8;79;0,1326;1,6867;1,3257;2,8300;12,7200;773;301;4693
Ex 3 day 09;9;80;0,1062;3,9236;3,0062;2,8300;36,9300;468;330;3933
Ex 3 day 09;9;81;0,1062;3,5985;2,3145;4,2400;33,8700;523;345;3933
Ex 3 day 09;9;82;0,1062;2,9147;2,4059;2,8300;27,4300;497;329;3933
Ex 3 day 09;9;83;0,1062;2,2191;1,6859;2,8300;20,8900;482;338;3933
Ex 3 day 09;9;84;0,1062;2,4019;1,9284;2,8300;22,6100;480;324;3933
Ex 3 day 09;9;85;0,1062;2,1225;1,5567;2,8300;19,9800;500;337;3933
Ex 3 day 09;9;86;0,1062;1,5330;1,1641;2,8300;14,4300;490;345;3933
Ex 3 day 09;9;87;0,1062;2,0151;1,7150;2,8300;18,9700;494;361;3933
Ex 3 day 09;9;88;0,1062;2,1385;1,5260;2,8300;20,1300;509;362;3933
Ex 3 day 09;9;89;0,1062;1,6631;1,4141;4,7100;15,6500;499;325;3933
Ex 3 day 09;10;90;0,0995;3,4683;2,5879;3,7700;34,8700;443;370;6343
Ex 3 day 09;10;91;0,0995;3,3833;2,5035;3,3000;34,0100;407;371;6343
Ex 3 day 09;10;92;0,0995;2,7467;2,3520;2,8300;27,6100;408;350;6343
Ex 3 day 09;10;93;0,0995;3,0112;1,7948;4,7100;30,2700;422;400;6343
Ex 3 day 09;10;94;0,0995;2,5696;2,0781;2,8300;25,8300;427;372;6343
Ex 3 day 09;10;95;0,0995;2,5563;2,1795;2,8300;25,7000;389;389;6343
Ex 3 day 09;10;96;0,0995;2,5280;2,1080;2,8300;25,4200;387;360;6343
Ex 3 day 09;10;97;0,0995;2,1120;1,7518;2,8300;21,2300;391;376;6343
Ex 3 day 09;10;98;0,0995;2,0471;1,6894;3,7700;20,5800;443;405;6343
Ex 3 day 09;10;99;0,0995;1,9795;1,6013;2,8300;19,9000;410;399;6343
Ex 3 day 09;10;100;0,0995;2,2464;1,5456;3,3000;22,5800;449;384;6343
Ex 3 day 09;12;101;0,0328;4,3165;2,9772;3,3000;131,5000;775;412;6569
Ex 3 day 09;12;102;0,0328;4,3861;3,7947;2,8300;133,6200;806;429;6569
Ex 3 day 09;12;103;0,0328;3,0583;2,6192;2,8300;93,1700;831;425;6569
Ex 3 day 09;12;104;0,0328;2,7901;1,9085;3,7700;85,0000;797;407;6569
Ex 3 day 09;12;105;0,0328;2,6888;2,2906;2,8300;81,9100;822;413;6569
Ex 3 day 09;12;106;0,0328;1,7795;1,4844;2,8300;54,2100;810;410;6569
Ex 3 day 09;12;107;0,0328;2,2962;1,6663;3,3000;69,9500;793;445;6569
Ex 3 day 09;12;108;0,0328;2,3102;1,9247;2,8300;70,3800;776;428;6569
Ex 3 day 09;12;109;0,0328;1,9556;1,6167;2,8300;59,5800;810;395;6569
Ex 3 day 09;13;110;0,0907;3,8951;3,3281;2,8300;42,9400;1092;406;5636
Ex 3 day 09;13;111;0,0907;2,8874;2,5186;2,8300;31,8300;1092;415;5636
Ex 3 day 09;13;112;0,0907;2,6500;1,9283;3,3000;29,2100;1078;417;5636
Ex 3 day 09;13;113;0,0907;2,8960;2,4755;2,8300;31,9200;1111;437;5636
Ex 3 day 09;13;114;0,0907;2,6630;2,0995;3,3000;29,3500;1096;442;5636
Ex 3 day 09;13;115;0,0907;2,4665;2,0778;2,8300;27,1900;1091;427;5636
Ex 3 day 09;13;116;0,0907;2,5161;1,7048;3,3000;27,7300;1069;438;5636
Ex 3 day 09;13;117;0,0907;2,1825;1,7778;3,7700;24,0600;1099;453;5636
Ex 3 day 09;13;118;0,0907;2,1891;1,9356;2,8300;24,1300;1120;433;5636
Ex 3 day 09;14;119;0,1274;2,3283;1,7108;3,3000;18,2700;976;455;4626
Ex 3 day 09;14;120;0,1274;2,2887;1,9485;2,8300;17,9600;948;421;4626
Ex 3 day 09;14;121;0,1274;1,6583;1,2619;3,3000;13,0200;973;426;4626
Ex 3 day 09;15;122;0,0890;4,1465;3,3728;2,8300;46,5900;647;494;7145
Ex 3 day 09;15;123;0,0890;3,0116;2,0740;3,3000;33,8400;627;494;7145
Ex 3 day 09;15;124;0,0890;2,7723;2,4372;2,8300;31,1500;640;433;7145
Ex 3 day 09;15;125;0,0890;2,5907;1,8058;3,3000;29,1100;608;428;7145
Ex 3 day 09;15;126;0,0890;2,5181;2,2920;2,8300;28,2900;624;466;7145
Ex 3 day 09;15;127;0,0890;2,6221;1,9288;3,3000;29,4600;654;433;7145
Ex 3 day 09;15;128;0,0890;2,1721;1,6302;3,3000;24,4100;624;444;7145
Ex 3 day 09;15;129;0,0890;1,6810;1,0988;3,3000;18,8900;633;483;7145
Ex 3 day 09;15;130;0,0890;1,7747;1,5916;2,8300;19,9400;639;477;7145
Ex 3 day 09;15;131;0,0890;2,4921;1,7084;3,7700;28,0000;623;476;7145
Ex 3 day 09;15;132;0,0890;2,2338;1,5697;2,8300;25,1000;608;498;7145
Ex 3 day 09;15;133;0,0890;1,3936;1,2415;2,8300;15,6600;659;452;7145
Ex 3 day 09;15;134;0,0890;2,2680;1,7938;2,8300;25,4800;639;474;7145
Ex 3 day 09;15;135;0,0890;1,6268;1,3080;2,8300;18,2800;607;443;7145
Ex 3 day 09;15;136;0,0890;2,1578;1,7276;2,8300;24,2500;654;472;7145
Ex 3 day 09;16;137;0,2214;2,4587;1,9360;2,8300;11,1100;1391;469;1471
Ex 3 day 09;16;138;0,2214;2,3576;1,5886;4,2400;10,6500;1379;463;1471
Ex 3 day 09;16;139;0,2214;1,5217;1,1543;3,3000;6,8700;1387;449;1471
Ex 3 day 09;17;140;0,1147;3,2785;2,4710;2,8300;28,5700;760;528;4510
Ex 3 day 09;17;141;0,1147;3,9133;2,9707;2,8300;34,1100;794;520;4510
Ex 3 day 09;17;142;0,1147;3,1527;2,6552;2,8300;27,4800;771;506;4510
Ex 3 day 09;17;143;0,1147;1,9858;1,9253;2,8300;17,3100;750;531;4510
Ex 3 day 09;17;144;0,1147;2,2988;1,5234;4,2400;20,0300;760;547;4510
Ex 3 day 09;17;145;0,1147;2,5806;1,5614;3,3000;22,4900;774;519;4510
Ex 3 day 09;17;146;0,1147;2,5257;1,5323;3,3000;22,0100;782;550;4510
Ex 3 day 09;17;147;0,1147;1,2011;1,5243;4,7100;10,4700;779;536;4510
Ex 3 day 09;17;148;0,1147;2,2108;1,8870;2,8300;19,2700;763;502;4510
Ex 3 day 09;17;149;0,1147;1,6807;1,3197;2,8300;14,6500;796;500;4510
Ex 3 day 09;17;150;0,1147;1,9287;1,6545;2,8300;16,8100;772;485;4510
Ex 3 day 09;17;151;0,1147;1,9581;1,5617;2,8300;17,0700;787;518;4510
Ex 3 day 09;17;152;0,1147;1,6789;1,3875;3,7700;14,6300;738;524;4510
Ex 3 day 09;19;153;0,1665;3,0753;2,2662;2,8300;18,4700;98;530;3743
Ex 3 day 09;19;154;0,1665;2,8652;2,2925;2,8300;17,2100;83;525;3743
Ex 3 day 09;19;155;0,1665;2,4976;1,7774;3,3000;15,0000;67;566;3743
Ex 3 day 09;19;156;0,1665;2,4175;1,9696;2,8300;14,5200;81;550;3743
Ex 3 day 09;19;157;0,1665;2,3777;1,9453;2,8300;14,2800;49;538;3743
Ex 3 day 09;19;158;0,1665;2,1194;1,6696;2,8300;12,7300;79;564;3743
Ex 3 day 09;19;159;0,1665;1,7152;1,5076;4,2400;10,3000;90;562;3743
Ex 3 day 09;19;160;0,1665;1,6365;1,3560;2,8300;9,8300;89;531;3743
Ex 3 day 09;19;161;0,1665;1,8940;1,7508;2,8300;11,3800;52;556;3743
Ex 3 day 09;19;162;0,1665;1,6244;1,4866;3,7700;9,7600;61;550;3743
Ex 3 day 09;19;163;0,1665;0,8450;0,9456;4,7100;5,0800;84;540;3743
Ex 3 day 09;19;164;0,1665;1,0230;1,0770;5,1900;6,1400;99;545;3743
Ex 3 day 09;20;165;0,1498;2,7784;2,2422;2,8300;18,5500;960;552;4457
Ex 3 day 09;20;166;0,1498;2,9777;2,4564;2,8300;19,8800;984;570;4457
Ex 3 day 09;20;167;0,1498;2,6822;1,7992;3,7700;17,9100;964;578;4457
Ex 3 day 09;20;168;0,1498;2,4130;1,7655;2,8300;16,1100;975;580;4457
Ex 3 day 09;20;169;0,1498;2,8383;2,2144;2,8300;18,9500;964;563;4457
Ex 3 day 09;20;170;0,1498;1,7930;1,6202;2,8300;11,9700;975;546;4457
Ex 3 day 09;20;171;0,1498;1,8258;1,3453;2,8300;12,1900;953;571;4457
Ex 3 day 09;20;172;0,1498;1,9981;1,3536;2,8300;13,3400;992;558;4457
Ex 3 day 09;20;173;0,1498;2,2233;1,4093;4,2400;14,8500;981;533;4457
Ex 3 day 09;20;174;0,1498;1,7928;1,3999;2,8300;11,9700;992;551;4457
Ex 3 day 09;20;175;0,1498;2,4207;1,8645;2,8300;16,1600;993;582;4457
Ex 3 day 09;20;176;0,1498;1,6723;1,2367;3,3000;11,1700;978;559;4457
Ex 3 day 09;20;177;0,1498;1,4593;1,3962;3,7700;9,7400;996;568;4457
Ex 3 day 09;20;178;0,1498;2,5224;2,0460;2,8300;16,8400;999;551;4457
Ex 3 day 09;20;179;0,1498;1,3835;1,3042;3,3000;9,2400;968;540;4457
Ex 3 day 09;21;180;0,1737;2,7284;2,2390;3,7700;15,7100;678;618;4506
Ex 3 day 09;21;181;0,1737;2,8321;2,4613;2,8300;16,3100;681;602;4506
Ex 3 day 09;21;182;0,1737;2,5819;1,8980;2,8300;14,8700;659;622;4506
Ex 3 day 09;21;183;0,1737;1,9094;1,4611;3,7700;11,0000;691;614;4506
Ex 3 day 09;21;184;0,1737;1,6293;1,3606;2,8300;9,3800;680;641;4506
Ex 3 day 09;21;185;0,1737;1,9670;1,5840;2,8300;11,3300;654;636;4506
Ex 3 day 09;21;186;0,1737;1,9643;1,5781;2,8300;11,3100;649;648;4506
Ex 3 day 09;21;187;0,1737;1,6679;1,3541;2,8300;9,6000;688;625;4506
Ex 3 day 09;21;188;0,1737;1,9835;1,4433;2,8300;11,4200;669;600;4506
Ex 3 day 09;22;189;0,1771;4,7457;3,4825;2,8300;26,8000;284;632;3493
Ex 3 day 09;22;190;0,1771;2,5847;1,9288;2,8300;14,6000;283;643;3493
Ex 3 day 09;22;191;0,1771;2,3519;1,9993;2,8300;13,2800;308;643;3493
Ex 3 day 09;22;192;0,1771;1,9170;1,5972;2,8300;10,8300;289;655;3493
Ex 3 day 09;22;193;0,1771;2,5812;2,0482;2,8300;14,5800;278;620;3493
Ex 3 day 09;22;194;0,1771;2,3519;1,7729;2,8300;13,2800;284;660;3493
Ex 3 day 09;22;195;0,1771;2,3341;1,8396;2,8300;13,1800;294;631;3493
Ex 3 day 09;22;196;0,1771;2,0322;1,7592;2,8300;11,4800;271;641;3493
Ex 3 day 09;22;197;0,1771;1,7564;1,4897;2,8300;9,9200;263;619;3493
Ex 3 day 09;23;198;0,1614;3,4957;2,9454;2,8300;21,6500;257;739;4028
Ex 3 day 09;23;199;0,1614;4,1764;3,2670;2,8300;25,8700;255;722;4028
Ex 3 day 09;23;200;0,1614;2,4821;2,1286;2,8300;15,3700;231;707;4028
Ex 3 day 09;23;201;0,1614;2,6931;2,2070;2,8300;16,6800;241;716;4028
Ex 3 day 09;23;202;0,1614;2,3312;2,0094;2,8300;14,4400;235;691;4028
Ex 3 day 09;23;203;0,1614;2,3177;1,6839;3,7700;14,3600;270;737;4028
Ex 3 day 09;23;204;0,1614;1,8038;1,4398;2,8300;11,1700;244;706;4028
Ex 3 day 09;23;205;0,1614;1,7995;1,4578;2,8300;11,1500;243;724;4028
Ex 3 day 09;23;206;0,1614;1,5888;1,1213;2,8300;9,8400;265;721;4028
Ex 3 day 09;23;207;0,1614;1,9357;1,7678;2,8300;11,9900;269;706;4028
Ex 3 day 09;23;208;0,1614;1,4128;1,1732;4,7100;8,7500;247;702;4028
Ex 3 day 09;23;209;0,1614;2,0444;1,4915;2,8300;12,6600;256;705;4028
Ex 3 day 09;23;210;0,1614;0,9715;1,1575;4,7100;6,0200;277;748;4028
Ex 3 day 09;23;211;0,1614;1,7403;1,3996;2,8300;10,7800;265;711;4028
Ex 3 day 09;23;212;0,1614;2,1587;1,5663;2,8300;13,3700;260;694;4028
Ex 3 day 09;24;213;0,1823;3,0719;2,2314;3,3000;16,8500;908;742;4698
Ex 3 day 09;24;214;0,1823;3,0370;2,2536;2,8300;16,6600;893;704;4698
Ex 3 day 09;24;215;0,1823;2,5885;1,8760;2,8300;14,2000;899;710;4698
Ex 3 day 09;24;216;0,1823;2,6987;2,0390;2,8300;14,8000;915;720;4698
Ex 3 day 09;24;217;0,1823;2,3199;1,5288;4,2400;12,7200;870;726;4698
Ex 3 day 09;24;218;0,1823;2,1507;1,7758;2,8300;11,8000;900;732;4698
Ex 3 day 09;24;219;0,1823;2,1944;1,8413;2,8300;12,0400;885;727;4698
Ex 3 day 09;24;220;0,1823;1,9176;1,4505;2,8300;10,5200;878;736;4698
Ex 3 day 09;24;221;0,1823;1,2896;1,1959;5,1900;7,0700;879;707;4698
Ex 3 day 09;24;222;0,1823;1,8935;1,4949;2,8300;10,3900;907;715;4698
Ex 3 day 09;24;223;0,1823;1,7472;1,1684;3,7700;9,5800;911;704;4698
Ex 3 day 09;24;224;0,1823;1,9557;1,4735;2,8300;10,7300;888;710;4698
Ex 3 day 09;24;225;0,1823;1,9369;1,4217;2,8300;10,6200;921;692;4698
Ex 3 day 09;25;226;0,1570;3,9765;3,1326;2,8300;25,3200;1027;782;3716
Ex 3 day 09;25;227;0,1570;3,2172;2,5272;2,8300;20,4900;1019;763;3716
Ex 3 day 09;25;228;0,1570;3,0237;2,5780;2,8300;19,2500;998;785;3716
Ex 3 day 09;25;229;0,1570;2,4926;1,8463;3,3000;15,8700;1003;772;3716
Ex 3 day 09;25;230;0,1570;1,9848;1,7060;2,8300;12,6400;988;768;3716
Ex 3 day 09;25;231;0,1570;2,0697;1,8682;2,8300;13,1800;1003;741;3716
Ex 3 day 09;25;232;0,1570;2,2604;1,7988;2,8300;14,3900;1009;779;3716
Ex 3 day 09;25;233;0,1570;1,9626;1,4184;3,3000;12,5000;992;755;3716
Ex 3 day 09;25;234;0,1570;2,2943;1,5336;2,8300;14,6100;1009;752;3716
Ex 3 day 09;25;235;0,1570;2,0446;1,5447;2,8300;13,0200;1004;762;3716
Ex 3 day 09;26;236;0,1541;4,7556;3,6436;2,8300;30,8700;422;782;3911
Ex 3 day 09;26;237;0,1541;4,3925;3,4104;2,8300;28,5100;389;772;3911
Ex 3 day 09;26;238;0,1541;2,2358;1,6031;2,8300;14,5100;408;786;3911
Ex 3 day 09;26;239;0,1541;2,4207;1,9918;2,8300;15,7100;415;799;3911
Ex 3 day 09;26;240;0,1541;2,5767;1,9305;2,8300;16,7200;419;806;3911
Ex 3 day 09;26;241;0,1541;1,9358;1,4933;2,8300;12,5600;401;821;3911
Ex 3 day 09;26;242;0,1541;2,3565;1,5625;3,3000;15,2900;380;803;3911
Ex 3 day 09;26;243;0,1541;2,1736;1,1046;4,2400;14,1100;392;792;3911
Ex 3 day 09;26;244;0,1541;2,5112;1,8063;2,8300;16,3000;434;799;3911
Ex 3 day 09;26;245;0,1541;1,9072;1,5923;2,8300;12,3800;433;791;3911
Ex 3 day 09;26;246;0,1541;2,1359;1,7441;2,8300;13,8600;393;803;3911
Ex 3 day 09;26;247;0,1541;2,3523;1,8410;2,8300;15,2700;409;798;3911
Ex 3 day 09;26;248;0,1541;2,1045;1,6873;2,8300;13,6600;431;809;3911
Ex 3 day 09;26;249;0,1541;1,7891;1,3593;2,8300;11,6100;378;776;3911
Ex 3 day 09;27;250;0,1339;2,9595;2,3939;3,7700;22,1100;564;785;6009
Ex 3 day 09;27;251;0,1339;2,7068;2,3238;2,8300;20,2200;564;801;6009
Ex 3 day 09;27;252;0,1339;2,8885;1,9409;3,3000;21,5800;598;813;6009
Ex 3 day 09;27;253;0,1339;2,5292;1,9616;3,3000;18,8900;582;799;6009
Ex 3 day 09;27;254;0,1339;2,8822;2,5363;2,8300;21,5300;616;830;6009
Ex 3 day 09;27;255;0,1339;2,6655;2,3494;2,8300;19,9100;599;795;6009
Ex 3 day 09;27;256;0,1339;2,4343;1,7493;3,3000;18,1900;605;845;6009
Ex 3 day 09;27;257;0,1339;2,4305;1,7421;3,3000;18,1600;548;789;6009
Ex 3 day 09;27;258;0,1339;2,5473;1,9796;2,8300;19,0300;589;818;6009
Ex 3 day 09;27;259;0,1339;2,3186;1,8899;2,8300;17,3200;561;810;6009
Ex 3 day 09;28;260;0,1477;3,4126;2,7125;2,8300;23,1000;1113;788;3811
Ex 3 day 09;28;261;0,1477;3,1527;2,5928;2,8300;21,3400;1126;812;3811
Ex 3 day 09;28;262;0,1477;2,1494;1,7351;2,8300;14,5500;1127;826;3811
Ex 3 day 09;28;263;0,1477;2,1904;1,7067;2,8300;14,8300;1150;812;3811
Ex 3 day 09;28;264;0,1477;2,0562;1,5896;3,7700;13,9200;1142;791;3811
Ex 3 day 09;28;265;0,1477;1,8432;1,3780;4,2400;12,4800;1113;812;3811
Ex 3 day 09;28;266;0,1477;1,9524;1,6628;2,8300;13,2200;1101;799;3811
Ex 3 day 09;28;267;0,1477;2,2980;1,8551;2,8300;15,5500;1129;834;3811
Ex 3 day 09;28;268;0,1477;1,6955;1,4170;2,8300;11,4800;1139;799;3811
Ex 3 day 09;28;269;0,1477;1,9457;1,6796;2,8300;13,1700;1147;835;3811
Ex 3 day 09;28;270;0,1477;1,8168;1,3223;4,7100;12,3000;1125;779;3811
Ex 3 day 09;29;271;0,1757;2,8749;1,9057;3,3000;16,3600;277;846;3284
Ex 3 day 09;29;272;0,1757;3,1788;2,3531;2,8300;18,0900;292;853;3284
Ex 3 day 09;29;273;0,1757;2,8491;1,8228;2,8300;16,2100;305;830;3284
Ex 3 day 09;29;274;0,1757;2,6021;1,9237;3,7700;14,8100;272;834;3284
Ex 3 day 09;29;275;0,1757;2,3436;1,9230;2,8300;13,3400;261;825;3284
Ex 3 day 09;29;276;0,1757;2,4828;2,0145;2,8300;14,1300;289;872;3284
Ex 3 day 09;29;277;0,1757;2,0995;1,5913;2,8300;11,9500;278;865;3284
Ex 3 day 09;29;278;0,1757;2,0714;1,7473;2,8300;11,7900;305;853;3284
Ex 3 day 09;29;279;0,1757;2,0544;1,6270;2,8300;11,6900;287;857;3284
Ex 3 day 09;30;280;0,1399;3,2256;2,6604;2,8300;23,0600;1160;929;4023
Ex 3 day 09;30;281;0,1399;2,6580;1,8244;2,8300;19,0000;1170;914;4023
Ex 3 day 09;30;282;0,1399;2,2852;1,6309;2,8300;16,3400;1186;935;4023
Ex 3 day 09;30;283;0,1399;1,8780;1,5843;2,8300;13,4200;1177;909;4023
Ex 3 day 09;30;284;0,1399;2,4185;1,9421;2,8300;17,2900;1179;956;4023
Ex 3 day 09;30;285;0,1399;2,3599;1,9624;2,8300;16,8700;1169;927;4023
Ex 3 day 09;30;286;0,1399;2,0605;1,7287;2,8300;14,7300;1164;956;4023
Ex 3 day 09;30;287;0,1399;2,3560;1,8214;2,8300;16,8400;1185;919;4023
Ex 3 day 09;30;288;0,1399;2,1785;1,6324;2,8300;15,5700;1156;914;4023
Ex 3 day 09;30;289;0,1399;2,1570;1,4569;2,8300;15,4200;1178;941;4023
Ex 3 day 09;30;290;0,1399;2,4673;1,8174;2,8300;17,6400;1192;942;4023
Ex 3 day 09;30;291;0,1399;1,7714;1,3382;2,8300;12,6600;1156;956;4023
Ex 3 day 09;30;292;0,1399;2,0825;1,6551;2,8300;14,8900;1180;963;4023
Ex 3 day 09;30;293;0,1399;1,8171;1,5448;2,8300;12,9900;1153;901;4023
Ex 3 day 09;30;294;0,1399;2,0310;1,6987;2,8300;14,5200;1171;956;4023
Ex 3 day 09;31;295;0,1782;2,5045;1,8387;4,2400;14,0600;485;959;3165
Ex 3 day 09;31;296;0,1782;1,9591;1,1201;3,3000;11,0000;495;952;3165
Ex 3 day 09;31;297;0,1782;2,2857;1,6179;3,3000;12,8300;517;949;3165
Ex 3 day 09;31;298;0,1782;2,4647;1,9721;2,8300;13,8300;485;940;3165
Ex 3 day 09;31;299;0,1782;2,1019;1,7571;2,8300;11,8000;517;936;3165
Ex 3 day 09;31;300;0,1782;2,0435;1,7025;2,8300;11,4700;519;967;3165
Ex 3 day 09;31;301;0,1782;1,8652;1,3788;2,8300;10,4700;504;958;3165
Ex 3 day 09;31;302;0,1782;2,1084;1,7323;2,8300;11,8300;523;961;3165
Ex 3 day 09;31;303;0,1782;1,7528;1,5030;2,8300;9,8400;503;931;3165
Ex 3 day 09;31;304;0,1782;1,7441;1,5221;2,8300;9,7900;493;941;3165
Ex 3 day 09;32;305;0,1781;3,2550;2,5398;3,7700;18,2700;667;992;3461
Ex 3 day 09;32;306;0,1781;3,4795;2,5621;2,8300;19,5300;657;1008;3461
Ex 3 day 09;32;307;0,1781;2,7875;2,3280;2,8300;15,6500;643;998;3461
Ex 3 day 09;32;308;0,1781;2,5527;2,0343;2,8300;14,3300;665;1006;3461
Ex 3 day 09;32;309;0,1781;2,3758;1,7240;2,8300;13,3400;660;956;3461
Ex 3 day 09;32;310;0,1781;2,2216;1,9419;2,8300;12,4700;634;960;3461
Ex 3 day 09;32;311;0,1781;2,8340;2,1667;2,8300;15,9100;658;978;3461
Ex 3 day 09;32;312;0,1781;2,1258;1,5901;2,8300;11,9300;647;960;3461
Ex 3 day 09;32;313;0,1781;2,4685;2,0578;2,8300;13,8600;638;982;3461
Ex 3 day 18;1;1;0,1044;3,9280;2,7883;3,3000;37,6100;372;108;4202
Ex 3 day 18;1;2;0,1044;3,5481;3,1046;2,8300;33,9700;377;130;4202
Ex 3 day 18;1;3;0,1044;3,0395;2,1292;3,3000;29,1000;391;126;4202
Ex 3 day 18;1;4;0,1044;2,3864;1,7446;4,2400;22,8500;363;132;4202
Ex 3 day 18;1;5;0,1044;2,4419;2,1811;2,8300;23,3800;319;107;4202
Ex 3 day 18;1;6;0,1044;2,1556;1,4972;3,7700;20,6400;352;107;4202
Ex 3 day 18;2;7;0,1227;4,0192;3,4302;2,8300;32,7500;370;150;4809
Ex 3 day 18;2;8;0,1227;3,8987;3,1961;2,8300;31,7700;328;170;4809
Ex 3 day 18;2;9;0,1227;3,8082;2,6868;3,3000;31,0300;319;186;4809
Ex 3 day 18;2;10;0,1227;3,8703;2,6061;3,3000;31,5400;359;196;4809
Ex 3 day 18;2;11;0,1227;3,1646;2,5650;2,8300;25,7900;338;144;4809
Ex 3 day 18;2;12;0,1227;3,4514;2,3514;3,3000;28,1200;324;146;4809
Ex 3 day 18;2;13;0,1227;3,1429;2,6074;2,8300;25,6100;380;164;4809
Ex 3 day 18;2;14;0,1227;3,1699;2,2198;3,3000;25,8300;354;211;4809
Ex 3 day 18;2;15;0,1227;2,8945;2,0466;3,3000;23,5900;365;170;4809
Ex 3 day 18;2;16;0,1227;2,4952;1,7761;3,3000;20,3300;358;144;4809
Ex 3 day 18;2;17;0,1227;1,9545;1,4319;3,7700;15,9300;349;185;4809
Ex 3 day 18;2;18;0,1227;2,5879;1,8047;3,3000;21,0900;335;190;4809
Ex 3 day 18;2;19;0,1227;2,1083;1,3864;3,3000;17,1800;357;162;4809
Ex 3 day 18;2;20;0,1227;2,5841;2,1239;2,8300;21,0600;373;166;4809
Ex 3 day 18;2;21;0,1227;2,2107;1,9258;2,8300;18,0100;375;145;4809
Ex 3 day 18;2;22;0,1227;1,7987;1,2150;3,3000;14,6600;340;167;4809
Ex 3 day 18;3;23;-0,0283;2,9658;2,4108;3,7700;-104,9700;1011;207;11449
Ex 3 day 18;3;24;-0,0283;2,5003;1,9139;3,7700;-88,4900;1016;241;11449
Ex 3 day 18;3;25;-0,0283;3,2840;2,1088;4,2400;-116,2300;982;242;11449
Ex 3 day 18;3;26;-0,0283;3,1169;2,5798;2,8300;-110,3100;1021;268;11449
Ex 3 day 18;3;27;-0,0283;2,4266;1,6410;3,3000;-85,8800;998;233;11449
Ex 3 day 18;3;28;-0,0283;3,2249;2,3408;3,3000;-114,1300;1030;223;11449
Ex 3 day 18;3;29;-0,0283;2,5784;1,8750;2,8300;-91,2600;1008;304;11449
Ex 3 day 18;3;30;-0,0283;2,5486;2,1584;2,8300;-90,2000;1036;279;11449
Ex 3 day 18;3;31;-0,0283;2,1897;1,8185;2,8300;-77,5000;1039;236;11449
Ex 3 day 18;3;32;-0,0283;2,3116;1,7216;2,8300;-81,8100;1015;305;11449
Ex 3 day 18;3;33;-0,0283;2,2174;1,5841;3,7700;-78,4800;1021;254;11449
Ex 3 day 18;3;34;-0,0283;2,6183;1,6839;3,3000;-92,6700;1042;262;11449
Ex 3 day 18;3;35;-0,0283;2,2420;1,5127;2,8300;-79,3500;1054;290;11449
Ex 3 day 18;3;36;-0,0283;1,9234;1,3400;3,3000;-68,0700;1035;266;11449
Ex 3 day 18;3;37;-0,0283;2,2433;1,5113;2,8300;-79,4000;961;262;11449
Ex 3 day 18;3;38;-0,0283;2,0973;1,4271;3,3000;-74,2300;1004;219;11449
Ex 3 day 18;3;39;-0,0283;2,0991;1,5478;2,8300;-74,2900;1039;298;11449
Ex 3 day 18;3;40;-0,0283;2,1537;1,7372;2,8300;-76,2200;1039;301;11449
Ex 3 day 18;3;41;-0,0283;1,7928;1,2227;3,3000;-63,4500;1021;226;11449
Ex 3 day 18;3;42;-0,0283;1,8322;1,4438;2,8300;-64,8500;1002;308;11449
Ex 3 day 18;3;43;-0,0283;1,9872;1,4136;3,3000;-70,3300;1054;253;11449
Ex 3 day 18;3;44;-0,0283;1,6700;1,2780;3,7700;-59,1000;1024;197;11449
Ex 3 day 18;3;45;-0,0283;2,0061;1,3948;5,1900;-71,0000;1007;269;11449
Ex 3 day 18;4;46;0,0214;4,6151;3,1523;3,3000;216,1400;1296;391;22522
Ex 3 day 18;4;47;0,0214;4,2754;3,1348;3,7700;200,2300;1269;408;22522
Ex 3 day 18;4;48;0,0214;4,2510;3,0289;3,3000;199,0900;1233;422;22522
Ex 3 day 18;4;49;0,0214;3,8635;3,0108;3,7700;180,9400;1305;360;22522
Ex 3 day 18;4;50;0,0214;3,7735;2,9498;3,7700;176,7200;1181;433;22522
Ex 3 day 18;4;51;0,0214;3,9882;2,8234;3,3000;186,7800;1244;327;22522
Ex 3 day 18;4;52;0,0214;3,6189;2,3934;3,3000;169,4800;1298;403;22522
Ex 3 day 18;4;53;0,0214;3,4132;2,3657;3,3000;159,8500;1274;381;22522
Ex 3 day 18;4;54;0,0214;3,6585;2,7159;3,7700;171,3400;1191;328;22522
Ex 3 day 18;4;55;0,0214;3,4376;2,4482;3,7700;161,0000;1196;345;22522
Ex 3 day 18;4;56;0,0214;3,2712;2,4236;3,3000;153,2000;1253;465;22522
Ex 3 day 18;4;57;0,0214;2,4492;1,7174;3,3000;114,7000;1224;394;22522
Ex 3 day 18;4;58;0,0214;2,8578;2,0887;4,7100;133,8400;1214;451;22522
Ex 3 day 18;4;59;0,0214;2,6970;1,6789;3,3000;126,3100;1259;452;22522
Ex 3 day 18;4;60;0,0214;2,7241;1,6129;4,2400;127,5800;1259;349;22522
Ex 3 day 18;4;61;0,0214;2,9071;2,3862;2,8300;136,1500;1227;350;22522
Ex 3 day 18;4;62;0,0214;2,9121;2,0610;3,3000;136,3800;1270;437;22522
Ex 3 day 18;4;63;0,0214;2,6742;2,2036;2,8300;125,2400;1292;373;22522
Ex 3 day 18;4;64;0,0214;3,0358;2,1387;3,3000;142,1800;1241;396;22522
Ex 3 day 18;4;65;0,0214;2,3358;1,7378;4,2400;109,3900;1247;370;22522
Ex 3 day 18;4;66;0,0214;2,1979;1,7195;2,8300;102,9300;1213;395;22522
Ex 3 day 18;4;67;0,0214;2,4241;1,9180;3,7700;113,5300;1235;369;22522
Ex 3 day 18;4;68;0,0214;1,8483;1,6076;3,7700;86,5600;1214;420;22522
Ex 3 day 18;4;69;0,0214;1,9762;1,5876;4,7100;92,5500;1190;392;22522
Ex 3 day 18;4;70;0,0214;1,6310;1,2055;2,8300;76,3800;1184;414;22522
Ex 3 day 18;4;71;0,0214;2,4486;2,0279;2,8300;114,6800;1272;470;22522
Ex 3 day 18;4;72;0,0214;2,0493;1,7428;2,8300;95,9700;1214;372;22522
Ex 3 day 18;4;73;0,0214;2,2107;1,7895;2,8300;103,5400;1213;383;22522
Ex 3 day 18;4;74;0,0214;2,2991;2,0125;2,8300;107,6700;1209;381;22522
Ex 3 day 18;4;75;0,0214;1,9619;1,4194;3,3000;91,8800;1202;396;22522
Ex 3 day 18;4;76;0,0214;2,3906;1,7364;2,8300;111,9600;1192;448;22522
Ex 3 day 18;4;77;0,0214;2,1775;1,7874;2,8300;101,9800;1155;441;22522
Ex 3 day 18;4;78;0,0214;1,4600;1,0423;5,1900;68,3800;1200;415;22522
Ex 3 day 18;4;79;0,0214;1,8323;1,4714;2,8300;85,8100;1208;415;22522
Ex 3 day 18;4;80;0,0214;2,0489;1,6938;2,8300;95,9500;1172;413;22522
Ex 3 day 18;4;81;0,0214;2,0005;1,6336;2,8300;93,6900;1215;406;22522
Ex 3 day 18;4;82;0,0214;2,0650;1,5150;3,3000;96,7100;1264;438;22522
Ex 3 day 18;4;83;0,0214;1,8798;1,2914;3,7700;88,0400;1252;411;22522
Ex 3 day 18;4;84;0,0214;1,9416;1,5227;2,8300;90,9300;1230;338;22522
Ex 3 day 18;4;85;0,0214;1,6362;1,3562;2,8300;76,6300;1199;448;22522
Ex 3 day 18;4;86;0,0214;1,4678;1,1674;2,8300;68,7400;1200;357;22522
Ex 3 day 18;4;87;0,0214;2,1332;1,7493;2,8300;99,9000;1211;430;22522
Ex 3 day 18;4;88;0,0214;1,2898;1,0373;3,7700;60,4000;1268;334;22522
Ex 3 day 18;4;89;0,0214;1,7436;1,1896;4,2400;81,6600;1295;441;22522
Ex 3 day 18;5;90;-0,0111;4,6351;3,2047;3,3000;-416,6100;370;609;32604
Ex 3 day 18;5;91;-0,0111;4,4253;3,8690;2,8300;-397,7400;387;699;32604
Ex 3 day 18;5;92;-0,0111;4,3866;3,1600;3,3000;-394,2600;295;599;32604
Ex 3 day 18;5;93;-0,0111;4,2725;3,0190;3,3000;-384,0100;337;621;32604
Ex 3 day 18;5;94;-0,0111;4,0404;2,9323;3,3000;-363,1500;443;714;32604
Ex 3 day 18;5;95;-0,0111;3,8535;2,8778;3,7700;-346,3500;313;651;32604
Ex 3 day 18;5;96;-0,0111;4,2480;2,9804;3,3000;-381,8100;458;698;32604
Ex 3 day 18;5;97;-0,0111;3,9438;2,9426;3,7700;-354,4700;330;696;32604
Ex 3 day 18;5;98;-0,0111;4,0972;2,7636;3,3000;-368,2500;360;664;32604
Ex 3 day 18;5;99;-0,0111;3,4774;2,6096;3,7700;-312,5500;315;635;32604
Ex 3 day 18;5;100;-0,0111;3,7042;2,6230;3,3000;-332,9300;374;672;32604
Ex 3 day 18;5;101;-0,0111;3,7320;2,5297;3,3000;-335,4400;428;602;32604
Ex 3 day 18;5;102;-0,0111;3,6032;2,9557;2,8300;-323,8600;332;726;32604
Ex 3 day 18;5;103;-0,0111;3,3095;2,3663;4,7100;-297,4500;278;586;32604
Ex 3 day 18;5;104;-0,0111;3,6326;2,6362;3,3000;-326,5000;450;649;32604
Ex 3 day 18;5;105;-0,0111;3,1000;2,6252;2,8300;-278,6300;297;682;32604
Ex 3 day 18;5;106;-0,0111;2,9848;2,6270;2,8300;-268,2700;382;641;32604
Ex 3 day 18;5;107;-0,0111;2,6492;2,1944;4,2400;-238,1100;429;652;32604
Ex 3 day 18;5;108;-0,0111;2,6177;2,1339;2,8300;-235,2800;375;592;32604
Ex 3 day 18;5;109;-0,0111;3,0035;2,3706;3,7700;-269,9600;353;638;32604
Ex 3 day 18;5;110;-0,0111;2,8805;2,0301;3,3000;-258,9000;425;713;32604
Ex 3 day 18;5;111;-0,0111;2,7444;2,1148;3,7700;-246,6600;363;560;32604
Ex 3 day 18;5;112;-0,0111;2,1539;1,8334;4,7100;-193,5900;445;629;32604
Ex 3 day 18;5;113;-0,0111;2,5162;1,8628;3,7700;-226,1600;409;613;32604
Ex 3 day 18;5;114;-0,0111;2,7406;2,0018;3,3000;-246,3300;390;675;32604
Ex 3 day 18;5;115;-0,0111;2,0256;1,5085;2,8300;-182,0600;401;627;32604
Ex 3 day 18;5;116;-0,0111;2,3833;2,0398;2,8300;-214,2100;426;631;32604
Ex 3 day 18;5;117;-0,0111;2,6867;2,0423;3,3000;-241,4800;368;709;32604
Ex 3 day 18;5;118;-0,0111;2,5041;2,1074;2,8300;-225,0700;359;706;32604
Ex 3 day 18;5;119;-0,0111;2,3725;1,6569;3,3000;-213,2400;325;611;32604
Ex 3 day 18;5;120;-0,0111;2,6108;2,2493;2,8300;-234,6600;352;712;32604
Ex 3 day 18;5;121;-0,0111;2,1749;1,3656;3,3000;-195,4800;384;611;32604
Ex 3 day 18;5;122;-0,0111;1,6453;1,3088;7,0700;-147,8800;409;691;32604
Ex 3 day 18;5;123;-0,0111;2,0122;1,6517;2,8300;-180,8500;310;607;32604
Ex 3 day 18;5;124;-0,0111;2,2599;1,5328;4,7100;-203,1200;413;598;32604
Ex 3 day 18;5;125;-0,0111;1,9384;1,1289;4,2400;-174,2200;413;651;32604
Ex 3 day 18;5;126;-0,0111;2,1540;1,6714;3,7700;-193,6000;390;595;32604
Ex 3 day 18;5;127;-0,0111;1,6115;1,0256;3,3000;-144,8400;278;609;32604
Ex 3 day 18;5;128;-0,0111;2,5209;2,0570;2,8300;-226,5800;290;655;32604
Ex 3 day 18;5;129;-0,0111;2,3870;2,0405;2,8300;-214,5500;376;638;32604
Ex 3 day 18;5;130;-0,0111;2,0822;1,3258;5,6600;-187,1500;364;585;32604
Ex 3 day 18;5;131;-0,0111;1,1732;1,1551;6,1300;-105,4500;428;577;32604
Ex 3 day 18;5;132;-0,0111;2,2026;1,5380;4,7100;-197,9700;346;601;32604
Ex 3 day 18;5;133;-0,0111;1,3041;1,1765;4,7100;-117,2100;340;672;32604
Ex 3 day 18;5;134;-0,0111;1,6783;1,4158;2,8300;-150,8500;265;635;32604
Ex 3 day 18;5;135;-0,0111;1,7246;1,5385;2,8300;-155,0100;335;737;32604
Ex 3 day 18;5;136;-0,0111;1,7952;1,4782;2,8300;-161,3500;402;647;32604
Ex 3 day 18;5;137;-0,0111;2,0787;1,6088;2,8300;-186,8300;350;622;32604
Ex 3 day 18;5;138;-0,0111;1,7108;1,4053;2,8300;-153,7600;309;616;32604
Ex 3 day 18;6;139;0,0127;4,4928;3,1167;3,3000;354,1200;294;787;24266
Ex 3 day 18;6;140;0,0127;4,5147;3,2235;3,3000;355,8500;327;825;24266
Ex 3 day 18;6;141;0,0127;4,4457;3,0593;3,3000;350,4100;369;818;24266
Ex 3 day 18;6;142;0,0127;4,0394;2,7846;3,3000;318,3900;331;806;24266
Ex 3 day 18;6;143;0,0127;4,1906;2,9231;3,3000;330,3100;368;949;24266
Ex 3 day 18;6;144;0,0127;4,4842;3,7391;2,8300;353,4500;260;834;24266
Ex 3 day 18;6;145;0,0127;4,3877;2,7989;3,3000;345,8400;334;784;24266
Ex 3 day 18;6;146;0,0127;3,9357;2,6336;3,3000;310,2200;260;787;24266
Ex 3 day 18;6;147;0,0127;3,8942;2,7514;3,3000;306,9400;288;903;24266
Ex 3 day 18;6;148;0,0127;3,4626;2,9573;2,8300;272,9200;349;792;24266
Ex 3 day 18;6;149;0,0127;3,1784;2,1376;4,2400;250,5200;315;872;24266
Ex 3 day 18;6;150;0,0127;3,6292;2,5227;3,3000;286,0500;262;887;24266
Ex 3 day 18;6;151;0,0127;3,3661;2,2843;3,3000;265,3100;315;760;24266
Ex 3 day 18;6;152;0,0127;3,4493;2,8604;2,8300;271,8700;328;760;24266
Ex 3 day 18;6;153;0,0127;2,7274;1,8137;4,2400;214,9700;304;819;24266
Ex 3 day 18;6;154;0,0127;2,6808;1,8401;3,3000;211,3000;369;851;24266
Ex 3 day 18;6;155;0,0127;2,6301;1,8948;3,3000;207,3000;318;846;24266
Ex 3 day 18;6;156;0,0127;2,9816;2,0933;3,7700;235,0100;340;768;24266
Ex 3 day 18;6;157;0,0127;3,1745;2,1677;3,3000;250,2100;366;931;24266
Ex 3 day 18;6;158;0,0127;3,6410;2,7344;2,8300;286,9800;346;828;24266
Ex 3 day 18;6;159;0,0127;3,2959;2,8788;2,8300;259,7800;282;819;24266
Ex 3 day 18;6;160;0,0127;3,0067;2,3676;2,8300;236,9900;306;844;24266
Ex 3 day 18;6;161;0,0127;2,4473;2,1216;2,8300;192,9000;354;841;24266
Ex 3 day 18;6;162;0,0127;2,0744;1,6068;2,8300;163,5000;366;836;24266
Ex 3 day 18;6;163;0,0127;2,7195;2,1939;2,8300;214,3500;370;895;24266
Ex 3 day 18;6;164;0,0127;2,7515;2,4471;2,8300;216,8700;356;785;24266
Ex 3 day 18;6;165;0,0127;2,3962;2,0008;2,8300;188,8700;342;897;24266
Ex 3 day 18;6;166;0,0127;2,7605;2,3745;2,8300;217,5900;259;853;24266
Ex 3 day 18;6;167;0,0127;2,3427;1,6755;2,8300;184,6500;330;857;24266
Ex 3 day 18;6;168;0,0127;2,8653;2,0893;2,8300;225,8400;387;745;24266
Ex 3 day 18;6;169;0,0127;2,0662;1,4835;3,3000;162,8600;253;810;24266
Ex 3 day 18;6;170;0,0127;1,9756;1,7741;2,8300;155,7100;328;883;24266
Ex 3 day 18;6;171;0,0127;2,2501;1,8425;2,8300;177,3600;286;875;24266
Ex 3 day 18;6;172;0,0127;2,4563;1,9151;2,8300;193,6100;384;772;24266
Ex 3 day 18;6;173;0,0127;2,4517;2,0312;2,8300;193,2400;358;904;24266
Ex 3 day 18;6;174;0,0127;1,4706;1,2526;2,8300;115,9200;380;744;24266
Ex 3 day 18;6;175;0,0127;2,1925;1,7583;2,8300;172,8100;336;903;24266
Ex 3 day 18;6;176;0,0127;2,2621;1,7700;2,8300;178,3000;308;906;24266
Ex 3 day 18;6;177;0,0127;2,0603;1,5420;2,8300;162,3900;309;777;24266
Ex 3 day 18;6;178;0,0127;2,3624;1,9909;2,8300;186,2000;349;891;24266
Ex 3 day 18;6;179;0,0127;2,3424;1,9102;2,8300;184,6300;284;868;24266
Ex 3 day 18;6;180;0,0127;1,5707;1,2157;2,8300;123,8000;300;744;24266
Ex 3 day 18;6;181;0,0127;2,3139;1,7679;2,8300;182,3900;331;897;24266
Ex 3 day 18;6;182;0,0127;2,1934;1,5845;3,3000;172,8800;288;860;24266
Ex 3 day 18;6;183;0,0127;2,0337;1,4019;3,3000;160,3000;356;866;24266
Ex 3 day 18;6;184;0,0127;2,1269;1,6021;2,8300;167,6400;294;884;24266
Ex 3 day 18;6;185;0,0127;0,2018;1,1178;5,1900;15,9100;334;848;24266
Ex 3 day 18;6;186;0,0127;2,4256;1,9519;2,8300;191,1900;390;779;24266
Ex 3 day 18;6;187;0,0127;2,0993;1,7585;2,8300;165,4700;304;909;24266
Ex 3 day 18;6;188;0,0127;2,0906;1,8667;2,8300;164,7800;351;876;24266
Ex 3 day 18;6;189;0,0127;2,1844;1,8231;2,8300;172,1800;308;798;24266
Ex 3 day 18;6;190;0,0127;1,4023;1,1261;2,8300;110,5300;374;796;24266
Ex 3 day 18;6;191;0,0127;2,3140;1,6695;3,3000;182,3900;250;835;24266
Ex 3 day 18;6;192;0,0127;1,2501;0,8096;2,8300;98,5300;268;867;24266
Ex 3 day 18;6;193;0,0127;1,8562;1,4637;2,8300;146,3100;382;785;24266
Ex 3 day 18;6;194;0,0127;2,2544;1,7846;2,8300;177,6900;256;866;24266
Ex 3 day 18;6;195;0,0127;1,9893;1,4665;2,8300;156,8000;348;916;24266
Ex 3 day 18;6;196;0,0127;2,0405;1,7630;2,8300;160,8300;319;906;24266
Ex 3 day 18;6;197;0,0127;1,8497;1,0931;2,8300;145,7900;346;744;24266
Ex 3 day 18;6;198;0,0127;1,7350;1,3490;3,3000;136,7500;339;914;24266
Ex 3 day 18;6;199;0,0127;1,6017;1,1633;3,3000;126,2400;346;946;24266
Ex 3 day 18;6;200;0,0127;0,9497;1,1330;6,6000;74,8500;367;767;24266
Ex 3 day 18;6;201;0,0127;1,7897;1,5299;2,8300;141,0700;281;795;24266
Ex 3 day 18;6;202;0,0127;1,7153;1,2288;2,8300;135,2000;339;750;24266
Ex 3 day 18;6;203;0,0127;1,6906;1,3240;2,8300;133,2500;385;759;24266
Ex 3 day 18;6;204;0,0127;1,8166;1,4892;2,8300;143,1800;357;922;24266
Ex 3 day 18;6;205;0,0127;1,6587;1,1239;3,7700;130,7400;349;805;24266
Ex 3 day 18;6;206;0,0127;1,8196;1,4733;3,7700;143,4200;345;888;24266
Ex 3 day 18;6;207;0,0127;1,4730;0,8498;2,8300;116,1100;313;744;24266
Ex 3 day 18;6;208;0,0127;1,9247;1,6182;2,8300;151,7100;365;908;24266
Ex 3 day 18;6;209;0,0127;2,2079;1,2505;4,2400;174,0200;367;875;24266
Ex 3 day 18;6;210;0,0127;2,0282;1,8179;2,8300;159,8600;315;791;24266
Ex 3 day 18;6;211;0,0127;1,5979;1,3909;3,7700;125,9500;332;870;24266
Ex 3 day 18;6;212;0,0127;1,7917;1,3871;2,8300;141,2200;331;926;24266
Ex 3 day 18;7;213;0,0144;4,5822;3,6729;2,8300;317,5900;421;858;18174
Ex 3 day 18;7;214;0,0144;4,6515;3,2515;3,3000;322,3900;441;815;18174
Ex 3 day 18;7;215;0,0144;4,3502;2,9873;3,3000;301,5100;386;884;18174
Ex 3 day 18;7;216;0,0144;4,0622;3,0907;3,7700;281,5500;393;845;18174
Ex 3 day 18;7;217;0,0144;4,2601;3,0588;3,3000;295,2600;438;922;18174
Ex 3 day 18;7;218;0,0144;3,7742;3,2651;2,8300;261,5900;443;873;18174
Ex 3 day 18;7;219;0,0144;3,7426;2,5891;3,3000;259,4000;454;934;18174
Ex 3 day 18;7;220;0,0144;3,5228;3,0453;2,8300;244,1600;416;843;18174
Ex 3 day 18;7;221;0,0144;3,5508;2,9827;2,8300;246,1100;454;902;18174
Ex 3 day 18;7;222;0,0144;2,7601;2,2860;2,8300;191,3000;393;793;18174
Ex 3 day 18;7;223;0,0144;3,0424;2,6774;2,8300;210,8600;403;806;18174
Ex 3 day 18;7;224;0,0144;3,5190;2,9750;2,8300;243,9000;417;960;18174
Ex 3 day 18;7;225;0,0144;3,0008;2,1764;3,3000;207,9800;411;829;18174
Ex 3 day 18;7;226;0,0144;3,0995;2,1906;3,3000;214,8200;414;938;18174
Ex 3 day 18;7;227;0,0144;3,0847;2,1427;3,3000;213,8000;394;897;18174
Ex 3 day 18;7;228;0,0144;2,6132;2,0969;3,7700;181,1200;415;885;18174
Ex 3 day 18;7;229;0,0144;2,7032;2,3374;2,8300;187,3600;466;833;18174
Ex 3 day 18;7;230;0,0144;2,8229;2,3949;2,8300;195,6500;444;831;18174
Ex 3 day 18;7;231;0,0144;3,0433;2,6116;2,8300;210,9300;464;854;18174
Ex 3 day 18;7;232;0,0144;2,2519;1,7764;2,8300;156,0800;384;936;18174
Ex 3 day 18;7;233;0,0144;2,3806;2,0339;2,8300;165,0000;397;914;18174
Ex 3 day 18;7;234;0,0144;1,9117;1,4955;2,8300;132,5000;440;892;18174
Ex 3 day 18;7;235;0,0144;2,5452;2,1326;2,8300;176,4000;388;945;18174
Ex 3 day 18;7;236;0,0144;1,8942;1,3627;3,3000;131,2900;435;847;18174
Ex 3 day 18;7;237;0,0144;1,4868;1,2140;2,8300;103,0500;377;857;18174
Ex 3 day 18;7;238;0,0144;2,2892;1,4312;3,7700;158,6600;418;816;18174
Ex 3 day 18;7;239;0,0144;1,9986;1,3551;3,3000;138,5200;387;821;18174
Ex 3 day 18;7;240;0,0144;1,9938;1,6160;2,8300;138,1900;435;859;18174
Ex 3 day 18;7;241;0,0144;2,6418;1,8329;3,3000;183,1000;474;895;18174
Ex 3 day 18;7;242;0,0144;2,2635;1,6963;2,8300;156,8800;397;933;18174
Ex 3 day 18;7;243;0,0144;1,8448;1,5772;2,8300;127,8600;404;868;18174
Ex 3 day 18;7;244;0,0144;2,2645;1,9305;2,8300;156,9500;382;870;18174
Ex 3 day 18;7;245;0,0144;1,3571;0,7669;3,3000;94,0600;416;909;18174
Ex 3 day 18;7;246;0,0144;1,7258;1,3599;2,8300;119,6100;379;913;18174
Ex 3 day 18;7;247;0,0144;0,9194;1,0260;4,2400;63,7200;423;918;18174
Ex 3 day 18;7;248;0,0144;1,7903;1,4870;2,8300;124,0800;396;828;18174
Ex 3 day 18;7;249;0,0144;2,1355;1,6174;2,8300;148,0100;411;809;18174
Ex 3 day 18;7;250;0,0144;1,8752;1,3645;3,7700;129,9700;445;845;18174
Ex 3 day 181;1;1;-0,0061;3,6023;2,3610;4,2400;-590,2800;996;284;6398
Ex 3 day 181;1;2;-0,0061;3,1229;2,2722;3,3000;-511,7100;1000;261;6398
Ex 3 day 181;1;3;-0,0061;2,8585;2,2193;4,7100;-468,4000;1066;284;6398
Ex 3 day 181;1;4;-0,0061;3,1355;2,6183;2,8300;-513,7900;1014;246;6398
Ex 3 day 181;1;5;-0,0061;2,6637;1,8941;3,7700;-436,4800;1053;261;6398
Ex 3 day 181;1;6;-0,0061;1,7134;1,4577;2,8300;-280,7500;975;266;6398
Ex 3 day 181;1;7;-0,0061;2,6283;2,0907;2,8300;-430,6800;1055;232;6398
Ex 3 day 181;1;8;-0,0061;1,1492;1,1584;3,7700;-188,3100;1045;276;6398
Ex 3 day 181;1;9;-0,0061;1,9395;1,3736;3,7700;-317,8100;984;225;6398
Ex 3 day 181;1;10;-0,0061;1,6402;1,3064;2,8300;-268,7700;1017;257;6398
Ex 3 day 181;4;11;0,0366;4,1460;3,4914;2,8300;113,2300;338;392;13662
Ex 3 day 181;4;12;0,0366;3,8149;2,8266;3,7700;104,1800;337;315;13662
Ex 3 day 181;4;13;0,0366;4,0345;2,8017;3,3000;110,1800;267;296;13662
Ex 3 day 181;4;14;0,0366;4,1529;2,8415;3,3000;113,4100;290;293;13662
Ex 3 day 181;4;15;0,0366;3,4977;2,4988;3,7700;95,5200;262;314;13662
Ex 3 day 181;4;16;0,0366;3,5295;2,4956;3,3000;96,3900;313;288;13662
Ex 3 day 181;4;17;0,0366;3,5666;2,0513;4,2400;97,4000;242;315;13662
Ex 3 day 181;4;18;0,0366;3,5194;3,0568;2,8300;96,1100;287;306;13662
Ex 3 day 181;4;19;0,0366;3,1665;2,3279;3,7700;86,4800;284;376;13662
Ex 3 day 181;4;20;0,0366;3,4580;2,9319;2,8300;94,4400;307;321;13662
Ex 3 day 181;4;21;0,0366;3,1937;2,4570;3,3000;87,2200;323;389;13662
Ex 3 day 181;4;22;0,0366;3,2935;2,7279;2,8300;89,9400;254;373;13662
Ex 3 day 181;4;23;0,0366;3,1573;2,2529;3,7700;86,2200;272;359;13662
Ex 3 day 181;4;24;0,0366;2,9774;2,1631;3,7700;81,3100;272;384;13662
Ex 3 day 181;4;25;0,0366;3,3500;2,4280;3,7700;91,4900;313;367;13662
Ex 3 day 181;4;26;0,0366;2,9071;2,0503;4,2400;79,3900;306;343;13662
Ex 3 day 181;4;27;0,0366;2,6732;2,3010;2,8300;73,0000;297;381;13662
Ex 3 day 181;4;28;0,0366;3,0549;2,5371;2,8300;83,4300;290;392;13662
Ex 3 day 181;4;29;0,0366;2,5214;2,0402;2,8300;68,8600;278;397;13662
Ex 3 day 181;4;30;0,0366;2,8455;1,8884;4,2400;77,7100;261;350;13662
Ex 3 day 181;4;31;0,0366;2,8730;2,2966;2,8300;78,4600;328;296;13662
Ex 3 day 181;4;32;0,0366;2,2490;2,0056;2,8300;61,4200;341;349;13662
Ex 3 day 181;4;33;0,0366;2,3230;2,0182;2,8300;63,4400;348;355;13662
Ex 3 day 181;4;34;0,0366;2,3281;1,8880;2,8300;63,5800;333;368;13662
Ex 3 day 181;4;35;0,0366;2,2765;1,9488;2,8300;62,1700;260;336;13662
Ex 3 day 181;4;36;0,0366;2,0833;1,5673;3,3000;56,8900;270;333;13662
Ex 3 day 181;4;37;0,0366;2,1702;1,7786;2,8300;59,2700;326;301;13662
Ex 3 day 181;4;38;0,0366;1,5520;1,3330;2,8300;42,3800;316;299;13662
Ex 3 day 181;4;39;0,0366;1,6669;1,3219;2,8300;45,5200;269;411;13662
Ex 3 day 181;4;40;0,0366;1,6962;1,3478;4,7100;46,3200;283;339;13662
Ex 3 day 181;4;41;0,0366;2,3541;2,0683;2,8300;64,2900;331;332;13662
Ex 3 day 181;4;42;0,0366;1,4786;1,0966;2,8300;40,3800;319;306;13662
Ex 3 day 181;4;43;0,0366;1,5131;1,3030;2,8300;41,3200;302;316;13662
Ex 3 day 181;4;44;0,0366;1,7755;1,5966;2,8300;48,4900;259;396;13662
Ex 3 day 181;5;45;0,0381;4,3888;2,8790;3,3000;115,3400;888;522;4477
Ex 3 day 181;5;46;0,0381;2,9361;2,3125;2,8300;77,1600;897;500;4477
Ex 3 day 181;5;47;0,0381;2,4950;1,5097;2,8300;65,5700;918;528;4477
Ex 3 day 181;5;48;0,0381;2,0853;1,5070;3,3000;54,8000;915;497;4477
Ex 3 day 181;5;49;0,0381;2,2812;1,8995;2,8300;59,9500;911;533;4477
Ex 3 day 181;5;50;0,0381;2,4193;1,8436;2,8300;63,5800;923;504;4477
Ex 3 day 181;5;51;0,0381;1,9482;1,4597;2,8300;51,2000;928;506;4477
Ex 3 day 181;6;52;-0,0197;3,1705;2,7179;2,8300;-161,1000;948;535;4132
Ex 3 day 181;6;53;-0,0197;3,1648;2,1340;4,2400;-160,8100;976;543;4132
Ex 3 day 181;6;54;-0,0197;2,2563;1,4799;3,3000;-114,6400;1001;517;4132
Ex 3 day 181;6;55;-0,0197;1,7551;1,3158;2,8300;-89,1800;962;534;4132
Ex 3 day 181;6;56;-0,0197;1,6567;1,2450;3,7700;-84,1800;968;518;4132
Ex 3 day 181;7;57;0,0781;4,7931;3,9570;2,8300;61,3600;470;646;9882
Ex 3 day 181;7;58;0,0781;4,0374;3,4640;2,8300;51,6900;469;571;9882
Ex 3 day 181;7;59;0,0781;4,2429;3,6602;2,8300;54,3200;491;638;9882
Ex 3 day 181;7;60;0,0781;3,4513;2,9659;2,8300;44,1800;495;586;9882
Ex 3 day 181;7;61;0,0781;3,3690;2,5294;3,7700;43,1300;492;623;9882
Ex 3 day 181;7;62;0,0781;3,5340;3,1454;2,8300;45,2400;475;601;9882
Ex 3 day 181;7;63;0,0781;3,0890;2,4663;2,8300;39,5500;438;593;9882
Ex 3 day 181;7;64;0,0781;3,1401;2,2841;3,3000;40,2000;444;652;9882
Ex 3 day 181;7;65;0,0781;2,4846;2,2337;2,8300;31,8100;441;618;9882
Ex 3 day 181;7;66;0,0781;2,7589;2,1415;3,3000;35,3200;516;613;9882
Ex 3 day 181;7;67;0,0781;2,1672;1,8133;2,8300;27,7400;478;634;9882
Ex 3 day 181;7;68;0,0781;1,9177;1,6627;2,8300;24,5500;460;606;9882
Ex 3 day 181;7;69;0,0781;2,3827;2,0978;2,8300;30,5000;447;560;9882
Ex 3 day 181;7;70;0,0781;2,3863;1,3543;3,3000;30,5500;447;572;9882
Ex 3 day 181;7;71;0,0781;2,4362;2,1710;2,8300;31,1900;403;607;9882
Ex 3 day 181;7;72;0,0781;2,0975;1,7379;2,8300;26,8500;410;585;9882
Ex 3 day 181;7;73;0,0781;2,0478;1,5662;2,8300;26,2200;461;559;9882
Ex 3 day 181;7;74;0,0781;1,8693;1,4706;2,8300;23,9300;416;607;9882
Ex 3 day 181;7;75;0,0781;2,0256;1,1655;4,2400;25,9300;453;587;9882
Ex 3 day 181;7;76;0,0781;2,2853;1,4898;4,2400;29,2600;486;562;9882
Ex 3 day 181;7;77;0,0781;1,7100;1,3569;2,8300;21,8900;457;570;9882
Ex 3 day 181;7;78;0,0781;2,2436;2,0021;2,8300;28,7200;435;580;9882
Ex 3 day 181;7;79;0,0781;2,4942;2,2220;2,8300;31,9300;429;579;9882
Ex 3 day 181;7;80;0,0781;2,4433;2,0087;2,8300;31,2800;495;604;9882
Ex 3 day 181;7;81;0,0781;1,8031;1,4135;2,8300;23,0800;489;571;9882
Ex 3 day 181;7;82;0,0781;1,1902;0,9420;2,8300;15,2400;465;631;9882
Ex 3 day 181;8;83;0,0616;4,2965;3,1710;3,3000;69,7800;340;701;10918
Ex 3 day 181;8;84;0,0616;4,4504;2,9867;3,3000;72,2800;390;681;10918
Ex 3 day 181;8;85;0,0616;4,4802;3,1230;2,8300;72,7700;347;744;10918
Ex 3 day 181;8;86;0,0616;3,8930;2,8342;3,3000;63,2300;304;687;10918
Ex 3 day 181;8;87;0,0616;3,6633;2,7155;3,7700;59,5000;339;668;10918
Ex 3 day 181;8;88;0,0616;3,3239;2,3313;3,3000;53,9900;409;688;10918
Ex 3 day 181;8;89;0,0616;2,6944;2,3437;2,8300;43,7600;401;717;10918
Ex 3 day 181;8;90;0,0616;2,1305;1,7904;2,8300;34,6000;374;717;10918
Ex 3 day 181;8;91;0,0616;2,7407;2,1645;2,8300;44,5100;339;681;10918
Ex 3 day 181;8;92;0,0616;2,3582;1,5044;3,3000;38,3000;362;735;10918
Ex 3 day 181;8;93;0,0616;2,4740;1,8707;2,8300;40,1800;396;703;10918
Ex 3 day 181;8;94;0,0616;2,7263;1,9025;3,3000;44,2800;407;673;10918
Ex 3 day 181;8;95;0,0616;1,9692;1,3226;2,8300;31,9800;371;650;10918
Ex 3 day 181;8;96;0,0616;2,6850;1,9687;2,8300;43,6100;324;710;10918
Ex 3 day 181;8;97;0,0616;0,7938;1,2674;3,7700;12,8900;406;704;10918
Ex 3 day 181;8;98;0,0616;2,2575;1,4035;3,7700;36,6700;347;722;10918
Ex 3 day 181;8;99;0,0616;2,2092;1,6908;2,8300;35,8800;361;701;10918
Ex 3 day 181;8;100;0,0616;1,8361;1,4326;3,3000;29,8200;386;758;10918
Ex 3 day 181;8;101;0,0616;1,2729;1,2128;2,8300;20,6700;386;746;10918
Ex 3 day 181;8;102;0,0616;1,5824;1,1516;4,7100;25,7000;371;745;10918
Ex 3 day 181;8;103;0,0616;1,8104;1,3878;2,8300;29,4000;320;719;10918
Ex 3 day 181;8;104;0,0616;2,6346;2,0314;2,8300;42,7900;385;716;10918
Ex 3 day 181;8;105;0,0616;1,9079;1,5430;2,8300;30,9900;329;728;10918
Ex 3 day 181;8;106;0,0616;2,0455;1,4723;3,7700;33,2200;360;685;10918
Ex 3 day 181;8;107;0,0616;1,8520;1,3957;2,8300;30,0800;369;683;10918
Ex 3 day 181;8;108;0,0616;1,0799;0,8834;3,3000;17,5400;372;727;10918
Ex 3 day 181;8;109;0,0616;1,9215;1,6546;2,8300;31,2100;357;692;10918
Ex 3 day 181;8;110;0,0616;1,9313;1,4450;2,8300;31,3700;357;749;10918
Ex 3 day 181;8;111;0,0616;1,6421;0,9573;4,2400;26,6700;356;715;10918
Ex 3 day 181;8;112;0,0616;2,0337;1,0298;5,1900;33,0300;378;698;10918
Ex 3 day 181;8;113;0,0616;1,5652;1,1687;2,8300;25,4200;328;715;10918
Ex 3 day 181;8;114;0,0616;1,8541;1,4512;2,8300;30,1100;366;674;10918
Ex 3 day 181;8;115;0,0616;2,2289;1,3444;2,8300;36,2000;349;738;10918
Ex 3 day 181;11;116;0,0495;3,4957;2,7383;2,8300;70,6700;781;924;4628
Ex 3 day 181;11;117;0,0495;2,7947;2,1688;2,8300;56,5000;786;903;4628
Ex 3 day 181;11;118;0,0495;2,8959;2,1661;3,7700;58,5400;814;917;4628
Ex 3 day 181;11;119;0,0495;1,9695;1,5176;5,1900;39,8100;787;879;4628
Ex 3 day 181;11;120;0,0495;1,9001;1,4378;2,8300;38,4100;817;877;4628
Ex 3 day 181;11;121;0,0495;2,0626;1,7059;2,8300;41,7000;813;867;4628
Ex 3 day 181;11;122;0,0495;2,5341;1,6652;3,7700;51,2300;802;888;4628
Ex 3 day 181;11;123;0,0495;2,6442;1,8612;3,3000;53,4500;836;881;4628
Ex 3 day 181;11;124;0,0495;2,2413;1,8972;2,8300;45,3100;800;912;4628
Ex 3 day 181;11;125;0,0495;1,0718;1,3831;4,2400;21,6700;800;920;4628
Ex 3 day 181;11;126;0,0495;2,3370;2,0935;2,8300;47,2400;841;889;4628
Ex 3 day 181;11;127;0,0495;2,5478;2,0379;2,8300;51,5100;816;924;4628
Ex 3 day 181;11;128;0,0495;1,9809;1,5915;2,8300;40,0500;768;900;4628
Ex 3 day 181;11;129;0,0495;1,9978;1,6735;3,3000;40,3900;827;864;4628
Ex 3 day 181;11;130;0,0495;1,9224;1,4662;2,8300;38,8600;811;882;4628
Ex 3 day 181;11;131;0,0495;1,8549;1,5084;2,8300;37,5000;777;912;4628
Ex 3 day 181;11;132;0,0495;1,8862;1,5757;2,8300;38,1300;804;924;4628
Ex 3 day 181;12;133;0,7196;2,4153;2,0377;2,8300;3,3600;1148;966;773
Ex 3 day 181;12;134;0,7196;2,4259;1,9589;2,8300;3,3700;1147;956;773
Ex 3 day 181;12;135;0,7196;1,1935;0,9256;3,7700;1,6600;1181;965;773
Ex 3 day 181;12;136;0,7196;1,9780;1,5752;2,8300;2,7500;1156;966;773
Ex 3 day 181;12;137;0,7196;1,8196;1,3532;2,8300;2,5300;1171;966;773
Ex 3 day 181;12;138;0,7196;1,8475;1,3405;2,8300;2,5700;1163;966;773
Ex 3 day 1810;1;1;-0,0029;5,3646;4,2972;2,8300;-1851,5500;746;48;20046
Ex 3 day 1810;1;2;-0,0029;4,9535;4,2540;2,8300;-1709,6700;690;93;20046
Ex 3 day 1810;1;3;-0,0029;3,9829;2,8566;3,3000;-1374,6600;702;159;20046
Ex 3 day 1810;1;4;-0,0029;3,5564;2,6513;3,7700;-1227,4500;745;142;20046
Ex 3 day 1810;1;5;-0,0029;3,4865;2,5845;3,7700;-1203,3200;773;125;20046
Ex 3 day 1810;1;6;-0,0029;3,1097;2,7046;2,8300;-1073,2800;732;157;20046
Ex 3 day 1810;1;7;-0,0029;3,2180;2,2743;4,2400;-1110,6700;739;98;20046
Ex 3 day 1810;1;8;-0,0029;2,7462;2,3617;2,8300;-947,8400;744;62;20046
Ex 3 day 1810;1;9;-0,0029;3,2847;2,0435;3,3000;-1133,6900;729;140;20046
Ex 3 day 1810;1;10;-0,0029;3,0358;2,1092;4,7100;-1047,7700;657;77;20046
Ex 3 day 1810;1;11;-0,0029;3,1534;2,4351;3,3000;-1088,3700;774;79;20046
Ex 3 day 1810;1;12;-0,0029;3,1432;2,7052;2,8300;-1084,8500;778;61;20046
Ex 3 day 1810;1;13;-0,0029;2,7807;1,9569;3,3000;-959,7300;782;109;20046
Ex 3 day 1810;1;14;-0,0029;3,2527;2,8049;2,8300;-1122,6300;758;150;20046
Ex 3 day 1810;1;15;-0,0029;3,0563;2,0180;3,3000;-1054,8600;761;123;20046
Ex 3 day 1810;1;16;-0,0029;2,5789;1,9896;2,8300;-890,0900;748;80;20046
Ex 3 day 1810;1;17;-0,0029;2,1724;1,7954;2,8300;-749,7700;678;69;20046
Ex 3 day 1810;1;18;-0,0029;3,2388;2,3619;3,3000;-1117,8300;680;148;20046
Ex 3 day 1810;1;19;-0,0029;2,2662;1,8184;2,8300;-782,1600;771;49;20046
Ex 3 day 1810;1;20;-0,0029;2,7335;2,4414;2,8300;-943,4400;716;99;20046
Ex 3 day 1810;1;21;-0,0029;2,3329;1,8387;2,8300;-805,1600;751;66;20046
Ex 3 day 1810;1;22;-0,0029;2,1004;1,6297;4,2400;-724,9400;717;63;20046
Ex 3 day 1810;1;23;-0,0029;1,6865;1,2798;4,2400;-582,0700;680;56;20046
Ex 3 day 1810;1;24;-0,0029;2,8793;2,5113;2,8300;-993,7800;659;109;20046
Ex 3 day 1810;1;25;-0,0029;1,5601;1,2179;3,3000;-538,4600;759;60;20046
Ex 3 day 1810;1;26;-0,0029;1,9916;1,6037;2,8300;-687,3900;738;114;20046
Ex 3 day 1810;1;27;-0,0029;1,6333;1,2890;2,8300;-563,7200;702;188;20046
Ex 3 day 1810;1;28;-0,0029;1,8064;1,0839;3,3000;-623,4700;671;83;20046
Ex 3 day 1810;1;29;-0,0029;2,5258;1,7048;2,8300;-871,7400;731;116;20046
Ex 3 day 1810;1;30;-0,0029;1,5912;1,1243;2,8300;-549,1800;657;172;20046
Ex 3 day 1810;1;31;-0,0029;2,1735;1,7724;2,8300;-750,1800;648;100;20046
Ex 3 day 1810;1;32;-0,0029;1,7914;1,5422;2,8300;-618,3000;731;178;20046
Ex 3 day 1810;1;33;-0,0029;1,1909;1,1272;5,1900;-411,0400;700;44;20046
Ex 3 day 1810;1;34;-0,0029;1,7229;1,3951;2,8300;-594,6600;714;78;20046
Ex 3 day 1810;1;35;-0,0029;2,0296;1,6195;2,8300;-700,4900;734;128;20046
Ex 3 day 1810;1;36;-0,0029;2,3714;1,6963;3,3000;-818,4700;644;128;20046
Ex 3 day 1810;1;37;-0,0029;1,5525;1,1591;2,8300;-535,8300;679;177;20046
Ex 3 day 1810;2;38;0,0384;3,4470;2,9934;2,8300;89,6600;623;63;7067
Ex 3 day 1810;2;39;0,0384;3,2324;2,8036;2,8300;84,0800;601;82;7067
Ex 3 day 1810;2;40;0,0384;2,9808;2,0715;3,3000;77,5400;585;97;7067
Ex 3 day 1810;2;41;0,0384;3,3671;2,9755;2,8300;87,5900;629;97;7067
Ex 3 day 1810;2;42;0,0384;2,9504;2,4138;2,8300;76,7400;579;151;7067
Ex 3 day 1810;2;43;0,0384;1,8467;1,3753;3,7700;48,0400;611;165;7067
Ex 3 day 1810;2;44;0,0384;1,6988;1,5674;5,6600;44,1900;613;83;7067
Ex 3 day 1810;2;45;0,0384;2,3952;2,1185;2,8300;62,3000;586;128;7067
Ex 3 day 1810;2;46;0,0384;2,0731;1,1770;4,2400;53,9300;592;152;7067
Ex 3 day 1810;2;47;0,0384;1,7496;1,2923;3,7700;45,5100;594;124;7067
Ex 3 day 1810;4;48;0,0314;4,6510;4,0755;2,8300;148,1500;798;330;34744
Ex 3 day 1810;4;49;0,0314;4,5220;3,0312;3,3000;144,0400;812;314;34744
Ex 3 day 1810;4;50;0,0314;4,5860;3,8372;2,8300;146,0800;874;298;34744
Ex 3 day 1810;4;51;0,0314;4,0631;2,6289;3,3000;129,4200;781;336;34744
Ex 3 day 1810;4;52;0,0314;4,3396;3,0398;3,7700;138,2300;756;266;34744
Ex 3 day 1810;4;53;0,0314;4,1211;3,4051;2,8300;131,2700;757;339;34744
Ex 3 day 1810;4;54;0,0314;3,7793;2,8076;3,7700;120,3900;778;381;34744
Ex 3 day 1810;4;55;0,0314;3,9511;2,6861;3,3000;125,8600;872;319;34744
Ex 3 day 1810;4;56;0,0314;4,0146;3,4337;2,8300;127,8800;764;393;34744
Ex 3 day 1810;4;57;0,0314;3,7683;3,2722;2,8300;120,0400;743;369;34744
Ex 3 day 1810;4;58;0,0314;3,5992;2,3716;4,2400;114,6500;812;279;34744
Ex 3 day 1810;4;59;0,0314;3,5408;2,4193;4,2400;112,7900;773;316;34744
Ex 3 day 1810;4;60;0,0314;3,2542;2,8498;2,8300;103,6600;804;252;34744
Ex 3 day 1810;4;61;0,0314;3,2105;2,5816;3,7700;102,2700;741;288;34744
Ex 3 day 1810;4;62;0,0314;3,3323;3,0045;2,8300;106,1500;717;338;34744
Ex 3 day 1810;4;63;0,0314;3,4838;3,0330;2,8300;110,9700;768;233;34744
Ex 3 day 1810;4;64;0,0314;3,2406;2,4630;3,7700;103,2300;755;287;34744
Ex 3 day 1810;4;65;0,0314;3,3463;2,5283;3,7700;106,5900;857;269;34744
Ex 3 day 1810;4;66;0,0314;3,2660;2,3899;3,7700;104,0300;807;374;34744
Ex 3 day 1810;4;67;0,0314;2,9977;2,3939;3,7700;95,4900;845;356;34744
Ex 3 day 1810;4;68;0,0314;2,9652;2,3279;2,8300;94,4500;815;224;34744
Ex 3 day 1810;4;69;0,0314;3,0077;2,6617;2,8300;95,8100;797;415;34744
Ex 3 day 1810;4;70;0,0314;3,4698;2,7248;2,8300;110,5300;800;354;34744
Ex 3 day 1810;4;71;0,0314;3,0519;2,0939;3,3000;97,2100;773;295;34744
Ex 3 day 1810;4;72;0,0314;3,4144;2,9089;2,8300;108,7600;836;294;34744
Ex 3 day 1810;4;73;0,0314;2,8883;1,8174;3,3000;92,0000;857;323;34744
Ex 3 day 1810;4;74;0,0314;3,2328;2,8502;2,8300;102,9800;777;365;34744
Ex 3 day 1810;4;75;0,0314;2,3466;1,8593;2,8300;74,7500;746;250;34744
Ex 3 day 1810;4;76;0,0314;2,9907;2,0910;3,3000;95,2600;767;284;34744
Ex 3 day 1810;4;77;0,0314;3,0006;2,5096;2,8300;95,5800;828;232;34744
Ex 3 day 1810;4;78;0,0314;2,9201;2,2803;3,7700;93,0200;875;351;34744
Ex 3 day 1810;4;79;0,0314;2,7367;1,6981;3,3000;87,1800;781;247;34744
Ex 3 day 1810;4;80;0,0314;2,6471;1,8551;3,3000;84,3200;755;219;34744
Ex 3 day 1810;4;81;0,0314;2,8456;2,3947;2,8300;90,6400;798;275;34744
Ex 3 day 1810;4;82;0,0314;2,7624;1,7508;3,3000;87,9900;832;313;34744
Ex 3 day 1810;4;83;0,0314;2,8027;2,3865;2,8300;89,2800;778;214;34744
Ex 3 day 1810;4;84;0,0314;1,9701;1,6928;4,7100;62,7500;731;340;34744
Ex 3 day 1810;4;85;0,0314;2,4214;1,8305;2,8300;77,1300;743;326;34744
Ex 3 day 1810;4;86;0,0314;2,1904;1,9387;2,8300;69,7700;743;337;34744
Ex 3 day 1810;4;87;0,0314;2,7585;2,0191;2,8300;87,8700;807;404;34744
Ex 3 day 1810;4;88;0,0314;2,3275;2,0372;2,8300;74,1400;854;248;34744
Ex 3 day 1810;4;89;0,0314;2,7027;2,4131;2,8300;86,0900;791;276;34744
Ex 3 day 1810;4;90;0,0314;2,5740;1,8473;3,3000;81,9900;767;411;34744
Ex 3 day 1810;4;91;0,0314;2,3293;1,9197;2,8300;74,2000;754;242;34744
Ex 3 day 1810;4;92;0,0314;2,5024;1,3774;4,2400;79,7100;747;406;34744
Ex 3 day 1810;4;93;0,0314;2,2084;1,8360;2,8300;70,3500;777;413;34744
Ex 3 day 1810;4;94;0,0314;2,6743;2,1635;2,8300;85,1900;790;205;34744
Ex 3 day 1810;4;95;0,0314;1,9172;1,5103;3,7700;61,0700;845;306;34744
Ex 3 day 1810;4;96;0,0314;1,8105;1,5443;4,7100;57,6700;807;208;34744
Ex 3 day 1810;4;97;0,0314;2,2524;1,8196;2,8300;71,7500;813;299;34744
Ex 3 day 1810;4;98;0,0314;2,7484;2,4303;2,8300;87,5500;720;278;34744
Ex 3 day 1810;4;99;0,0314;2,0383;1,5464;2,8300;64,9300;817;296;34744
Ex 3 day 1810;4;100;0,0314;1,7452;1,4786;3,7700;55,5900;826;207;34744
Ex 3 day 1810;4;101;0,0314;2,0548;1,5270;4,7100;65,4500;726;360;34744
Ex 3 day 1810;4;102;0,0314;2,1640;1,8542;2,8300;68,9300;803;234;34744
Ex 3 day 1810;4;103;0,0314;1,8669;1,6386;2,8300;59,4700;819;258;34744
Ex 3 day 1810;4;104;0,0314;2,3898;1,9399;2,8300;76,1200;858;311;34744
Ex 3 day 1810;4;105;0,0314;1,5223;1,2650;3,7700;48,4900;845;325;34744
Ex 3 day 1810;4;106;0,0314;1,4600;1,1154;3,3000;46,5100;801;342;34744
Ex 3 day 1810;4;107;0,0314;2,0843;1,6555;2,8300;66,3900;835;209;34744
Ex 3 day 1810;4;108;0,0314;1,6063;1,2247;3,3000;51,1700;794;387;34744
Ex 3 day 1810;4;109;0,0314;2,3070;1,9142;2,8300;73,4900;828;401;34744
Ex 3 day 1810;4;110;0,0314;1,8009;1,4574;2,8300;57,3700;861;304;34744
Ex 3 day 1810;4;111;0,0314;1,6112;1,0951;3,3000;51,3200;734;325;34744
Ex 3 day 1810;4;112;0,0314;2,1424;1,8040;2,8300;68,2500;831;376;34744
Ex 3 day 1810;4;113;0,0314;2,1022;1,7039;2,8300;66,9600;832;257;34744
Ex 3 day 1810;4;114;0,0314;1,9168;1,3967;2,8300;61,0600;726;297;34744
Ex 3 day 1810;4;115;0,0314;2,2102;1,8779;2,8300;70,4000;766;225;34744
Ex 3 day 1810;4;116;0,0314;2,1331;1,5861;2,8300;67,9500;812;344;34744
Ex 3 day 1810;4;117;0,0314;1,7543;1,4241;2,8300;55,8800;818;334;34744
Ex 3 day 1810;4;118;0,0314;1,8537;1,5358;2,8300;59,0500;791;398;34744
Ex 3 day 1810;4;119;0,0314;1,6588;1,3058;2,8300;52,8400;802;302;34744
Ex 3 day 1810;4;120;0,0314;1,7370;1,5769;2,8300;55,3300;819;342;34744
Ex 3 day 1810;4;121;0,0314;2,4890;2,0263;2,8300;79,2900;742;236;34744
Ex 3 day 1810;4;122;0,0314;1,4634;1,1477;2,8300;46,6200;760;371;34744
Ex 3 day 1810;4;123;0,0314;2,2567;1,4054;2,8300;71,8900;743;242;34744
Ex 3 day 1810;4;124;0,0314;1,8583;1,3528;3,3000;59,1900;823;351;34744
Ex 3 day 1810;4;125;0,0314;1,1522;0,9601;5,1900;36,7000;729;322;34744
Ex 3 day 1810;4;126;0,0314;1,8557;1,3630;2,8300;59,1100;772;260;34744
Ex 3 day 1810;4;127;0,0314;1,9456;1,6158;2,8300;61,9700;793;302;34744
Ex 3 day 1810;4;128;0,0314;1,6202;1,2945;2,8300;51,6100;789;294;34744
Ex 3 day 1810;4;129;0,0314;1,8087;1,6251;2,8300;57,6200;816;405;34744
Ex 3 day 1810;5;130;0,0808;4,9224;4,2594;2,8300;60,9100;582;546;7987
Ex 3 day 1810;5;131;0,0808;4,9982;4,1696;2,8300;61,8400;579;510;7987
Ex 3 day 1810;5;132;0,0808;4,4401;3,7629;2,8300;54,9400;594;492;7987
Ex 3 day 1810;5;133;0,0808;4,0895;2,8303;3,3000;50,6000;561;539;7987
Ex 3 day 1810;5;134;0,0808;3,8265;2,7031;3,3000;47,3500;609;475;7987
Ex 3 day 1810;5;135;0,0808;3,7770;3,2918;2,8300;46,7300;596;459;7987
Ex 3 day 1810;5;136;0,0808;3,4123;2,6078;3,7700;42,2200;604;528;7987
Ex 3 day 1810;5;137;0,0808;3,6105;3,1332;2,8300;44,6700;616;462;7987
Ex 3 day 1810;5;138;0,0808;3,0778;2,5998;2,8300;38,0800;563;525;7987
Ex 3 day 1810;5;139;0,0808;2,4819;2,0589;2,8300;30,7100;582;523;7987
Ex 3 day 1810;5;140;0,0808;2,9930;2,2096;3,7700;37,0300;570;571;7987
Ex 3 day 1810;5;141;0,0808;2,4073;1,8916;2,8300;29,7900;597;540;7987
Ex 3 day 1810;5;142;0,0808;2,3891;1,7591;3,3000;29,5600;568;503;7987
Ex 3 day 1810;5;143;0,0808;2,3552;1,7802;3,7700;29,1400;612;451;7987
Ex 3 day 1810;5;144;0,0808;2,2826;1,9499;2,8300;28,2400;550;537;7987
Ex 3 day 1810;5;145;0,0808;2,0764;1,7977;2,8300;25,6900;601;449;7987
Ex 3 day 1810;6;146;0,1052;4,4137;3,8453;2,8300;41,9500;651;527;5210
Ex 3 day 1810;6;147;0,1052;3,9261;2,8285;3,3000;37,3200;627;540;5210
Ex 3 day 1810;6;148;0,1052;3,4920;2,9562;2,8300;33,1900;678;544;5210
Ex 3 day 1810;6;149;0,1052;2,2601;1,5115;3,3000;21,4800;640;558;5210
Ex 3 day 1810;6;150;0,1052;2,3188;1,9958;2,8300;22,0400;629;499;5210
Ex 3 day 1810;6;151;0,1052;1,9560;1,6274;2,8300;18,5900;636;544;5210
Ex 3 day 1810;6;152;0,1052;1,0965;0,6908;2,8300;10,4200;617;508;5210
Ex 3 day 1810;6;153;0,1052;2,4112;2,0587;2,8300;22,9200;635;506;5210
Ex 3 day 1810;7;154;0,0458;4,7204;4,1280;2,8300;103,1200;872;800;15248
Ex 3 day 1810;7;155;0,0458;4,3990;3,1183;3,3000;96,1000;869;777;15248
Ex 3 day 1810;7;156;0,0458;3,7267;2,4137;3,3000;81,4100;882;866;15248
Ex 3 day 1810;7;157;0,0458;3,3699;2,7207;2,8300;73,6200;892;799;15248
Ex 3 day 1810;7;158;0,0458;3,2947;2,8140;2,8300;71,9800;872;881;15248
Ex 3 day 1810;7;159;0,0458;3,5271;3,0739;2,8300;77,0500;834;888;15248
Ex 3 day 1810;7;160;0,0458;3,3083;2,5396;3,7700;72,2700;888;832;15248
Ex 3 day 1810;7;161;0,0458;2,9238;2,4668;2,8300;63,8700;898;822;15248
Ex 3 day 1810;7;162;0,0458;3,1931;2,3920;2,8300;69,7600;848;870;15248
Ex 3 day 1810;7;163;0,0458;2,5321;1,6738;3,3000;55,3200;902;843;15248
Ex 3 day 1810;7;164;0,0458;2,4825;2,2249;2,8300;54,2300;867;761;15248
Ex 3 day 1810;7;165;0,0458;2,4844;1,6312;4,7100;54,2700;857;829;15248
Ex 3 day 1810;7;166;0,0458;3,0201;2,5555;2,8300;65,9800;816;851;15248
Ex 3 day 1810;7;167;0,0458;2,7499;2,3194;2,8300;60,0700;881;915;15248
Ex 3 day 1810;7;168;0,0458;2,2825;1,3310;4,2400;49,8600;864;869;15248
Ex 3 day 1810;7;169;0,0458;2,9435;2,5319;2,8300;64,3000;829;802;15248
Ex 3 day 1810;7;170;0,0458;2,1228;1,5598;2,8300;46,3700;870;820;15248
Ex 3 day 1810;7;171;0,0458;2,3953;1,7135;3,7700;52,3300;831;816;15248
Ex 3 day 1810;7;172;0,0458;2,2537;1,6790;2,8300;49,2400;863;858;15248
Ex 3 day 1810;7;173;0,0458;1,9916;1,5394;2,8300;43,5100;834;845;15248
Ex 3 day 1810;7;174;0,0458;2,5805;1,9055;2,8300;56,3700;890;884;15248
Ex 3 day 1810;7;175;0,0458;2,5189;2,2503;2,8300;55,0300;813;858;15248
Ex 3 day 1810;7;176;0,0458;1,9374;1,8300;2,8300;42,3200;852;779;15248
Ex 3 day 1810;7;177;0,0458;1,7056;1,3332;3,7700;37,2600;834;861;15248
Ex 3 day 1810;7;178;0,0458;1,7926;1,3941;2,8300;39,1600;839;834;15248
Ex 3 day 1810;7;179;0,0458;2,0345;1,7444;2,8300;44,4500;874;899;15248
Ex 3 day 1810;7;180;0,0458;1,6417;1,4306;2,8300;35,8700;829;784;15248
Ex 3 day 1810;7;181;0,0458;1,2020;0,8620;2,8300;26,2600;843;849;15248
Ex 3 day 1810;7;182;0,0458;2,3599;2,1314;2,8300;51,5500;815;842;15248
Ex 3 day 1810;7;183;0,0458;1,7821;1,4220;3,7700;38,9300;883;852;15248
Ex 3 day 1810;7;184;0,0458;1,8133;1,5081;2,8300;39,6100;847;818;15248
Ex 3 day 1810;7;185;0,0458;2,2737;1,9858;2,8300;49,6700;896;794;15248
Ex 3 day 1810;7;186;0,0458;1,8352;1,5952;2,8300;40,0900;902;865;15248
Ex 3 day 1810;7;187;0,0458;1,3699;1,0475;3,3000;29,9300;864;901;15248
Ex 3 day 1810;7;188;0,0458;2,0994;1,7079;2,8300;45,8600;854;761;15248
Ex 3 day 1810;8;189;0,1151;3,3545;2,2739;3,3000;29,1500;909;824;5474
Ex 3 day 1810;8;190;0,1151;3,2717;2,3410;3,3000;28,4300;933;819;5474
Ex 3 day 1810;8;191;0,1151;3,4699;3,0125;2,8300;30,1600;937;882;5474
Ex 3 day 1810;8;192;0,1151;2,8168;2,3403;2,8300;24,4800;939;833;5474
Ex 3 day 1810;8;193;0,1151;2,4581;1,8963;2,8300;21,3600;908;842;5474
Ex 3 day 1810;8;194;0,1151;2,0042;1,6529;4,7100;17,4200;919;872;5474
Ex 3 day 1810;8;195;0,1151;1,9703;1,7045;2,8300;17,1200;921;888;5474
Ex 3 day 1810;8;196;0,1151;2,6420;1,9863;2,8300;22,9600;939;854;5474
Ex 3 day 1810;8;197;0,1151;1,4528;1,2058;2,8300;12,6300;916;851;5474
Ex 3 day 1810;8;198;0,1151;1,6590;1,2187;4,7100;14,4200;921;910;5474
Ex 3 day 1811;1;1;0,0805;4,8148;4,1499;2,8300;59,8300;170;53;3000
Ex 3 day 1811;1;2;0,0805;4,5076;3,9032;2,8300;56,0100;151;86;3000
Ex 3 day 1811;1;3;0,0805;3,8028;2,5134;3,3000;47,2500;137;88;3000
Ex 3 day 1811;1;4;0,0805;3,2364;2,3258;3,3000;40,2100;164;105;3000
Ex 3 day 1811;1;5;0,0805;2,8223;1,9660;3,3000;35,0700;158;119;3000
Ex 3 day 1811;1;6;0,0805;2,2779;2,0343;2,8300;28,3000;168;81;3000
Ex 3 day 1811;1;7;0,0805;2,4301;1,6856;2,8300;30,2000;178;36;3000
Ex 3 day 1811;1;8;0,0805;2,7430;2,2763;2,8300;34,0800;152;68;3000
Ex 3 day 1811;1;9;0,0805;2,6095;1,9332;2,8300;32,4300;146;72;3000
Ex 3 day 1811;2;10;0,0783;4,1606;2,9221;3,3000;53,1300;209;73;7408
Ex 3 day 1811;2;11;0,0783;4,3616;3,0178;3,3000;55,7000;189;46;7408
Ex 3 day 1811;2;12;0,0783;4,2379;2,9411;3,3000;54,1200;218;151;7408
Ex 3 day 1811;2;13;0,0783;3,7248;3,1267;2,8300;47,5700;222;74;7408
Ex 3 day 1811;2;14;0,0783;3,3269;2,2812;3,3000;42,4900;205;119;7408
Ex 3 day 1811;2;15;0,0783;3,1887;2,4456;3,7700;40,7200;201;89;7408
Ex 3 day 1811;2;16;0,0783;3,3193;2,2935;3,3000;42,3900;194;106;7408
Ex 3 day 1811;2;17;0,0783;3,0353;2,6307;2,8300;38,7600;240;86;7408
Ex 3 day 1811;2;18;0,0783;2,8745;2,2628;3,7700;36,7100;196;151;7408
Ex 3 day 1811;2;19;0,0783;3,0107;2,1977;3,3000;38,4500;207;135;7408
Ex 3 day 1811;2;20;0,0783;2,3196;2,1121;2,8300;29,6200;200;136;7408
Ex 3 day 1811;2;21;0,0783;1,8228;1,1842;2,8300;23,2800;226;87;7408
Ex 3 day 1811;2;22;0,0783;2,4973;1,8065;3,3000;31,8900;240;96;7408
Ex 3 day 1811;2;23;0,0783;2,3972;2,0961;2,8300;30,6100;235;103;7408
Ex 3 day 1811;2;24;0,0783;1,3719;1,1462;5,6600;17,5200;182;88;7408
Ex 3 day 1811;2;25;0,0783;1,2628;0,9316;3,3000;16,1300;175;130;7408
Ex 3 day 1811;2;26;0,0783;1,5408;1,2350;4,7100;19,6800;182;70;7408
Ex 3 day 1811;3;27;0,0650;4,6419;3,2609;3,3000;71,4400;523;363;21602
Ex 3 day 1811;3;28;0,0650;4,6366;3,9560;2,8300;71,3600;486;317;21602
Ex 3 day 1811;3;29;0,0650;4,6145;3,8929;2,8300;71,0200;522;349;21602
Ex 3 day 1811;3;30;0,0650;4,3740;3,8469;2,8300;67,3100;565;363;21602
Ex 3 day 1811;3;31;0,0650;4,5640;3,0403;3,3000;70,2400;473;386;21602
Ex 3 day 1811;3;32;0,0650;4,4690;3,9144;2,8300;68,7800;518;399;21602
Ex 3 day 1811;3;33;0,0650;4,3333;2,9138;3,3000;66,6900;506;385;21602
Ex 3 day 1811;3;34;0,0650;4,1827;2,9283;3,3000;64,3700;557;346;21602
Ex 3 day 1811;3;35;0,0650;4,3974;3,8317;2,8300;67,6700;476;363;21602
Ex 3 day 1811;3;36;0,0650;4,0078;2,7447;3,3000;61,6800;508;416;21602
Ex 3 day 1811;3;37;0,0650;3,5672;2,4846;3,3000;54,9000;531;383;21602
Ex 3 day 1811;3;38;0,0650;4,0002;3,3573;2,8300;61,5600;564;380;21602
Ex 3 day 1811;3;39;0,0650;3,6874;2,6004;3,3000;56,7500;464;413;21602
Ex 3 day 1811;3;40;0,0650;3,5357;3,0682;2,8300;54,4100;481;337;21602
Ex 3 day 1811;3;41;0,0650;3,3449;2,3933;3,3000;51,4800;542;320;21602
Ex 3 day 1811;3;42;0,0650;3,4434;2,5825;2,8300;52,9900;462;370;21602
Ex 3 day 1811;3;43;0,0650;2,9160;2,1157;3,3000;44,8800;473;433;21602
Ex 3 day 1811;3;44;0,0650;2,8039;1,9918;3,3000;43,1500;502;431;21602
Ex 3 day 1811;3;45;0,0650;2,8914;1,8277;3,3000;44,5000;580;338;21602
Ex 3 day 1811;3;46;0,0650;2,0713;1,5221;3,3000;31,8800;466;352;21602
Ex 3 day 1811;3;47;0,0650;2,2319;1,9285;2,8300;34,3500;502;373;21602
Ex 3 day 1811;3;48;0,0650;2,4536;2,1169;2,8300;37,7600;521;305;21602
Ex 3 day 1811;3;49;0,0650;2,6088;2,1882;2,8300;40,1500;501;323;21602
Ex 3 day 1811;3;50;0,0650;2,4336;1,4550;3,3000;37,4500;502;336;21602
Ex 3 day 1811;3;51;0,0650;2,4618;2,1391;2,8300;37,8900;471;397;21602
Ex 3 day 1811;3;52;0,0650;1,8811;1,6440;2,8300;28,9500;514;329;21602
Ex 3 day 1811;3;53;0,0650;2,4096;1,3649;4,7100;37,0800;494;350;21602
Ex 3 day 1811;3;54;0,0650;2,5367;2,1974;2,8300;39,0400;593;347;21602
Ex 3 day 1811;3;55;0,0650;2,0828;1,5281;3,7700;32,0500;459;433;21602
Ex 3 day 1811;3;56;0,0650;2,1251;1,8484;2,8300;32,7000;441;363;21602
Ex 3 day 1811;3;57;0,0650;1,7873;1,3930;3,7700;27,5100;453;350;21602
Ex 3 day 1811;3;58;0,0650;2,3778;1,7304;3,7700;36,5900;503;293;21602
Ex 3 day 1811;3;59;0,0650;1,8461;1,4433;2,8300;28,4100;489;338;21602
Ex 3 day 1811;3;60;0,0650;2,1602;1,6890;2,8300;33,2400;540;412;21602
Ex 3 day 1811;3;61;0,0650;1,3184;0,8975;3,3000;20,2900;491;397;21602
Ex 3 day 1811;3;62;0,0650;2,4326;2,0457;2,8300;37,4400;487;414;21602
Ex 3 day 1811;3;63;0,0650;1,8021;1,5594;2,8300;27,7300;533;329;21602
Ex 3 day 1811;3;64;0,0650;2,0131;1,7359;2,8300;30,9800;544;296;21602
Ex 3 day 1811;3;65;0,0650;1,0720;0,9064;2,8300;16,5000;499;360;21602
Ex 3 day 1811;3;66;0,0650;1,6396;1,2963;4,7100;25,2300;522;316;21602
Ex 3 day 1811;3;67;0,0650;1,6756;1,3592;2,8300;25,7900;550;369;21602
Ex 3 day 1811;3;68;0,0650;1,6145;1,2905;2,8300;24,8500;474;341;21602
Ex 3 day 1811;3;69;0,0650;1,6805;1,0755;3,3000;25,8600;486;381;21602
Ex 3 day 1811;3;70;0,0650;1,5844;1,3377;2,8300;24,3800;465;330;21602
Ex 3 day 1811;4;71;0,3085;3,5167;2,4880;3,3000;11,4000;492;666;2075
Ex 3 day 1811;4;72;0,3085;3,0953;2,6343;2,8300;10,0300;491;679;2075
Ex 3 day 1811;4;73;0,3085;3,3773;2,5937;3,3000;10,9500;479;642;2075
Ex 3 day 1811;4;74;0,3085;2,1465;1,7436;2,8300;6,9600;453;620;2075
Ex 3 day 1811;4;75;0,3085;2,2274;1,9144;2,8300;7,2200;456;628;2075
Ex 3 day 1811;5;76;-0,0027;5,5712;4,1304;2,8300;-2029,5200;720;688;45947
Ex 3 day 1811;5;77;-0,0027;4,3712;3,6658;2,8300;-1592,3700;659;786;45947
Ex 3 day 1811;5;78;-0,0027;4,5199;3,2491;3,3000;-1646,5300;730;723;45947
Ex 3 day 1811;5;79;-0,0027;4,5631;3,1727;3,3000;-1662,2700;714;783;45947
Ex 3 day 1811;5;80;-0,0027;4,4603;3,1060;3,3000;-1624,8100;786;665;45947
Ex 3 day 1811;5;81;-0,0027;4,5452;3,1378;3,3000;-1655,7600;713;731;45947
Ex 3 day 1811;5;82;-0,0027;4,2270;3,0121;3,3000;-1539,8100;674;658;45947
Ex 3 day 1811;5;83;-0,0027;4,1813;2,8841;3,3000;-1523,1700;722;640;45947
Ex 3 day 1811;5;84;-0,0027;4,4441;2,9657;3,3000;-1618,9000;730;804;45947
Ex 3 day 1811;5;85;-0,0027;4,2560;2,9092;3,3000;-1550,3900;769;668;45947
Ex 3 day 1811;5;86;-0,0027;4,0275;2,9508;3,7700;-1467,1600;647;684;45947
Ex 3 day 1811;5;87;-0,0027;4,0887;3,4635;2,8300;-1489,4600;614;687;45947
Ex 3 day 1811;5;88;-0,0027;4,0046;2,9429;3,7700;-1458,8200;774;650;45947
Ex 3 day 1811;5;89;-0,0027;3,9725;2,9448;3,7700;-1447,1000;712;764;45947
Ex 3 day 1811;5;90;-0,0027;3,9345;2,8817;3,7700;-1433,2700;571;761;45947
Ex 3 day 1811;5;91;-0,0027;3,9861;3,4964;2,8300;-1452,0900;731;653;45947
Ex 3 day 1811;5;92;-0,0027;4,0845;2,8118;3,3000;-1487,9400;700;647;45947
Ex 3 day 1811;5;93;-0,0027;3,6761;2,5751;3,3000;-1339,1400;760;706;45947
Ex 3 day 1811;5;94;-0,0027;3,6221;2,7472;3,7700;-1319,4800;684;797;45947
Ex 3 day 1811;5;95;-0,0027;4,2723;3,4666;2,8300;-1556,3400;731;760;45947
Ex 3 day 1811;5;96;-0,0027;3,7626;3,3622;2,8300;-1370,6500;777;726;45947
Ex 3 day 1811;5;97;-0,0027;2,8875;2,5332;2,8300;-1051,8700;646;703;45947
Ex 3 day 1811;5;98;-0,0027;3,6568;2,5437;3,3000;-1332,1100;682;751;45947
Ex 3 day 1811;5;99;-0,0027;3,1114;2,2890;3,3000;-1133,4500;638;760;45947
Ex 3 day 1811;5;100;-0,0027;3,4047;2,3913;3,3000;-1240,2900;538;707;45947
Ex 3 day 1811;5;101;-0,0027;3,6690;3,1085;2,8300;-1336,5700;595;738;45947
Ex 3 day 1811;5;102;-0,0027;3,3933;2,3503;3,3000;-1236,1300;527;722;45947
Ex 3 day 1811;5;103;-0,0027;3,5978;2,5463;3,3000;-1310,6000;768;752;45947
Ex 3 day 1811;5;104;-0,0027;3,4413;2,6193;3,7700;-1253,6200;615;747;45947
Ex 3 day 1811;5;105;-0,0027;2,5564;1,9698;3,7700;-931,2600;695;723;45947
Ex 3 day 1811;5;106;-0,0027;3,3719;2,8376;2,8300;-1228,3400;790;709;45947
Ex 3 day 1811;5;107;-0,0027;3,1197;2,1756;3,3000;-1136,4500;670;771;45947
Ex 3 day 1811;5;108;-0,0027;2,6558;1,9917;3,7700;-967,4700;751;682;45947
Ex 3 day 1811;5;109;-0,0027;3,0539;2,3533;3,3000;-1112,5000;585;695;45947
Ex 3 day 1811;5;110;-0,0027;2,8749;2,5684;2,8300;-1047,3000;690;628;45947
Ex 3 day 1811;5;111;-0,0027;2,8409;2,5137;2,8300;-1034,8900;753;632;45947
Ex 3 day 1811;5;112;-0,0027;2,0770;1,6021;4,2400;-756,6100;695;821;45947
Ex 3 day 1811;5;113;-0,0027;2,2564;1,4002;3,3000;-821,9600;635;738;45947
Ex 3 day 1811;5;114;-0,0027;2,5726;1,7509;4,2400;-937,1500;547;689;45947
Ex 3 day 1811;5;115;-0,0027;2,2894;1,5631;3,3000;-833,9800;701;678;45947
Ex 3 day 1811;5;116;-0,0027;2,7728;2,4096;2,8300;-1010,1100;761;776;45947
Ex 3 day 1811;5;117;-0,0027;2,8881;2,4359;2,8300;-1052,1000;711;666;45947
Ex 3 day 1811;5;118;-0,0027;2,1176;1,7303;2,8300;-771,4000;776;763;45947
Ex 3 day 1811;5;119;-0,0027;2,0308;1,3106;4,2400;-739,8000;714;709;45947
Ex 3 day 1811;5;120;-0,0027;2,4970;1,8927;2,8300;-909,6200;658;750;45947
Ex 3 day 1811;5;121;-0,0027;3,0808;2,1267;3,3000;-1122,2800;694;698;45947
Ex 3 day 1811;5;122;-0,0027;2,0122;1,6761;4,7100;-733,0300;578;741;45947
Ex 3 day 1811;5;123;-0,0027;2,5732;2,1509;2,8300;-937,3900;583;762;45947
Ex 3 day 1811;5;124;-0,0027;1,9097;1,5616;2,8300;-695,6700;683;641;45947
Ex 3 day 1811;5;125;-0,0027;2,3791;1,7925;2,8300;-866,6600;623;790;45947
Ex 3 day 1811;5;126;-0,0027;1,7460;1,5124;2,8300;-636,0400;780;707;45947
Ex 3 day 1811;5;127;-0,0027;2,0468;1,4303;4,7100;-745,6100;687;770;45947
Ex 3 day 1811;5;128;-0,0027;2,3808;2,0137;2,8300;-867,2800;549;772;45947
Ex 3 day 1811;5;129;-0,0027;2,2444;1,2298;4,2400;-817,5900;600;717;45947
Ex 3 day 1811;5;130;-0,0027;1,7771;1,5341;2,8300;-647,3600;657;725;45947
Ex 3 day 1811;5;131;-0,0027;2,3404;1,8430;2,8300;-852,5700;795;757;45947
Ex 3 day 1811;5;132;-0,0027;2,1716;1,8195;2,8300;-791,0600;733;683;45947
Ex 3 day 1811;5;133;-0,0027;2,7176;2,3722;2,8300;-989,9900;528;701;45947
Ex 3 day 1811;5;134;-0,0027;1,9644;1,5732;2,8300;-715,5900;772;691;45947
Ex 3 day 1811;5;135;-0,0027;2,0095;1,4153;3,7700;-732,0300;755;735;45947
Ex 3 day 1811;5;136;-0,0027;1,4338;1,2004;2,8300;-522,3100;785;765;45947
Ex 3 day 1811;5;137;-0,0027;2,0420;1,1753;4,2400;-743,8800;676;694;45947
Ex 3 day 1811;5;138;-0,0027;2,2465;1,4743;3,7700;-818,3500;698;744;45947
Ex 3 day 1811;5;139;-0,0027;2,3253;2,0024;2,8300;-847,0800;571;727;45947
Ex 3 day 1811;5;140;-0,0027;1,9280;1,6169;2,8300;-702,3200;743;747;45947
Ex 3 day 1811;5;141;-0,0027;1,8790;1,2756;2,8300;-684,5100;650;775;45947
Ex 3 day 1811;5;142;-0,0027;1,6671;1,0834;3,3000;-607,3000;628;695;45947
Ex 3 day 1811;5;143;-0,0027;1,7979;1,3283;2,8300;-654,9600;791;735;45947
Ex 3 day 1811;5;144;-0,0027;2,6417;2,1987;2,8300;-962,3300;649;744;45947
Ex 3 day 1811;5;145;-0,0027;1,5549;1,1211;3,3000;-566,4200;652;761;45947
Ex 3 day 1811;5;146;-0,0027;2,8127;2,4009;2,8300;-1024,6100;606;658;45947
Ex 3 day 1811;5;147;-0,0027;1,4665;1,3179;2,8300;-534,2300;568;745;45947
Ex 3 day 1811;5;148;-0,0027;2,4264;2,1549;2,8300;-883,9100;666;715;45947
Ex 3 day 1811;5;149;-0,0027;2,1823;1,8185;2,8300;-794,9900;598;658;45947
Ex 3 day 1811;5;150;-0,0027;1,6714;1,3460;2,8300;-608,8800;785;739;45947
Ex 3 day 1811;5;151;-0,0027;1,6967;1,2189;2,8300;-618,0800;693;810;45947
Ex 3 day 1811;5;152;-0,0027;2,0272;1,7812;3,7700;-738,4800;546;727;45947
Ex 3 day 1811;5;153;-0,0027;1,6929;1,2089;3,3000;-616,6900;743;794;45947
Ex 3 day 1811;5;154;-0,0027;1,9092;1,4898;2,8300;-695,4800;653;710;45947
Ex 3 day 1811;5;155;-0,0027;1,7155;1,4004;3,7700;-624,9200;669;760;45947
Ex 3 day 1811;5;156;-0,0027;2,2024;1,8554;2,8300;-802,3100;720;825;45947
Ex 3 day 1811;5;157;-0,0027;1,3499;0,9554;7,0700;-491,7600;559;702;45947
Ex 3 day 1811;5;158;-0,0027;1,9156;1,4457;3,3000;-697,8400;636;778;45947
Ex 3 day 1811;5;159;-0,0027;2,4361;1,3222;5,6600;-887,4300;617;716;45947
Ex 3 day 1811;5;160;-0,0027;1,1948;1,0086;4,7100;-435,2300;634;716;45947
Ex 3 day 1811;5;161;-0,0027;1,1288;0,9792;5,6600;-411,2100;751;659;45947
Ex 3 day 1811;5;162;-0,0027;1,8826;1,3011;3,3000;-685,8000;553;706;45947
Ex 3 day 1811;5;163;-0,0027;1,6059;1,0227;3,3000;-585,0200;683;722;45947
Ex 3 day 1811;5;164;-0,0027;2,2881;2,0015;2,8300;-833,5400;609;750;45947
Ex 3 day 1811;5;165;-0,0027;1,5994;0,9728;3,3000;-582,6400;751;694;45947
Ex 3 day 1811;5;166;-0,0027;1,7942;1,4831;4,7100;-653,6100;642;669;45947
Ex 3 day 1811;5;167;-0,0027;1,8466;1,3471;5,6600;-672,6700;655;810;45947
Ex 3 day 1811;5;168;-0,0027;1,0721;0,8000;3,3000;-390,5500;663;674;45947
Ex 3 day 1811;5;169;-0,0027;1,5478;1,2708;2,8300;-563,8300;696;660;45947
Ex 3 day 1811;6;170;0,0195;4,5053;3,1735;3,3000;231,0400;449;893;27155
Ex 3 day 1811;6;171;0,0195;4,3135;3,0579;3,3000;221,2000;529;810;27155
Ex 3 day 1811;6;172;0,0195;4,1021;3,0348;3,7700;210,3600;482;876;27155
Ex 3 day 1811;6;173;0,0195;4,2747;3,7141;2,8300;219,2100;472;788;27155
Ex 3 day 1811;6;174;0,0195;4,0929;3,0095;3,3000;209,8900;515;894;27155
Ex 3 day 1811;6;175;0,0195;4,2709;2,9700;3,3000;219,0200;436;921;27155
Ex 3 day 1811;6;176;0,0195;3,8506;2,5234;4,2400;197,4600;488;859;27155
Ex 3 day 1811;6;177;0,0195;3,9382;2,9048;3,7700;201,9500;519;934;27155
Ex 3 day 1811;6;178;0,0195;3,8003;2,9700;2,8300;194,8900;485;838;27155
Ex 3 day 1811;6;179;0,0195;3,8480;2,6509;3,3000;197,3300;467;902;27155
Ex 3 day 1811;6;180;0,0195;3,8706;2,9550;3,7700;198,4900;452;833;27155
Ex 3 day 1811;6;181;0,0195;3,7402;3,2060;2,8300;191,8000;425;846;27155
Ex 3 day 1811;6;182;0,0195;3,5755;2,4784;3,3000;183,3500;463;926;27155
Ex 3 day 1811;6;183;0,0195;3,2143;2,7728;2,8300;164,8300;553;829;27155
Ex 3 day 1811;6;184;0,0195;3,0163;2,0653;3,3000;154,6800;558;813;27155
Ex 3 day 1811;6;185;0,0195;3,4084;2,5210;2,8300;174,7900;543;844;27155
Ex 3 day 1811;6;186;0,0195;3,4962;2,9211;2,8300;179,2900;479;900;27155
Ex 3 day 1811;6;187;0,0195;2,9434;2,0499;4,2400;150,9400;569;857;27155
Ex 3 day 1811;6;188;0,0195;2,8866;2,0338;3,3000;148,0300;562;908;27155
Ex 3 day 1811;6;189;0,0195;2,4331;2,0507;2,8300;124,7700;557;867;27155
Ex 3 day 1811;6;190;0,0195;3,0009;2,5169;2,8300;153,8900;504;827;27155
Ex 3 day 1811;6;191;0,0195;2,5253;2,0919;2,8300;129,5000;557;842;27155
Ex 3 day 1811;6;192;0,0195;2,6608;2,2021;2,8300;136,4500;504;915;27155
Ex 3 day 1811;6;193;0,0195;2,6075;2,0528;2,8300;133,7200;509;844;27155
Ex 3 day 1811;6;194;0,0195;2,3854;1,6514;3,3000;122,3300;435;903;27155
Ex 3 day 1811;6;195;0,0195;2,3188;1,9693;2,8300;118,9100;554;855;27155
Ex 3 day 1811;6;196;0,0195;2,5103;1,9504;2,8300;128,7300;506;816;27155
Ex 3 day 1811;6;197;0,0195;2,5103;2,0876;2,8300;128,7300;475;803;27155
Ex 3 day 1811;6;198;0,0195;2,0488;1,4850;3,3000;105,0600;494;795;27155
Ex 3 day 1811;6;199;0,0195;2,4411;2,0287;2,8300;125,1800;497;815;27155
Ex 3 day 1811;6;200;0,0195;2,7416;2,3002;2,8300;140,5900;521;857;27155
Ex 3 day 1811;6;201;0,0195;2,1790;1,7680;2,8300;111,7400;532;903;27155
Ex 3 day 1811;6;202;0,0195;2,4766;1,8969;3,7700;127,0000;571;899;27155
Ex 3 day 1811;6;203;0,0195;1,6859;1,2229;2,8300;86,4600;538;838;27155
Ex 3 day 1811;6;204;0,0195;1,5224;1,0302;3,3000;78,0700;539;879;27155
Ex 3 day 1811;6;205;0,0195;1,6274;1,3842;2,8300;83,4500;525;909;27155
Ex 3 day 1811;6;206;0,0195;1,5590;1,0899;2,8300;79,9500;500;878;27155
Ex 3 day 1811;6;207;0,0195;2,2396;1,6133;2,8300;114,8500;543;870;27155
Ex 3 day 1811;6;208;0,0195;1,4473;1,2287;2,8300;74,2200;444;861;27155
Ex 3 day 1811;6;209;0,0195;2,2098;1,6969;2,8300;113,3200;537;847;27155
Ex 3 day 1811;6;210;0,0195;1,4962;1,2460;3,7700;76,7300;491;928;27155
Ex 3 day 1811;6;211;0,0195;2,2713;1,9041;2,8300;116,4800;512;870;27155
Ex 3 day 1811;6;212;0,0195;1,7793;1,4577;2,8300;91,2400;476;923;27155
Ex 3 day 1811;6;213;0,0195;1,5032;0,8788;4,2400;77,0900;462;812;27155
Ex 3 day 1811;6;214;0,0195;1,6535;1,2596;2,8300;84,7900;438;855;27155
Ex 3 day 1811;6;215;0,0195;1,7294;1,4680;2,8300;88,6900;560;886;27155
Ex 3 day 1811;6;216;0,0195;1,8310;1,4569;2,8300;93,9000;501;787;27155
Ex 3 day 1811;6;217;0,0195;2,0706;1,8279;2,8300;106,1800;417;845;27155
Ex 3 day 1811;6;218;0,0195;2,1854;1,7576;2,8300;112,0700;552;884;27155
Ex 3 day 1811;6;219;0,0195;1,4436;1,0058;2,8300;74,0300;512;806;27155
Ex 3 day 1811;6;220;0,0195;1,6891;1,0998;3,7700;86,6200;531;891;27155
Ex 3 day 1811;6;221;0,0195;1,7542;1,4528;2,8300;89,9600;523;842;27155
Ex 3 day 1811;6;222;0,0195;1,7289;1,2069;3,3000;88,6600;481;772;27155
Ex 3 day 1811;6;223;0,0195;1,5521;1,3479;2,8300;79,5900;493;908;27155
Ex 3 day 1811;7;224;0,0499;4,5893;3,1117;3,3000;92,0300;1179;899;15492
Ex 3 day 1811;7;225;0,0499;4,6892;4,0040;2,8300;94,0300;1132;836;15492
Ex 3 day 1811;7;226;0,0499;4,4497;3,5798;2,8300;89,2300;1148;838;15492
Ex 3 day 1811;7;227;0,0499;4,0114;3,4743;2,8300;80,4400;1156;788;15492
Ex 3 day 1811;7;228;0,0499;4,0201;3,5064;2,8300;80,6100;1137;821;15492
Ex 3 day 1811;7;229;0,0499;3,9272;2,7423;3,3000;78,7500;1181;825;15492
Ex 3 day 1811;7;230;0,0499;3,4487;2,4656;3,3000;69,1600;1199;873;15492
Ex 3 day 1811;7;231;0,0499;3,7639;3,2742;2,8300;75,4800;1166;895;15492
Ex 3 day 1811;7;232;0,0499;3,4381;3,0327;2,8300;68,9400;1133;878;15492
Ex 3 day 1811;7;233;0,0499;3,2553;2,7026;2,8300;65,2800;1147;868;15492
Ex 3 day 1811;7;234;0,0499;3,3339;2,2817;3,3000;66,8500;1112;861;15492
Ex 3 day 1811;7;235;0,0499;3,2264;2,8545;2,8300;64,7000;1155;871;15492
Ex 3 day 1811;7;236;0,0499;3,1477;2,7133;2,8300;63,1200;1221;872;15492
Ex 3 day 1811;7;237;0,0499;1,9573;1,5433;2,8300;39,2500;1147;892;15492
Ex 3 day 1811;7;238;0,0499;2,7522;2,2445;2,8300;55,1900;1151;851;15492
Ex 3 day 1811;7;239;0,0499;2,5091;2,1222;2,8300;50,3200;1174;919;15492
Ex 3 day 1811;7;240;0,0499;2,9138;2,1377;2,8300;58,4300;1173;866;15492
Ex 3 day 1811;7;241;0,0499;1,6202;1,4591;3,7700;32,4900;1135;859;15492
Ex 3 day 1811;7;242;0,0499;2,0673;1,2576;4,2400;41,4600;1157;815;15492
Ex 3 day 1811;7;243;0,0499;1,8502;1,3825;3,3000;37,1000;1155;830;15492
Ex 3 day 1811;7;244;0,0499;2,3571;1,5457;3,3000;47,2700;1191;918;15492
Ex 3 day 1811;7;245;0,0499;2,0422;1,4709;3,3000;40,9500;1145;902;15492
Ex 3 day 1811;7;246;0,0499;2,2515;1,5342;3,3000;45,1500;1154;916;15492
Ex 3 day 1811;7;247;0,0499;1,7137;1,4639;2,8300;34,3600;1202;859;15492
Ex 3 day 1811;7;248;0,0499;2,1874;1,8362;2,8300;43,8600;1122;811;15492
Ex 3 day 1811;7;249;0,0499;2,3424;1,9476;2,8300;46,9700;1175;859;15492
Ex 3 day 1812;1;1;-0,0103;4,4246;3,1676;3,3000;-427,6200;534;95;39255
Ex 3 day 1812;1;2;-0,0103;4,2522;3,0562;3,3000;-410,9600;656;161;39255
Ex 3 day 1812;1;3;-0,0103;4,2912;3,1527;3,3000;-414,7300;552;199;39255
Ex 3 day 1812;1;4;-0,0103;4,0920;3,1195;3,7700;-395,4800;543;66;39255
Ex 3 day 1812;1;5;-0,0103;4,2324;3,0554;3,3000;-409,0500;631;108;39255
Ex 3 day 1812;1;6;-0,0103;4,3560;3,0804;3,3000;-420,9900;625;137;39255
Ex 3 day 1812;1;7;-0,0103;4,0958;2,9268;3,3000;-395,8400;587;129;39255
Ex 3 day 1812;1;8;-0,0103;4,0116;3,0016;3,7700;-387,7100;548;113;39255
Ex 3 day 1812;1;9;-0,0103;4,0263;2,9848;3,3000;-389,1300;645;30;39255
Ex 3 day 1812;1;10;-0,0103;4,0940;3,0261;3,7700;-395,6700;599;179;39255
Ex 3 day 1812;1;11;-0,0103;4,3563;3,6180;2,8300;-421,0200;681;86;39255
Ex 3 day 1812;1;12;-0,0103;4,4220;3,8100;2,8300;-427,3700;566;29;39255
Ex 3 day 1812;1;13;-0,0103;4,0515;2,9149;3,7700;-391,5600;524;82;39255
Ex 3 day 1812;1;14;-0,0103;3,9844;2,6736;3,3000;-385,0800;570;145;39255
Ex 3 day 1812;1;15;-0,0103;4,0856;2,9961;2,8300;-394,8600;660;80;39255
Ex 3 day 1812;1;16;-0,0103;3,7202;2,7492;3,3000;-359,5500;599;75;39255
Ex 3 day 1812;1;17;-0,0103;3,8575;2,8920;3,7700;-372,8200;686;37;39255
Ex 3 day 1812;1;18;-0,0103;3,1189;2,5367;3,7700;-301,4300;653;176;39255
Ex 3 day 1812;1;19;-0,0103;3,6611;2,8617;2,8300;-353,8300;645;200;39255
Ex 3 day 1812;1;20;-0,0103;3,9333;3,2453;2,8300;-380,1400;702;50;39255
Ex 3 day 1812;1;21;-0,0103;3,0232;2,2563;2,8300;-292,1900;680;54;39255
Ex 3 day 1812;1;22;-0,0103;3,2488;2,3343;3,7700;-313,9800;533;164;39255
Ex 3 day 1812;1;23;-0,0103;3,3022;2,7772;2,8300;-319,1500;678;185;39255
Ex 3 day 1812;1;24;-0,0103;2,8818;2,1354;2,8300;-278,5200;636;88;39255
Ex 3 day 1812;1;25;-0,0103;3,0073;2,4024;2,8300;-290,6500;573;183;39255
Ex 3 day 1812;1;26;-0,0103;2,9709;2,5041;2,8300;-287,1300;674;223;39255
Ex 3 day 1812;1;27;-0,0103;3,2932;2,0831;3,3000;-318,2800;556;150;39255
Ex 3 day 1812;1;28;-0,0103;2,8777;2,4795;2,8300;-278,1200;688;187;39255
Ex 3 day 1812;1;29;-0,0103;3,1022;2,6563;2,8300;-299,8200;685;136;39255
Ex 3 day 1812;1;30;-0,0103;2,8707;2,0246;3,7700;-277,4400;659;133;39255
Ex 3 day 1812;1;31;-0,0103;2,5445;2,0528;2,8300;-245,9200;648;189;39255
Ex 3 day 1812;1;32;-0,0103;2,6053;2,1953;2,8300;-251,8000;550;32;39255
Ex 3 day 1812;1;33;-0,0103;2,3076;1,8975;2,8300;-223,0300;660;0;39255
Ex 3 day 1812;1;34;-0,0103;2,9191;2,0856;3,7700;-282,1200;666;49;39255
Ex 3 day 1812;1;35;-0,0103;2,5026;2,0551;2,8300;-241,8700;601;111;39255
Ex 3 day 1812;1;36;-0,0103;2,5026;1,8026;3,3000;-241,8700;628;208;39255
Ex 3 day 1812;1;37;-0,0103;2,9444;2,2186;2,8300;-284,5600;709;84;39255
Ex 3 day 1812;1;38;-0,0103;2,6617;2,1710;2,8300;-257,2400;671;111;39255
Ex 3 day 1812;1;39;-0,0103;2,5560;1,7045;3,3000;-247,0300;603;24;39255
Ex 3 day 1812;1;40;-0,0103;2,7126;1,9205;3,7700;-262,1700;598;217;39255
Ex 3 day 1812;1;41;-0,0103;2,8891;1,9364;3,7700;-279,2200;638;150;39255
Ex 3 day 1812;1;42;-0,0103;2,4624;2,0481;3,7700;-237,9800;678;144;39255
Ex 3 day 1812;1;43;-0,0103;2,0143;1,7984;2,8300;-194,6800;601;202;39255
Ex 3 day 1812;1;44;-0,0103;2,8282;2,4401;2,8300;-273,3400;581;143;39255
Ex 3 day 1812;1;45;-0,0103;2,3566;1,7346;2,8300;-227,7600;616;207;39255
Ex 3 day 1812;1;46;-0,0103;2,6880;1,5393;5,1900;-259,7800;663;202;39255
Ex 3 day 1812;1;47;-0,0103;2,5059;2,0001;2,8300;-242,1900;717;85;39255
Ex 3 day 1812;1;48;-0,0103;2,4070;1,9052;2,8300;-232,6300;697;185;39255
Ex 3 day 1812;1;49;-0,0103;2,5472;2,2462;2,8300;-246,1800;607;38;39255
Ex 3 day 1812;1;50;-0,0103;1,8714;1,4905;2,8300;-180,8700;666;104;39255
Ex 3 day 1812;1;51;-0,0103;2,3705;1,6770;2,8300;-229,1000;658;110;39255
Ex 3 day 1812;1;52;-0,0103;2,4548;1,8416;2,8300;-237,2400;672;120;39255
Ex 3 day 1812;1;53;-0,0103;2,0930;1,8594;2,8300;-202,2800;664;20;39255
Ex 3 day 1812;1;54;-0,0103;2,0107;1,4424;4,2400;-194,3300;619;220;39255
Ex 3 day 1812;1;55;-0,0103;2,3039;1,7831;2,8300;-222,6600;615;94;39255
Ex 3 day 1812;1;56;-0,0103;2,5424;1,9736;2,8300;-245,7200;652;94;39255
Ex 3 day 1812;1;57;-0,0103;2,9209;2,1079;2,8300;-282,2900;541;172;39255
Ex 3 day 1812;1;58;-0,0103;2,1744;1,5370;2,8300;-210,1500;605;126;39255
Ex 3 day 1812;1;59;-0,0103;1,7440;1,2584;2,8300;-168,5500;570;83;39255
Ex 3 day 1812;1;60;-0,0103;1,7760;1,3524;2,8300;-171,6400;707;96;39255
Ex 3 day 1812;1;61;-0,0103;1,9909;1,6849;2,8300;-192,4100;639;42;39255
Ex 3 day 1812;1;62;-0,0103;2,9154;1,9320;2,8300;-281,7600;583;172;39255
Ex 3 day 1812;1;63;-0,0103;2,1409;1,4908;2,8300;-206,9100;603;58;39255
Ex 3 day 1812;1;64;-0,0103;2,0310;1,4365;2,8300;-196,2900;640;2;39255
Ex 3 day 1812;1;65;-0,0103;2,7607;2,1358;2,8300;-266,8100;698;86;39255
Ex 3 day 1812;1;66;-0,0103;1,4091;0,8447;4,2400;-136,1800;672;0;39255
Ex 3 day 1812;1;67;-0,0103;1,8849;1,6681;2,8300;-182,1700;543;132;39255
Ex 3 day 1812;1;68;-0,0103;2,0174;1,6173;2,8300;-194,9800;535;151;39255
Ex 3 day 1812;1;69;-0,0103;2,5891;1,9470;2,8300;-250,2200;675;166;39255
Ex 3 day 1812;1;70;-0,0103;1,8337;1,4370;2,8300;-177,2200;669;65;39255
Ex 3 day 1812;1;71;-0,0103;2,4643;2,0463;2,8300;-238,1600;615;53;39255
Ex 3 day 1812;1;72;-0,0103;2,4255;1,8194;2,8300;-234,4200;582;36;39255
Ex 3 day 1812;1;73;-0,0103;1,2867;1,0275;3,7700;-124,3600;606;6;39255
Ex 3 day 1812;1;74;-0,0103;2,2487;1,9493;2,8300;-217,3300;701;59;39255
Ex 3 day 1812;1;75;-0,0103;2,0490;1,8376;2,8300;-198,0300;683;22;39255
Ex 3 day 1812;1;76;-0,0103;1,5625;1,2679;2,8300;-151,0100;609;225;39255
Ex 3 day 1812;1;77;-0,0103;1,6991;1,1087;2,8300;-164,2100;555;184;39255
Ex 3 day 1812;1;78;-0,0103;1,8909;1,6533;2,8300;-182,7500;603;149;39255
Ex 3 day 1812;1;79;-0,0103;2,1440;1,3339;2,8300;-207,2100;574;116;39255
Ex 3 day 1812;1;80;-0,0103;1,8359;1,6537;2,8300;-177,4400;582;53;39255
Ex 3 day 1812;1;81;-0,0103;2,4111;2,0456;2,8300;-233,0300;713;41;39255
Ex 3 day 1812;1;82;-0,0103;1,8417;1,4726;2,8300;-177,9900;594;37;39255
Ex 3 day 1812;1;83;-0,0103;1,6195;1,4619;3,7700;-156,5200;624;79;39255
Ex 3 day 1812;1;84;-0,0103;2,0642;1,5737;2,8300;-199,5000;640;55;39255
Ex 3 day 1812;1;85;-0,0103;2,3484;1,8442;2,8300;-226,9600;593;90;39255
Ex 3 day 1812;1;86;-0,0103;2,8876;2,0829;2,8300;-279,0800;588;100;39255
Ex 3 day 1812;1;87;-0,0103;1,6136;1,4051;4,2400;-155,9500;660;225;39255
Ex 3 day 1812;1;88;-0,0103;1,4423;1,1422;2,8300;-139,3900;592;114;39255
Ex 3 day 1812;1;89;-0,0103;1,5543;1,1350;2,8300;-150,2200;673;31;39255
Ex 3 day 1812;1;90;-0,0103;1,8202;1,5552;2,8300;-175,9200;580;200;39255
Ex 3 day 1812;1;91;-0,0103;1,4476;0,9897;6,1300;-139,9100;623;0;39255
Ex 3 day 1812;1;92;-0,0103;2,1514;1,4188;2,8300;-207,9300;721;56;39255
Ex 3 day 1812;1;93;-0,0103;2,4558;1,6257;2,8300;-237,3400;671;216;39255
Ex 3 day 1812;1;94;-0,0103;2,4141;1,6496;2,8300;-233,3200;580;212;39255
Ex 3 day 1812;1;95;-0,0103;1,4944;1,0850;3,3000;-144,4300;692;121;39255
Ex 3 day 1812;1;96;-0,0103;1,6093;1,2160;3,3000;-155,5300;621;90;39255
Ex 3 day 1812;1;97;-0,0103;2,1113;1,6041;2,8300;-204,0500;632;222;39255
Ex 3 day 1812;1;98;-0,0103;2,4794;2,0509;2,8300;-239,6200;711;111;39255
Ex 3 day 1812;1;99;-0,0103;1,9329;1,3022;2,8300;-186,8100;616;20;39255
Ex 3 day 1812;1;100;-0,0103;1,7574;1,3600;2,8300;-169,8500;645;207;39255
Ex 3 day 1812;1;101;-0,0103;1,5022;1,0860;3,7700;-145,1900;689;107;39255
Ex 3 day 1812;1;102;-0,0103;1,3187;1,1447;3,3000;-127,4500;568;194;39255
Ex 3 day 1812;1;103;-0,0103;0,7365;1,2006;4,2400;-71,1800;556;173;39255
Ex 3 day 1812;1;104;-0,0103;1,5792;1,1020;3,3000;-152,6300;669;180;39255
Ex 3 day 1812;1;105;-0,0103;1,8810;1,3087;2,8300;-181,7900;589;19;39255
Ex 3 day 1812;1;106;-0,0103;1,6539;1,0684;2,8300;-159,8400;547;100;39255
Ex 3 day 1812;1;107;-0,0103;1,7105;1,1664;2,8300;-165,3200;712;67;39255
Ex 3 day 1812;1;108;-0,0103;1,3362;0,9903;4,2400;-129,1400;647;115;39255
Ex 3 day 1812;1;109;-0,0103;2,1557;1,5345;3,3000;-208,3500;693;12;39255
Ex 3 day 1812;1;110;-0,0103;1,6902;1,3148;2,8300;-163,3600;613;32;39255
Ex 3 day 1812;1;111;-0,0103;1,2741;0,9759;2,8300;-123,1400;565;43;39255
Ex 3 day 1812;1;112;-0,0103;2,0310;1,0607;6,1300;-196,2900;561;98;39255
Ex 3 day 1812;1;113;-0,0103;1,4897;1,2334;5,1900;-143,9800;607;97;39255
Ex 3 day 1812;1;114;-0,0103;2,3411;1,8770;2,8300;-226,2600;711;106;39255
Ex 3 day 1812;1;115;-0,0103;2,3433;1,8097;2,8300;-226,4700;613;150;39255
Ex 3 day 1812;1;116;-0,0103;1,4125;1,0076;2,8300;-136,5100;608;124;39255
Ex 3 day 1812;1;117;-0,0103;1,7413;1,3420;2,8300;-168,2900;663;121;39255
Ex 3 day 1812;1;118;-0,0103;1,1021;0,9709;2,8300;-106,5100;699;192;39255
Ex 3 day 1812;1;119;-0,0103;2,0006;1,3942;2,8300;-193,3500;587;218;39255
Ex 3 day 1812;1;120;-0,0103;1,9379;1,3014;4,7100;-187,2900;629;34;39255
Ex 3 day 1812;1;121;-0,0103;1,3758;1,1198;3,3000;-132,9700;674;153;39255
Ex 3 day 1812;1;122;-0,0103;1,0231;0,7545;4,7100;-98,8800;729;93;39255
Ex 3 day 1812;1;123;-0,0103;1,9474;1,6770;2,8300;-188,2100;625;7;39255
Ex 3 day 1812;1;124;-0,0103;1,8215;1,5258;2,8300;-176,0400;573;163;39255
Ex 3 day 1812;1;125;-0,0103;2,0629;1,6624;2,8300;-199,3700;631;168;39255
Ex 3 day 1812;1;126;-0,0103;1,7666;1,3631;2,8300;-170,7300;630;94;39255
Ex 3 day 1812;1;127;-0,0103;1,3731;1,2645;3,7700;-132,7100;563;70;39255
Ex 3 day 1812;1;128;-0,0103;2,0311;1,4882;2,8300;-196,3000;620;44;39255
Ex 3 day 1812;1;129;-0,0103;2,0566;1,5128;2,8300;-198,7700;703;101;39255
Ex 3 day 1812;1;130;-0,0103;1,8610;1,5207;2,8300;-179,8600;655;219;39255
Ex 3 day 1812;2;131;-0,0084;4,0729;2,7174;3,3000;-487,3900;1301;240;14001
Ex 3 day 1812;2;132;-0,0084;3,8432;2,9121;3,7700;-459,8900;1318;246;14001
Ex 3 day 1812;2;133;-0,0084;3,7790;2,6779;3,3000;-452,2100;1319;186;14001
Ex 3 day 1812;2;134;-0,0084;3,5779;2,7291;3,7700;-428,1500;1348;211;14001
Ex 3 day 1812;2;135;-0,0084;3,2264;2,7312;2,8300;-386,0900;1376;258;14001
Ex 3 day 1812;2;136;-0,0084;3,5058;2,4289;3,3000;-419,5200;1301;180;14001
Ex 3 day 1812;2;137;-0,0084;3,5113;3,0420;2,8300;-420,1800;1359;164;14001
Ex 3 day 1812;2;138;-0,0084;2,6832;2,1195;3,7700;-321,0800;1287;176;14001
Ex 3 day 1812;2;139;-0,0084;2,8074;1,9744;3,3000;-335,9500;1333;158;14001
Ex 3 day 1812;2;140;-0,0084;2,3782;2,0395;2,8300;-284,5900;1362;236;14001
Ex 3 day 1812;2;141;-0,0084;2,5911;1,8449;2,8300;-310,0600;1326;173;14001
Ex 3 day 1812;2;142;-0,0084;2,2287;1,8823;2,8300;-266,7000;1322;208;14001
Ex 3 day 1812;2;143;-0,0084;2,4702;1,5207;3,3000;-295,6000;1309;174;14001
Ex 3 day 1812;2;144;-0,0084;2,3018;1,8171;2,8300;-275,4500;1355;191;14001
Ex 3 day 1812;2;145;-0,0084;2,5594;2,1716;2,8300;-306,2700;1343;183;14001
Ex 3 day 1812;2;146;-0,0084;2,0135;1,2684;3,3000;-240,9400;1370;220;14001
Ex 3 day 1812;2;147;-0,0084;2,3413;1,9767;2,8300;-280,1700;1335;203;14001
Ex 3 day 1812;2;148;-0,0084;1,5425;1,3703;2,8300;-184,5800;1344;269;14001
Ex 3 day 1812;2;149;-0,0084;2,1209;1,5724;2,8300;-253,7900;1279;188;14001
Ex 3 day 1812;2;150;-0,0084;2,2823;1,5089;3,3000;-273,1100;1349;285;14001
Ex 3 day 1812;2;151;-0,0084;1,9992;1,5989;2,8300;-239,2300;1331;219;14001
Ex 3 day 1812;2;152;-0,0084;1,6121;1,3716;2,8300;-192,9100;1368;191;14001
Ex 3 day 1812;2;153;-0,0084;1,8442;1,5122;2,8300;-220,6800;1323;200;14001
Ex 3 day 1812;2;154;-0,0084;1,5785;1,1640;2,8300;-188,8900;1387;189;14001
Ex 3 day 1812;2;155;-0,0084;1,8069;1,5856;2,8300;-216,2200;1332;231;14001
Ex 3 day 1812;2;156;-0,0084;1,6969;1,4436;3,7700;-203,0600;1336;171;14001
Ex 3 day 1812;2;157;-0,0084;1,4436;1,3028;4,2400;-172,7400;1351;262;14001
Ex 3 day 1812;2;158;-0,0084;2,0053;1,3801;2,8300;-239,9600;1387;226;14001
Ex 3 day 1812;2;159;-0,0084;1,5367;1,2267;2,8300;-183,8900;1358;290;14001
Ex 3 day 1812;2;160;-0,0084;1,8903;1,4189;3,7700;-226,2000;1314;261;14001
Ex 3 day 1812;2;161;-0,0084;1,9079;1,4920;2,8300;-228,3100;1305;197;14001
Ex 3 day 1812;2;162;-0,0084;1,7120;1,3208;2,8300;-204,8700;1343;280;14001
Ex 3 day 1812;2;163;-0,0084;1,8186;1,5629;2,8300;-217,6300;1327;263;14001
Ex 3 day 1812;2;164;-0,0084;2,3611;1,5864;2,8300;-282,5400;1375;236;14001
Ex 3 day 1812;2;165;-0,0084;1,9249;1,6329;2,8300;-230,3500;1299;225;14001
Ex 3 day 1812;2;166;-0,0084;1,0245;0,5565;2,8300;-122,6000;1391;268;14001
Ex 3 day 1812;2;167;-0,0084;1,4013;1,1569;3,7700;-167,6800;1314;219;14001
Ex 3 day 1812;2;168;-0,0084;1,8092;1,4069;2,8300;-216,5000;1354;234;14001
Ex 3 day 1812;2;169;-0,0084;2,0597;0,8841;4,2400;-246,4700;1280;202;14001
Ex 3 day 1812;3;170;0,0376;4,6954;3,0241;3,3000;124,7200;72;249;10708
Ex 3 day 1812;3;171;0,0376;4,1546;2,9794;3,3000;110,3500;72;227;10708
Ex 3 day 1812;3;172;0,0376;4,1754;3,7041;2,8300;110,9000;61;286;10708
Ex 3 day 1812;3;173;0,0376;4,0009;2,6764;3,3000;106,2700;73;204;10708
Ex 3 day 1812;3;174;0,0376;3,9628;2,8878;3,7700;105,2600;115;232;10708
Ex 3 day 1812;3;175;0,0376;3,9942;2,7193;3,3000;106,0900;119;192;10708
Ex 3 day 1812;3;176;0,0376;3,7804;2,3525;4,2400;100,4100;24;282;10708
Ex 3 day 1812;3;177;0,0376;3,7184;2,7061;3,3000;98,7600;51;224;10708
Ex 3 day 1812;3;178;0,0376;3,0410;1,6067;5,1900;80,7700;8;268;10708
Ex 3 day 1812;3;179;0,0376;2,8834;2,3831;2,8300;76,5900;98;222;10708
Ex 3 day 1812;3;180;0,0376;3,5199;2,5676;2,8300;93,4900;102;252;10708
Ex 3 day 1812;3;181;0,0376;2,3908;1,8358;2,8300;63,5000;37;268;10708
Ex 3 day 1812;3;182;0,0376;3,1395;2,2235;2,8300;83,3900;92;244;10708
Ex 3 day 1812;3;183;0,0376;3,0367;2,5923;2,8300;80,6600;98;174;10708
Ex 3 day 1812;3;184;0,0376;1,9917;1,4909;2,8300;52,9000;61;270;10708
Ex 3 day 1812;3;185;0,0376;2,0746;1,7903;2,8300;55,1000;68;238;10708
Ex 3 day 1812;3;186;0,0376;1,8140;1,5509;2,8300;48,1800;32;236;10708
Ex 3 day 1812;3;187;0,0376;2,2102;1,7453;2,8300;58,7100;85;183;10708
Ex 3 day 1812;3;188;0,0376;1,8721;1,3715;3,3000;49,7300;55;246;10708
Ex 3 day 1812;3;189;0,0376;2,0770;1,5396;2,8300;55,1700;86;215;10708
Ex 3 day 1812;3;190;0,0376;2,3602;1,8895;2,8300;62,6900;83;293;10708
Ex 3 day 1812;3;191;0,0376;2,2730;1,6968;2,8300;60,3700;83;228;10708
Ex 3 day 1812;3;192;0,0376;2,7383;2,1139;2,8300;72,7300;96;237;10708
Ex 3 day 1812;3;193;0,0376;2,0621;1,7087;2,8300;54,7700;105;190;10708
Ex 3 day 1812;3;194;0,0376;1,7671;1,3016;2,8300;46,9400;82;175;10708
Ex 3 day 1812;3;195;0,0376;2,1337;1,6123;2,8300;56,6700;31;247;10708
Ex 3 day 1812;3;196;0,0376;2,0103;1,5909;2,8300;53,3900;50;272;10708
Ex 3 day 1812;3;197;0,0376;2,2767;1,8896;2,8300;60,4700;94;215;10708
Ex 3 day 1812;3;198;0,0376;1,7655;1,3813;2,8300;46,8900;103;234;10708
Ex 3 day 1812;3;199;0,0376;1,8104;1,5212;2,8300;48,0900;24;265;10708
Ex 3 day 1812;3;200;0,0376;2,1775;1,6049;2,8300;57,8400;40;248;10708
Ex 3 day 1812;3;201;0,0376;1,6101;1,3081;2,8300;42,7700;50;259;10708
Ex 3 day 1812;3;202;0,0376;2,1651;1,5305;2,8300;57,5100;88;202;10708
Ex 3 day 1812;3;203;0,0376;1,5569;1,2521;2,8300;41,3500;87;270;10708
Ex 3 day 1812;4;204;-0,0088;3,9752;2,6723;3,3000;-452,7700;1277;296;19088
Ex 3 day 1812;4;205;-0,0088;3,6119;2,6732;2,8300;-411,4000;1209;336;19088
Ex 3 day 1812;4;206;-0,0088;3,7178;3,2225;2,8300;-423,4600;1220;250;19088
Ex 3 day 1812;4;207;-0,0088;3,4997;2,9966;2,8300;-398,6100;1325;297;19088
Ex 3 day 1812;4;208;-0,0088;3,0179;2,2199;3,3000;-343,7400;1198;279;19088
Ex 3 day 1812;4;209;-0,0088;3,5925;2,6210;2,8300;-409,1800;1185;302;19088
Ex 3 day 1812;4;210;-0,0088;3,1832;2,2990;3,7700;-362,5600;1263;285;19088
Ex 3 day 1812;4;211;-0,0088;3,5412;2,9756;2,8300;-403,3500;1236;245;19088
Ex 3 day 1812;4;212;-0,0088;2,5494;2,0235;3,7700;-290,3800;1296;353;19088
Ex 3 day 1812;4;213;-0,0088;2,4967;1,9769;3,7700;-284,3800;1195;305;19088
Ex 3 day 1812;4;214;-0,0088;3,1722;2,3163;2,8300;-361,3200;1232;236;19088
Ex 3 day 1812;4;215;-0,0088;2,8763;2,4525;2,8300;-327,6200;1308;284;19088
Ex 3 day 1812;4;216;-0,0088;2,5104;2,0847;2,8300;-285,9300;1204;318;19088
Ex 3 day 1812;4;217;-0,0088;2,9798;2,3650;2,8300;-339,4000;1215;309;19088
Ex 3 day 1812;4;218;-0,0088;2,6337;1,9631;3,3000;-299,9800;1319;282;19088
Ex 3 day 1812;4;219;-0,0088;2,7305;2,2524;2,8300;-311,0100;1289;284;19088
Ex 3 day 1812;4;220;-0,0088;2,3741;1,7646;2,8300;-270,4100;1275;354;19088
Ex 3 day 1812;4;221;-0,0088;2,4681;2,1003;2,8300;-281,1200;1253;345;19088
Ex 3 day 1812;4;222;-0,0088;2,0661;1,6647;2,8300;-235,3300;1311;349;19088
Ex 3 day 1812;4;223;-0,0088;2,4140;1,9287;2,8300;-274,9500;1304;325;19088
Ex 3 day 1812;4;224;-0,0088;1,6534;1,2723;3,7700;-188,3300;1185;332;19088
Ex 3 day 1812;4;225;-0,0088;2,2052;1,8009;2,8300;-251,1800;1213;273;19088
Ex 3 day 1812;4;226;-0,0088;1,7858;1,3093;3,7700;-203,4100;1252;374;19088
Ex 3 day 1812;4;227;-0,0088;2,4490;2,0184;2,8300;-278,9400;1305;268;19088
Ex 3 day 1812;4;228;-0,0088;2,0560;1,7390;2,8300;-234,1800;1196;317;19088
Ex 3 day 1812;4;229;-0,0088;1,9143;1,4033;3,7700;-218,0400;1227;357;19088
Ex 3 day 1812;4;230;-0,0088;0,8047;1,3596;3,7700;-91,6500;1206;252;19088
Ex 3 day 1812;4;231;-0,0088;1,2770;1,2635;3,7700;-145,4500;1312;339;19088
Ex 3 day 1812;4;232;-0,0088;1,3296;1,1983;2,8300;-151,4400;1284;353;19088
Ex 3 day 1812;4;233;-0,0088;1,9199;1,5801;2,8300;-218,6800;1236;290;19088
Ex 3 day 1812;4;234;-0,0088;2,2743;1,6438;2,8300;-259,0500;1262;346;19088
Ex 3 day 1812;4;235;-0,0088;2,2946;1,8191;2,8300;-261,3500;1232;224;19088
Ex 3 day 1812;4;236;-0,0088;2,4340;1,9370;2,8300;-277,2300;1243;223;19088
Ex 3 day 1812;4;237;-0,0088;2,0917;1,7109;2,8300;-238,2400;1344;319;19088
Ex 3 day 1812;4;238;-0,0088;1,6909;1,2391;3,7700;-192,5900;1221;237;19088
Ex 3 day 1812;4;239;-0,0088;1,4650;1,2007;2,8300;-166,8700;1328;336;19088
Ex 3 day 1812;4;240;-0,0088;1,6159;1,3724;2,8300;-184,0600;1216;286;19088
Ex 3 day 1812;4;241;-0,0088;1,6418;1,3929;2,8300;-187,0000;1226;309;19088
Ex 3 day 1812;4;242;-0,0088;1,9972;1,5672;3,3000;-227,4900;1285;253;19088
Ex 3 day 1812;4;243;-0,0088;1,5722;1,1058;2,8300;-179,0700;1217;295;19088
Ex 3 day 1812;4;244;-0,0088;1,9595;1,5386;2,8300;-223,1900;1270;225;19088
Ex 3 day 1812;4;245;-0,0088;1,9900;1,7521;2,8300;-226,6600;1295;255;19088
Ex 3 day 1812;4;246;-0,0088;1,6018;1,3995;2,8300;-182,4500;1317;329;19088
Ex 3 day 1812;4;247;-0,0088;1,4166;0,9469;4,2400;-161,3500;1229;331;19088
Ex 3 day 1812;4;248;-0,0088;1,7524;1,4560;2,8300;-199,6000;1302;309;19088
Ex 3 day 1812;4;249;-0,0088;1,6983;1,3097;2,8300;-193,4400;1283;265;19088
Ex 3 day 1812;4;250;-0,0088;1,9704;1,4105;2,8300;-224,4300;1225;300;19088
Ex 3 day 1812;4;251;-0,0088;1,9326;1,4513;2,8300;-220,1300;1277;363;19088
Ex 3 day 1812;4;252;-0,0088;1,5469;1,0878;2,8300;-176,1900;1337;327;19088
Ex 3 day 1812;4;253;-0,0088;1,9785;1,6844;2,8300;-225,3500;1293;308;19088
Ex 3 day 1812;4;254;-0,0088;1,9820;1,6011;2,8300;-225,7600;1225;333;19088
Ex 3 day 1812;4;255;-0,0088;1,8838;1,5034;2,8300;-214,5600;1249;221;19088
Ex 3 day 1812;4;256;-0,0088;1,8797;1,5052;2,8300;-214,1000;1310;312;19088
Ex 3 day 1812;4;257;-0,0088;1,4427;1,3802;2,8300;-164,3300;1276;335;19088
Ex 3 day 1812;4;258;-0,0088;1,9063;1,6486;2,8300;-217,1300;1245;215;19088
Ex 3 day 1812;4;259;-0,0088;1,3642;0,9262;2,8300;-155,3900;1321;341;19088
Ex 3 day 1812;4;260;-0,0088;1,8793;1,5916;2,8300;-214,0500;1321;320;19088
Ex 3 day 1812;5;261;0,0462;4,4407;3,1245;3,7700;96,0900;788;680;16141
Ex 3 day 1812;5;262;0,0462;4,1745;2,9676;3,3000;90,3300;790;707;16141
Ex 3 day 1812;5;263;0,0462;3,7156;2,6588;3,3000;80,4000;805;645;16141
Ex 3 day 1812;5;264;0,0462;3,0492;2,3414;4,7100;65,9800;814;593;16141
Ex 3 day 1812;5;265;0,0462;3,2338;2,2619;3,3000;69,9800;818;661;16141
Ex 3 day 1812;5;266;0,0462;2,9731;2,5097;2,8300;64,3400;719;616;16141
Ex 3 day 1812;5;267;0,0462;3,2810;2,3994;3,3000;71,0000;843;718;16141
Ex 3 day 1812;5;268;0,0462;2,9141;2,5246;2,8300;63,0600;821;651;16141
Ex 3 day 1812;5;269;0,0462;2,4141;1,8691;3,7700;52,2400;803;614;16141
Ex 3 day 1812;5;270;0,0462;2,8106;2,3721;2,8300;60,8200;793;625;16141
Ex 3 day 1812;5;271;0,0462;2,8708;2,1528;3,3000;62,1200;836;681;16141
Ex 3 day 1812;5;272;0,0462;2,8758;2,0912;3,3000;62,2300;778;598;16141
Ex 3 day 1812;5;273;0,0462;3,1375;2,1822;3,3000;67,8900;844;618;16141
Ex 3 day 1812;5;274;0,0462;2,4313;2,1152;3,7700;52,6100;856;688;16141
Ex 3 day 1812;5;275;0,0462;2,4247;1,7539;2,8300;52,4700;832;706;16141
Ex 3 day 1812;5;276;0,0462;2,8028;2,4832;2,8300;60,6500;727;597;16141
Ex 3 day 1812;5;277;0,0462;2,6920;2,0117;2,8300;58,2500;851;708;16141
Ex 3 day 1812;5;278;0,0462;2,1615;1,8870;2,8300;46,7700;869;684;16141
Ex 3 day 1812;5;279;0,0462;2,0142;1,0537;3,3000;43,5900;818;701;16141
Ex 3 day 1812;5;280;0,0462;1,7994;1,3662;2,8300;38,9400;731;672;16141
Ex 3 day 1812;5;281;0,0462;2,4731;2,1322;2,8300;53,5200;751;668;16141
Ex 3 day 1812;5;282;0,0462;1,5519;1,0241;5,1900;33,5800;752;636;16141
Ex 3 day 1812;5;283;0,0462;1,7555;1,3720;2,8300;37,9900;763;672;16141
Ex 3 day 1812;5;284;0,0462;1,9018;1,5547;2,8300;41,1500;729;660;16141
Ex 3 day 1812;5;285;0,0462;2,6261;1,2936;4,7100;56,8300;732;632;16141
Ex 3 day 1812;5;286;0,0462;2,5658;1,5179;3,7700;55,5200;771;610;16141
Ex 3 day 1812;5;287;0,0462;2,0569;1,5267;2,8300;44,5100;745;614;16141
Ex 3 day 1812;5;288;0,0462;1,6431;1,4131;2,8300;35,5600;771;687;16141
Ex 3 day 1812;5;289;0,0462;1,8639;1,4809;3,7700;40,3300;816;714;16141
Ex 3 day 1812;5;290;0,0462;2,1156;1,6064;2,8300;45,7800;753;655;16141
Ex 3 day 1812;5;291;0,0462;1,4247;1,2031;4,2400;30,8300;826;615;16141
Ex 3 day 1812;5;292;0,0462;1,7421;1,2565;3,3000;37,7000;806;663;16141
Ex 3 day 1812;5;293;0,0462;1,8171;1,0082;4,2400;39,3200;759;656;16141
Ex 3 day 1812;5;294;0,0462;2,0110;1,3363;2,8300;43,5200;746;654;16141
Ex 3 day 1812;5;295;0,0462;1,4452;1,0233;2,8300;31,2700;716;654;16141
Ex 3 day 1812;5;296;0,0462;1,6011;1,3349;2,8300;34,6500;771;649;16141
Ex 3 day 1812;6;297;0,0552;5,0940;4,0950;2,8300;92,2400;221;758;22823
Ex 3 day 1812;6;298;0,0552;4,4510;3,7732;2,8300;80,6000;332;755;22823
Ex 3 day 1812;6;299;0,0552;3,5220;2,9541;2,8300;63,7700;268;855;22823
Ex 3 day 1812;6;300;0,0552;4,3377;3,3005;2,8300;78,5400;227;774;22823
Ex 3 day 1812;6;301;0,0552;3,3864;2,3644;3,3000;61,3200;298;819;22823
Ex 3 day 1812;6;302;0,0552;3,9662;3,0458;2,8300;71,8200;206;768;22823
Ex 3 day 1812;6;303;0,0552;3,9976;2,9816;2,8300;72,3900;248;788;22823
Ex 3 day 1812;6;304;0,0552;3,1743;2,4422;2,8300;57,4800;217;798;22823
Ex 3 day 1812;6;305;0,0552;3,2924;2,8260;2,8300;59,6200;246;814;22823
Ex 3 day 1812;6;306;0,0552;3,2276;2,4754;2,8300;58,4400;296;782;22823
Ex 3 day 1812;6;307;0,0552;2,8479;2,1486;2,8300;51,5700;317;780;22823
Ex 3 day 1812;6;308;0,0552;2,5852;1,6820;3,3000;46,8100;217;809;22823
Ex 3 day 1812;6;309;0,0552;2,2263;1,6698;4,2400;40,3100;265;828;22823
Ex 3 day 1812;6;310;0,0552;2,7908;2,3452;2,8300;50,5300;284;845;22823
Ex 3 day 1812;6;311;0,0552;3,0905;2,6149;2,8300;55,9600;201;780;22823
Ex 3 day 1812;6;312;0,0552;2,9732;2,5527;2,8300;53,8400;284;825;22823
Ex 3 day 1812;6;313;0,0552;2,9396;2,0581;3,3000;53,2300;312;757;22823
Ex 3 day 1812;6;314;0,0552;3,1813;2,4443;2,8300;57,6000;321;838;22823
Ex 3 day 1812;6;315;0,0552;2,9643;2,6239;2,8300;53,6800;336;844;22823
Ex 3 day 1812;6;316;0,0552;3,0756;2,1195;3,3000;55,6900;230;840;22823
Ex 3 day 1812;6;317;0,0552;2,8882;2,1081;3,7700;52,3000;301;799;22823
Ex 3 day 1812;6;318;0,0552;1,9840;1,8921;2,8300;35,9200;237;744;22823
Ex 3 day 1812;6;319;0,0552;3,0780;2,4616;2,8300;55,7300;293;774;22823
Ex 3 day 1812;6;320;0,0552;2,2625;1,8310;2,8300;40,9700;339;773;22823
Ex 3 day 1812;6;321;0,0552;2,5889;1,9534;2,8300;46,8800;309;787;22823
Ex 3 day 1812;6;322;0,0552;2,4941;2,1108;2,8300;45,1600;350;841;22823
Ex 3 day 1812;6;323;0,0552;2,8070;2,4176;2,8300;50,8300;375;837;22823
Ex 3 day 1812;6;324;0,0552;1,8211;1,6293;3,7700;32,9800;240;760;22823
Ex 3 day 1812;6;325;0,0552;2,2503;1,8805;2,8300;40,7500;237;829;22823
Ex 3 day 1812;6;326;0,0552;2,0718;1,6775;2,8300;37,5200;276;798;22823
Ex 3 day 1812;6;327;0,0552;2,0863;1,8121;2,8300;37,7800;254;832;22823
Ex 3 day 1812;6;328;0,0552;2,2129;1,6948;2,8300;40,0700;284;794;22823
Ex 3 day 1812;6;329;0,0552;2,2863;1,7614;3,7700;41,4000;268;767;22823
Ex 3 day 1812;6;330;0,0552;2,2301;1,8412;2,8300;40,3800;309;818;22823
Ex 3 day 1812;6;331;0,0552;2,5514;2,1527;2,8300;46,2000;252;783;22823
Ex 3 day 1812;6;332;0,0552;2,2657;1,6581;3,3000;41,0300;202;817;22823
Ex 3 day 1812;6;333;0,0552;2,4428;1,8661;2,8300;44,2300;323;822;22823
Ex 3 day 1812;6;334;0,0552;2,1838;1,7765;2,8300;39,5400;324;774;22823
Ex 3 day 1812;6;335;0,0552;2,6340;2,1751;2,8300;47,6900;346;801;22823
Ex 3 day 1812;6;336;0,0552;2,3620;1,3827;4,2400;42,7700;312;731;22823
Ex 3 day 1812;6;337;0,0552;2,3255;1,8500;2,8300;42,1100;280;777;22823
Ex 3 day 1812;6;338;0,0552;1,8372;1,2549;4,7100;33,2700;248;842;22823
Ex 3 day 1812;6;339;0,0552;1,8377;1,2780;3,3000;33,2800;244;776;22823
Ex 3 day 1812;6;340;0,0552;2,2980;1,4193;4,2400;41,6100;279;812;22823
Ex 3 day 1812;6;341;0,0552;1,9826;1,5496;2,8300;35,9000;337;783;22823
Ex 3 day 1812;6;342;0,0552;2,0794;1,4044;3,3000;37,6500;292;855;22823
Ex 3 day 1812;6;343;0,0552;2,4894;1,7805;3,3000;45,0800;353;828;22823
Ex 3 day 1812;6;344;0,0552;2,6260;2,1632;2,8300;47,5500;303;845;22823
Ex 3 day 1812;6;345;0,0552;2,1052;1,6300;3,3000;38,1200;334;738;22823
Ex 3 day 1812;6;346;0,0552;2,2347;1,8512;2,8300;40,4600;354;760;22823
Ex 3 day 1812;6;347;0,0552;1,8146;1,4100;3,7700;32,8600;272;737;22823
Ex 3 day 1812;6;348;0,0552;1,4866;1,1532;2,8300;26,9200;301;749;22823
Ex 3 day 1812;6;349;0,0552;2,8578;2,1484;2,8300;51,7500;360;798;22823
Ex 3 day 1812;6;350;0,0552;2,1245;1,6141;2,8300;38,4700;329;828;22823
Ex 3 day 1812;6;351;0,0552;1,7864;1,2703;2,8300;32,3500;319;812;22823
Ex 3 day 1812;6;352;0,0552;2,7708;1,7656;2,8300;50,1700;236;788;22823
Ex 3 day 1812;6;353;0,0552;1,8659;1,5122;2,8300;33,7900;330;799;22823
Ex 3 day 1812;6;354;0,0552;2,0914;1,7276;2,8300;37,8700;284;781;22823
Ex 3 day 1812;6;355;0,0552;1,3728;1,1793;2,8300;24,8600;310;767;22823
Ex 3 day 1812;6;356;0,0552;1,5627;1,2200;2,8300;28,3000;370;852;22823
Ex 3 day 1812;6;357;0,0552;2,1129;1,7025;2,8300;38,2600;338;816;22823
Ex 3 day 1812;6;358;0,0552;1,5256;1,3791;2,8300;27,6200;286;811;22823
Ex 3 day 1812;6;359;0,0552;2,2103;1,6793;2,8300;40,0200;324;742;22823
Ex 3 day 1812;6;360;0,0552;2,0531;1,6847;2,8300;37,1800;246;803;22823
Ex 3 day 1812;6;361;0,0552;1,3765;1,0144;2,8300;24,9200;323;804;22823
Ex 3 day 1812;6;362;0,0552;1,4931;1,0958;2,8300;27,0400;305;833;22823
Ex 3 day 1812;6;363;0,0552;2,1067;1,7217;2,8300;38,1500;245;858;22823
Ex 3 day 1812;6;364;0,0552;1,4882;1,4060;4,7100;26,9500;315;865;22823
Ex 3 day 1812;6;365;0,0552;1,7963;1,5101;2,8300;32,5300;325;783;22823
Ex 3 day 1812;6;366;0,0552;2,1889;1,9109;2,8300;39,6400;361;779;22823
Ex 3 day 1812;6;367;0,0552;1,9008;1,5375;2,8300;34,4200;321;767;22823
Ex 3 day 1812;6;368;0,0552;2,1350;1,7155;2,8300;38,6600;346;745;22823
Ex 3 day 1812;6;369;0,0552;2,1972;1,9497;2,8300;39,7800;231;848;22823
Ex 3 day 1812;6;370;0,0552;1,3458;1,1177;2,8300;24,3700;335;825;22823
Ex 3 day 1812;6;371;0,0552;1,0914;0,7479;2,8300;19,7600;347;791;22823
Ex 3 day 1812;6;372;0,0552;2,1740;1,7554;2,8300;39,3700;391;831;22823
Ex 3 day 1812;6;373;0,0552;1,2750;1,2170;4,7100;23,0900;265;807;22823
Ex 3 day 1812;6;374;0,0552;2,0726;1,6518;2,8300;37,5300;206;794;22823
Ex 3 day 1812;6;375;0,0552;2,1197;1,7611;2,8300;38,3800;333;811;22823
Ex 3 day 1812;6;376;0,0552;1,6990;1,2477;2,8300;30,7700;273;838;22823
Ex 3 day 1812;6;377;0,0552;1,6677;1,2656;2,8300;30,2000;310;850;22823
Ex 3 day 1812;6;378;0,0552;2,0246;1,6498;3,7700;36,6600;260;756;22823
Ex 3 day 1812;6;379;0,0552;1,2922;1,1011;2,8300;23,4000;296;841;22823
Ex 3 day 1812;6;380;0,0552;1,4628;1,2042;2,8300;26,4900;343;783;22823
Ex 3 day 1812;6;381;0,0552;1,5934;1,2839;2,8300;28,8500;311;803;22823
Ex 3 day 1812;6;382;0,0552;2,0363;1,4035;2,8300;36,8700;314;834;22823
Ex 3 day 1812;6;383;0,0552;1,5705;1,0268;3,3000;28,4400;263;845;22823
Ex 3 day 1812;6;384;0,0552;1,3127;1,1203;2,8300;23,7700;199;798;22823
Ex 3 day 1812;6;385;0,0552;1,7522;1,2201;3,3000;31,7300;355;807;22823
Ex 3 day 1812;7;386;0,0389;3,8338;3,0104;3,7700;98,4500;715;911;25786
Ex 3 day 1812;7;387;0,0389;3,8721;2,9987;3,7700;99,4400;804;903;25786
Ex 3 day 1812;7;388;0,0389;3,8378;2,7751;3,7700;98,5500;725;1007;25786
Ex 3 day 1812;7;389;0,0389;3,4028;2,5262;3,3000;87,3800;719;933;25786
Ex 3 day 1812;7;390;0,0389;3,8739;2,9106;3,7700;99,4800;812;928;25786
Ex 3 day 1812;7;391;0,0389;3,7863;3,1251;2,8300;97,2300;778;894;25786
Ex 3 day 1812;7;392;0,0389;3,8166;2,8377;3,7700;98,0100;726;958;25786
Ex 3 day 1812;7;393;0,0389;3,9024;2,6558;3,3000;100,2100;752;1023;25786
Ex 3 day 1812;7;394;0,0389;3,5823;2,7038;3,7700;91,9900;719;1025;25786
Ex 3 day 1812;7;395;0,0389;3,4964;2,5973;3,7700;89,7900;752;984;25786
Ex 3 day 1812;7;396;0,0389;3,5318;3,0444;2,8300;90,7000;699;897;25786
Ex 3 day 1812;7;397;0,0389;3,3451;2,2391;4,2400;85,9000;747;905;25786
Ex 3 day 1812;7;398;0,0389;3,4338;2,4549;3,7700;88,1800;697;968;25786
Ex 3 day 1812;7;399;0,0389;3,4634;2,6337;2,8300;88,9400;719;978;25786
Ex 3 day 1812;7;400;0,0389;3,9198;3,0504;2,8300;100,6600;714;862;25786
Ex 3 day 1812;7;401;0,0389;3,2230;2,3955;3,7700;82,7700;739;859;25786
Ex 3 day 1812;7;402;0,0389;3,2995;2,2618;3,7700;84,7300;704;956;25786
Ex 3 day 1812;7;403;0,0389;2,4785;1,9501;3,7700;63,6500;746;888;25786
Ex 3 day 1812;7;404;0,0389;3,1897;2,1546;3,7700;81,9100;685;976;25786
Ex 3 day 1812;7;405;0,0389;3,0415;1,7801;5,1900;78,1100;755;955;25786
Ex 3 day 1812;7;406;0,0389;3,5522;2,8073;2,8300;91,2200;712;896;25786
Ex 3 day 1812;7;407;0,0389;3,4034;2,7226;2,8300;87,4000;732;938;25786
Ex 3 day 1812;7;408;0,0389;2,6201;2,1552;4,7100;67,2800;771;980;25786
Ex 3 day 1812;7;409;0,0389;2,7151;2,1331;3,3000;69,7200;777;884;25786
Ex 3 day 1812;7;410;0,0389;2,7209;2,0576;3,7700;69,8700;680;989;25786
Ex 3 day 1812;7;411;0,0389;2,9123;2,5574;2,8300;74,7900;812;886;25786
Ex 3 day 1812;7;412;0,0389;2,4314;2,0865;2,8300;62,4400;734;885;25786
Ex 3 day 1812;7;413;0,0389;2,8456;2,0889;2,8300;73,0700;796;921;25786
Ex 3 day 1812;7;414;0,0389;2,4145;1,6733;4,2400;62,0000;768;1026;25786
Ex 3 day 1812;7;415;0,0389;2,2969;1,5910;3,7700;58,9800;757;883;25786
Ex 3 day 1812;7;416;0,0389;2,8568;2,2003;2,8300;73,3600;748;920;25786
Ex 3 day 1812;7;417;0,0389;2,4393;2,0716;2,8300;62,6400;795;861;25786
Ex 3 day 1812;7;418;0,0389;1,8968;1,6282;3,7700;48,7100;725;993;25786
Ex 3 day 1812;7;419;0,0389;2,2695;1,8372;2,8300;58,2800;739;995;25786
Ex 3 day 1812;7;420;0,0389;2,3283;2,0394;2,8300;59,7900;762;898;25786
Ex 3 day 1812;7;421;0,0389;2,3806;1,7075;3,3000;61,1300;833;949;25786
Ex 3 day 1812;7;422;0,0389;2,1073;1,3963;3,3000;54,1200;748;973;25786
Ex 3 day 1812;7;423;0,0389;2,6319;2,1205;2,8300;67,5900;710;993;25786
Ex 3 day 1812;7;424;0,0389;2,0479;1,2790;4,2400;52,5900;754;871;25786
Ex 3 day 1812;7;425;0,0389;1,9878;1,5780;2,8300;51,0500;704;986;25786
Ex 3 day 1812;7;426;0,0389;1,9251;1,6616;3,3000;49,4400;792;928;25786
Ex 3 day 1812;7;427;0,0389;2,1028;1,8727;2,8300;54,0000;759;1004;25786
Ex 3 day 1812;7;428;0,0389;1,9735;1,6432;2,8300;50,6800;739;1017;25786
Ex 3 day 1812;7;429;0,0389;2,3492;1,5958;3,7700;60,3300;793;996;25786
Ex 3 day 1812;7;430;0,0389;2,6057;2,0881;2,8300;66,9100;696;918;25786
Ex 3 day 1812;7;431;0,0389;1,7334;1,5116;2,8300;44,5100;691;1003;25786
Ex 3 day 1812;7;432;0,0389;1,8549;1,5119;2,8300;47,6400;795;941;25786
Ex 3 day 1812;7;433;0,0389;1,5866;1,3447;2,8300;40,7400;699;1006;25786
Ex 3 day 1812;7;434;0,0389;2,0661;1,7651;2,8300;53,0600;762;939;25786
Ex 3 day 1812;7;435;0,0389;1,6460;1,1149;2,8300;42,2700;737;921;25786
Ex 3 day 1812;7;436;0,0389;2,2460;1,8147;2,8300;57,6800;801;973;25786
Ex 3 day 1812;7;437;0,0389;2,1139;1,7733;2,8300;54,2900;831;926;25786
Ex 3 day 1812;7;438;0,0389;1,9283;1,3843;2,8300;49,5200;738;1009;25786
Ex 3 day 1812;7;439;0,0389;2,0756;1,0558;4,2400;53,3000;774;957;25786
Ex 3 day 1812;7;440;0,0389;2,1997;1,7823;2,8300;56,4900;799;961;25786
Ex 3 day 1812;7;441;0,0389;2,0459;1,7316;2,8300;52,5400;813;964;25786
Ex 3 day 1812;7;442;0,0389;1,4406;1,0780;4,2400;37,0000;721;881;25786
Ex 3 day 1812;7;443;0,0389;1,5616;1,1903;3,7700;40,1000;781;949;25786
Ex 3 day 1812;7;444;0,0389;1,4223;1,3724;3,7700;36,5200;764;922;25786
Ex 3 day 1812;7;445;0,0389;1,9158;1,3611;3,3000;49,2000;787;875;25786
Ex 3 day 1812;7;446;0,0389;1,5260;0,8936;4,2400;39,1900;730;918;25786
Ex 3 day 1812;7;447;0,0389;1,8024;1,2001;2,8300;46,2900;735;910;25786
Ex 3 day 1812;7;448;0,0389;1,4369;1,1601;2,8300;36,9000;700;939;25786
Ex 3 day 1812;7;449;0,0389;0,7563;1,0411;3,7700;19,4200;695;928;25786
Ex 3 day 1812;7;450;0,0389;2,0193;1,6289;2,8300;51,8600;798;870;25786
Ex 3 day 1812;7;451;0,0389;1,5144;1,2327;2,8300;38,8900;734;891;25786
Ex 3 day 1812;8;452;0,0412;3,6299;2,8125;2,8300;88,0300;1304;1039;12755
Ex 3 day 1812;8;453;0,0412;3,0345;2,6041;2,8300;73,5900;1351;992;12755
Ex 3 day 1812;8;454;0,0412;3,3681;2,8681;2,8300;81,6800;1314;960;12755
Ex 3 day 1812;8;455;0,0412;2,7804;2,4280;2,8300;67,4300;1365;1010;12755
Ex 3 day 1812;8;456;0,0412;3,2358;2,7664;2,8300;78,4700;1286;972;12755
Ex 3 day 1812;8;457;0,0412;3,2280;2,7776;2,8300;78,2800;1370;995;12755
Ex 3 day 1812;8;458;0,0412;2,5528;1,4598;3,3000;61,9100;1280;1039;12755
Ex 3 day 1812;8;459;0,0412;2,0968;1,6063;3,3000;50,8500;1279;986;12755
Ex 3 day 1812;8;460;0,0412;3,0043;2,2980;2,8300;72,8600;1304;1004;12755
Ex 3 day 1812;8;461;0,0412;2,6088;2,1942;2,8300;63,2700;1318;1008;12755
Ex 3 day 1812;8;462;0,0412;1,7400;1,4839;5,1900;42,2000;1249;981;12755
Ex 3 day 1812;8;463;0,0412;2,5220;2,2023;2,8300;61,1600;1310;999;12755
Ex 3 day 1812;8;464;0,0412;2,1013;1,4643;3,3000;50,9600;1269;963;12755
Ex 3 day 1812;8;465;0,0412;1,4343;0,9712;4,7100;34,7800;1348;1004;12755
Ex 3 day 1812;8;466;0,0412;1,7770;1,2213;3,3000;43,0900;1243;1002;12755
Ex 3 day 1812;8;467;0,0412;1,6464;0,9988;4,2400;39,9300;1307;1022;12755
Ex 3 day 1812;8;468;0,0412;1,5361;1,3052;3,7700;37,2500;1289;1011;12755
Ex 3 day 1812;8;469;0,0412;1,6556;1,3917;2,8300;40,1500;1347;962;12755
Ex 3 day 1813;1;1;0,0438;4,3221;3,0182;3,3000;98,5800;805;170;11469
Ex 3 day 1813;1;2;0,0438;4,1641;2,8633;3,3000;94,9800;830;166;11469
Ex 3 day 1813;1;3;0,0438;3,5494;2,7439;3,7700;80,9500;849;152;11469
Ex 3 day 1813;1;4;0,0438;3,7276;2,7714;3,7700;85,0200;833;206;11469
Ex 3 day 1813;1;5;0,0438;3,8406;2,7756;3,7700;87,6000;856;186;11469
Ex 3 day 1813;1;6;0,0438;3,5558;2,4804;3,3000;81,1000;800;207;11469
Ex 3 day 1813;1;7;0,0438;3,4473;2,4643;3,3000;78,6300;813;188;11469
Ex 3 day 1813;1;8;0,0438;3,2697;2,6450;3,7700;74,5800;826;182;11469
Ex 3 day 1813;1;9;0,0438;3,7368;2,7466;3,3000;85,2300;811;132;11469
Ex 3 day 1813;1;10;0,0438;3,3810;2,2812;3,3000;77,1100;809;119;11469
Ex 3 day 1813;1;11;0,0438;3,3919;2,6102;3,7700;77,3600;818;213;11469
Ex 3 day 1813;1;12;0,0438;2,9030;2,1382;3,3000;66,2100;796;150;11469
Ex 3 day 1813;1;13;0,0438;3,1885;2,3499;3,7700;72,7200;844;111;11469
Ex 3 day 1813;1;14;0,0438;2,6714;1,9453;3,7700;60,9300;858;172;11469
Ex 3 day 1813;1;15;0,0438;2,3321;1,6636;3,3000;53,1900;840;138;11469
Ex 3 day 1813;1;16;0,0438;2,6725;1,9758;3,3000;60,9500;874;157;11469
Ex 3 day 1813;1;17;0,0438;2,4141;1,7130;3,3000;55,0600;877;145;11469
Ex 3 day 1813;1;18;0,0438;1,8178;1,2078;4,2400;41,4600;833;225;11469
Ex 3 day 1813;1;19;0,0438;1,9845;1,4721;3,3000;45,2600;806;194;11469
Ex 3 day 1813;1;20;0,0438;2,0074;1,7438;2,8300;45,7800;849;126;11469
Ex 3 day 1813;1;21;0,0438;2,3354;1,6999;3,3000;53,2700;870;195;11469
Ex 3 day 1813;1;22;0,0438;1,8829;1,1599;3,3000;42,9400;819;157;11469
Ex 3 day 1813;1;23;0,0438;2,1142;1,7965;2,8300;48,2200;862;206;11469
Ex 3 day 1813;1;24;0,0438;1,7003;1,3199;4,7100;38,7800;792;178;11469
Ex 3 day 1813;1;25;0,0438;1,7777;1,2503;3,3000;40,5500;799;159;11469
Ex 3 day 1813;1;26;0,0438;1,9481;1,5226;3,7700;44,4300;780;154;11469
Ex 3 day 1813;2;27;0,0307;4,4589;3,2308;3,7700;145,4300;288;296;21385
Ex 3 day 1813;2;28;0,0307;4,0602;3,0838;3,7700;132,4200;350;232;21385
Ex 3 day 1813;2;29;0,0307;3,8406;2,9235;3,7700;125,2600;256;272;21385
Ex 3 day 1813;2;30;0,0307;3,9824;2,9654;3,7700;129,8900;322;272;21385
Ex 3 day 1813;2;31;0,0307;3,8203;2,8032;3,3000;124,6000;302;245;21385
Ex 3 day 1813;2;32;0,0307;3,9251;2,9837;3,7700;128,0100;297;195;21385
Ex 3 day 1813;2;33;0,0307;3,8535;2,6786;3,3000;125,6800;324;285;21385
Ex 3 day 1813;2;34;0,0307;3,9184;2,7989;3,3000;127,8000;289;226;21385
Ex 3 day 1813;2;35;0,0307;3,5792;2,4626;3,3000;116,7300;238;235;21385
Ex 3 day 1813;2;36;0,0307;3,8842;2,8572;3,3000;126,6800;302;310;21385
Ex 3 day 1813;2;37;0,0307;3,5508;2,6681;3,7700;115,8100;209;209;21385
Ex 3 day 1813;2;38;0,0307;3,8072;2,7840;3,7700;124,1700;224;225;21385
Ex 3 day 1813;2;39;0,0307;3,5008;2,7431;3,7700;114,1800;260;288;21385
Ex 3 day 1813;2;40;0,0307;3,4887;2,5910;3,7700;113,7800;295;162;21385
Ex 3 day 1813;2;41;0,0307;3,1607;2,3494;3,7700;103,0900;205;283;21385
Ex 3 day 1813;2;42;0,0307;2,9688;2,3299;3,7700;96,8300;260;244;21385
Ex 3 day 1813;2;43;0,0307;3,0288;2,2110;3,7700;98,7800;322;218;21385
Ex 3 day 1813;2;44;0,0307;3,3518;2,1456;4,2400;109,3200;299;264;21385
Ex 3 day 1813;2;45;0,0307;3,3547;2,5151;3,3000;109,4100;272;241;21385
Ex 3 day 1813;2;46;0,0307;3,2746;2,1814;4,2400;106,8000;252;224;21385
Ex 3 day 1813;2;47;0,0307;3,1720;2,4448;3,7700;103,4500;227;204;21385
Ex 3 day 1813;2;48;0,0307;2,7596;1,9603;4,7100;90,0100;216;273;21385
Ex 3 day 1813;2;49;0,0307;3,0130;2,2567;3,7700;98,2700;228;259;21385
Ex 3 day 1813;2;50;0,0307;2,6685;1,7699;4,2400;87,0300;331;207;21385
Ex 3 day 1813;2;51;0,0307;2,8234;2,1196;3,3000;92,0900;226;297;21385
Ex 3 day 1813;2;52;0,0307;2,7334;1,8573;3,3000;89,1500;279;184;21385
Ex 3 day 1813;2;53;0,0307;2,3796;1,8601;3,7700;77,6100;324;300;21385
Ex 3 day 1813;2;54;0,0307;2,3668;1,9102;3,7700;77,1900;210;247;21385
Ex 3 day 1813;2;55;0,0307;2,3340;1,8876;2,8300;76,1200;279;281;21385
Ex 3 day 1813;2;56;0,0307;2,4163;1,8961;3,7700;78,8100;348;196;21385
Ex 3 day 1813;2;57;0,0307;2,4868;1,7884;3,3000;81,1000;217;292;21385
Ex 3 day 1813;2;58;0,0307;2,0665;1,8556;2,8300;67,4000;323;232;21385
Ex 3 day 1813;2;59;0,0307;2,2718;1,4934;3,3000;74,0900;255;257;21385
Ex 3 day 1813;2;60;0,0307;2,1119;1,5086;3,3000;68,8800;273;172;21385
Ex 3 day 1813;2;61;0,0307;1,9969;1,4310;2,8300;65,1300;273;260;21385
Ex 3 day 1813;2;62;0,0307;2,2978;1,4604;3,3000;74,9400;348;262;21385
Ex 3 day 1813;2;63;0,0307;1,5591;0,9837;3,3000;50,8500;292;177;21385
Ex 3 day 1813;2;64;0,0307;2,1847;1,7527;2,8300;71,2500;339;188;21385
Ex 3 day 1813;2;65;0,0307;1,5712;1,2039;4,2400;51,2400;318;173;21385
Ex 3 day 1813;2;66;0,0307;1,5781;1,2345;2,8300;51,4700;339;267;21385
Ex 3 day 1813;2;67;0,0307;1,3836;1,1979;3,7700;45,1300;321;184;21385
Ex 3 day 1813;2;68;0,0307;1,8676;1,3056;2,8300;60,9100;239;182;21385
Ex 3 day 1813;3;69;0,0371;3,8314;2,4020;4,2400;103,3900;665;368;19244
Ex 3 day 1813;3;70;0,0371;3,7061;2,7446;3,3000;100,0100;673;385;19244
Ex 3 day 1813;3;71;0,0371;3,3460;2,4685;4,2400;90,2900;700;397;19244
Ex 3 day 1813;3;72;0,0371;3,6558;2,8840;3,7700;98,6500;694;371;19244
Ex 3 day 1813;3;73;0,0371;3,6498;2,7614;3,7700;98,4900;644;337;19244
Ex 3 day 1813;3;74;0,0371;3,8499;2,8114;3,3000;103,8900;685;432;19244
Ex 3 day 1813;3;75;0,0371;3,7219;2,7853;3,7700;100,4300;728;416;19244
Ex 3 day 1813;3;76;0,0371;3,4237;2,4342;3,3000;92,3900;686;404;19244
Ex 3 day 1813;3;77;0,0371;3,1088;2,4274;3,7700;83,8900;713;384;19244
Ex 3 day 1813;3;78;0,0371;2,8489;2,1874;3,7700;76,8800;709;417;19244
Ex 3 day 1813;3;79;0,0371;2,8914;2,1771;3,7700;78,0200;617;397;19244
Ex 3 day 1813;3;80;0,0371;3,0005;2,2854;3,7700;80,9700;664;353;19244
Ex 3 day 1813;3;81;0,0371;2,6525;1,9806;3,7700;71,5800;698;358;19244
Ex 3 day 1813;3;82;0,0371;2,6127;1,9193;3,3000;70,5000;641;360;19244
Ex 3 day 1813;3;83;0,0371;2,6634;1,8526;3,3000;71,8700;649;397;19244
Ex 3 day 1813;3;84;0,0371;2,5168;1,7122;4,2400;67,9100;612;371;19244
Ex 3 day 1813;3;85;0,0371;2,1824;1,1802;6,6000;58,8900;770;432;19244
Ex 3 day 1813;3;86;0,0371;2,2512;1,3115;4,2400;60,7500;762;392;19244
Ex 3 day 1813;3;87;0,0371;2,1413;1,4706;3,3000;57,7800;676;407;19244
Ex 3 day 1813;3;88;0,0371;1,9176;1,3653;3,3000;51,7500;633;346;19244
Ex 3 day 1813;3;89;0,0371;2,0354;1,3028;4,7100;54,9200;744;392;19244
Ex 3 day 1813;3;90;0,0371;1,8348;1,3165;3,7700;49,5100;709;371;19244
Ex 3 day 1813;4;91;0,0143;3,9977;3,0357;3,7700;279,4100;970;435;26540
Ex 3 day 1813;4;92;0,0143;3,9910;2,9285;3,7700;278,9400;1036;403;26540
Ex 3 day 1813;4;93;0,0143;3,9337;3,0324;3,7700;274,9300;997;465;26540
Ex 3 day 1813;4;94;0,0143;3,7242;2,7615;3,3000;260,2900;1049;460;26540
Ex 3 day 1813;4;95;0,0143;4,0070;3,0436;3,7700;280,0600;1012;399;26540
Ex 3 day 1813;4;96;0,0143;3,5833;2,6794;3,7700;250,4400;972;503;26540
Ex 3 day 1813;4;97;0,0143;3,3523;2,3709;3,3000;234,3000;1025;548;26540
Ex 3 day 1813;4;98;0,0143;3,2801;2,5800;3,7700;229,2500;957;463;26540
Ex 3 day 1813;4;99;0,0143;3,4531;2,6554;3,7700;241,3400;982;397;26540
Ex 3 day 1813;4;100;0,0143;2,7536;1,8859;5,1900;192,4500;954;490;26540
Ex 3 day 1813;4;101;0,0143;2,9904;2,1559;3,3000;209,0000;964;405;26540
Ex 3 day 1813;4;102;0,0143;3,0804;2,2620;3,7700;215,2900;1050;495;26540
Ex 3 day 1813;4;103;0,0143;3,0124;2,0713;3,3000;210,5400;1019;486;26540
Ex 3 day 1813;4;104;0,0143;2,8588;1,7862;5,1900;199,8100;1009;502;26540
Ex 3 day 1813;4;105;0,0143;2,8523;2,1342;3,7700;199,3500;1065;518;26540
Ex 3 day 1813;4;106;0,0143;2,4391;1,8221;2,8300;170,4700;984;488;26540
Ex 3 day 1813;4;107;0,0143;2,3052;2,0036;2,8300;161,1200;953;442;26540
Ex 3 day 1813;4;108;0,0143;2,3176;1,8753;3,7700;161,9800;941;441;26540
Ex 3 day 1813;4;109;0,0143;2,3125;1,6167;3,3000;161,6300;1047;515;26540
Ex 3 day 1813;4;110;0,0143;2,1291;1,5255;3,3000;148,8100;1020;520;26540
Ex 3 day 1813;4;111;0,0143;2,2663;1,5885;3,3000;158,3900;951;397;26540
Ex 3 day 1813;4;112;0,0143;2,0216;1,5432;3,7700;141,2900;957;375;26540
Ex 3 day 1813;4;113;0,0143;2,2609;1,5789;5,6600;158,0100;1067;486;26540
Ex 3 day 1813;4;114;0,0143;1,4579;0,9746;3,7700;101,9000;1034;458;26540
Ex 3 day 1813;4;115;0,0143;1,8158;1,4877;4,7100;126,9100;993;379;26540
Ex 3 day 1813;4;116;0,0143;1,8871;1,1993;3,3000;131,8900;1020;460;26540
Ex 3 day 1813;4;117;0,0143;1,6198;1,3568;4,2400;113,2100;1029;433;26540
Ex 3 day 1813;4;118;0,0143;1,8154;1,3869;3,7700;126,8800;1061;501;26540
Ex 3 day 1813;4;119;0,0143;1,6024;1,3722;2,8300;112,0000;946;410;26540
Ex 3 day 1813;4;120;0,0143;1,8471;1,4315;2,8300;129,1000;1028;421;26540
Ex 3 day 1813;4;121;0,0143;1,8355;1,5689;2,8300;128,2900;1039;513;26540
Ex 3 day 1813;4;122;0,0143;1,7354;1,4930;2,8300;121,2900;957;413;26540
Ex 3 day 1813;4;123;0,0143;1,8574;1,4574;3,3000;129,8200;1075;459;26540
Ex 3 day 1813;4;124;0,0143;1,9498;1,4305;3,3000;136,2800;1013;477;26540
Ex 3 day 1813;4;125;0,0143;2,1095;1,0431;4,2400;147,4400;967;450;26540
Ex 3 day 1813;5;126;0,0722;4,2797;3,2168;3,7700;59,2700;919;683;23613
Ex 3 day 1813;5;127;0,0722;4,1791;2,8683;3,3000;57,8700;871;725;23613
Ex 3 day 1813;5;128;0,0722;4,0308;2,7741;3,3000;55,8200;877;746;23613
Ex 3 day 1813;5;129;0,0722;3,5749;2,7237;3,7700;49,5100;925;732;23613
Ex 3 day 1813;5;130;0,0722;3,5181;2,7704;3,7700;48,7200;875;764;23613
Ex 3 day 1813;5;131;0,0722;3,6485;2,7333;3,7700;50,5300;878;790;23613
Ex 3 day 1813;5;132;0,0722;3,5918;2,6726;3,7700;49,7400;841;678;23613
Ex 3 day 1813;5;133;0,0722;3,8406;2,6182;3,3000;53,1900;940;790;23613
Ex 3 day 1813;5;134;0,0722;3,1698;2,2186;3,3000;43,9000;931;773;23613
Ex 3 day 1813;5;135;0,0722;2,7563;2,1309;3,7700;38,1700;851;707;23613
Ex 3 day 1813;5;136;0,0722;3,5154;2,5300;3,7700;48,6800;888;716;23613
Ex 3 day 1813;5;137;0,0722;3,2190;2,4356;3,7700;44,5800;900;791;23613
Ex 3 day 1813;5;138;0,0722;3,1638;2,3077;3,3000;43,8100;866;807;23613
Ex 3 day 1813;5;139;0,0722;2,6739;2,2964;2,8300;37,0300;874;709;23613
Ex 3 day 1813;5;140;0,0722;2,6547;1,9633;4,2400;36,7600;885;685;23613
Ex 3 day 1813;5;141;0,0722;2,8568;1,9639;3,3000;39,5600;890;743;23613
Ex 3 day 1813;5;142;0,0722;3,1238;2,3667;3,7700;43,2600;911;759;23613
Ex 3 day 1813;5;143;0,0722;3,1208;2,7220;2,8300;43,2200;837;765;23613
Ex 3 day 1813;5;144;0,0722;2,8930;2,1854;3,7700;40,0600;867;678;23613
Ex 3 day 1813;5;145;0,0722;2,8142;2,1465;3,7700;38,9700;860;743;23613
Ex 3 day 1813;5;146;0,0722;2,9633;1,9596;3,3000;41,0400;940;762;23613
Ex 3 day 1813;5;147;0,0722;2,6411;1,7676;4,2400;36,5800;849;721;23613
Ex 3 day 1813;5;148;0,0722;2,9846;2,1097;3,7700;41,3300;882;664;23613
Ex 3 day 1813;5;149;0,0722;2,9079;1,9160;3,3000;40,2700;854;680;23613
Ex 3 day 1813;5;150;0,0722;2,9930;2,1747;3,3000;41,4500;885;701;23613
Ex 3 day 1813;5;151;0,0722;2,5555;1,9318;3,7700;35,3900;940;649;23613
Ex 3 day 1813;5;152;0,0722;2,9466;2,1553;3,3000;40,8100;847;779;23613
Ex 3 day 1813;5;153;0,0722;2,8932;2,1435;3,7700;40,0700;826;748;23613
Ex 3 day 1813;5;154;0,0722;2,7394;2,0346;3,3000;37,9400;926;708;23613
Ex 3 day 1813;5;155;0,0722;2,4915;1,7864;3,3000;34,5000;910;707;23613
Ex 3 day 1813;5;156;0,0722;2,3610;1,8156;3,7700;32,7000;853;656;23613
Ex 3 day 1813;5;157;0,0722;2,5399;1,7167;3,3000;35,1700;920;745;23613
Ex 3 day 1813;5;158;0,0722;2,7531;1,8515;3,3000;38,1300;887;766;23613
Ex 3 day 1813;5;159;0,0722;2,5767;1,7004;3,3000;35,6800;840;691;23613
Ex 3 day 1813;5;160;0,0722;2,5050;1,8916;3,7700;34,6900;921;628;23613
Ex 3 day 1813;5;161;0,0722;2,4056;1,7424;3,3000;33,3100;924;794;23613
Ex 3 day 1813;5;162;0,0722;2,8538;2,0884;3,3000;39,5200;866;651;23613
Ex 3 day 1813;5;163;0,0722;2,6237;1,9954;3,7700;36,3300;917;643;23613
Ex 3 day 1813;5;164;0,0722;2,5406;1,7784;4,2400;35,1800;823;701;23613
Ex 3 day 1813;5;165;0,0722;2,4633;1,7510;3,3000;34,1100;928;645;23613
Ex 3 day 1813;5;166;0,0722;2,4000;1,7219;3,3000;33,2400;913;803;23613
Ex 3 day 1813;5;167;0,0722;1,9615;1,3732;3,7700;27,1600;839;751;23613
Ex 3 day 1813;5;168;0,0722;2,1346;1,5019;3,3000;29,5600;831;713;23613
Ex 3 day 1813;5;169;0,0722;2,4578;2,1627;2,8300;34,0400;919;713;23613
Ex 3 day 1813;5;170;0,0722;2,4346;1,8838;3,7700;33,7200;946;717;23613
Ex 3 day 1813;5;171;0,0722;2,3605;1,9826;2,8300;32,6900;901;694;23613
Ex 3 day 1813;5;172;0,0722;2,2400;1,3485;4,2400;31,0200;837;733;23613
Ex 3 day 1813;5;173;0,0722;1,4627;0,9854;3,3000;20,2600;902;732;23613
Ex 3 day 1813;5;174;0,0722;1,8635;1,4834;3,7700;25,8100;921;760;23613
Ex 3 day 1813;5;175;0,0722;2,1311;1,5832;3,3000;29,5100;884;807;23613
Ex 3 day 1813;5;176;0,0722;2,1828;1,5215;3,7700;30,2300;954;649;23613
Ex 3 day 1813;5;177;0,0722;2,2011;1,5696;3,3000;30,4800;904;632;23613
Ex 3 day 1813;5;178;0,0722;2,1601;1,6147;3,7700;29,9100;897;654;23613
Ex 3 day 1813;5;179;0,0722;1,6192;1,2819;3,7700;22,4200;914;667;23613
Ex 3 day 1813;5;180;0,0722;1,9285;1,5786;2,8300;26,7100;871;699;23613
Ex 3 day 1813;5;181;0,0722;2,1499;1,5647;3,3000;29,7700;952;691;23613
Ex 3 day 1813;5;182;0,0722;2,0368;1,4002;3,3000;28,2100;965;676;23613
Ex 3 day 1813;5;183;0,0722;1,9469;1,7158;2,8300;26,9600;834;773;23613
Ex 3 day 1813;6;184;0,0349;4,0098;2,9910;3,7700;114,7600;275;843;31810
Ex 3 day 1813;6;185;0,0349;3,6671;2,6431;3,3000;104,9500;280;900;31810
Ex 3 day 1813;6;186;0,0349;3,4422;2,3871;3,3000;98,5100;293;894;31810
Ex 3 day 1813;6;187;0,0349;3,3969;2,4921;3,3000;97,2200;297;865;31810
Ex 3 day 1813;6;188;0,0349;3,8999;2,7709;3,3000;111,6100;204;897;31810
Ex 3 day 1813;6;189;0,0349;3,6356;2,6739;3,7700;104,0500;306;923;31810
Ex 3 day 1813;6;190;0,0349;3,4340;2,1635;4,2400;98,2800;348;822;31810
Ex 3 day 1813;6;191;0,0349;3,2403;2,3471;3,3000;92,7300;283;824;31810
Ex 3 day 1813;6;192;0,0349;3,1957;2,2961;4,2400;91,4600;336;883;31810
Ex 3 day 1813;6;193;0,0349;2,9467;2,0190;3,3000;84,3300;286;883;31810
Ex 3 day 1813;6;194;0,0349;3,1325;2,4157;3,3000;89,6500;300;834;31810
Ex 3 day 1813;6;195;0,0349;3,0694;2,1663;3,3000;87,8400;246;857;31810
Ex 3 day 1813;6;196;0,0349;2,7728;2,0869;3,7700;79,3600;365;918;31810
Ex 3 day 1813;6;197;0,0349;2,5412;2,0272;3,7700;72,7300;379;896;31810
Ex 3 day 1813;6;198;0,0349;2,4884;1,8434;3,3000;71,2200;255;898;31810
Ex 3 day 1813;6;199;0,0349;2,6577;1,8162;4,2400;76,0600;342;924;31810
Ex 3 day 1813;6;200;0,0349;2,4506;1,6931;3,3000;70,1300;296;882;31810
Ex 3 day 1813;6;201;0,0349;2,4705;1,7811;3,3000;70,7000;202;928;31810
Ex 3 day 1813;6;202;0,0349;2,5424;1,8132;4,7100;72,7600;225;871;31810
Ex 3 day 1813;6;203;0,0349;2,3362;1,7454;3,7700;66,8600;360;899;31810
Ex 3 day 1813;6;204;0,0349;2,0830;1,3881;4,2400;59,6100;326;806;31810
Ex 3 day 1813;6;205;0,0349;2,5225;2,1558;2,8300;72,1900;289;867;31810
Ex 3 day 1813;6;206;0,0349;2,6160;2,2563;2,8300;74,8700;271;884;31810
Ex 3 day 1813;6;207;0,0349;2,5602;1,7493;3,3000;73,2700;308;802;31810
Ex 3 day 1813;6;208;0,0349;2,2365;1,5405;3,3000;64,0100;354;889;31810
Ex 3 day 1813;6;209;0,0349;2,0142;1,6794;2,8300;57,6400;249;841;31810
Ex 3 day 1813;6;210;0,0349;2,0150;1,3500;3,3000;57,6700;228;946;31810
Ex 3 day 1813;6;211;0,0349;2,1245;1,3963;4,2400;60,8000;363;837;31810
Ex 3 day 1813;6;212;0,0349;2,2351;1,9702;2,8300;63,9700;349;845;31810
Ex 3 day 1813;6;213;0,0349;1,9817;1,4422;3,3000;56,7100;237;938;31810
Ex 3 day 1813;6;214;0,0349;2,0019;1,3379;4,2400;57,2900;384;852;31810
Ex 3 day 1813;6;215;0,0349;1,7256;1,3731;4,7100;49,3800;330;902;31810
Ex 3 day 1813;6;216;0,0349;2,1551;1,5703;3,3000;61,6800;281;863;31810
Ex 3 day 1813;6;217;0,0349;2,2141;1,4695;3,3000;63,3700;257;828;31810
Ex 3 day 1813;6;218;0,0349;1,9347;1,3681;3,3000;55,3700;263;817;31810
Ex 3 day 1813;6;219;0,0349;1,9312;1,4705;3,3000;55,2700;304;901;31810
Ex 3 day 1813;6;220;0,0349;1,9467;1,2908;3,3000;55,7100;383;911;31810
Ex 3 day 1813;6;221;0,0349;1,9834;1,6642;2,8300;56,7600;340;866;31810
Ex 3 day 1813;6;222;0,0349;2,1275;1,9121;2,8300;60,8900;337;853;31810
Ex 3 day 1813;7;223;-0,0074;3,9258;2,9423;2,8300;-527,9600;752;812;3356
Ex 3 day 1813;7;224;-0,0074;3,0736;2,4746;2,8300;-413,3500;774;832;3356
Ex 3 day 1813;7;225;-0,0074;2,5550;1,7960;3,3000;-343,6100;805;817;3356
Ex 3 day 1813;7;226;-0,0074;1,7895;1,3982;2,8300;-240,6600;794;842;3356
Ex 3 day 1813;7;227;-0,0074;2,3786;1,5319;4,2400;-319,8800;780;813;3356
Ex 3 day 1813;7;228;-0,0074;1,7497;1,3765;2,8300;-235,3100;758;795;3356
Ex 3 day 1813;7;229;-0,0074;1,5766;1,3688;2,8300;-212,0300;761;839;3356
Ex 3 day 1814;1;1;0,0263;4,3903;3,1080;3,3000;166,8100;853;211;19730
Ex 3 day 1814;1;2;0,0263;3,9629;2,8873;3,7700;150,5700;872;198;19730
Ex 3 day 1814;1;3;0,0263;3,6406;2,4449;4,2400;138,3200;790;174;19730
Ex 3 day 1814;1;4;0,0263;3,5341;2,7956;3,7700;134,2800;774;161;19730
Ex 3 day 1814;1;5;0,0263;3,6440;2,7520;3,7700;138,4500;835;150;19730
Ex 3 day 1814;1;6;0,0263;3,7974;2,8632;3,7700;144,2800;808;214;19730
Ex 3 day 1814;1;7;0,0263;3,5253;2,6980;3,7700;133,9400;892;175;19730
Ex 3 day 1814;1;8;0,0263;3,3900;2,3354;4,2400;128,8000;833;215;19730
Ex 3 day 1814;1;9;0,0263;3,6366;2,6479;3,7700;138,1700;882;212;19730
Ex 3 day 1814;1;10;0,0263;3,7060;2,6968;3,3000;140,8100;782;231;19730
Ex 3 day 1814;1;11;0,0263;3,5163;2,3865;3,3000;133,6000;828;240;19730
Ex 3 day 1814;1;12;0,0263;3,1932;2,4110;3,7700;121,3200;877;152;19730
Ex 3 day 1814;1;13;0,0263;2,8788;1,8863;4,2400;109,3800;807;184;19730
Ex 3 day 1814;1;14;0,0263;3,1096;2,3610;3,7700;118,1500;836;165;19730
Ex 3 day 1814;1;15;0,0263;3,0343;2,0065;4,2400;115,2800;751;216;19730
Ex 3 day 1814;1;16;0,0263;2,8423;1,8730;4,2400;107,9900;855;238;19730
Ex 3 day 1814;1;17;0,0263;2,3005;1,9217;2,8300;87,4000;813;198;19730
Ex 3 day 1814;1;18;0,0263;2,3538;1,9527;2,8300;89,4300;831;199;19730
Ex 3 day 1814;1;19;0,0263;1,5642;1,2829;3,7700;59,4300;847;180;19730
Ex 3 day 1814;1;20;0,0263;1,7878;1,5848;2,8300;67,9200;777;188;19730
Ex 3 day 1814;1;21;0,0263;1,8305;1,2069;4,2400;69,5500;863;163;19730
Ex 3 day 1814;1;22;0,0263;1,2961;1,0932;3,7700;49,2400;772;197;19730
Ex 3 day 1814;1;23;0,0263;2,1607;1,8058;2,8300;82,0900;818;170;19730
Ex 3 day 1814;2;24;0,0333;4,2370;3,0295;3,3000;127,3800;164;405;19982
Ex 3 day 1814;2;25;0,0333;4,0594;2,9074;3,3000;122,0400;138;375;19982
Ex 3 day 1814;2;26;0,0333;3,8350;2,6860;3,3000;115,3000;215;403;19982
Ex 3 day 1814;2;27;0,0333;3,1507;1,9444;5,1900;94,7200;172;323;19982
Ex 3 day 1814;2;28;0,0333;3,4680;2,3922;3,7700;104,2600;242;416;19982
Ex 3 day 1814;2;29;0,0333;3,4463;2,7171;3,7700;103,6100;143;422;19982
Ex 3 day 1814;2;30;0,0333;3,5352;2,5198;3,7700;106,2800;169;358;19982
Ex 3 day 1814;2;31;0,0333;3,0182;2,2563;3,7700;90,7400;182;374;19982
Ex 3 day 1814;2;32;0,0333;2,6360;1,9245;3,3000;79,2500;151;368;19982
Ex 3 day 1814;2;33;0,0333;3,1746;2,2767;3,7700;95,4400;122;402;19982
Ex 3 day 1814;2;34;0,0333;3,1833;2,2750;3,3000;95,7000;191;350;19982
Ex 3 day 1814;2;35;0,0333;3,1037;2,3075;3,3000;93,3100;123;460;19982
Ex 3 day 1814;2;36;0,0333;2,9785;1,9993;3,3000;89,5500;136;362;19982
Ex 3 day 1814;2;37;0,0333;2,8616;2,1447;3,7700;86,0300;235;346;19982
Ex 3 day 1814;2;38;0,0333;3,0810;2,1932;3,3000;92,6300;194;379;19982
Ex 3 day 1814;2;39;0,0333;2,9545;2,2491;3,7700;88,8300;170;424;19982
Ex 3 day 1814;2;40;0,0333;2,3696;1,7614;5,1900;71,2400;235;430;19982
Ex 3 day 1814;2;41;0,0333;2,5043;1,7573;3,3000;75,2900;156;444;19982
Ex 3 day 1814;2;42;0,0333;2,9389;1,8822;4,2400;88,3600;258;411;19982
Ex 3 day 1814;2;43;0,0333;2,8605;1,9927;3,3000;86,0000;259;437;19982
Ex 3 day 1814;2;44;0,0333;3,2244;1,9870;3,3000;96,9400;224;362;19982
Ex 3 day 1814;2;45;0,0333;2,4510;1,7339;3,7700;73,6900;210;386;19982
Ex 3 day 1814;2;46;0,0333;2,1063;1,6451;3,7700;63,3200;175;388;19982
Ex 3 day 1814;2;47;0,0333;2,0560;1,6438;3,7700;61,8100;246;356;19982
Ex 3 day 1814;2;48;0,0333;2,3997;1,9667;3,7700;72,1500;194;398;19982
Ex 3 day 1814;2;49;0,0333;2,0584;1,5900;4,7100;61,8800;245;385;19982
Ex 3 day 1814;2;50;0,0333;2,0445;1,6553;3,7700;61,4700;256;467;19982
Ex 3 day 1814;2;51;0,0333;2,5470;1,6998;3,3000;76,5700;228;460;19982
Ex 3 day 1814;2;52;0,0333;1,9254;1,3793;3,7700;57,8900;138;442;19982
Ex 3 day 1814;2;53;0,0333;1,7536;1,2473;3,3000;52,7200;156;425;19982
Ex 3 day 1814;2;54;0,0333;1,9513;1,6044;3,7700;58,6600;164;433;19982
Ex 3 day 1814;2;55;0,0333;2,0139;1,2875;3,3000;60,5500;234;454;19982
Ex 3 day 1814;2;56;0,0333;1,5536;1,1280;3,3000;46,7100;184;405;19982
Ex 3 day 1814;2;57;0,0333;1,8829;1,3107;3,3000;56,6100;228;403;19982
Ex 3 day 1814;2;58;0,0333;2,1725;1,8873;2,8300;65,3100;199;391;19982
Ex 3 day 1814;2;59;0,0333;1,9067;1,6368;2,8300;57,3200;131;389;19982
Ex 3 day 1814;2;60;0,0333;2,3712;1,6217;2,8300;71,2900;242;398;19982
Ex 3 day 1814;2;61;0,0333;1,8863;1,3464;3,7700;56,7100;185;362;19982
Ex 3 day 1814;2;62;0,0333;1,9083;1,0965;4,2400;57,3700;219;338;19982
Ex 3 day 1814;2;63;0,0333;1,2738;0,9532;3,3000;38,3000;223;439;19982
Ex 3 day 1814;3;64;0,0185;4,2505;3,1154;3,7700;230,2500;992;551;25940
Ex 3 day 1814;3;65;0,0185;3,9141;2,9701;3,7700;212,0300;1072;418;25940
Ex 3 day 1814;3;66;0,0185;3,6647;2,4520;4,2400;198,5200;1025;520;25940
Ex 3 day 1814;3;67;0,0185;3,5480;2,3806;4,2400;192,2000;1044;452;25940
Ex 3 day 1814;3;68;0,0185;3,1962;2,1416;3,3000;173,1400;998;480;25940
Ex 3 day 1814;3;69;0,0185;3,3608;2,2843;3,3000;182,0600;1095;437;25940
Ex 3 day 1814;3;70;0,0185;3,0095;1,9023;4,2400;163,0200;1018;440;25940
Ex 3 day 1814;3;71;0,0185;2,8625;2,1472;3,7700;155,0600;1028;495;25940
Ex 3 day 1814;3;72;0,0185;3,1549;2,2474;4,7100;170,9000;1062;495;25940
Ex 3 day 1814;3;73;0,0185;2,6197;1,9328;3,7700;141,9100;968;505;25940
Ex 3 day 1814;3;74;0,0185;2,7147;1,9479;3,7700;147,0600;996;444;25940
Ex 3 day 1814;3;75;0,0185;2,2319;1,7788;3,3000;120,9000;1088;506;25940
Ex 3 day 1814;3;76;0,0185;2,3747;1,7936;3,3000;128,6400;990;471;25940
Ex 3 day 1814;3;77;0,0185;2,4255;1,6697;4,2400;131,3900;1011;462;25940
Ex 3 day 1814;3;78;0,0185;1,9727;1,3501;3,3000;106,8600;1093;518;25940
Ex 3 day 1814;3;79;0,0185;2,2109;1,4711;3,3000;119,7600;1055;425;25940
Ex 3 day 1814;3;80;0,0185;1,9870;1,5917;2,8300;107,6400;1061;559;25940
Ex 3 day 1814;3;81;0,0185;2,3309;1,8578;2,8300;126,2600;1019;586;25940
Ex 3 day 1814;3;82;0,0185;1,8402;1,3833;4,7100;99,6800;1048;550;25940
Ex 3 day 1814;3;83;0,0185;2,5216;1,8518;3,7700;136,6000;1044;477;25940
Ex 3 day 1814;3;84;0,0185;2,1140;1,3610;3,3000;114,5200;1096;530;25940
Ex 3 day 1814;3;85;0,0185;1,9113;1,2358;4,7100;103,5400;1078;516;25940
Ex 3 day 1814;3;86;0,0185;1,7071;1,2920;3,7700;92,4700;1080;536;25940
Ex 3 day 1814;3;87;0,0185;1,4216;1,2221;2,8300;77,0100;1033;587;25940
Ex 3 day 1814;3;88;0,0185;1,8454;1,5705;2,8300;99,9700;991;492;25940
Ex 3 day 1814;3;89;0,0185;1,5977;1,3527;2,8300;86,5500;1116;497;25940
Ex 3 day 1814;3;90;0,0185;1,9763;1,7064;2,8300;107,0600;1089;427;25940
Ex 3 day 1814;3;91;0,0185;1,9658;1,2907;3,7700;106,4900;1064;536;25940
Ex 3 day 1814;4;92;0,0545;4,2465;3,0101;3,3000;77,8800;830;712;21986
Ex 3 day 1814;4;93;0,0545;3,3791;2,5484;3,7700;61,9700;741;754;21986
Ex 3 day 1814;4;94;0,0545;3,1803;2,4897;3,7700;58,3200;786;771;21986
Ex 3 day 1814;4;95;0,0545;3,5021;2,5024;3,3000;64,2300;795;799;21986
Ex 3 day 1814;4;96;0,0545;3,2485;2,4247;3,7700;59,5800;753;752;21986
Ex 3 day 1814;4;97;0,0545;3,4535;2,6059;3,3000;63,3400;786;712;21986
Ex 3 day 1814;4;98;0,0545;3,2657;2,0543;4,2400;59,8900;762;665;21986
Ex 3 day 1814;4;99;0,0545;2,8907;2,2001;3,7700;53,0100;745;695;21986
Ex 3 day 1814;4;100;0,0545;3,0027;2,1121;3,3000;55,0700;808;710;21986
Ex 3 day 1814;4;101;0,0545;2,8786;2,1580;3,7700;52,7900;821;688;21986
Ex 3 day 1814;4;102;0,0545;2,6400;2,0299;3,7700;48,4200;774;813;21986
Ex 3 day 1814;4;103;0,0545;3,0263;2,2526;2,8300;55,5000;775;760;21986
Ex 3 day 1814;4;104;0,0545;2,5022;2,0789;3,7700;45,8900;726;788;21986
Ex 3 day 1814;4;105;0,0545;2,3361;2,0054;2,8300;42,8400;817;740;21986
Ex 3 day 1814;4;106;0,0545;2,5034;1,8680;3,3000;45,9100;775;741;21986
Ex 3 day 1814;4;107;0,0545;2,3455;1,8146;3,7700;43,0200;800;652;21986
Ex 3 day 1814;4;108;0,0545;1,9563;1,3591;4,2400;35,8800;841;694;21986
Ex 3 day 1814;4;109;0,0545;1,8818;1,4977;3,7700;34,5100;798;764;21986
Ex 3 day 1814;4;110;0,0545;2,0372;1,8060;2,8300;37,3600;799;704;21986
Ex 3 day 1814;4;111;0,0545;2,2503;1,6607;3,7700;41,2700;736;710;21986
Ex 3 day 1814;4;112;0,0545;2,0815;1,5554;3,3000;38,1700;816;716;21986
Ex 3 day 1814;4;113;0,0545;2,0160;1,6940;2,8300;36,9700;767;727;21986
Ex 3 day 1814;4;114;0,0545;1,7042;1,2532;2,8300;31,2500;778;728;21986
Ex 3 day 1814;4;115;0,0545;1,7694;1,5273;2,8300;32,4500;828;744;21986
Ex 3 day 1814;4;116;0,0545;2,3446;1,8599;2,8300;43,0000;764;692;21986
Ex 3 day 1814;4;117;0,0545;1,5203;1,0124;3,3000;27,8800;757;652;21986
Ex 3 day 1814;4;118;0,0545;1,8268;1,3653;3,7700;33,5000;816;768;21986
Ex 3 day 1815;1;1;0,1944;2,4261;2,1076;2,8300;12,4800;1013;133;8257
Ex 3 day 1815;1;2;0,1944;2,2518;1,6706;3,3000;11,5800;1046;137;8257
Ex 3 day 1815;2;3;0,0662;3,1123;2,2221;4,7100;46,9800;204;186;24139
Ex 3 day 1815;2;4;0,0662;3,1032;2,6878;2,8300;46,8400;278;243;24139
Ex 3 day 1815;2;5;0,0662;2,7256;2,1369;4,7100;41,1400;249;273;24139
Ex 3 day 1815;2;6;0,0662;2,9085;2,2293;2,8300;43,9000;256;253;24139
Ex 3 day 1815;2;7;0,0662;2,9601;1,8775;5,1900;44,6800;201;265;24139
Ex 3 day 1815;2;8;0,0662;2,7488;2,0925;2,8300;41,4900;195;286;24139
Ex 3 day 1815;2;9;0,0662;3,0434;1,8440;5,1900;45,9400;215;214;24139
Ex 3 day 1815;2;10;0,0662;2,1213;1,6726;2,8300;32,0200;259;218;24139
Ex 3 day 1815;2;11;0,0662;1,8590;1,4669;2,8300;28,0600;263;244;24139
Ex 3 day 1815;2;12;0,0662;2,8030;1,6121;5,6600;42,3100;237;198;24139
Ex 3 day 1815;2;13;0,0662;2,3007;1,6046;4,7100;34,7300;188;215;24139
Ex 3 day 1815;2;14;0,0662;2,1327;1,6899;2,8300;32,1900;224;298;24139
Ex 3 day 1815;2;15;0,0662;2,4075;2,0263;2,8300;36,3400;191;300;24139
Ex 3 day 1815;2;16;0,0662;2,7677;1,9443;3,3000;41,7800;206;296;24139
Ex 3 day 1815;2;17;0,0662;2,7382;1,8205;4,7100;41,3300;294;255;24139
Ex 3 day 1815;2;18;0,0662;2,4518;2,1306;2,8300;37,0100;230;245;24139
Ex 3 day 1815;2;19;0,0662;2,2199;2,0493;2,8300;33,5100;268;280;24139
Ex 3 day 1815;2;20;0,0662;1,9286;1,5021;2,8300;29,1100;236;258;24139
Ex 3 day 1815;2;21;0,0662;2,1099;1,5740;2,8300;31,8500;241;220;24139
Ex 3 day 1815;2;22;0,0662;2,4398;1,5801;5,1900;36,8300;260;311;24139
Ex 3 day 1815;2;23;0,0662;2,0075;1,6166;2,8300;30,3000;263;204;24139
Ex 3 day 1815;2;24;0,0662;1,7494;1,3778;2,8300;26,4100;195;230;24139
Ex 3 day 1815;2;25;0,0662;1,0393;0,8828;2,8300;15,6900;230;310;24139
Ex 3 day 1815;2;26;0,0662;2,1711;1,5635;2,8300;32,7700;240;236;24139
Ex 3 day 1815;2;27;0,0662;2,3981;1,6138;2,8300;36,2000;208;246;24139
Ex 3 day 1815;2;28;0,0662;1,8506;1,5415;2,8300;27,9300;230;251;24139
Ex 3 day 1815;2;29;0,0662;1,6933;1,4057;2,8300;25,5600;247;231;24139
Ex 3 day 1815;2;30;0,0662;2,3658;1,8233;2,8300;35,7100;248;224;24139
Ex 3 day 1815;2;31;0,0662;1,3612;0,8876;2,8300;20,5500;229;271;24139
Ex 3 day 1815;2;32;0,0662;1,8429;1,4709;2,8300;27,8200;243;259;24139
Ex 3 day 1815;2;33;0,0662;1,6768;1,2645;2,8300;25,3100;230;285;24139
Ex 3 day 1815;2;34;0,0662;1,7778;1,4373;2,8300;26,8400;242;251;24139
Ex 3 day 1815;3;35;0,0564;3,5882;2,6675;3,3000;63,6300;377;589;27987
Ex 3 day 1815;3;36;0,0564;3,1202;2,4977;2,8300;55,3300;334;564;27987
Ex 3 day 1815;3;37;0,0564;3,5661;2,8992;2,8300;63,2400;424;503;27987
Ex 3 day 1815;3;38;0,0564;3,1342;2,3613;3,3000;55,5800;433;533;27987
Ex 3 day 1815;3;39;0,0564;2,8096;1,8661;4,2400;49,8200;316;548;27987
Ex 3 day 1815;3;40;0,0564;2,9966;1,9026;4,2400;53,1400;330;513;27987
Ex 3 day 1815;3;41;0,0564;2,2490;1,7150;4,2400;39,8800;427;564;27987
Ex 3 day 1815;3;42;0,0564;2,1650;1,6526;5,6600;38,3900;384;512;27987
Ex 3 day 1815;3;43;0,0564;2,7115;1,7731;4,7100;48,0800;402;609;27987
Ex 3 day 1815;3;44;0,0564;2,3075;1,6622;3,7700;40,9200;411;477;27987
Ex 3 day 1815;3;45;0,0564;2,6839;1,7973;4,2400;47,5900;393;551;27987
Ex 3 day 1815;3;46;0,0564;2,3595;1,5536;5,1900;41,8400;414;586;27987
Ex 3 day 1815;3;47;0,0564;2,2539;1,7306;2,8300;39,9700;380;606;27987
Ex 3 day 1815;3;48;0,0564;2,7049;2,0956;2,8300;47,9600;414;518;27987
Ex 3 day 1815;3;49;0,0564;1,9266;1,5754;2,8300;34,1600;400;536;27987
Ex 3 day 1815;3;50;0,0564;2,4872;2,1631;2,8300;44,1000;309;585;27987
Ex 3 day 1815;3;51;0,0564;2,5234;2,1507;2,8300;44,7500;352;615;27987
Ex 3 day 1815;3;52;0,0564;1,9546;1,3623;3,7700;34,6600;357;572;27987
Ex 3 day 1815;3;53;0,0564;1,7447;1,4303;2,8300;30,9400;392;583;27987
Ex 3 day 1815;3;54;0,0564;2,0573;1,5410;3,3000;36,4800;379;618;27987
Ex 3 day 1815;3;55;0,0564;1,9114;1,6192;2,8300;33,8900;388;536;27987
Ex 3 day 1815;3;56;0,0564;1,3740;1,1099;2,8300;24,3600;340;592;27987
Ex 3 day 1815;3;57;0,0564;1,5108;1,1930;2,8300;26,7900;337;581;27987
Ex 3 day 1815;3;58;0,0564;2,1542;1,4378;4,2400;38,2000;321;601;27987
Ex 3 day 1815;3;59;0,0564;1,9658;1,6199;2,8300;34,8600;411;553;27987
Ex 3 day 1815;6;60;0,0710;3,0122;2,1077;4,7100;42,4000;486;605;13882
Ex 3 day 1815;6;61;0,0710;3,0678;2,0721;4,7100;43,1800;499;652;13882
Ex 3 day 1815;6;62;0,0710;2,5888;2,0530;4,7100;36,4400;506;623;13882
Ex 3 day 1815;6;63;0,0710;2,8613;2,0315;4,7100;40,2700;541;621;13882
Ex 3 day 1815;6;64;0,0710;2,6005;1,8142;5,6600;36,6000;578;700;13882
Ex 3 day 1815;6;65;0,0710;2,6705;2,0704;4,7100;37,5900;515;675;13882
Ex 3 day 1815;6;66;0,0710;2,8105;2,1154;2,8300;39,5600;580;669;13882
Ex 3 day 1815;6;67;0,0710;2,7701;1,8721;3,3000;38,9900;477;650;13882
Ex 3 day 1815;6;68;0,0710;2,1033;1,7438;2,8300;29,6000;518;695;13882
Ex 3 day 1815;6;69;0,0710;2,2056;1,9462;2,8300;31,0400;518;703;13882
Ex 3 day 1815;6;70;0,0710;2,2982;1,8526;2,8300;32,3500;528;635;13882
Ex 3 day 1815;6;71;0,0710;1,8541;1,4040;2,8300;26,1000;568;646;13882
Ex 3 day 1815;6;72;0,0710;0,6739;0,9992;7,0700;9,4900;527;650;13882
Ex 3 day 1815;7;73;0,0952;3,5350;2,5339;3,3000;37,1100;881;851;11705
Ex 3 day 1815;7;74;0,0952;3,2773;2,4011;3,7700;34,4100;894;879;11705
Ex 3 day 1815;7;75;0,0952;2,6922;1,8254;4,7100;28,2700;861;862;11705
Ex 3 day 1815;7;76;0,0952;2,5680;1,4877;5,6600;26,9600;869;886;11705
Ex 3 day 1815;7;77;0,0952;2,5404;1,8076;3,3000;26,6700;884;865;11705
Ex 3 day 1815;7;78;0,0952;2,5306;1,8594;4,7100;26,5700;844;834;11705
Ex 3 day 1815;7;79;0,0952;2,3207;1,5036;4,2400;24,3600;844;857;11705
Ex 3 day 1815;7;80;0,0952;2,7368;1,7345;4,2400;28,7300;899;844;11705
Ex 3 day 1815;7;81;0,0952;2,2512;1,9271;2,8300;23,6400;874;866;11705
Ex 3 day 1815;7;82;0,0952;2,0925;1,8324;2,8300;21,9700;877;831;11705
Ex 3 day 1815;7;83;0,0952;2,2609;1,5059;4,2400;23,7400;881;897;11705
Ex 3 day 1815;7;84;0,0952;2,1137;1,4282;4,7100;22,1900;842;897;11705
Ex 3 day 1815;7;85;0,0952;2,1553;1,5436;3,3000;22,6300;804;870;11705
Ex 3 day 1815;8;86;0,0550;4,2557;2,8505;3,3000;77,3300;1008;918;10299
Ex 3 day 1815;8;87;0,0550;3,0006;1,9163;5,1900;54,5200;1037;903;10299
Ex 3 day 1815;8;88;0,0550;3,1418;2,0551;4,2400;57,0900;989;913;10299
Ex 3 day 1815;8;89;0,0550;2,9505;1,7907;4,2400;53,6100;998;894;10299
Ex 3 day 1815;8;90;0,0550;2,9244;2,2609;3,7700;53,1400;1090;931;10299
Ex 3 day 1815;8;91;0,0550;2,4309;1,3752;6,1300;44,1700;958;938;10299
Ex 3 day 1815;8;92;0,0550;2,2746;1,9784;2,8300;41,3300;1077;925;10299
Ex 3 day 1815;8;93;0,0550;1,8285;1,2471;5,6600;33,2200;1022;888;10299
Ex 3 day 1816;1;1;-0,0006;4,1465;3,1696;3,7700;-7146,2800;990;148;33669
Ex 3 day 1816;1;2;-0,0006;4,2453;3,1100;3,7700;-7316,6300;939;104;33669
Ex 3 day 1816;1;3;-0,0006;3,7696;2,8263;3,7700;-6496,7900;992;66;33669
Ex 3 day 1816;1;4;-0,0006;3,8653;2,4012;4,2400;-6661,6100;913;53;33669
Ex 3 day 1816;1;5;-0,0006;3,7761;2,6052;3,3000;-6507,9200;985;170;33669
Ex 3 day 1816;1;6;-0,0006;4,0502;2,9356;3,7700;-6980,3300;1038;107;33669
Ex 3 day 1816;1;7;-0,0006;3,8577;2,8942;3,7700;-6648,6000;968;185;33669
Ex 3 day 1816;1;8;-0,0006;3,7911;2,8487;3,7700;-6533,7900;1004;85;33669
Ex 3 day 1816;1;9;-0,0006;3,1141;2,2727;4,7100;-5367,0200;956;125;33669
Ex 3 day 1816;1;10;-0,0006;2,9359;2,2830;3,7700;-5059,8900;951;187;33669
Ex 3 day 1816;1;11;-0,0006;2,7840;2,2235;3,7700;-4798,1700;964;163;33669
Ex 3 day 1816;1;12;-0,0006;2,9346;2,1198;3,3000;-5057,7000;924;39;33669
Ex 3 day 1816;1;13;-0,0006;2,9885;2,0506;4,2400;-5150,4800;899;96;33669
Ex 3 day 1816;1;14;-0,0006;2,9148;2,1417;3,7700;-5023,5300;957;80;33669
Ex 3 day 1816;1;15;-0,0006;2,4088;1,6695;4,2400;-4151,3900;994;113;33669
Ex 3 day 1816;1;16;-0,0006;2,5260;1,7142;3,3000;-4353,5100;1015;68;33669
Ex 3 day 1816;1;17;-0,0006;2,1621;1,5871;4,2400;-3726,3100;1004;136;33669
Ex 3 day 1816;1;18;-0,0006;2,3796;1,8494;3,7700;-4101,0700;947;72;33669
Ex 3 day 1816;1;19;-0,0006;2,4434;1,5498;4,2400;-4211,1400;1026;76;33669
Ex 3 day 1816;1;20;-0,0006;2,1158;1,7101;2,8300;-3646,4200;957;103;33669
Ex 3 day 1816;1;21;-0,0006;1,9142;1,4555;4,7100;-3299,1000;911;71;33669
Ex 3 day 1816;1;22;-0,0006;2,0926;1,7386;2,8300;-3606,4500;1006;63;33669
Ex 3 day 1816;1;23;-0,0006;2,1515;1,6257;3,3000;-3708,0200;993;177;33669
Ex 3 day 1816;1;24;-0,0006;2,1192;1,4568;3,3000;-3652,2800;970;103;33669
Ex 3 day 1816;1;25;-0,0006;2,1296;1,3861;3,3000;-3670,2900;971;88;33669
Ex 3 day 1816;1;26;-0,0006;1,9990;1,5877;3,7700;-3445,2100;945;40;33669
Ex 3 day 1816;1;27;-0,0006;1,8951;1,4804;4,7100;-3266,1500;970;115;33669
Ex 3 day 1816;1;28;-0,0006;1,9357;1,3004;3,7700;-3336,0300;910;35;33669
Ex 3 day 1816;1;29;-0,0006;2,2189;1,8233;3,7700;-3824,1900;932;124;33669
Ex 3 day 1816;1;30;-0,0006;1,7746;1,4178;2,8300;-3058,4600;953;95;33669
Ex 3 day 1816;1;31;-0,0006;1,8031;1,3346;3,7700;-3107,6400;971;35;33669
Ex 3 day 1816;1;32;-0,0006;1,7434;1,3242;3,3000;-3004,6800;965;74;33669
Ex 3 day 1816;1;33;-0,0006;2,0098;1,4700;3,3000;-3463,8800;907;81;33669
Ex 3 day 1816;1;34;-0,0006;1,9546;1,6412;2,8300;-3368,6100;1008;115;33669
Ex 3 day 1816;1;35;-0,0006;1,9623;1,2476;3,3000;-3381,9900;916;14;33669
Ex 3 day 1816;2;36;0,0388;3,8582;2,9331;3,7700;99,5600;1209;620;20257
Ex 3 day 1816;2;37;0,0388;3,9761;2,8857;3,7700;102,6000;1166;668;20257
Ex 3 day 1816;2;38;0,0388;3,6154;2,6590;3,7700;93,2900;1139;594;20257
Ex 3 day 1816;2;39;0,0388;3,5979;2,6743;3,7700;92,8400;1153;601;20257
Ex 3 day 1816;2;40;0,0388;3,4570;2,5861;3,7700;89,2100;1173;600;20257
Ex 3 day 1816;2;41;0,0388;3,4719;2,2839;4,2400;89,5900;1211;638;20257
Ex 3 day 1816;2;42;0,0388;3,3241;2,6097;3,7700;85,7800;1140;576;20257
Ex 3 day 1816;2;43;0,0388;3,5872;2,4689;3,3000;92,5600;1159;629;20257
Ex 3 day 1816;2;44;0,0388;3,2396;2,5475;3,7700;83,6000;1184;533;20257
Ex 3 day 1816;2;45;0,0388;3,3476;2,5094;3,7700;86,3800;1166;554;20257
Ex 3 day 1816;2;46;0,0388;3,0445;2,2846;3,3000;78,5600;1173;636;20257
Ex 3 day 1816;2;47;0,0388;2,9349;1,9128;4,2400;75,7300;1231;563;20257
Ex 3 day 1816;2;48;0,0388;3,1416;2,1786;4,7100;81,0700;1188;596;20257
Ex 3 day 1816;2;49;0,0388;3,0956;2,4463;3,7700;79,8800;1228;672;20257
Ex 3 day 1816;2;50;0,0388;2,9109;2,1732;3,7700;75,1100;1163;541;20257
Ex 3 day 1816;2;51;0,0388;2,1858;1,6518;3,7700;56,4000;1200;572;20257
Ex 3 day 1816;2;52;0,0388;1,8018;1,2796;3,7700;46,4900;1164;614;20257
Ex 3 day 1816;2;53;0,0388;1,7965;1,2327;4,2400;46,3600;1182;660;20257
Ex 3 day 1816;2;54;0,0388;1,9625;1,4670;3,7700;50,6400;1168;695;20257
Ex 3 day 1816;2;55;0,0388;1,6666;1,1624;3,3000;43,0000;1238;638;20257
Ex 3 day 1816;2;56;0,0388;1,6366;1,1902;3,3000;42,2300;1237;616;20257
Ex 3 day 1816;2;57;0,0388;1,6902;1,3632;3,7700;43,6100;1221;594;20257
Ex 3 day 1816;2;58;0,0388;1,5216;1,0254;2,8300;39,2600;1186;626;20257
Ex 3 day 1816;3;59;0,0691;4,1067;2,9552;3,7700;59,4700;653;628;21925
Ex 3 day 1816;3;60;0,0691;3,7531;2,9426;3,7700;54,3500;703;665;21925
Ex 3 day 1816;3;61;0,0691;4,0651;2,8484;3,3000;58,8700;677;681;21925
Ex 3 day 1816;3;62;0,0691;3,8736;2,7602;3,3000;56,0900;638;612;21925
Ex 3 day 1816;3;63;0,0691;3,4065;2,3865;3,3000;49,3300;616;659;21925
Ex 3 day 1816;3;64;0,0691;3,8445;3,2515;2,8300;55,6700;688;726;21925
Ex 3 day 1816;3;65;0,0691;3,7130;2,6924;3,7700;53,7700;647;720;21925
Ex 3 day 1816;3;66;0,0691;3,5107;2,5914;3,7700;50,8400;715;648;21925
Ex 3 day 1816;3;67;0,0691;3,3349;2,7677;2,8300;48,2900;676;610;21925
Ex 3 day 1816;3;68;0,0691;3,5113;2,5507;3,3000;50,8500;600;702;21925
Ex 3 day 1816;3;69;0,0691;3,0717;2,5975;2,8300;44,4800;683;657;21925
Ex 3 day 1816;3;70;0,0691;2,9327;2,1419;3,3000;42,4700;617;725;21925
Ex 3 day 1816;3;71;0,0691;2,7657;2,0347;3,7700;40,0500;695;702;21925
Ex 3 day 1816;3;72;0,0691;2,6556;1,9977;3,3000;38,4600;634;653;21925
Ex 3 day 1816;3;73;0,0691;3,2798;2,4702;3,7700;47,4900;662;696;21925
Ex 3 day 1816;3;74;0,0691;3,0357;2,0083;3,7700;43,9600;620;713;21925
Ex 3 day 1816;3;75;0,0691;2,7331;1,9978;3,7700;39,5800;618;609;21925
Ex 3 day 1816;3;76;0,0691;2,9796;2,1718;3,3000;43,1500;612;596;21925
Ex 3 day 1816;3;77;0,0691;2,8148;2,0979;3,3000;40,7600;649;592;21925
Ex 3 day 1816;3;78;0,0691;2,6622;1,7764;4,2400;38,5500;732;642;21925
Ex 3 day 1816;3;79;0,0691;2,6672;1,8482;3,3000;38,6200;601;653;21925
Ex 3 day 1816;3;80;0,0691;2,8175;2,0367;3,3000;40,8000;688;622;21925
Ex 3 day 1816;3;81;0,0691;2,6497;1,8324;3,3000;38,3700;659;719;21925
Ex 3 day 1816;3;82;0,0691;2,8035;2,0788;3,7700;40,6000;640;705;21925
Ex 3 day 1816;3;83;0,0691;2,7588;2,0789;3,7700;39,9500;589;639;21925
Ex 3 day 1816;3;84;0,0691;2,5724;1,8631;3,3000;37,2500;610;647;21925
Ex 3 day 1816;3;85;0,0691;2,7023;1,7978;3,3000;39,1300;699;686;21925
Ex 3 day 1816;3;86;0,0691;2,2544;1,7366;4,7100;32,6500;648;667;21925
Ex 3 day 1816;3;87;0,0691;2,2435;1,5296;3,3000;32,4900;603;629;21925
Ex 3 day 1816;3;88;0,0691;2,6470;1,9815;3,7700;38,3300;668;647;21925
Ex 3 day 1816;3;89;0,0691;2,4171;1,8996;3,3000;35,0000;599;688;21925
Ex 3 day 1816;3;90;0,0691;2,6728;2,2257;2,8300;38,7000;691;641;21925
Ex 3 day 1816;3;91;0,0691;2,1680;1,8823;2,8300;31,4000;607;681;21925
Ex 3 day 1816;3;92;0,0691;2,1367;1,8766;2,8300;30,9400;654;645;21925
Ex 3 day 1816;3;93;0,0691;2,1660;1,5055;4,7100;31,3700;633;667;21925
Ex 3 day 1816;3;94;0,0691;2,0520;1,6133;3,7700;29,7200;620;629;21925
Ex 3 day 1816;3;95;0,0691;2,2070;1,4936;3,3000;31,9600;699;638;21925
Ex 3 day 1816;3;96;0,0691;2,5452;1,9518;3,7700;36,8600;585;666;21925
Ex 3 day 1816;3;97;0,0691;1,8855;1,5213;2,8300;27,3000;643;679;21925
Ex 3 day 1816;3;98;0,0691;2,2286;1,5930;3,3000;32,2700;616;687;21925
Ex 3 day 1816;3;99;0,0691;1,9040;1,2646;3,7700;27,5700;672;620;21925
Ex 3 day 1816;3;100;0,0691;2,1290;1,4626;3,3000;30,8300;718;615;21925
Ex 3 day 1816;3;101;0,0691;2,0990;1,6952;2,8300;30,4000;663;612;21925
Ex 3 day 1816;3;102;0,0691;2,4777;2,0617;2,8300;35,8800;714;684;21925
Ex 3 day 1816;3;103;0,0691;2,4530;1,6647;3,3000;35,5200;692;626;21925
Ex 3 day 1816;3;104;0,0691;1,7359;1,5405;3,7700;25,1400;634;601;21925
Ex 3 day 1816;3;105;0,0691;1,6911;1,4603;2,8300;24,4900;660;708;21925
Ex 3 day 1816;3;106;0,0691;1,8254;1,3338;2,8300;26,4300;628;700;21925
Ex 3 day 1816;3;107;0,0691;1,7240;1,4678;2,8300;24,9700;616;623;21925
Ex 3 day 1816;3;108;0,0691;1,7283;1,5881;2,8300;25,0300;635;698;21925
Ex 3 day 1816;3;109;0,0691;1,9986;1,7195;2,8300;28,9400;735;655;21925
Ex 3 day 1816;3;110;0,0691;1,8708;1,3063;3,3000;27,0900;600;617;21925
Ex 3 day 1816;3;111;0,0691;2,0898;1,6087;2,8300;30,2600;706;624;21925
Ex 3 day 1816;3;112;0,0691;1,9038;1,3257;4,7100;27,5700;674;597;21925
Ex 3 day 1816;3;113;0,0691;1,8933;1,5530;2,8300;27,4200;594;622;21925
Ex 3 day 1816;3;114;0,0691;1,6457;1,4153;2,8300;23,8300;653;693;21925
Ex 3 day 1816;3;115;0,0691;2,1925;1,5115;3,3000;31,7500;692;689;21925
Ex 3 day 1816;4;116;0,0233;4,3219;3,1945;3,7700;185,3300;873;677;9594
Ex 3 day 1816;4;117;0,0233;4,0834;3,1273;3,7700;175,1000;891;656;9594
Ex 3 day 1816;4;118;0,0233;4,0765;3,0484;3,7700;174,8000;915;684;9594
Ex 3 day 1816;4;119;0,0233;3,1042;2,1865;3,3000;133,1100;856;659;9594
Ex 3 day 1816;4;120;0,0233;2,5858;2,2248;2,8300;110,8800;891;635;9594
Ex 3 day 1816;4;121;0,0233;2,3089;1,7807;2,8300;99,0100;889;678;9594
Ex 3 day 1816;4;122;0,0233;2,1883;2,0338;2,8300;93,8400;903;721;9594
Ex 3 day 1816;4;123;0,0233;2,4180;1,8684;2,8300;103,6900;895;706;9594
Ex 3 day 1816;4;124;0,0233;2,0627;1,7222;2,8300;88,4500;911;708;9594
Ex 3 day 1816;4;125;0,0233;1,5362;1,1194;2,8300;65,8800;897;684;9594
Ex 3 day 1816;5;126;0,1553;3,5100;2,3889;4,2400;22,6000;222;690;6805
Ex 3 day 1816;5;127;0,1553;2,9098;2,2336;4,7100;18,7300;188;700;6805
Ex 3 day 1816;5;128;0,1553;2,5023;1,9553;3,7700;16,1100;225;656;6805
Ex 3 day 1816;5;129;0,1553;2,2641;1,6735;4,2400;14,5800;223;670;6805
Ex 3 day 1816;5;130;0,1553;2,7126;2,1064;3,7700;17,4600;193;654;6805
Ex 3 day 1816;5;131;0,1553;1,7458;1,3754;4,2400;11,2400;210;709;6805
Ex 3 day 1816;5;132;0,1553;1,8771;1,3496;4,2400;12,0800;209;667;6805
Ex 3 day 1816;5;133;0,1553;2,2811;1,6457;4,2400;14,6900;216;631;6805
Ex 3 day 1816;5;134;0,1553;1,7155;1,3493;2,8300;11,0400;218;643;6805
Ex 3 day 1816;6;135;-0,0188;4,4588;3,2470;3,3000;-237,7900;909;776;10661
Ex 3 day 1816;6;136;-0,0188;4,3532;3,1671;3,7700;-232,1700;862;771;10661
Ex 3 day 1816;6;137;-0,0188;4,3037;3,0452;3,3000;-229,5200;872;788;10661
Ex 3 day 1816;6;138;-0,0188;4,1071;2,9565;3,3000;-219,0400;868;728;10661
Ex 3 day 1816;6;139;-0,0188;3,7953;2,8471;3,7700;-202,4100;931;784;10661
Ex 3 day 1816;6;140;-0,0188;3,8163;2,8100;3,7700;-203,5300;910;794;10661
Ex 3 day 1816;6;141;-0,0188;3,6274;2,7078;3,7700;-193,4600;861;743;10661
Ex 3 day 1816;6;142;-0,0188;2,8922;2,0878;3,3000;-154,2500;942;787;10661
Ex 3 day 1816;6;143;-0,0188;2,6433;1,8776;3,3000;-140,9700;940;740;10661
Ex 3 day 1816;6;144;-0,0188;2,4328;1,8898;3,3000;-129,7500;879;738;10661
Ex 3 day 1816;6;145;-0,0188;2,6054;1,8315;3,3000;-138,9500;879;769;10661
Ex 3 day 1816;6;146;-0,0188;2,6418;1,7511;3,3000;-140,8900;921;756;10661
Ex 3 day 1816;6;147;-0,0188;2,0539;1,3781;3,3000;-109,5400;874;756;10661
Ex 3 day 1816;6;148;-0,0188;1,9551;1,7310;2,8300;-104,2700;889;768;10661
Ex 3 day 1816;6;149;-0,0188;2,1064;1,5417;3,3000;-112,3400;856;749;10661
Ex 3 day 1816;6;150;-0,0188;1,6984;1,4428;2,8300;-90,5800;866;815;10661
Ex 3 day 1816;6;151;-0,0188;1,7447;1,4913;2,8300;-93,0500;836;787;10661
Ex 3 day 1816;7;152;0,0132;3,9998;2,8985;3,3000;302,1600;823;888;14903
Ex 3 day 1816;7;153;0,0132;3,4663;2,6896;3,7700;261,8600;826;866;14903
Ex 3 day 1816;7;154;0,0132;3,5251;2,3524;4,2400;266,3000;839;894;14903
Ex 3 day 1816;7;155;0,0132;3,2766;2,4089;3,7700;247,5300;840;951;14903
Ex 3 day 1816;7;156;0,0132;2,5105;1,9235;3,7700;189,6500;847;921;14903
Ex 3 day 1816;7;157;0,0132;2,3776;1,7558;4,7100;179,6100;871;838;14903
Ex 3 day 1816;7;158;0,0132;2,2971;1,5607;4,7100;173,5400;797;951;14903
Ex 3 day 1816;7;159;0,0132;1,9567;1,3556;4,2400;147,8100;822;961;14903
Ex 3 day 1816;7;160;0,0132;1,8982;1,4059;3,7700;143,4000;808;865;14903
Ex 3 day 1817;1;1;0,0889;3,9151;2,8415;3,7700;44,0300;210;38;7408
Ex 3 day 1817;1;2;0,0889;3,5284;2,4972;3,3000;39,6800;182;17;7408
Ex 3 day 1817;1;3;0,0889;3,8517;2,6487;3,7700;43,3100;258;50;7408
Ex 3 day 1817;1;4;0,0889;3,6094;2,3947;3,3000;40,5900;228;19;7408
Ex 3 day 1817;1;5;0,0889;3,4016;2,1272;4,2400;38,2500;258;29;7408
Ex 3 day 1817;1;6;0,0889;3,5556;2,5771;2,8300;39,9800;290;6;7408
Ex 3 day 1817;1;7;0,0889;2,6932;1,9187;4,2400;30,2900;280;17;7408
Ex 3 day 1817;1;8;0,0889;3,0493;1,8597;3,3000;34,2900;248;0;7408
Ex 3 day 1817;1;9;0,0889;2,0489;1,4152;3,3000;23,0400;262;0;7408
Ex 3 day 1817;1;10;0,0889;2,4366;1,8618;3,7700;27,4000;239;11;7408
Ex 3 day 1817;1;11;0,0889;1,8336;1,5346;3,7700;20,6200;246;23;7408
Ex 3 day 1817;1;12;0,0889;2,2897;1,6184;3,3000;25,7500;192;39;7408
Ex 3 day 1817;1;13;0,0889;2,3110;1,8293;3,7700;25,9900;155;5;7408
Ex 3 day 1817;1;14;0,0889;1,8201;1,5306;2,8300;20,4700;212;24;7408
Ex 3 day 1817;1;15;0,0889;1,6770;1,4745;3,7700;18,8600;241;48;7408
Ex 3 day 1817;1;16;0,0889;2,2030;1,9270;2,8300;24,7700;283;41;7408
Ex 3 day 1817;1;17;0,0889;2,0556;1,6759;2,8300;23,1200;272;31;7408
Ex 3 day 1817;1;18;0,0889;2,2482;1,7968;2,8300;25,2800;274;0;7408
Ex 3 day 1817;1;19;0,0889;1,8758;1,5066;3,7700;21,0900;293;26;7408
Ex 3 day 1817;1;20;0,0889;1,8333;1,3481;3,3000;20,6200;197;25;7408
Ex 3 day 1817;1;21;0,0889;1,9294;1,3670;5,1900;21,7000;198;0;7408
Ex 3 day 1817;1;22;0,0889;1,9515;1,3079;3,3000;21,9500;280;31;7408
Ex 3 day 1817;1;23;0,0889;1,8195;1,4224;2,8300;20,4600;243;36;7408
Ex 3 day 1817;1;24;0,0889;2,3206;1,6107;2,8300;26,1000;178;36;7408
Ex 3 day 1817;1;25;0,0889;1,7464;1,3886;2,8300;19,6400;186;0;7408
Ex 3 day 1817;2;26;-0,0077;4,3963;3,1945;3,7700;-567,7300;710;427;29262
Ex 3 day 1817;2;27;-0,0077;4,1353;3,0240;3,7700;-534,0300;859;397;29262
Ex 3 day 1817;2;28;-0,0077;3,8582;2,8519;3,7700;-498,2400;780;492;29262
Ex 3 day 1817;2;29;-0,0077;3,8694;2,4752;4,2400;-499,6900;853;440;29262
Ex 3 day 1817;2;30;-0,0077;3,6153;2,7675;3,7700;-466,8800;788;465;29262
Ex 3 day 1817;2;31;-0,0077;3,8365;2,5830;3,3000;-495,4400;770;419;29262
Ex 3 day 1817;2;32;-0,0077;3,1460;2,0525;3,3000;-406,2600;782;357;29262
Ex 3 day 1817;2;33;-0,0077;3,4714;2,6164;3,7700;-448,2900;802;373;29262
Ex 3 day 1817;2;34;-0,0077;3,4491;2,3365;4,2400;-445,4100;795;483;29262
Ex 3 day 1817;2;35;-0,0077;3,2824;2,3851;3,3000;-423,8800;814;473;29262
Ex 3 day 1817;2;36;-0,0077;2,7743;1,9474;3,3000;-358,2700;861;468;29262
Ex 3 day 1817;2;37;-0,0077;3,1729;2,1464;3,3000;-409,7400;734;438;29262
Ex 3 day 1817;2;38;-0,0077;3,3938;2,2780;3,3000;-438,2600;733;424;29262
Ex 3 day 1817;2;39;-0,0077;3,2101;2,6391;2,8300;-414,5400;757;503;29262
Ex 3 day 1817;2;40;-0,0077;3,6778;3,0972;2,8300;-474,9400;822;448;29262
Ex 3 day 1817;2;41;-0,0077;3,2183;2,0497;4,2400;-415,6000;703;404;29262
Ex 3 day 1817;2;42;-0,0077;3,1180;2,0571;3,3000;-402,6500;775;471;29262
Ex 3 day 1817;2;43;-0,0077;3,0416;2,4313;2,8300;-392,7900;794;521;29262
Ex 3 day 1817;2;44;-0,0077;3,0664;2,3213;3,7700;-395,9900;825;473;29262
Ex 3 day 1817;2;45;-0,0077;3,0622;2,2802;3,3000;-395,4400;749;455;29262
Ex 3 day 1817;2;46;-0,0077;2,4692;1,7054;3,3000;-318,8600;781;380;29262
Ex 3 day 1817;2;47;-0,0077;3,1911;1,9937;4,2400;-412,1000;753;387;29262
Ex 3 day 1817;2;48;-0,0077;3,0333;2,2504;3,3000;-391,7200;819;389;29262
Ex 3 day 1817;2;49;-0,0077;2,4826;1,7144;3,3000;-320,6000;812;445;29262
Ex 3 day 1817;2;50;-0,0077;2,8155;2,4156;2,8300;-363,5900;799;400;29262
Ex 3 day 1817;2;51;-0,0077;2,4531;1,8565;3,3000;-316,7800;856;492;29262
Ex 3 day 1817;2;52;-0,0077;2,8723;2,3335;2,8300;-370,9300;720;482;29262
Ex 3 day 1817;2;53;-0,0077;2,4425;1,3581;4,2400;-315,4300;800;450;29262
Ex 3 day 1817;2;54;-0,0077;2,0026;1,7311;3,7700;-258,6100;845;390;29262
Ex 3 day 1817;2;55;-0,0077;1,6500;1,4791;4,7100;-213,0800;769;356;29262
Ex 3 day 1817;2;56;-0,0077;2,1440;1,3094;3,7700;-276,8700;790;423;29262
Ex 3 day 1817;2;57;-0,0077;2,2164;2,0400;2,8300;-286,2300;869;498;29262
Ex 3 day 1817;2;58;-0,0077;2,0189;1,3516;3,7700;-260,7200;746;405;29262
Ex 3 day 1817;2;59;-0,0077;2,1721;1,5979;3,3000;-280,5000;768;406;29262
Ex 3 day 1817;2;60;-0,0077;2,5991;2,2505;2,8300;-335,6400;791;398;29262
Ex 3 day 1817;2;61;-0,0077;2,1917;1,2337;5,1900;-283,0300;787;437;29262
Ex 3 day 1817;2;62;-0,0077;1,5768;0,9990;3,3000;-203,6300;752;422;29262
Ex 3 day 1817;2;63;-0,0077;2,2402;1,8837;2,8300;-289,3000;772;379;29262
Ex 3 day 1817;2;64;-0,0077;2,0166;1,6827;3,3000;-260,4200;758;364;29262
Ex 3 day 1817;2;65;-0,0077;2,3375;1,7590;3,7700;-301,8600;764;478;29262
Ex 3 day 1817;2;66;-0,0077;2,0779;1,4971;3,7700;-268,3300;845;423;29262
Ex 3 day 1817;2;67;-0,0077;1,6750;1,3461;3,3000;-216,3000;736;496;29262
Ex 3 day 1817;2;68;-0,0077;1,9453;1,6292;2,8300;-251,2100;748;505;29262
Ex 3 day 1817;2;69;-0,0077;2,5153;2,0415;2,8300;-324,8300;732;490;29262
Ex 3 day 1817;2;70;-0,0077;2,3205;1,9603;2,8300;-299,6600;816;417;29262
Ex 3 day 1817;2;71;-0,0077;1,8836;1,6006;2,8300;-243,2400;782;435;29262
Ex 3 day 1817;2;72;-0,0077;1,8082;1,3281;2,8300;-233,5100;692;448;29262
Ex 3 day 1817;2;73;-0,0077;2,2603;1,6742;3,3000;-291,8900;739;451;29262
Ex 3 day 1817;2;74;-0,0077;1,8649;1,5424;2,8300;-240,8300;710;443;29262
Ex 3 day 1817;2;75;-0,0077;2,2574;1,8299;2,8300;-291,5200;778;341;29262
Ex 3 day 1817;2;76;-0,0077;1,9684;1,7004;2,8300;-254,1900;839;489;29262
Ex 3 day 1817;2;77;-0,0077;1,7079;1,2909;2,8300;-220,5500;706;457;29262
Ex 3 day 1817;2;78;-0,0077;1,7752;1,2500;3,3000;-229,2500;738;393;29262
Ex 3 day 1817;2;79;-0,0077;2,6693;1,9583;2,8300;-344,7000;872;452;29262
Ex 3 day 1817;2;80;-0,0077;2,2796;1,6728;2,8300;-294,3900;847;477;29262
Ex 3 day 1817;2;81;-0,0077;1,9561;1,4521;2,8300;-252,6100;723;381;29262
Ex 3 day 1817;2;82;-0,0077;1,5526;1,1221;5,1900;-200,5000;764;432;29262
Ex 3 day 1817;2;83;-0,0077;1,4066;1,0599;2,8300;-181,6400;805;433;29262
Ex 3 day 1817;4;84;-0,0034;4,8788;3,3095;3,3000;-1418,1500;866;614;24967
Ex 3 day 1817;4;85;-0,0034;4,4752;3,1675;3,3000;-1300,8500;825;601;24967
Ex 3 day 1817;4;86;-0,0034;4,3585;3,0963;3,3000;-1266,9100;853;558;24967
Ex 3 day 1817;4;87;-0,0034;4,0656;2,9608;3,3000;-1181,7900;831;668;24967
Ex 3 day 1817;4;88;-0,0034;4,1382;3,0653;3,7700;-1202,8700;774;614;24967
Ex 3 day 1817;4;89;-0,0034;4,0186;3,0224;3,7700;-1168,1100;832;637;24967
Ex 3 day 1817;4;90;-0,0034;3,9237;3,4122;2,8300;-1140,5300;805;646;24967
Ex 3 day 1817;4;91;-0,0034;3,7199;2,8385;3,7700;-1081,3000;887;652;24967
Ex 3 day 1817;4;92;-0,0034;3,5873;2,5693;3,3000;-1042,7300;790;609;24967
Ex 3 day 1817;4;93;-0,0034;3,6286;2,3455;4,2400;-1054,7500;876;668;24967
Ex 3 day 1817;4;94;-0,0034;3,1827;2,6926;2,8300;-925,1300;820;581;24967
Ex 3 day 1817;4;95;-0,0034;3,3845;2,9015;2,8300;-983,8000;838;682;24967
Ex 3 day 1817;4;96;-0,0034;3,4938;2,5769;3,7700;-1015,5600;812;551;24967
Ex 3 day 1817;4;97;-0,0034;3,3278;2,1073;4,2400;-967,3300;849;599;24967
Ex 3 day 1817;4;98;-0,0034;3,0085;2,5010;2,8300;-874,5000;834;583;24967
Ex 3 day 1817;4;99;-0,0034;2,6168;1,7245;3,3000;-760,6600;831;570;24967
Ex 3 day 1817;4;100;-0,0034;3,1995;2,1437;2,8300;-930,0100;796;528;24967
Ex 3 day 1817;4;101;-0,0034;2,4920;1,7677;3,3000;-724,3700;814;633;24967
Ex 3 day 1817;4;102;-0,0034;3,3233;2,5210;2,8300;-966,0200;888;632;24967
Ex 3 day 1817;4;103;-0,0034;2,5640;2,0373;2,8300;-745,3000;885;598;24967
Ex 3 day 1817;4;104;-0,0034;2,4227;1,6322;3,3000;-704,2300;849;624;24967
Ex 3 day 1817;4;105;-0,0034;2,2004;2,0304;2,8300;-639,6100;798;626;24967
Ex 3 day 1817;4;106;-0,0034;2,6559;1,9950;2,8300;-772,0000;844;656;24967
Ex 3 day 1817;4;107;-0,0034;2,0416;1,6350;2,8300;-593,4500;803;588;24967
Ex 3 day 1817;4;108;-0,0034;2,5746;2,1945;2,8300;-748,3900;908;611;24967
Ex 3 day 1817;4;109;-0,0034;2,3152;1,6041;2,8300;-672,9700;868;570;24967
Ex 3 day 1817;4;110;-0,0034;2,3948;2,0492;2,8300;-696,1200;793;593;24967
Ex 3 day 1817;4;111;-0,0034;2,3004;1,6270;3,7700;-668,6800;788;623;24967
Ex 3 day 1817;4;112;-0,0034;1,8776;1,6576;2,8300;-545,7900;882;636;24967
Ex 3 day 1817;4;113;-0,0034;1,9723;1,3510;2,8300;-573,3100;860;656;24967
Ex 3 day 1817;4;114;-0,0034;1,9397;1,5993;2,8300;-563,8200;823;653;24967
Ex 3 day 1817;4;115;-0,0034;2,1004;1,7614;2,8300;-610,5500;863;631;24967
Ex 3 day 1817;4;116;-0,0034;1,8853;1,1781;5,6600;-548,0000;891;555;24967
Ex 3 day 1817;4;117;-0,0034;1,5938;1,1359;2,8300;-463,2800;806;624;24967
Ex 3 day 1817;4;118;-0,0034;1,3516;1,0218;3,7700;-392,8800;857;576;24967
Ex 3 day 1817;4;119;-0,0034;1,8717;1,1842;4,2400;-544,0700;870;582;24967
Ex 3 day 1817;4;120;-0,0034;1,4810;1,1041;2,8300;-430,4900;777;591;24967
Ex 3 day 1817;4;121;-0,0034;1,7904;1,3864;2,8300;-520,4200;784;573;24967
Ex 3 day 1817;4;122;-0,0034;0,8637;0,8239;4,7100;-251,0500;838;531;24967
Ex 3 day 1817;4;123;-0,0034;1,9890;1,5672;2,8300;-578,1500;809;580;24967
Ex 3 day 1817;4;124;-0,0034;1,8582;1,2154;6,6000;-540,1300;865;537;24967
Ex 3 day 1817;4;125;-0,0034;1,3653;1,0519;2,8300;-396,8500;877;561;24967
Ex 3 day 1817;4;126;-0,0034;1,3581;0,9537;2,8300;-394,7700;804;613;24967
Ex 3 day 1817;4;127;-0,0034;1,7032;1,5009;2,8300;-495,0800;894;577;24967
Ex 3 day 1817;4;128;-0,0034;1,8009;1,3569;3,3000;-523,4900;785;559;24967
Ex 3 day 1817;4;129;-0,0034;1,5832;1,1483;2,8300;-460,2000;896;618;24967
Ex 3 day 1817;5;130;0,0234;4,2354;3,0305;3,3000;180,6300;1053;674;14936
Ex 3 day 1817;5;131;0,0234;4,0924;2,8507;3,3000;174,5300;1046;660;14936
Ex 3 day 1817;5;132;0,0234;3,7846;2,8623;3,7700;161,4100;1014;626;14936
Ex 3 day 1817;5;133;0,0234;3,9593;2,8330;3,3000;168,8600;1094;744;14936
Ex 3 day 1817;5;134;0,0234;4,0647;2,8984;3,3000;173,3500;1044;626;14936
Ex 3 day 1817;5;135;0,0234;3,9336;2,8869;3,3000;167,7600;1031;669;14936
Ex 3 day 1817;5;136;0,0234;3,2291;2,1571;3,3000;137,7100;1030;627;14936
Ex 3 day 1817;5;137;0,0234;3,8191;2,6264;3,3000;162,8800;1070;701;14936
Ex 3 day 1817;5;138;0,0234;3,0931;2,3716;3,7700;131,9100;989;636;14936
Ex 3 day 1817;5;139;0,0234;2,4526;1,7726;3,3000;104,6000;1068;712;14936
Ex 3 day 1817;5;140;0,0234;2,4858;1,5830;4,2400;106,0100;1051;689;14936
Ex 3 day 1817;5;141;0,0234;2,3682;1,6665;3,7700;101,0000;1063;656;14936
Ex 3 day 1817;5;142;0,0234;2,1907;1,5119;3,3000;93,4300;1055;714;14936
Ex 3 day 1817;5;143;0,0234;2,0924;1,4652;4,2400;89,2400;1080;727;14936
Ex 3 day 1817;5;144;0,0234;2,0688;1,1528;4,7100;88,2300;1039;644;14936
Ex 3 day 1817;5;145;0,0234;1,8614;1,3289;3,3000;79,3900;1061;723;14936
Ex 3 day 1817;5;146;0,0234;1,7762;1,5769;2,8300;75,7500;1069;688;14936
Ex 3 day 1817;7;147;0,0845;3,2914;2,4165;3,7700;38,9600;554;823;15500
Ex 3 day 1817;7;148;0,0845;2,9607;2,0827;3,3000;35,0500;562;836;15500
Ex 3 day 1817;7;149;0,0845;2,8216;1,9331;3,3000;33,4000;487;835;15500
Ex 3 day 1817;7;150;0,0845;2,3397;1,7368;4,2400;27,7000;575;866;15500
Ex 3 day 1817;7;151;0,0845;1,8450;1,3054;3,7700;21,8400;543;845;15500
Ex 3 day 1818;1;1;0,0305;3,6231;2,7843;2,8300;118,8400;819;242;30210
Ex 3 day 1818;1;2;0,0305;3,5715;2,8842;2,8300;117,1400;799;234;30210
Ex 3 day 1818;1;3;0,0305;3,5370;2,8970;2,8300;116,0100;789;192;30210
Ex 3 day 1818;1;4;0,0305;3,5835;2,7020;2,8300;117,5300;878;236;30210
Ex 3 day 1818;1;5;0,0305;2,8106;2,3375;2,8300;92,1900;860;230;30210
Ex 3 day 1818;1;6;0,0305;2,9274;1,8609;3,3000;96,0200;874;225;30210
Ex 3 day 1818;1;7;0,0305;2,6019;2,2128;2,8300;85,3400;899;108;30210
Ex 3 day 1818;1;8;0,0305;3,4053;2,8406;2,8300;111,6900;777;62;30210
Ex 3 day 1818;1;9;0,0305;3,1989;2,7503;2,8300;104,9200;823;46;30210
Ex 3 day 1818;1;10;0,0305;2,2965;1,9874;2,8300;75,3200;905;212;30210
Ex 3 day 1818;1;11;0,0305;2,7070;2,1938;3,7700;88,7900;875;188;30210
Ex 3 day 1818;1;12;0,0305;2,8369;2,3373;2,8300;93,0500;841;255;30210
Ex 3 day 1818;1;13;0,0305;2,8823;2,2718;2,8300;94,5400;802;67;30210
Ex 3 day 1818;1;14;0,0305;3,1944;2,5034;2,8300;104,7700;774;79;30210
Ex 3 day 1818;1;15;0,0305;2,3704;2,3003;2,8300;77,7500;872;256;30210
Ex 3 day 1818;1;16;0,0305;1,9191;1,7622;2,8300;62,9400;782;112;30210
Ex 3 day 1818;1;17;0,0305;3,2524;2,5598;2,8300;106,6800;815;198;30210
Ex 3 day 1818;1;18;0,0305;2,5355;2,0150;2,8300;83,1600;802;96;30210
Ex 3 day 1818;1;19;0,0305;2,7572;2,1102;2,8300;90,4300;857;142;30210
Ex 3 day 1818;1;20;0,0305;1,8515;1,5537;2,8300;60,7300;904;220;30210
Ex 3 day 1818;1;21;0,0305;2,2022;2,0865;2,8300;72,2300;838;175;30210
Ex 3 day 1818;1;22;0,0305;2,6408;2,0239;2,8300;86,6200;867;128;30210
Ex 3 day 1818;1;23;0,0305;2,8211;2,2564;2,8300;92,5300;859;153;30210
Ex 3 day 1818;1;24;0,0305;2,4424;1,8720;2,8300;80,1100;888;231;30210
Ex 3 day 1818;1;25;0,0305;2,9481;2,4275;2,8300;96,6900;867;155;30210
Ex 3 day 1818;1;26;0,0305;3,1366;2,7352;2,8300;102,8800;831;135;30210
Ex 3 day 1818;1;27;0,0305;2,6398;2,1980;2,8300;86,5800;817;135;30210
Ex 3 day 1818;1;28;0,0305;2,2945;1,8843;2,8300;75,2600;887;216;30210
Ex 3 day 1818;1;29;0,0305;3,1349;2,3965;2,8300;102,8200;862;196;30210
Ex 3 day 1818;1;30;0,0305;2,3125;1,7416;3,3000;75,8500;794;138;30210
Ex 3 day 1818;1;31;0,0305;2,4040;1,9194;2,8300;78,8500;847;232;30210
Ex 3 day 1818;1;32;0,0305;1,7356;1,5198;2,8300;56,9300;846;135;30210
Ex 3 day 1818;1;33;0,0305;2,3280;1,5743;3,7700;76,3600;833;230;30210
Ex 3 day 1818;1;34;0,0305;2,3047;1,8501;2,8300;75,5900;793;44;30210
Ex 3 day 1818;1;35;0,0305;2,6619;2,2380;2,8300;87,3100;775;109;30210
Ex 3 day 1818;1;36;0,0305;2,1965;1,4781;2,8300;72,0400;776;90;30210
Ex 3 day 1818;1;37;0,0305;2,6386;2,0124;2,8300;86,5400;773;152;30210
Ex 3 day 1818;1;38;0,0305;2,0845;1,5976;2,8300;68,3700;819;118;30210
Ex 3 day 1818;1;39;0,0305;1,9210;1,5696;3,7700;63,0100;831;254;30210
Ex 3 day 1818;1;40;0,0305;2,9064;2,1304;2,8300;95,3300;819;182;30210
Ex 3 day 1818;1;41;0,0305;1,9657;1,4440;2,8300;64,4700;849;264;30210
Ex 3 day 1818;1;42;0,0305;2,0194;1,6931;2,8300;66,2300;887;98;30210
Ex 3 day 1818;1;43;0,0305;2,0733;1,5825;2,8300;68,0000;871;93;30210
Ex 3 day 1818;1;44;0,0305;2,1477;1,7837;2,8300;70,4400;863;162;30210
Ex 3 day 1818;1;45;0,0305;2,5188;1,7568;2,8300;82,6100;846;150;30210
Ex 3 day 1818;1;46;0,0305;2,2451;1,7623;2,8300;73,6400;842;205;30210
Ex 3 day 1818;1;47;0,0305;2,6849;2,1592;2,8300;88,0600;821;222;30210
Ex 3 day 1818;1;48;0,0305;1,6631;1,4375;3,7700;54,5500;898;229;30210
Ex 3 day 1818;1;49;0,0305;1,9849;1,5628;2,8300;65,1000;891;153;30210
Ex 3 day 1818;1;50;0,0305;1,8778;1,6510;2,8300;61,5900;822;189;30210
Ex 3 day 1818;1;51;0,0305;2,2511;1,4723;3,3000;73,8300;850;207;30210
Ex 3 day 1818;1;52;0,0305;1,6188;1,3695;2,8300;53,1000;807;60;30210
Ex 3 day 1818;1;53;0,0305;2,4131;1,3430;5,1900;79,1500;881;138;30210
Ex 3 day 1818;1;54;0,0305;1,6056;1,2486;3,3000;52,6600;790;125;30210
Ex 3 day 1818;1;55;0,0305;1,5919;1,1722;2,8300;52,2100;830;197;30210
Ex 3 day 1818;1;56;0,0305;2,4205;2,0163;2,8300;79,3900;763;135;30210
Ex 3 day 1818;1;57;0,0305;1,6610;1,0460;3,3000;54,4800;812;232;30210
Ex 3 day 1818;1;58;0,0305;2,2099;1,6550;2,8300;72,4800;872;202;30210
Ex 3 day 1818;1;59;0,0305;2,1836;1,5462;2,8300;71,6200;904;102;30210
Ex 3 day 1818;1;60;0,0305;2,1298;1,5854;2,8300;69,8600;798;69;30210
Ex 3 day 1818;1;61;0,0305;2,4885;2,0701;2,8300;81,6200;897;181;30210
Ex 3 day 1818;1;62;0,0305;2,4844;1,8436;2,8300;81,4900;837;236;30210
Ex 3 day 1818;1;63;0,0305;1,9012;1,5693;2,8300;62,3600;898;206;30210
Ex 3 day 1818;1;64;0,0305;2,0670;1,4392;2,8300;67,8000;876;62;30210
Ex 3 day 1818;1;65;0,0305;2,0550;1,5900;2,8300;67,4000;783;98;30210
Ex 3 day 1818;1;66;0,0305;1,5844;0,9074;3,3000;51,9700;820;61;30210
Ex 3 day 1818;1;67;0,0305;2,1778;1,5294;2,8300;71,4300;766;94;30210
Ex 3 day 1818;1;68;0,0305;1,8412;1,4110;3,3000;60,3900;814;96;30210
Ex 3 day 1818;1;69;0,0305;2,3279;1,9150;2,8300;76,3500;789;162;30210
Ex 3 day 1818;1;70;0,0305;1,8005;1,3905;2,8300;59,0500;832;169;30210
Ex 3 day 1818;1;71;0,0305;1,8779;1,4594;2,8300;61,5900;906;148;30210
Ex 3 day 1818;1;72;0,0305;2,2122;1,4633;2,8300;72,5600;846;192;30210
Ex 3 day 1818;1;73;0,0305;1,8785;1,4303;2,8300;61,6100;866;181;30210
Ex 3 day 1818;1;74;0,0305;2,3630;1,8352;2,8300;77,5000;878;116;30210
Ex 3 day 1818;1;75;0,0305;1,7071;1,3967;2,8300;55,9900;792;177;30210
Ex 3 day 1818;1;76;0,0305;1,9232;1,5485;2,8300;63,0800;851;58;30210
Ex 3 day 1818;1;77;0,0305;1,9258;1,4621;2,8300;63,1600;797;218;30210
Ex 3 day 1818;1;78;0,0305;2,1832;1,3447;2,8300;71,6100;760;70;30210
Ex 3 day 1818;1;79;0,0305;2,1742;1,4416;2,8300;71,3100;853;198;30210
Ex 3 day 1818;1;80;0,0305;1,9059;1,5750;2,8300;62,5100;894;191;30210
Ex 3 day 1818;1;81;0,0305;2,2621;1,7698;2,8300;74,1900;845;29;30210
Ex 3 day 1818;1;82;0,0305;1,7621;1,3811;2,8300;57,8000;803;42;30210
Ex 3 day 1818;1;83;0,0305;1,9060;1,4878;2,8300;62,5100;792;128;30210
Ex 3 day 1818;1;84;0,0305;2,0297;1,6467;2,8300;66,5700;830;211;30210
Ex 3 day 1818;1;85;0,0305;2,2176;1,6509;2,8300;72,7300;869;87;30210
Ex 3 day 1818;1;86;0,0305;1,8807;1,5380;2,8300;61,6800;824;163;30210
Ex 3 day 1818;1;87;0,0305;2,6413;1,8837;2,8300;86,6300;811;132;30210
Ex 3 day 1818;1;88;0,0305;1,9789;1,5461;2,8300;64,9100;867;240;30210
Ex 3 day 1818;1;89;0,0305;1,5592;1,4521;2,8300;51,1400;783;180;30210
Ex 3 day 1818;1;90;0,0305;1,7355;1,3375;2,8300;56,9200;807;138;30210
Ex 3 day 1818;1;91;0,0305;1,5608;1,3697;2,8300;51,1900;858;168;30210
Ex 3 day 1818;1;92;0,0305;1,6327;1,4040;2,8300;53,5500;762;106;30210
Ex 3 day 1818;1;93;0,0305;1,5556;1,1728;2,8300;51,0200;865;222;30210
Ex 3 day 1818;1;94;0,0305;2,2348;1,6032;2,8300;73,3000;835;192;30210
Ex 3 day 1818;1;95;0,0305;1,7237;1,4090;2,8300;56,5300;879;153;30210
Ex 3 day 1818;1;96;0,0305;2,4817;1,7505;2,8300;81,4000;861;58;30210
Ex 3 day 1818;1;97;0,0305;1,6230;1,3816;2,8300;53,2300;883;249;30210
Ex 3 day 1818;1;98;0,0305;1,9639;1,6203;2,8300;64,4100;894;87;30210
Ex 3 day 1818;1;99;0,0305;1,4379;0,6829;3,3000;47,1600;853;128;30210
Ex 3 day 1818;1;100;0,0305;1,8018;1,4250;2,8300;59,1000;783;54;30210
Ex 3 day 1818;1;101;0,0305;1,9366;1,4830;2,8300;63,5200;880;175;30210
Ex 3 day 1818;1;102;0,0305;2,5619;2,0133;2,8300;84,0300;897;186;30210
Ex 3 day 1818;1;103;0,0305;1,8030;1,5114;2,8300;59,1400;862;75;30210
Ex 3 day 1818;1;104;0,0305;1,6802;1,4771;2,8300;55,1100;866;112;30210
Ex 3 day 1818;1;105;0,0305;1,8933;1,3513;2,8300;62,1000;819;34;30210
Ex 3 day 1818;1;106;0,0305;1,4864;0,9892;3,3000;48,7500;855;83;30210
Ex 3 day 1818;1;107;0,0305;1,4265;1,1539;2,8300;46,7900;832;33;30210
Ex 3 day 1818;3;108;0,0808;3,0258;2,6760;2,8300;37,4600;178;252;9291
Ex 3 day 1818;3;109;0,0808;2,2907;1,8657;3,7700;28,3600;239;273;9291
Ex 3 day 1818;3;110;0,0808;3,4337;3,0291;2,8300;42,5000;211;209;9291
Ex 3 day 1818;3;111;0,0808;2,7338;2,2280;2,8300;33,8400;223;293;9291
Ex 3 day 1818;3;112;0,0808;2,5573;1,9528;2,8300;31,6600;208;246;9291
Ex 3 day 1818;3;113;0,0808;2,9118;2,0031;2,8300;36,0400;259;216;9291
Ex 3 day 1818;3;114;0,0808;1,9644;1,5208;5,1900;24,3200;244;197;9291
Ex 3 day 1818;3;115;0,0808;1,7506;1,5211;2,8300;21,6700;212;238;9291
Ex 3 day 1818;3;116;0,0808;2,0850;1,4038;5,6600;25,8100;261;276;9291
Ex 3 day 1818;3;117;0,0808;1,7327;1,2649;3,3000;21,4500;227;270;9291
Ex 3 day 1818;3;118;0,0808;1,9584;1,4500;4,7100;24,2400;193;203;9291
Ex 3 day 1818;3;119;0,0808;2,1100;1,6999;2,8300;26,1200;247;255;9291
Ex 3 day 1818;3;120;0,0808;2,5347;2,1551;2,8300;31,3800;230;244;9291
Ex 3 day 1818;3;121;0,0808;1,8664;1,6750;2,8300;23,1000;205;266;9291
Ex 3 day 1818;3;122;0,0808;2,3884;2,0034;2,8300;29,5700;263;243;9291
Ex 3 day 1818;3;123;0,0808;1,9477;1,7410;2,8300;24,1100;257;238;9291
Ex 3 day 1818;3;124;0,0808;1,6226;1,4748;2,8300;20,0900;194;229;9291
Ex 3 day 1818;3;125;0,0808;2,2503;1,5901;2,8300;27,8600;231;292;9291
Ex 3 day 1818;3;126;0,0808;1,6396;1,3964;2,8300;20,3000;228;197;9291
Ex 3 day 1818;3;127;0,0808;2,2520;1,8892;2,8300;27,8800;198;247;9291
Ex 3 day 1818;3;128;0,0808;1,7071;1,3717;2,8300;21,1300;269;267;9291
Ex 3 day 1818;5;129;0,0510;3,1922;2,3676;2,8300;62,5600;905;714;16494
Ex 3 day 1818;5;130;0,0510;3,2183;2,6658;2,8300;63,0700;891;681;16494
Ex 3 day 1818;5;131;0,0510;2,8947;2,2738;2,8300;56,7300;943;700;16494
Ex 3 day 1818;5;132;0,0510;2,4936;1,9475;2,8300;48,8700;856;615;16494
Ex 3 day 1818;5;133;0,0510;2,6972;2,3995;2,8300;52,8600;856;665;16494
Ex 3 day 1818;5;134;0,0510;2,6529;2,1717;2,8300;51,9900;893;637;16494
Ex 3 day 1818;5;135;0,0510;2,5640;1,7516;3,3000;50,2500;903;625;16494
Ex 3 day 1818;5;136;0,0510;2,4087;1,9688;2,8300;47,2100;905;667;16494
Ex 3 day 1818;5;137;0,0510;2,2943;1,8535;2,8300;44,9600;921;648;16494
Ex 3 day 1818;5;138;0,0510;2,9465;2,4050;2,8300;57,7500;956;619;16494
Ex 3 day 1818;5;139;0,0510;2,9109;2,3619;2,8300;57,0500;965;634;16494
Ex 3 day 1818;5;140;0,0510;2,5850;1,3076;3,3000;50,6600;874;682;16494
Ex 3 day 1818;5;141;0,0510;1,8700;1,5808;2,8300;36,6500;898;692;16494
Ex 3 day 1818;5;142;0,0510;2,7225;2,0613;2,8300;53,3600;933;678;16494
Ex 3 day 1818;5;143;0,0510;2,5348;2,0304;2,8300;49,6800;897;599;16494
Ex 3 day 1818;5;144;0,0510;2,2386;1,7005;2,8300;43,8700;888;610;16494
Ex 3 day 1818;5;145;0,0510;2,9752;1,8257;2,8300;58,3100;894;670;16494
Ex 3 day 1818;5;146;0,0510;2,2508;1,7577;2,8300;44,1100;912;589;16494
Ex 3 day 1818;5;147;0,0510;1,9983;1,6665;2,8300;39,1600;874;614;16494
Ex 3 day 1818;5;148;0,0510;2,2242;1,7986;2,8300;43,5900;894;587;16494
Ex 3 day 1818;5;149;0,0510;2,2783;1,6758;2,8300;44,6500;898;580;16494
Ex 3 day 1818;5;150;0,0510;2,0352;1,3540;4,7100;39,8900;852;651;16494
Ex 3 day 1818;5;151;0,0510;2,0887;1,7719;2,8300;40,9400;845;631;16494
Ex 3 day 1818;5;152;0,0510;1,9576;1,4486;2,8300;38,3700;928;668;16494
Ex 3 day 1818;5;153;0,0510;2,5068;2,1800;2,8300;49,1300;920;706;16494
Ex 3 day 1818;5;154;0,0510;2,0581;1,7964;2,8300;40,3400;943;666;16494
Ex 3 day 1818;5;155;0,0510;2,4435;1,7172;2,8300;47,8900;919;640;16494
Ex 3 day 1818;5;156;0,0510;2,5948;1,8747;2,8300;50,8500;876;694;16494
Ex 3 day 1818;5;157;0,0510;1,7407;1,3571;2,8300;34,1200;953;633;16494
Ex 3 day 1818;5;158;0,0510;1,7771;1,4769;2,8300;34,8300;939;650;16494
Ex 3 day 1818;5;159;0,0510;1,6064;1,1677;2,8300;31,4800;881;588;16494
Ex 3 day 1818;5;160;0,0510;1,6666;1,2495;3,3000;32,6600;872;585;16494
Ex 3 day 1818;5;161;0,0510;1,7940;1,2919;2,8300;35,1600;890;700;16494
Ex 3 day 1818;5;162;0,0510;2,5277;1,9650;2,8300;49,5400;910;685;16494
Ex 3 day 1818;5;163;0,0510;0,7167;0,7708;4,2400;14,0500;869;652;16494
Ex 3 day 1818;5;164;0,0510;1,8562;1,4363;2,8300;36,3800;939;672;16494
Ex 3 day 1818;5;165;0,0510;2,3407;1,7583;2,8300;45,8700;869;666;16494
Ex 3 day 1818;5;166;0,0510;1,8179;1,4937;2,8300;35,6300;889;645;16494
Ex 3 day 1818;5;167;0,0510;1,9756;1,4514;2,8300;38,7200;915;628;16494
Ex 3 day 1818;6;168;0,0140;3,8309;2,8127;2,8300;274,0300;261;764;13145
Ex 3 day 1818;6;169;0,0140;3,0650;2,6107;2,8300;219,2400;215;779;13145
Ex 3 day 1818;6;170;0,0140;3,0201;2,4018;2,8300;216,0300;313;719;13145
Ex 3 day 1818;6;171;0,0140;2,6405;2,2136;2,8300;188,8800;286;786;13145
Ex 3 day 1818;6;172;0,0140;2,8360;2,2678;2,8300;202,8600;236;715;13145
Ex 3 day 1818;6;173;0,0140;2,5663;1,9687;2,8300;183,5700;253;711;13145
Ex 3 day 1818;6;174;0,0140;2,4383;1,9344;2,8300;174,4100;324;741;13145
Ex 3 day 1818;6;175;0,0140;3,1088;2,3579;2,8300;222,3800;265;712;13145
Ex 3 day 1818;6;176;0,0140;2,0624;1,5724;2,8300;147,5300;297;736;13145
Ex 3 day 1818;6;177;0,0140;2,6360;2,0021;3,7700;188,5600;240;767;13145
Ex 3 day 1818;6;178;0,0140;1,8968;1,5696;2,8300;135,6800;317;697;13145
Ex 3 day 1818;6;179;0,0140;2,3636;1,9044;2,8300;169,0700;288;689;13145
Ex 3 day 1818;6;180;0,0140;2,3488;1,7157;2,8300;168,0100;254;779;13145
Ex 3 day 1818;6;181;0,0140;1,8580;1,2953;2,8300;132,9100;282;696;13145
Ex 3 day 1818;6;182;0,0140;2,0332;1,6209;2,8300;145,4400;264;723;13145
Ex 3 day 1818;6;183;0,0140;2,3672;1,8605;2,8300;169,3300;334;684;13145
Ex 3 day 1818;6;184;0,0140;2,2836;1,6114;2,8300;163,3500;247;746;13145
Ex 3 day 1818;6;185;0,0140;1,9131;1,2413;2,8300;136,8500;317;730;13145
Ex 3 day 1818;6;186;0,0140;2,1462;1,7108;2,8300;153,5200;307;692;13145
Ex 3 day 1818;6;187;0,0140;2,1465;1,3874;6,6000;153,5400;295;763;13145
Ex 3 day 1818;6;188;0,0140;2,6618;2,1705;2,8300;190,4000;240;700;13145
Ex 3 day 1818;6;189;0,0140;1,6899;1,1920;2,8300;120,8800;327;727;13145
Ex 3 day 1818;6;190;0,0140;2,5807;1,9123;2,8300;184,6000;265;701;13145
Ex 3 day 1818;6;191;0,0140;2,0940;1,5274;2,8300;149,7900;325;719;13145
Ex 3 day 1818;6;192;0,0140;1,5481;1,3650;2,8300;110,7400;337;716;13145
Ex 3 day 1818;6;193;0,0140;1,7476;1,3471;4,2400;125,0000;269;737;13145
Ex 3 day 1818;6;194;0,0140;1,5366;1,1323;2,8300;109,9100;241;756;13145
Ex 3 day 1818;6;195;0,0140;1,9824;1,6401;2,8300;141,8100;235;733;13145
Ex 3 day 1818;6;196;0,0140;2,0016;1,4694;2,8300;143,1700;298;716;13145
Ex 3 day 1818;6;197;0,0140;1,8788;1,4507;2,8300;134,3900;241;734;13145
Ex 3 day 1818;6;198;0,0140;1,6956;1,1767;2,8300;121,2800;252;725;13145
Ex 3 day 1818;7;199;0,0170;3,3828;2,5533;2,8300;198,8800;393;890;16738
Ex 3 day 1818;7;200;0,0170;3,1173;2,5265;2,8300;183,2700;315;839;16738
Ex 3 day 1818;7;201;0,0170;3,0139;2,5913;2,8300;177,1900;313;875;16738
Ex 3 day 1818;7;202;0,0170;2,9463;2,3523;2,8300;173,2200;365;893;16738
Ex 3 day 1818;7;203;0,0170;2,6252;2,1198;2,8300;154,3400;375;905;16738
Ex 3 day 1818;7;204;0,0170;2,3873;1,8077;2,8300;140,3500;367;850;16738
Ex 3 day 1818;7;205;0,0170;2,1742;1,7360;2,8300;127,8200;334;785;16738
Ex 3 day 1818;7;206;0,0170;2,3169;1,8083;2,8300;136,2100;328;871;16738
Ex 3 day 1818;7;207;0,0170;2,0801;1,8534;2,8300;122,2900;345;890;16738
Ex 3 day 1818;7;208;0,0170;2,2143;1,6891;2,8300;130,1800;339;822;16738
Ex 3 day 1818;7;209;0,0170;2,0597;1,6075;2,8300;121,0900;348;871;16738
Ex 3 day 1818;7;210;0,0170;1,5983;1,5798;2,8300;93,9700;375;882;16738
Ex 3 day 1818;7;211;0,0170;3,2478;1,1684;4,7100;190,9400;392;872;16738
Ex 3 day 1818;7;212;0,0170;2,4402;1,9863;2,8300;143,4600;405;854;16738
Ex 3 day 1818;7;213;0,0170;2,1706;1,8735;2,8300;127,6100;327;812;16738
Ex 3 day 1818;7;214;0,0170;2,3205;1,7928;2,8300;136,4300;385;855;16738
Ex 3 day 1818;7;215;0,0170;2,0869;1,6691;2,8300;122,6900;332;887;16738
Ex 3 day 1818;7;216;0,0170;1,6763;1,3627;2,8300;98,5500;385;892;16738
Ex 3 day 1818;7;217;0,0170;2,2081;1,3176;5,1900;129,8100;334;836;16738
Ex 3 day 1818;7;218;0,0170;2,7066;2,0701;2,8300;159,1200;318;812;16738
Ex 3 day 1818;7;219;0,0170;1,9983;1,4075;2,8300;117,4800;348;860;16738
Ex 3 day 1818;7;220;0,0170;2,1906;1,7247;2,8300;128,7900;341;865;16738
Ex 3 day 1818;7;221;0,0170;2,2179;1,1196;5,1900;130,3900;301;803;16738
Ex 3 day 1818;7;222;0,0170;1,8011;1,4937;2,8300;105,8900;256;848;16738
Ex 3 day 1818;7;223;0,0170;1,4370;1,3227;5,1900;84,4800;369;868;16738
Ex 3 day 1818;7;224;0,0170;1,7532;1,2687;2,8300;103,0700;280;866;16738
Ex 3 day 1818;7;225;0,0170;1,8391;1,4530;2,8300;108,1200;360;865;16738
Ex 3 day 1818;7;226;0,0170;2,2571;1,8236;2,8300;132,6900;399;855;16738
Ex 3 day 1818;7;227;0,0170;1,5861;1,3782;3,3000;93,2500;268;814;16738
Ex 3 day 1818;7;228;0,0170;2,0275;1,5751;2,8300;119,2000;297;840;16738
Ex 3 day 1818;7;229;0,0170;1,4928;0,9766;2,8300;87,7700;393;844;16738
Ex 3 day 1818;7;230;0,0170;2,3234;1,9240;2,8300;136,5900;279;848;16738
Ex 3 day 1818;7;231;0,0170;1,7119;1,3065;2,8300;100,6400;297;814;16738
Ex 3 day 1818;7;232;0,0170;1,8182;1,5239;2,8300;106,8900;322;865;16738
Ex 3 day 1818;7;233;0,0170;1,8757;1,2440;4,2400;110,2700;262;827;16738
Ex 3 day 1818;9;234;0,1158;2,7710;2,2061;2,8300;23,9200;905;863;7983
Ex 3 day 1818;9;235;0,1158;2,1307;1,4890;2,8300;18,4000;917;862;7983
Ex 3 day 1818;9;236;0,1158;2,4738;2,0375;2,8300;21,3600;908;886;7983
Ex 3 day 1818;9;237;0,1158;2,9137;1,6730;4,2400;25,1600;922;848;7983
Ex 3 day 1818;9;238;0,1158;2,1740;1,6065;2,8300;18,7700;912;852;7983
Ex 3 day 1818;9;239;0,1158;2,2796;1,6853;2,8300;19,6800;909;874;7983
Ex 3 day 1819;1;1;0,0585;4,7547;3,2960;3,3000;81,2700;1260;25;6843
Ex 3 day 1819;1;2;0,0585;3,9062;2,7046;3,3000;66,7600;1255;59;6843
Ex 3 day 1819;1;3;0,0585;3,5880;2,5631;3,3000;61,3300;1275;31;6843
Ex 3 day 1819;1;4;0,0585;3,7516;2,6931;3,3000;64,1200;1229;42;6843
Ex 3 day 1819;1;5;0,0585;3,5119;2,5228;3,3000;60,0300;1281;85;6843
Ex 3 day 1819;1;6;0,0585;3,1627;2,3428;3,7700;54,0600;1268;44;6843
Ex 3 day 1819;1;7;0,0585;3,1393;2,2411;3,3000;53,6600;1235;65;6843
Ex 3 day 1819;1;8;0,0585;2,8556;2,1708;3,7700;48,8100;1303;79;6843
Ex 3 day 1819;1;9;0,0585;3,2189;2,4339;3,7700;55,0200;1307;53;6843
Ex 3 day 1819;1;10;0,0585;3,0822;2,3626;3,7700;52,6800;1277;59;6843
Ex 3 day 1819;1;11;0,0585;2,5842;2,0323;3,7700;44,1700;1252;70;6843
Ex 3 day 1819;1;12;0,0585;2,2173;1,9083;2,8300;37,9000;1285;38;6843
Ex 3 day 1819;1;13;0,0585;2,2837;2,0196;2,8300;39,0300;1274;79;6843
Ex 3 day 1819;1;14;0,0585;2,0204;1,4453;3,3000;34,5300;1290;28;6843
Ex 3 day 1819;2;15;0,0105;4,7084;3,9779;2,8300;450,5100;332;216;43172
Ex 3 day 1819;2;16;0,0105;4,4783;3,2304;3,3000;428,5000;438;137;43172
Ex 3 day 1819;2;17;0,0105;4,3369;3,1249;3,3000;414,9600;460;180;43172
Ex 3 day 1819;2;18;0,0105;4,4659;3,0420;3,3000;427,3100;407;154;43172
Ex 3 day 1819;2;19;0,0105;4,1648;3,1091;3,7700;398,5000;367;203;43172
Ex 3 day 1819;2;20;0,0105;4,2327;3,1157;3,7700;404,9900;421;206;43172
Ex 3 day 1819;2;21;0,0105;4,2781;3,6998;2,8300;409,3400;503;246;43172
Ex 3 day 1819;2;22;0,0105;3,8461;2,9189;3,7700;368,0000;462;76;43172
Ex 3 day 1819;2;23;0,0105;4,2281;2,9837;3,3000;404,5500;483;259;43172
Ex 3 day 1819;2;24;0,0105;4,3826;2,9467;3,3000;419,3400;344;236;43172
Ex 3 day 1819;2;25;0,0105;3,9491;2,8893;3,7700;377,8600;490;235;43172
Ex 3 day 1819;2;26;0,0105;3,8224;2,4842;4,2400;365,7300;460;118;43172
Ex 3 day 1819;2;27;0,0105;4,2702;2,8211;3,3000;408,5800;412;184;43172
Ex 3 day 1819;2;28;0,0105;3,8661;2,7939;3,3000;369,9200;520;129;43172
Ex 3 day 1819;2;29;0,0105;4,1091;3,5656;2,8300;393,1700;487;52;43172
Ex 3 day 1819;2;30;0,0105;4,0522;2,8343;3,3000;387,7200;437;249;43172
Ex 3 day 1819;2;31;0,0105;3,9394;2,8109;3,7700;376,9300;498;67;43172
Ex 3 day 1819;2;32;0,0105;4,1242;2,7122;3,3000;394,6200;509;220;43172
Ex 3 day 1819;2;33;0,0105;3,8081;2,8523;3,7700;364,3700;480;201;43172
Ex 3 day 1819;2;34;0,0105;3,3751;2,9799;2,8300;322,9400;557;160;43172
Ex 3 day 1819;2;35;0,0105;3,8200;2,6276;3,3000;365,5100;534;121;43172
Ex 3 day 1819;2;36;0,0105;3,6401;2,5926;3,3000;348,2900;474;162;43172
Ex 3 day 1819;2;37;0,0105;3,3506;2,3575;3,3000;320,6000;484;94;43172
Ex 3 day 1819;2;38;0,0105;3,4898;2,7274;3,7700;333,9100;330;185;43172
Ex 3 day 1819;2;39;0,0105;3,6490;2,3605;4,2400;349,1500;493;118;43172
Ex 3 day 1819;2;40;0,0105;3,3717;2,2189;3,3000;322,6100;462;164;43172
Ex 3 day 1819;2;41;0,0105;3,4105;2,7434;3,7700;326,3300;425;70;43172
Ex 3 day 1819;2;42;0,0105;3,4970;2,5752;3,3000;334,6000;355;145;43172
Ex 3 day 1819;2;43;0,0105;2,9792;2,3507;2,8300;285,0600;425;158;43172
Ex 3 day 1819;2;44;0,0105;3,6052;2,4823;3,3000;344,9500;537;135;43172
Ex 3 day 1819;2;45;0,0105;3,5791;3,0006;2,8300;342,4500;451;250;43172
Ex 3 day 1819;2;46;0,0105;3,3480;2,8772;2,8300;320,3500;432;235;43172
Ex 3 day 1819;2;47;0,0105;2,8698;2,2771;3,7700;274,5900;495;149;43172
Ex 3 day 1819;2;48;0,0105;2,8758;2,4793;2,8300;275,1700;348;201;43172
Ex 3 day 1819;2;49;0,0105;3,2138;2,8021;2,8300;307,5100;437;228;43172
Ex 3 day 1819;2;50;0,0105;2,6218;2,0658;2,8300;250,8600;407;134;43172
Ex 3 day 1819;2;51;0,0105;3,1377;2,3993;3,3000;300,2300;397;241;43172
Ex 3 day 1819;2;52;0,0105;2,5384;1,7134;3,7700;242,8800;477;236;43172
Ex 3 day 1819;2;53;0,0105;2,9858;2,6093;2,8300;285,6900;379;152;43172
Ex 3 day 1819;2;54;0,0105;3,3325;2,6108;2,8300;318,8600;455;232;43172
Ex 3 day 1819;2;55;0,0105;3,2068;2,5981;2,8300;306,8300;392;207;43172
Ex 3 day 1819;2;56;0,0105;2,2317;1,4357;3,3000;213,5400;523;105;43172
Ex 3 day 1819;2;57;0,0105;2,5280;2,0800;2,8300;241,8900;532;152;43172
Ex 3 day 1819;2;58;0,0105;2,2085;1,9131;2,8300;211,3200;385;196;43172
Ex 3 day 1819;2;59;0,0105;2,7519;2,2609;2,8300;263,3100;512;191;43172
Ex 3 day 1819;2;60;0,0105;1,9675;1,6248;3,3000;188,2600;401;122;43172
Ex 3 day 1819;2;61;0,0105;2,9225;2,0886;3,3000;279,6400;392;83;43172
Ex 3 day 1819;2;62;0,0105;2,4535;1,8604;3,3000;234,7500;385;240;43172
Ex 3 day 1819;2;63;0,0105;2,7387;1,9909;2,8300;262,0400;384;186;43172
Ex 3 day 1819;2;64;0,0105;2,9617;2,3707;2,8300;283,3800;383;134;43172
Ex 3 day 1819;2;65;0,0105;2,3944;2,0045;2,8300;229,1000;513;115;43172
Ex 3 day 1819;2;66;0,0105;3,0251;2,4461;2,8300;289,4500;522;175;43172
Ex 3 day 1819;2;67;0,0105;2,1277;1,5835;3,7700;203,5800;358;170;43172
Ex 3 day 1819;2;68;0,0105;3,0246;2,1500;2,8300;289,4000;453;142;43172
Ex 3 day 1819;2;69;0,0105;2,6139;1,8461;3,3000;250,1100;515;229;43172
Ex 3 day 1819;2;70;0,0105;2,5241;1,7158;3,3000;241,5100;399;257;43172
Ex 3 day 1819;2;71;0,0105;2,2877;1,9234;2,8300;218,8900;350;184;43172
Ex 3 day 1819;2;72;0,0105;2,2319;1,9604;2,8300;213,5500;482;71;43172
Ex 3 day 1819;2;73;0,0105;2,3488;1,7206;2,8300;224,7400;354;256;43172
Ex 3 day 1819;2;74;0,0105;2,4525;1,9743;2,8300;234,6600;425;128;43172
Ex 3 day 1819;2;75;0,0105;2,3761;1,8111;2,8300;227,3600;403;228;43172
Ex 3 day 1819;2;76;0,0105;2,6270;2,2153;2,8300;251,3600;441;165;43172
Ex 3 day 1819;2;77;0,0105;2,2827;1,5284;2,8300;218,4200;358;237;43172
Ex 3 day 1819;2;78;0,0105;2,6613;1,7279;2,8300;254,6400;496;174;43172
Ex 3 day 1819;2;79;0,0105;2,7887;2,2475;2,8300;266,8300;412;104;43172
Ex 3 day 1819;2;80;0,0105;2,4853;1,9730;2,8300;237,8000;532;169;43172
Ex 3 day 1819;2;81;0,0105;2,4537;1,5112;3,3000;234,7700;369;125;43172
Ex 3 day 1819;2;82;0,0105;1,8743;1,5161;2,8300;179,3400;510;201;43172
Ex 3 day 1819;2;83;0,0105;2,2832;1,6064;2,8300;218,4600;433;178;43172
Ex 3 day 1819;2;84;0,0105;2,1085;1,5119;3,3000;201,7500;471;153;43172
Ex 3 day 1819;2;85;0,0105;1,9021;1,1637;3,3000;182,0000;360;218;43172
Ex 3 day 1819;2;86;0,0105;1,8946;1,5008;2,8300;181,2800;481;103;43172
Ex 3 day 1819;2;87;0,0105;1,9691;1,6343;2,8300;188,4100;392;97;43172
Ex 3 day 1819;2;88;0,0105;1,8276;1,1252;4,2400;174,8700;519;155;43172
Ex 3 day 1819;2;89;0,0105;2,3825;1,9106;2,8300;227,9600;441;204;43172
Ex 3 day 1819;2;90;0,0105;1,9676;1,4691;3,7700;188,2600;424;252;43172
Ex 3 day 1819;2;91;0,0105;1,3784;1,1624;4,2400;131,8900;379;167;43172
Ex 3 day 1819;2;92;0,0105;1,9431;1,5802;2,8300;185,9200;506;171;43172
Ex 3 day 1819;2;93;0,0105;2,0540;1,6660;2,8300;196,5300;391;151;43172
Ex 3 day 1819;2;94;0,0105;2,1146;1,6543;2,8300;202,3300;470;52;43172
Ex 3 day 1819;2;95;0,0105;1,6881;1,0681;3,3000;161,5200;498;163;43172
Ex 3 day 1819;2;96;0,0105;1,5911;1,3087;3,3000;152,2400;374;136;43172
Ex 3 day 1819;2;97;0,0105;1,8043;1,4777;2,8300;172,6400;546;165;43172
Ex 3 day 1819;2;98;0,0105;1,6978;1,1984;4,2400;162,4500;499;88;43172
Ex 3 day 1819;2;99;0,0105;1,6875;1,3178;2,8300;161,4700;396;140;43172
Ex 3 day 1819;2;100;0,0105;1,8695;1,2988;3,7700;178,8700;392;120;43172
Ex 3 day 1819;2;101;0,0105;1,6025;1,2032;2,8300;153,3300;505;180;43172
Ex 3 day 1819;2;102;0,0105;1,7860;1,4612;2,8300;170,8900;446;88;43172
Ex 3 day 1819;2;103;0,0105;1,8028;1,5345;2,8300;172,5000;442;181;43172
Ex 3 day 1819;2;104;0,0105;1,6796;1,0528;2,8300;160,7100;374;178;43172
Ex 3 day 1819;2;105;0,0105;1,9237;1,5130;2,8300;184,0600;392;194;43172
Ex 3 day 1819;2;106;0,0105;2,1324;1,6293;2,8300;204,0300;342;224;43172
Ex 3 day 1819;2;107;0,0105;2,0637;1,7629;2,8300;197,4600;335;168;43172
Ex 3 day 1819;2;108;0,0105;2,3664;1,8951;2,8300;226,4300;362;229;43172
Ex 3 day 1819;2;109;0,0105;1,9483;1,2015;2,8300;186,4100;428;112;43172
Ex 3 day 1819;2;110;0,0105;1,8921;1,3829;2,8300;181,0400;519;163;43172
Ex 3 day 1819;2;111;0,0105;2,0182;1,5951;2,8300;193,1100;342;145;43172
Ex 3 day 1819;2;112;0,0105;2,1349;1,7091;2,8300;204,2800;541;172;43172
Ex 3 day 1819;2;113;0,0105;1,5770;1,3809;3,7700;150,8900;370;187;43172
Ex 3 day 1819;2;114;0,0105;2,0566;1,6592;2,8300;196,7800;475;85;43172
Ex 3 day 1819;2;115;0,0105;1,4103;1,2056;2,8300;134,9400;445;91;43172
Ex 3 day 1819;2;116;0,0105;1,6502;1,3633;2,8300;157,8900;445;172;43172
Ex 3 day 1819;2;117;0,0105;1,9462;1,6729;2,8300;186,2100;370;250;43172
Ex 3 day 1819;2;118;0,0105;1,9379;1,5449;2,8300;185,4200;421;107;43172
Ex 3 day 1819;2;119;0,0105;1,3421;1,2434;4,2400;128,4200;365;226;43172
Ex 3 day 1819;2;120;0,0105;1,4313;1,2500;2,8300;136,9500;475;108;43172
Ex 3 day 1819;2;121;0,0105;1,4693;1,0537;2,8300;140,5800;396;221;43172
Ex 3 day 1819;2;122;0,0105;1,2051;0,8230;2,8300;115,3000;474;225;43172
Ex 3 day 1819;2;123;0,0105;1,9819;1,5641;2,8300;189,6300;495;192;43172
Ex 3 day 1819;2;124;0,0105;1,6872;1,1456;2,8300;161,4300;348;173;43172
Ex 3 day 1819;2;125;0,0105;2,3455;1,6767;2,8300;224,4200;363;234;43172
Ex 3 day 1819;2;126;0,0105;2,0340;1,6294;2,8300;194,6200;469;266;43172
Ex 3 day 1819;2;127;0,0105;1,3733;1,4196;3,7700;131,4000;469;93;43172
Ex 3 day 1819;2;128;0,0105;1,7725;1,3883;2,8300;169,5900;446;110;43172
Ex 3 day 1819;2;129;0,0105;2,1355;1,7125;2,8300;204,3300;437;190;43172
Ex 3 day 1819;2;130;0,0105;1,5414;1,3433;2,8300;147,4900;412;234;43172
Ex 3 day 1819;2;131;0,0105;1,6685;1,2525;2,8300;159,6500;364;264;43172
Ex 3 day 1819;2;132;0,0105;1,9965;1,7221;2,8300;191,0300;366;255;43172
Ex 3 day 1819;2;133;0,0105;1,5445;1,1829;2,8300;147,7800;422;95;43172
Ex 3 day 1819;2;134;0,0105;1,8492;1,5080;2,8300;176,9300;389;107;43172
Ex 3 day 1819;2;135;0,0105;1,5377;1,2021;2,8300;147,1300;444;219;43172
Ex 3 day 1819;2;136;0,0105;1,4430;1,0574;2,8300;138,0700;471;246;43172
Ex 3 day 1819;2;137;0,0105;1,3165;1,1484;2,8300;125,9700;370;165;43172
Ex 3 day 1819;2;138;0,0105;1,4940;1,3176;2,8300;142,9500;376;267;43172
Ex 3 day 1819;2;139;0,0105;1,4673;1,1750;2,8300;140,4000;469;136;43172
Ex 3 day 1819;2;140;0,0105;1,7445;1,2411;2,8300;166,9200;444;78;43172
Ex 3 day 1819;2;141;0,0105;1,9332;1,6030;2,8300;184,9700;463;215;43172
Ex 3 day 1819;2;142;0,0105;1,6040;1,3390;2,8300;153,4700;426;171;43172
Ex 3 day 1819;2;143;0,0105;1,3882;1,1700;2,8300;132,8300;509;137;43172
Ex 3 day 1819;2;144;0,0105;2,0252;1,7468;2,8300;193,7800;441;99;43172
Ex 3 day 1819;2;145;0,0105;2,0494;1,7964;2,8300;196,0900;358;137;43172
Ex 3 day 1819;3;146;-0,0211;3,8791;2,7319;3,3000;-183,4400;1309;94;6203
Ex 3 day 1819;3;147;-0,0211;2,7212;2,0943;3,7700;-128,6800;1292;105;6203
Ex 3 day 1819;3;148;-0,0211;2,4439;1,9766;2,8300;-115,5700;1369;147;6203
Ex 3 day 1819;3;149;-0,0211;2,1689;1,6004;2,8300;-102,5700;1321;156;6203
Ex 3 day 1819;3;150;-0,0211;2,4656;1,9933;2,8300;-116,6000;1332;127;6203
Ex 3 day 1819;3;151;-0,0211;1,7634;1,3539;2,8300;-83,3900;1328;160;6203
Ex 3 day 1819;4;152;0,0206;4,4383;3,0924;3,3000;215,5100;1274;708;16047
Ex 3 day 1819;4;153;0,0206;4,3018;3,2321;3,3000;208,8800;1260;722;16047
Ex 3 day 1819;4;154;0,0206;4,1675;2,9678;3,3000;202,3600;1243;725;16047
Ex 3 day 1819;4;155;0,0206;4,0685;3,0230;3,7700;197,5600;1234;698;16047
Ex 3 day 1819;4;156;0,0206;4,0123;2,7297;3,3000;194,8200;1302;752;16047
Ex 3 day 1819;4;157;0,0206;3,7416;2,5708;3,3000;181,6800;1255;673;16047
Ex 3 day 1819;4;158;0,0206;3,6528;2,6137;3,3000;177,3700;1283;676;16047
Ex 3 day 1819;4;159;0,0206;3,5843;2,5917;3,3000;174,0400;1286;732;16047
Ex 3 day 1819;4;160;0,0206;3,8032;2,5675;3,3000;184,6700;1274;766;16047
Ex 3 day 1819;4;161;0,0206;3,3453;2,2453;4,2400;162,4400;1261;693;16047
Ex 3 day 1819;4;162;0,0206;3,1678;2,1654;3,3000;153,8200;1248;662;16047
Ex 3 day 1819;4;163;0,0206;3,3861;2,4113;3,3000;164,4200;1256;744;16047
Ex 3 day 1819;4;164;0,0206;3,3615;2,4832;3,3000;163,2300;1237;757;16047
Ex 3 day 1819;4;165;0,0206;2,8606;1,9616;3,3000;138,9000;1282;686;16047
Ex 3 day 1819;4;166;0,0206;2,8487;2,4112;2,8300;138,3300;1260;736;16047
Ex 3 day 1819;4;167;0,0206;2,3742;1,6710;5,1900;115,2800;1218;739;16047
Ex 3 day 1819;4;168;0,0206;2,2768;1,6221;3,3000;110,5500;1261;665;16047
Ex 3 day 1819;4;169;0,0206;2,2534;1,8768;2,8300;109,4200;1273;750;16047
Ex 3 day 1819;4;170;0,0206;2,4398;1,7574;3,3000;118,4700;1283;662;16047
Ex 3 day 1819;4;171;0,0206;2,3254;1,5740;3,3000;112,9100;1281;722;16047
Ex 3 day 1819;4;172;0,0206;1,6043;1,0923;4,7100;77,9000;1184;725;16047
Ex 3 day 1819;4;173;0,0206;2,0241;1,4304;3,3000;98,2900;1287;701;16047
Ex 3 day 1819;4;174;0,0206;2,3540;1,7321;3,3000;114,3000;1300;667;16047
Ex 3 day 1819;4;175;0,0206;2,0438;1,6780;2,8300;99,2400;1274;720;16047
Ex 3 day 1819;4;176;0,0206;2,0358;1,6860;2,8300;98,8500;1281;750;16047
Ex 3 day 1819;5;177;0,0218;4,4785;3,1718;3,3000;205,5600;376;792;42778
Ex 3 day 1819;5;178;0,0218;4,5857;3,1198;3,3000;210,4800;309;839;42778
Ex 3 day 1819;5;179;0,0218;4,3335;2,8934;3,3000;198,9100;279;835;42778
Ex 3 day 1819;5;180;0,0218;4,3176;3,0321;3,3000;198,1800;331;819;42778
Ex 3 day 1819;5;181;0,0218;4,3839;3,1281;3,3000;201,2200;278;700;42778
Ex 3 day 1819;5;182;0,0218;4,3778;3,0406;3,3000;200,9400;383;760;42778
Ex 3 day 1819;5;183;0,0218;4,2954;3,0292;3,3000;197,1600;256;710;42778
Ex 3 day 1819;5;184;0,0218;4,2126;3,0060;3,7700;193,3600;242;801;42778
Ex 3 day 1819;5;185;0,0218;4,3016;3,1026;3,7700;197,4400;306;810;42778
Ex 3 day 1819;5;186;0,0218;4,1308;2,9072;3,3000;189,6000;356;725;42778
Ex 3 day 1819;5;187;0,0218;3,8587;2,7250;3,3000;177,1200;291;844;42778
Ex 3 day 1819;5;188;0,0218;3,6924;2,8925;3,7700;169,4800;225;757;42778
Ex 3 day 1819;5;189;0,0218;3,8482;2,9258;3,7700;176,6300;299;691;42778
Ex 3 day 1819;5;190;0,0218;3,7560;2,7336;3,3000;172,4000;308;749;42778
Ex 3 day 1819;5;191;0,0218;3,5588;2,5054;3,3000;163,3500;344;754;42778
Ex 3 day 1819;5;192;0,0218;3,8061;3,1968;2,8300;174,7000;310;679;42778
Ex 3 day 1819;5;193;0,0218;3,1803;2,6608;2,8300;145,9700;335;843;42778
Ex 3 day 1819;5;194;0,0218;3,8222;2,8184;3,3000;175,4400;217;801;42778
Ex 3 day 1819;5;195;0,0218;3,9077;2,7393;3,3000;179,3600;393;810;42778
Ex 3 day 1819;5;196;0,0218;3,4348;2,6386;3,3000;157,6600;375;812;42778
Ex 3 day 1819;5;197;0,0218;3,8690;3,3281;2,8300;177,5900;374;711;42778
Ex 3 day 1819;5;198;0,0218;3,8645;3,3050;2,8300;177,3800;354;775;42778
Ex 3 day 1819;5;199;0,0218;3,9336;3,4407;2,8300;180,5500;304;865;42778
Ex 3 day 1819;5;200;0,0218;3,1717;2,3692;3,7700;145,5800;333;749;42778
Ex 3 day 1819;5;201;0,0218;3,3804;2,5179;3,3000;155,1600;329;861;42778
Ex 3 day 1819;5;202;0,0218;3,4754;2,3841;3,3000;159,5200;389;731;42778
Ex 3 day 1819;5;203;0,0218;3,7306;3,1876;2,8300;171,2300;332;694;42778
Ex 3 day 1819;5;204;0,0218;3,3598;2,3507;3,3000;154,2200;337;773;42778
Ex 3 day 1819;5;205;0,0218;3,1056;2,4707;3,7700;142,5500;354;693;42778
Ex 3 day 1819;5;206;0,0218;3,4220;2,8746;2,8300;157,0700;255;812;42778
Ex 3 day 1819;5;207;0,0218;3,8164;2,6308;3,3000;175,1700;324;716;42778
Ex 3 day 1819;5;208;0,0218;2,8232;1,8454;4,2400;129,5900;226;780;42778
Ex 3 day 1819;5;209;0,0218;3,0048;2,3830;3,7700;137,9200;280;731;42778
Ex 3 day 1819;5;210;0,0218;3,3893;2,4197;3,7700;155,5700;314;766;42778
Ex 3 day 1819;5;211;0,0218;3,5384;3,0233;2,8300;162,4100;289;770;42778
Ex 3 day 1819;5;212;0,0218;2,7835;1,9600;3,3000;127,7600;266;752;42778
Ex 3 day 1819;5;213;0,0218;2,7837;2,1812;3,7700;127,7700;245;781;42778
Ex 3 day 1819;5;214;0,0218;3,1314;2,1878;3,3000;143,7300;221;713;42778
Ex 3 day 1819;5;215;0,0218;2,9970;2,5349;2,8300;137,5600;326;765;42778
Ex 3 day 1819;5;216;0,0218;2,1572;2,0197;3,7700;99,0200;322;803;42778
Ex 3 day 1819;5;217;0,0218;2,8170;1,8638;3,3000;129,3000;290;743;42778
Ex 3 day 1819;5;218;0,0218;2,8637;1,7926;4,2400;131,4400;343;725;42778
Ex 3 day 1819;5;219;0,0218;2,8632;1,9357;3,3000;131,4200;239;759;42778
Ex 3 day 1819;5;220;0,0218;3,2328;2,7997;2,8300;148,3800;256;789;42778
Ex 3 day 1819;5;221;0,0218;2,8230;1,7931;4,2400;129,5800;372;727;42778
Ex 3 day 1819;5;222;0,0218;3,0848;2,1599;3,3000;141,5900;245;697;42778
Ex 3 day 1819;5;223;0,0218;3,1346;2,7102;2,8300;143,8800;280;664;42778
Ex 3 day 1819;5;224;0,0218;2,4443;2,0496;2,8300;112,1900;298;761;42778
Ex 3 day 1819;5;225;0,0218;2,5987;1,6934;3,3000;119,2800;295;716;42778
Ex 3 day 1819;5;226;0,0218;2,6318;1,8015;3,3000;120,8000;350;803;42778
Ex 3 day 1819;5;227;0,0218;2,6286;1,7196;3,3000;120,6500;332;730;42778
Ex 3 day 1819;5;228;0,0218;2,5763;2,0368;2,8300;118,2500;307;716;42778
Ex 3 day 1819;5;229;0,0218;3,0196;2,1270;3,7700;138,6000;273;811;42778
Ex 3 day 1819;5;230;0,0218;2,4814;1,9875;2,8300;113,9000;362;815;42778
Ex 3 day 1819;5;231;0,0218;2,5559;1,8856;3,3000;117,3200;259;737;42778
Ex 3 day 1819;5;232;0,0218;1,9425;1,6066;2,8300;89,1600;281;741;42778
Ex 3 day 1819;5;233;0,0218;3,2167;2,5555;2,8300;147,6400;257;818;42778
Ex 3 day 1819;5;234;0,0218;2,6483;2,3388;2,8300;121,5600;332;662;42778
Ex 3 day 1819;5;235;0,0218;2,4989;1,9615;2,8300;114,7000;353;838;42778
Ex 3 day 1819;5;236;0,0218;2,1707;1,8504;2,8300;99,6400;363;784;42778
Ex 3 day 1819;5;237;0,0218;1,8651;1,3512;2,8300;85,6100;375;746;42778
Ex 3 day 1819;5;238;0,0218;2,0718;1,5675;5,1900;95,1000;260;680;42778
Ex 3 day 1819;5;239;0,0218;2,3854;1,7622;3,7700;109,4900;379;692;42778
Ex 3 day 1819;5;240;0,0218;2,4685;2,1834;2,8300;113,3100;256;759;42778
Ex 3 day 1819;5;241;0,0218;2,3527;1,7341;3,3000;107,9900;247;751;42778
Ex 3 day 1819;5;242;0,0218;2,3918;1,6993;3,3000;109,7800;253;765;42778
Ex 3 day 1819;5;243;0,0218;1,9605;1,6073;2,8300;89,9900;323;790;42778
Ex 3 day 1819;5;244;0,0218;2,1792;1,5104;3,7700;100,0300;245;733;42778
Ex 3 day 1819;5;245;0,0218;2,2536;1,2908;3,3000;103,4400;364;752;42778
Ex 3 day 1819;5;246;0,0218;2,0211;1,7367;2,8300;92,7700;345;834;42778
Ex 3 day 1819;5;247;0,0218;1,6014;1,2589;2,8300;73,5100;286;805;42778
Ex 3 day 1819;5;248;0,0218;1,5811;0,9203;3,3000;72,5700;288;797;42778
Ex 3 day 1819;5;249;0,0218;2,0936;1,5490;2,8300;96,0900;347;813;42778
Ex 3 day 1819;5;250;0,0218;2,2189;1,8289;2,8300;101,8500;292;857;42778
Ex 3 day 1819;5;251;0,0218;2,0008;1,4497;2,8300;91,8400;323;843;42778
Ex 3 day 1819;5;252;0,0218;2,3140;2,0043;2,8300;106,2100;382;713;42778
Ex 3 day 1819;5;253;0,0218;1,9704;1,6597;3,7700;90,4400;287;655;42778
Ex 3 day 1819;5;254;0,0218;2,1580;1,9600;2,8300;99,0500;396;781;42778
Ex 3 day 1819;5;255;0,0218;1,9765;1,6718;2,8300;90,7200;289;778;42778
Ex 3 day 1819;5;256;0,0218;1,5066;1,2124;5,6600;69,1500;221;829;42778
Ex 3 day 1819;5;257;0,0218;1,6786;1,1648;2,8300;77,0500;354;814;42778
Ex 3 day 1819;5;258;0,0218;1,3506;1,2517;2,8300;61,9900;264;785;42778
Ex 3 day 1819;5;259;0,0218;2,1324;1,6024;3,3000;97,8800;308;769;42778
Ex 3 day 1819;5;260;0,0218;1,7960;1,4448;2,8300;82,4400;332;797;42778
Ex 3 day 1819;5;261;0,0218;1,7455;1,3793;2,8300;80,1200;363;702;42778
Ex 3 day 1819;5;262;0,0218;1,7927;1,5073;2,8300;82,2900;281;717;42778
Ex 3 day 1819;5;263;0,0218;1,6474;1,2814;2,8300;75,6100;317;825;42778
Ex 3 day 1819;5;264;0,0218;1,4553;1,1384;2,8300;66,8000;341;789;42778
Ex 3 day 1819;5;265;0,0218;1,8071;1,2840;3,3000;82,9400;260;845;42778
Ex 3 day 1819;5;266;0,0218;1,8321;1,3205;2,8300;84,0900;291;815;42778
Ex 3 day 1819;5;267;0,0218;1,8456;1,2603;3,3000;84,7100;265;766;42778
Ex 3 day 1819;5;268;0,0218;1,5424;1,1479;4,7100;70,8000;246;839;42778
Ex 3 day 1819;5;269;0,0218;1,9681;1,5387;3,7700;90,3300;339;656;42778
Ex 3 day 1819;6;270;0,0380;4,0123;2,9523;3,7700;105,6300;857;882;6651
Ex 3 day 1819;6;271;0,0380;3,7204;2,6124;3,3000;97,9500;801;909;6651
Ex 3 day 1819;6;272;0,0380;3,5539;2,6463;3,7700;93,5600;803;868;6651
Ex 3 day 1819;6;273;0,0380;3,1840;2,5929;3,7700;83,8200;840;897;6651
Ex 3 day 1819;6;274;0,0380;3,3010;2,3233;3,3000;86,9000;816;898;6651
Ex 3 day 1819;6;275;0,0380;2,9779;2,2441;3,7700;78,4000;798;887;6651
Ex 3 day 1819;6;276;0,0380;3,4130;2,8557;2,8300;89,8500;849;922;6651
Ex 3 day 1819;6;277;0,0380;2,3863;1,9317;3,7700;62,8200;777;925;6651
Ex 3 day 1819;6;278;0,0380;2,3269;1,7335;3,3000;61,2600;822;886;6651
Ex 3 day 1819;6;279;0,0380;2,4336;1,7072;3,7700;64,0700;864;913;6651
Ex 3 day 1819;6;280;0,0380;2,3486;2,1274;2,8300;61,8300;840;863;6651
Ex 3 day 1819;6;281;0,0380;1,9420;1,6848;2,8300;51,1300;774;899;6651
Ex 3 day 1819;7;282;0,0575;3,6462;3,0734;2,8300;63,4600;832;934;5468
Ex 3 day 1819;7;283;0,0575;3,3831;2,3625;3,3000;58,8800;825;991;5468
Ex 3 day 1819;7;284;0,0575;3,3503;2,3588;3,3000;58,3100;853;963;5468
Ex 3 day 1819;7;285;0,0575;3,1508;2,0816;4,2400;54,8400;864;945;5468
Ex 3 day 1819;7;286;0,0575;3,1164;2,7171;2,8300;54,2400;809;970;5468
Ex 3 day 1819;7;287;0,0575;2,8263;2,4858;2,8300;49,1900;855;983;5468
Ex 3 day 1819;7;288;0,0575;1,9913;1,2997;3,3000;34,6600;852;933;5468
Ex 3 day 1819;7;289;0,0575;2,6719;2,3223;2,8300;46,5100;802;974;5468
Ex 3 day 1819;7;290;0,0575;2,5335;2,1045;2,8300;44,1000;808;934;5468
Ex 3 day 1819;7;291;0,0575;2,0217;1,3609;4,2400;35,1900;843;944;5468
Ex 3 day 1819;7;292;0,0575;2,2683;2,0332;2,8300;39,4800;885;952;5468
Ex 3 day 1819;7;293;0,0575;2,2647;1,9467;2,8300;39,4200;857;956;5468
Ex 3 day 1819;7;294;0,0575;1,6534;1,4315;2,8300;28,7800;837;958;5468
Ex 3 day 1819;8;295;0,0327;4,7969;4,1222;2,8300;146,8400;895;994;5789
Ex 3 day 1819;8;296;0,0327;3,6112;2,6619;3,3000;110,5500;860;1015;5789
Ex 3 day 1819;8;297;0,0327;3,4489;2,4998;3,3000;105,5800;915;1000;5789
Ex 3 day 1819;8;298;0,0327;3,3563;2,2790;3,3000;102,7500;916;958;5789
Ex 3 day 1819;8;299;0,0327;3,5298;2,4723;3,3000;108,0600;902;980;5789
Ex 3 day 1819;8;300;0,0327;3,1786;2,3483;3,3000;97,3100;889;961;5789
Ex 3 day 1819;8;301;0,0327;2,6230;2,0350;3,3000;80,2900;882;978;5789
Ex 3 day 1819;8;302;0,0327;2,5871;1,9037;3,7700;79,2000;929;978;5789
Ex 3 day 1819;8;303;0,0327;2,4744;2,1409;2,8300;75,7500;903;1026;5789
Ex 3 day 1819;8;304;0,0327;2,2278;1,6035;3,3000;68,2000;923;1007;5789
Ex 3 day 1819;8;305;0,0327;1,7436;1,0712;3,3000;53,3700;898;1007;5789
Ex 3 day 1819;8;306;0,0327;1,7817;1,5829;2,8300;54,5400;870;977;5789
Ex 3 day 1819;8;307;0,0327;1,6606;1,1178;3,3000;50,8300;882;1012;5789
Ex 3 day 1819;8;308;0,0327;1,8520;1,4456;2,8300;56,6900;896;974;5789
Ex 3 day 182;1;1;0,1143;3,4730;2,8397;2,8300;30,3800;425;28;4614
Ex 3 day 182;1;2;0,1143;3,7597;3,0890;2,8300;32,8900;390;84;4614
Ex 3 day 182;1;3;0,1143;2,0397;1,7292;2,8300;17,8400;414;57;4614
Ex 3 day 182;1;4;0,1143;2,8924;2,3555;2,8300;25,3000;436;16;4614
Ex 3 day 182;1;5;0,1143;2,5978;2,1300;2,8300;22,7200;405;71;4614
Ex 3 day 182;1;6;0,1143;2,5209;1,9521;3,7700;22,0500;441;9;4614
Ex 3 day 182;1;7;0,1143;2,4910;1,8644;3,7700;21,7900;439;47;4614
Ex 3 day 182;1;8;0,1143;1,8788;1,7169;2,8300;16,4300;422;65;4614
Ex 3 day 182;1;9;0,1143;2,0371;1,5208;4,7100;17,8200;453;40;4614
Ex 3 day 182;1;10;0,1143;2,2242;1,7728;2,8300;19,4600;422;43;4614
Ex 3 day 182;1;11;0,1143;1,4882;1,1456;2,8300;13,0200;412;77;4614
Ex 3 day 182;1;12;0,1143;1,9269;1,4843;2,8300;16,8600;391;65;4614
Ex 3 day 182;2;13;0,0776;4,5636;3,2136;3,3000;58,8400;496;80;3683
Ex 3 day 182;2;14;0,0776;3,5934;2,3583;3,3000;46,3300;521;66;3683
Ex 3 day 182;2;15;0,0776;1,8015;1,6498;3,7700;23,2300;482;50;3683
Ex 3 day 182;2;16;0,0776;1,9958;1,4115;2,8300;25,7300;476;60;3683
Ex 3 day 182;2;17;0,0776;2,1098;1,7378;2,8300;27,2000;509;67;3683
Ex 3 day 182;2;18;0,0776;1,9235;1,6795;2,8300;24,8000;485;69;3683
Ex 3 day 182;2;19;0,0776;2,0250;1,5517;3,7700;26,1100;516;53;3683
Ex 3 day 182;2;20;0,0776;1,3337;1,2227;3,7700;17,2000;510;80;3683
Ex 3 day 182;2;21;0,0776;1,9842;1,4215;2,8300;25,5800;478;84;3683
Ex 3 day 182;3;22;0,0447;4,4125;3,7896;2,8300;98,8100;821;537;27710
Ex 3 day 182;3;23;0,0447;4,4434;3,1564;3,3000;99,5000;876;503;27710
Ex 3 day 182;3;24;0,0447;3,6891;2,8655;3,7700;82,6100;830;477;27710
Ex 3 day 182;3;25;0,0447;3,9147;3,0224;3,7700;87,6600;816;522;27710
Ex 3 day 182;3;26;0,0447;3,8208;2,8915;3,7700;85,5600;879;422;27710
Ex 3 day 182;3;27;0,0447;4,0425;2,8513;3,3000;90,5200;778;582;27710
Ex 3 day 182;3;28;0,0447;3,7599;2,4216;4,2400;84,1900;803;577;27710
Ex 3 day 182;3;29;0,0447;3,5788;2,7831;3,7700;80,1400;782;517;27710
Ex 3 day 182;3;30;0,0447;3,5017;2,6196;3,3000;78,4100;896;437;27710
Ex 3 day 182;3;31;0,0447;2,9285;2,1452;3,3000;65,5800;873;485;27710
Ex 3 day 182;3;32;0,0447;3,2290;2,6278;3,7700;72,3100;834;428;27710
Ex 3 day 182;3;33;0,0447;3,6221;2,5570;3,3000;81,1100;902;479;27710
Ex 3 day 182;3;34;0,0447;3,2910;2,2090;3,3000;73,6900;792;542;27710
Ex 3 day 182;3;35;0,0447;3,3641;2,3386;3,3000;75,3300;815;406;27710
Ex 3 day 182;3;36;0,0447;3,4296;2,5626;3,7700;76,8000;855;512;27710
Ex 3 day 182;3;37;0,0447;3,4796;2,3820;3,7700;77,9200;820;595;27710
Ex 3 day 182;3;38;0,0447;2,8095;2,2864;3,7700;62,9100;834;552;27710
Ex 3 day 182;3;39;0,0447;3,1585;2,3582;3,3000;70,7300;855;450;27710
Ex 3 day 182;3;40;0,0447;2,8815;2,0678;2,8300;64,5200;889;464;27710
Ex 3 day 182;3;41;0,0447;3,6837;3,0343;2,8300;82,4900;895;528;27710
Ex 3 day 182;3;42;0,0447;3,0292;2,4254;2,8300;67,8300;858;556;27710
Ex 3 day 182;3;43;0,0447;2,9892;2,3597;2,8300;66,9400;833;514;27710
Ex 3 day 182;3;44;0,0447;3,4837;2,9195;2,8300;78,0100;784;605;27710
Ex 3 day 182;3;45;0,0447;2,7161;2,2306;2,8300;60,8200;773;565;27710
Ex 3 day 182;3;46;0,0447;2,6185;2,1168;2,8300;58,6400;797;515;27710
Ex 3 day 182;3;47;0,0447;2,7146;1,8890;4,2400;60,7900;872;405;27710
Ex 3 day 182;3;48;0,0447;2,2497;1,9339;2,8300;50,3800;774;493;27710
Ex 3 day 182;3;49;0,0447;2,1508;1,8997;2,8300;48,1600;820;504;27710
Ex 3 day 182;3;50;0,0447;2,0941;1,5108;3,7700;46,8900;854;536;27710
Ex 3 day 182;3;51;0,0447;2,1106;1,6679;4,2400;47,2600;827;462;27710
Ex 3 day 182;3;52;0,0447;2,5088;2,0532;3,7700;56,1800;822;576;27710
Ex 3 day 182;3;53;0,0447;2,4594;1,6419;4,2400;55,0700;873;438;27710
Ex 3 day 182;3;54;0,0447;2,4586;2,0017;2,8300;55,0500;848;488;27710
Ex 3 day 182;3;55;0,0447;2,7821;2,2219;2,8300;62,3000;849;498;27710
Ex 3 day 182;3;56;0,0447;2,5114;2,0378;2,8300;56,2400;778;505;27710
Ex 3 day 182;3;57;0,0447;2,1020;1,4220;4,2400;47,0700;809;557;27710
Ex 3 day 182;3;58;0,0447;2,0603;1,4480;3,3000;46,1400;793;464;27710
Ex 3 day 182;3;59;0,0447;2,4393;1,9323;2,8300;54,6200;783;462;27710
Ex 3 day 182;3;60;0,0447;2,9288;2,3026;2,8300;65,5800;854;424;27710
Ex 3 day 182;3;61;0,0447;2,4462;2,0239;2,8300;54,7800;794;417;27710
Ex 3 day 182;3;62;0,0447;3,2022;2,1073;2,8300;71,7000;813;460;27710
Ex 3 day 182;3;63;0,0447;2,3281;1,5902;4,2400;52,1300;799;429;27710
Ex 3 day 182;3;64;0,0447;2,2128;1,7841;3,7700;49,5500;826;606;27710
Ex 3 day 182;3;65;0,0447;2,3557;1,8896;2,8300;52,7500;778;475;27710
Ex 3 day 182;3;66;0,0447;2,5142;2,1495;2,8300;56,3000;832;442;27710
Ex 3 day 182;3;67;0,0447;2,4211;1,1785;5,1900;54,2100;837;499;27710
Ex 3 day 182;3;68;0,0447;2,2091;1,7284;3,7700;49,4700;882;448;27710
Ex 3 day 182;3;69;0,0447;2,0471;1,6462;2,8300;45,8400;782;531;27710
Ex 3 day 182;3;70;0,0447;2,2974;1,7091;2,8300;51,4500;759;536;27710
Ex 3 day 182;3;71;0,0447;1,5506;1,4333;4,2400;34,7200;879;534;27710
Ex 3 day 182;3;72;0,0447;2,0658;1,3613;3,3000;46,2600;890;502;27710
Ex 3 day 182;3;73;0,0447;1,4457;0,9607;3,3000;32,3700;887;483;27710
Ex 3 day 182;3;74;0,0447;1,6205;1,2053;2,8300;36,2900;862;469;27710
Ex 3 day 182;3;75;0,0447;1,5609;1,2016;2,8300;34,9500;859;462;27710
Ex 3 day 182;3;76;0,0447;1,5495;1,0974;2,8300;34,7000;761;543;27710
Ex 3 day 182;3;77;0,0447;2,0523;1,0388;5,1900;45,9600;795;558;27710
Ex 3 day 182;3;78;0,0447;2,4665;2,0225;2,8300;55,2300;781;542;27710
Ex 3 day 182;3;79;0,0447;1,8879;1,4473;2,8300;42,2700;805;548;27710
Ex 3 day 182;3;80;0,0447;2,1557;1,8466;2,8300;48,2700;833;521;27710
Ex 3 day 182;3;81;0,0447;1,4328;1,1757;2,8300;32,0800;784;493;27710
Ex 3 day 182;3;82;0,0447;1,5712;1,2209;3,3000;35,1800;794;502;27710
Ex 3 day 182;3;83;0,0447;2,6014;1,8642;2,8300;58,2500;811;486;27710
Ex 3 day 182;3;84;0,0447;2,0173;1,5635;2,8300;45,1700;813;468;27710
Ex 3 day 182;3;85;0,0447;2,4835;2,0032;2,8300;55,6100;902;464;27710
Ex 3 day 182;3;86;0,0447;1,7524;1,4387;2,8300;39,2400;875;523;27710
Ex 3 day 182;3;87;0,0447;1,8178;1,4595;2,8300;40,7000;825;490;27710
Ex 3 day 182;3;88;0,0447;1,9388;1,4756;2,8300;43,4100;894;544;27710
Ex 3 day 182;3;89;0,0447;2,1022;1,8177;2,8300;47,0700;810;479;27710
Ex 3 day 182;3;90;0,0447;1,5627;1,1935;2,8300;34,9900;885;568;27710
Ex 3 day 182;3;91;0,0447;2,6319;1,9217;2,8300;58,9400;871;476;27710
Ex 3 day 182;3;92;0,0447;1,2731;1,2136;2,8300;28,5100;767;558;27710
Ex 3 day 182;3;93;0,0447;1,8770;1,4643;2,8300;42,0300;827;568;27710
Ex 3 day 182;3;94;0,0447;2,0194;1,4297;3,3000;45,2200;866;551;27710
Ex 3 day 182;3;95;0,0447;1,6634;1,4182;2,8300;37,2500;903;498;27710
Ex 3 day 182;3;96;0,0447;1,5061;1,1306;2,8300;33,7200;788;453;27710
Ex 3 day 182;4;97;0,0317;4,0090;2,8564;3,3000;126,6100;227;539;37521
Ex 3 day 182;4;98;0,0317;3,8320;2,4392;4,2400;121,0200;266;500;37521
Ex 3 day 182;4;99;0,0317;3,3761;2,7561;2,8300;106,6200;311;546;37521
Ex 3 day 182;4;100;0,0317;3,3000;2,7414;3,7700;104,2200;326;565;37521
Ex 3 day 182;4;101;0,0317;2,9825;2,4776;2,8300;94,1900;220;524;37521
Ex 3 day 182;4;102;0,0317;3,5447;2,4091;3,3000;111,9500;269;480;37521
Ex 3 day 182;4;103;0,0317;3,1010;2,3603;3,3000;97,9300;331;448;37521
Ex 3 day 182;4;104;0,0317;2,5867;1,6890;3,3000;81,6900;304;562;37521
Ex 3 day 182;4;105;0,0317;4,1414;3,2498;2,8300;130,7900;239;594;37521
Ex 3 day 182;4;106;0,0317;2,9105;1,9573;3,3000;91,9200;210;496;37521
Ex 3 day 182;4;107;0,0317;2,7002;2,2725;2,8300;85,2800;231;580;37521
Ex 3 day 182;4;108;0,0317;2,6988;1,9920;4,2400;85,2300;205;482;37521
Ex 3 day 182;4;109;0,0317;2,5096;2,0225;4,7100;79,2600;160;493;37521
Ex 3 day 182;4;110;0,0317;3,2580;2,7201;2,8300;102,8900;218;440;37521
Ex 3 day 182;4;111;0,0317;2,7935;2,0410;3,3000;88,2200;263;466;37521
Ex 3 day 182;4;112;0,0317;2,1626;1,9100;3,7700;68,3000;327;485;37521
Ex 3 day 182;4;113;0,0317;3,0173;2,1660;3,7700;95,2900;289;552;37521
Ex 3 day 182;4;114;0,0317;2,8121;2,4016;2,8300;88,8100;314;581;37521
Ex 3 day 182;4;115;0,0317;3,0294;2,1420;3,3000;95,6700;277;451;37521
Ex 3 day 182;4;116;0,0317;1,9580;1,7711;2,8300;61,8400;302;598;37521
Ex 3 day 182;4;117;0,0317;2,8107;2,3322;2,8300;88,7700;296;511;37521
Ex 3 day 182;4;118;0,0317;2,6770;1,7852;3,3000;84,5400;321;538;37521
Ex 3 day 182;4;119;0,0317;2,1925;1,8519;2,8300;69,2400;338;521;37521
Ex 3 day 182;4;120;0,0317;2,4284;1,8415;3,7700;76,6900;294;535;37521
Ex 3 day 182;4;121;0,0317;2,3986;1,8814;2,8300;75,7500;345;541;37521
Ex 3 day 182;4;122;0,0317;2,3307;1,9871;2,8300;73,6100;194;555;37521
Ex 3 day 182;4;123;0,0317;2,5586;1,9534;3,7700;80,8000;225;467;37521
Ex 3 day 182;4;124;0,0317;2,5538;1,7349;3,3000;80,6500;343;452;37521
Ex 3 day 182;4;125;0,0317;2,5307;2,1153;2,8300;79,9200;171;480;37521
Ex 3 day 182;4;126;0,0317;2,8413;1,7441;4,2400;89,7300;247;536;37521
Ex 3 day 182;4;127;0,0317;2,4920;1,6796;3,3000;78,7000;337;433;37521
Ex 3 day 182;4;128;0,0317;2,0710;1,6241;4,2400;65,4100;174;529;37521
Ex 3 day 182;4;129;0,0317;1,9493;1,3814;4,2400;61,5600;342;510;37521
Ex 3 day 182;4;130;0,0317;2,6709;1,9247;3,7700;84,3500;263;571;37521
Ex 3 day 182;4;131;0,0317;1,9856;1,5282;4,7100;62,7100;282;515;37521
Ex 3 day 182;4;132;0,0317;2,3539;1,9513;2,8300;74,3400;194;547;37521
Ex 3 day 182;4;133;0,0317;2,7781;2,3318;2,8300;87,7400;345;529;37521
Ex 3 day 182;4;134;0,0317;2,0572;1,5886;3,3000;64,9700;237;488;37521
Ex 3 day 182;4;135;0,0317;2,1568;1,8388;2,8300;68,1100;180;514;37521
Ex 3 day 182;4;136;0,0317;1,8548;1,5946;2,8300;58,5800;265;539;37521
Ex 3 day 182;4;137;0,0317;2,2950;1,6370;3,3000;72,4800;267;597;37521
Ex 3 day 182;4;138;0,0317;2,1121;1,2757;4,2400;66,7000;332;471;37521
Ex 3 day 182;4;139;0,0317;1,9133;1,4436;3,3000;60,4200;277;552;37521
Ex 3 day 182;4;140;0,0317;1,9438;1,4743;2,8300;61,3900;189;522;37521
Ex 3 day 182;4;141;0,0317;1,6713;1,4603;2,8300;52,7800;257;578;37521
Ex 3 day 182;4;142;0,0317;1,8877;1,6745;2,8300;59,6200;189;486;37521
Ex 3 day 182;4;143;0,0317;2,2745;1,3760;4,2400;71,8300;298;491;37521
Ex 3 day 182;4;144;0,0317;1,7339;1,3644;2,8300;54,7600;263;519;37521
Ex 3 day 182;4;145;0,0317;2,2358;1,4041;4,2400;70,6100;309;475;37521
Ex 3 day 182;4;146;0,0317;1,3774;1,3500;4,2400;43,5000;358;517;37521
Ex 3 day 182;4;147;0,0317;2,1581;1,5747;3,7700;68,1600;294;472;37521
Ex 3 day 182;4;148;0,0317;2,5363;2,2785;2,8300;80,1000;206;574;37521
Ex 3 day 182;4;149;0,0317;2,2411;1,9070;2,8300;70,7800;254;551;37521
Ex 3 day 182;4;150;0,0317;2,5967;1,8351;2,8300;82,0100;242;582;37521
Ex 3 day 182;4;151;0,0317;2,2763;1,8521;2,8300;71,8900;283;531;37521
Ex 3 day 182;4;152;0,0317;1,8435;1,3344;3,3000;58,2200;195;466;37521
Ex 3 day 182;4;153;0,0317;2,2934;1,8223;2,8300;72,4300;267;432;37521
Ex 3 day 182;4;154;0,0317;1,7433;1,0035;5,6600;55,0600;323;509;37521
Ex 3 day 182;4;155;0,0317;1,2142;1,0144;2,8300;38,3500;281;585;37521
Ex 3 day 182;4;156;0,0317;1,7053;1,4670;2,8300;53,8600;252;437;37521
Ex 3 day 182;4;157;0,0317;1,6576;1,4285;3,3000;52,3500;348;500;37521
Ex 3 day 182;4;158;0,0317;1,8500;1,3894;2,8300;58,4300;269;526;37521
Ex 3 day 182;4;159;0,0317;2,1021;1,4315;2,8300;66,3900;277;540;37521
Ex 3 day 182;4;160;0,0317;1,4274;1,1455;2,8300;45,0800;332;530;37521
Ex 3 day 182;4;161;0,0317;2,5244;1,9361;2,8300;79,7200;287;472;37521
Ex 3 day 182;4;162;0,0317;1,9491;1,6986;2,8300;61,5600;345;479;37521
Ex 3 day 182;4;163;0,0317;0,9571;0,9635;3,7700;30,2300;235;570;37521
Ex 3 day 182;4;164;0,0317;1,9156;1,4862;2,8300;60,5000;313;428;37521
Ex 3 day 182;4;165;0,0317;1,8007;1,3130;2,8300;56,8700;204;540;37521
Ex 3 day 182;4;166;0,0317;1,6293;1,3105;2,8300;51,4600;303;551;37521
Ex 3 day 182;4;167;0,0317;2,2081;1,4841;4,7100;69,7400;346;487;37521
Ex 3 day 182;4;168;0,0317;1,9380;1,6502;2,8300;61,2000;200;567;37521
Ex 3 day 182;5;169;0,0296;4,1901;3,1373;3,7700;141,5600;1089;500;30474
Ex 3 day 182;5;170;0,0296;3,9360;2,9793;3,7700;132,9700;1145;463;30474
Ex 3 day 182;5;171;0,0296;4,0766;2,8014;3,3000;137,7200;1118;460;30474
Ex 3 day 182;5;172;0,0296;3,4968;2,5958;3,3000;118,1300;1191;509;30474
Ex 3 day 182;5;173;0,0296;3,5894;2,9386;2,8300;121,2600;1067;500;30474
Ex 3 day 182;5;174;0,0296;3,2350;2,4659;3,7700;109,2900;1060;466;30474
Ex 3 day 182;5;175;0,0296;3,5826;2,6426;3,3000;121,0300;1118;533;30474
Ex 3 day 182;5;176;0,0296;3,0363;2,3022;3,7700;102,5800;1129;516;30474
Ex 3 day 182;5;177;0,0296;3,2074;2,2772;3,3000;108,3500;1223;487;30474
Ex 3 day 182;5;178;0,0296;3,3901;2,5244;3,7700;114,5300;1154;506;30474
Ex 3 day 182;5;179;0,0296;3,4756;2,4005;3,3000;117,4200;1088;451;30474
Ex 3 day 182;5;180;0,0296;2,8712;1,8182;3,3000;97,0000;1156;532;30474
Ex 3 day 182;5;181;0,0296;2,8944;2,5016;2,8300;97,7800;1129;417;30474
Ex 3 day 182;5;182;0,0296;2,4015;1,8719;4,2400;81,1300;1163;452;30474
Ex 3 day 182;5;183;0,0296;2,5807;1,8686;3,3000;87,1800;1197;519;30474
Ex 3 day 182;5;184;0,0296;2,9385;2,5188;2,8300;99,2700;1190;469;30474
Ex 3 day 182;5;185;0,0296;2,3921;1,7464;3,3000;80,8100;1163;473;30474
Ex 3 day 182;5;186;0,0296;2,4542;1,8345;3,7700;82,9100;1072;516;30474
Ex 3 day 182;5;187;0,0296;2,5766;1,9065;3,3000;87,0400;1117;432;30474
Ex 3 day 182;5;188;0,0296;1,9480;1,6943;2,8300;65,8100;1167;549;30474
Ex 3 day 182;5;189;0,0296;2,6826;2,3143;2,8300;90,6300;1179;556;30474
Ex 3 day 182;5;190;0,0296;2,3967;1,8898;3,7700;80,9700;1194;477;30474
Ex 3 day 182;5;191;0,0296;1,7897;1,5774;3,7700;60,4600;1138;500;30474
Ex 3 day 182;5;192;0,0296;2,5299;2,1390;2,8300;85,4700;1077;439;30474
Ex 3 day 182;5;193;0,0296;2,1591;1,5519;3,3000;72,9400;1058;523;30474
Ex 3 day 182;5;194;0,0296;1,1559;1,2215;4,2400;39,0500;1117;492;30474
Ex 3 day 182;5;195;0,0296;1,8147;1,5698;2,8300;61,3100;1082;429;30474
Ex 3 day 182;5;196;0,0296;2,2815;1,7081;3,3000;77,0800;1126;437;30474
Ex 3 day 182;5;197;0,0296;1,4248;1,1041;4,7100;48,1400;1060;426;30474
Ex 3 day 182;5;198;0,0296;1,8042;1,2290;3,7700;60,9500;1115;445;30474
Ex 3 day 182;5;199;0,0296;1,8206;1,4174;4,2400;61,5000;1075;416;30474
Ex 3 day 182;5;200;0,0296;1,8110;1,5292;2,8300;61,1800;1179;526;30474
Ex 3 day 182;5;201;0,0296;1,6788;1,3992;2,8300;56,7200;1091;427;30474
Ex 3 day 182;5;202;0,0296;1,2974;1,1159;2,8300;43,8300;1093;466;30474
Ex 3 day 182;5;203;0,0296;1,9744;1,7057;2,8300;66,7000;1165;521;30474
Ex 3 day 182;5;204;0,0296;1,6264;1,2444;2,8300;54,9400;1090;462;30474
Ex 3 day 182;5;205;0,0296;1,4870;1,3172;3,7700;50,2300;1155;415;30474
Ex 3 day 182;5;206;0,0296;1,6181;1,1773;3,3000;54,6600;1102;433;30474
Ex 3 day 182;5;207;0,0296;1,6781;1,5029;2,8300;56,6900;1195;438;30474
Ex 3 day 182;7;208;0,0322;4,4168;3,8203;2,8300;137,1600;1365;831;15999
Ex 3 day 182;7;209;0,0322;3,9049;3,0234;3,7700;121,2700;1338;932;15999
Ex 3 day 182;7;210;0,0322;3,7364;3,0029;3,7700;116,0400;1371;866;15999
Ex 3 day 182;7;211;0,0322;3,7206;2,5983;3,3000;115,5500;1335;834;15999
Ex 3 day 182;7;212;0,0322;3,4912;2,2005;4,2400;108,4200;1370;777;15999
Ex 3 day 182;7;213;0,0322;2,9950;2,1360;4,7100;93,0100;1324;798;15999
Ex 3 day 182;7;214;0,0322;2,6793;1,9685;4,2400;83,2100;1376;798;15999
Ex 3 day 182;7;215;0,0322;2,5529;1,6555;4,7100;79,2800;1383;831;15999
Ex 3 day 182;7;216;0,0322;2,4395;1,9137;2,8300;75,7600;1384;844;15999
Ex 3 day 182;7;217;0,0322;2,9090;2,1923;2,8300;90,3400;1353;916;15999
Ex 3 day 182;7;218;0,0322;2,6795;2,0753;2,8300;83,2100;1358;857;15999
Ex 3 day 182;7;219;0,0322;2,2858;1,3621;3,3000;70,9900;1385;893;15999
Ex 3 day 182;7;220;0,0322;2,0844;1,1712;3,3000;64,7300;1391;865;15999
Ex 3 day 182;7;221;0,0322;2,5267;2,1216;2,8300;78,4700;1356;926;15999
Ex 3 day 182;7;222;0,0322;2,5152;1,8755;2,8300;78,1100;1387;852;15999
Ex 3 day 182;7;223;0,0322;2,1732;1,7506;2,8300;67,4900;1374;845;15999
Ex 3 day 182;7;224;0,0322;2,2018;1,4455;2,8300;68,3800;1391;906;15999
Ex 3 day 182;7;225;0,0322;2,6702;2,0595;2,8300;82,9200;1357;881;15999
Ex 3 day 182;7;226;0,0322;2,2068;1,5539;3,3000;68,5300;1370;949;15999
Ex 3 day 182;7;227;0,0322;2,2005;1,5612;3,7700;68,3400;1350;882;15999
Ex 3 day 182;7;228;0,0322;2,1870;1,5765;3,3000;67,9200;1343;788;15999
Ex 3 day 182;7;229;0,0322;2,1664;1,6890;2,8300;67,2800;1364;931;15999
Ex 3 day 182;7;230;0,0322;2,1420;1,8203;2,8300;66,5200;1387;879;15999
Ex 3 day 182;7;231;0,0322;1,6440;1,0721;4,2400;51,0500;1332;879;15999
Ex 3 day 182;7;232;0,0322;1,9543;1,5801;2,8300;60,6900;1381;927;15999
Ex 3 day 182;7;233;0,0322;2,2905;1,8798;2,8300;71,1300;1370;884;15999
Ex 3 day 182;7;234;0,0322;2,2608;1,8780;2,8300;70,2100;1373;814;15999
Ex 3 day 182;7;235;0,0322;2,6069;1,6683;3,7700;80,9600;1327;902;15999
Ex 3 day 182;7;236;0,0322;1,9405;1,5166;4,2400;60,2600;1340;895;15999
Ex 3 day 182;7;237;0,0322;2,2568;1,1612;4,2400;70,0800;1349;808;15999
Ex 3 day 182;7;238;0,0322;2,1135;1,6131;2,8300;65,6300;1324;813;15999
Ex 3 day 182;7;239;0,0322;2,0848;1,5672;3,7700;64,7400;1332;853;15999
Ex 3 day 182;7;240;0,0322;2,3660;2,0569;2,8300;73,4800;1370;905;15999
Ex 3 day 182;7;241;0,0322;1,9883;1,4430;3,3000;61,7500;1309;885;15999
Ex 3 day 182;7;242;0,0322;2,0025;1,7677;2,8300;62,1900;1378;819;15999
Ex 3 day 182;7;243;0,0322;2,1098;1,7640;2,8300;65,5200;1327;879;15999
Ex 3 day 182;7;244;0,0322;1,9949;1,6081;2,8300;61,9500;1346;870;15999
Ex 3 day 182;7;245;0,0322;1,6958;1,3824;2,8300;52,6600;1361;846;15999
Ex 3 day 182;7;246;0,0322;1,9324;1,4645;3,7700;60,0100;1325;832;15999
Ex 3 day 1820;1;1;-0,0001;4,3844;3,1322;3,3000;-33516,1400;701;298;49650
Ex 3 day 1820;1;2;-0,0001;4,2010;3,0702;3,7700;-32114,7600;708;315;49650
Ex 3 day 1820;1;3;-0,0001;3,7619;2,6718;3,7700;-28757,7600;768;241;49650
Ex 3 day 1820;1;4;-0,0001;3,9239;3,0364;3,7700;-29996,0600;759;297;49650
Ex 3 day 1820;1;5;-0,0001;3,6480;2,6396;3,7700;-27887,3400;756;280;49650
Ex 3 day 1820;1;6;-0,0001;3,9022;2,7622;3,7700;-29829,9400;772;260;49650
Ex 3 day 1820;1;7;-0,0001;3,6629;2,6802;3,7700;-28000,8400;673;173;49650
Ex 3 day 1820;1;8;-0,0001;4,0958;2,7852;3,3000;-31309,9400;700;161;49650
Ex 3 day 1820;1;9;-0,0001;3,4352;2,2539;3,3000;-26260,0000;652;202;49650
Ex 3 day 1820;1;10;-0,0001;3,8193;3,3459;2,8300;-29196,4600;652;173;49650
Ex 3 day 1820;1;11;-0,0001;3,4303;2,3095;4,2400;-26222,9500;681;321;49650
Ex 3 day 1820;1;12;-0,0001;3,5015;2,5445;3,3000;-26767,4000;685;204;49650
Ex 3 day 1820;1;13;-0,0001;3,1025;2,4108;3,7700;-23717,1100;767;314;49650
Ex 3 day 1820;1;14;-0,0001;2,8716;2,0762;4,7100;-21952,2500;693;270;49650
Ex 3 day 1820;1;15;-0,0001;2,4599;2,1340;2,8300;-18804,8700;664;203;49650
Ex 3 day 1820;1;16;-0,0001;3,3542;2,4110;3,7700;-25640,9600;734;315;49650
Ex 3 day 1820;1;17;-0,0001;2,7481;1,8678;3,3000;-21007,9300;665;235;49650
Ex 3 day 1820;1;18;-0,0001;2,8281;1,9792;3,3000;-21619,1100;750;262;49650
Ex 3 day 1820;1;19;-0,0001;2,5794;1,8559;4,2400;-19718,5500;776;207;49650
Ex 3 day 1820;1;20;-0,0001;2,8351;2,2234;2,8300;-21672,9200;701;185;49650
Ex 3 day 1820;1;21;-0,0001;2,7901;1,7707;4,2400;-21328,5800;751;208;49650
Ex 3 day 1820;1;22;-0,0001;2,4710;1,8265;3,7700;-18889,4400;795;283;49650
Ex 3 day 1820;1;23;-0,0001;2,8293;2,0047;3,7700;-21628,6400;742;304;49650
Ex 3 day 1820;1;24;-0,0001;2,5429;2,1098;2,8300;-19439,1100;819;244;49650
Ex 3 day 1820;1;25;-0,0001;2,5020;1,8992;3,3000;-19126,8900;718;256;49650
Ex 3 day 1820;1;26;-0,0001;2,3956;1,6611;3,3000;-18312,8100;715;291;49650
Ex 3 day 1820;1;27;-0,0001;2,9588;2,0504;3,3000;-22618,7100;739;356;49650
Ex 3 day 1820;1;28;-0,0001;2,8621;2,0893;3,3000;-21879,4900;695;218;49650
Ex 3 day 1820;1;29;-0,0001;2,0772;1,6539;3,7700;-15879,1000;694;236;49650
Ex 3 day 1820;1;30;-0,0001;2,9266;2,4054;2,8300;-22372,0900;757;268;49650
Ex 3 day 1820;1;31;-0,0001;2,5236;1,8679;3,7700;-19291,3000;753;229;49650
Ex 3 day 1820;1;32;-0,0001;2,8158;1,9977;3,7700;-21525,0200;745;330;49650
Ex 3 day 1820;1;33;-0,0001;3,0388;2,3207;2,8300;-23229,8900;638;212;49650
Ex 3 day 1820;1;34;-0,0001;2,7956;1,9344;3,3000;-21371,0200;720;350;49650
Ex 3 day 1820;1;35;-0,0001;2,6001;1,9387;3,3000;-19876,4300;663;309;49650
Ex 3 day 1820;1;36;-0,0001;2,4448;1,8306;3,7700;-18689,0300;879;253;49650
Ex 3 day 1820;1;37;-0,0001;2,5032;1,7557;4,2400;-19136,0600;817;304;49650
Ex 3 day 1820;1;38;-0,0001;3,0887;2,5299;2,8300;-23611,3700;645;186;49650
Ex 3 day 1820;1;39;-0,0001;2,4110;1,6386;4,2400;-18430,5500;799;249;49650
Ex 3 day 1820;1;40;-0,0001;2,6405;1,8591;3,3000;-20185,0100;704;150;49650
Ex 3 day 1820;1;41;-0,0001;2,7289;2,3808;2,8300;-20861,0000;659;150;49650
Ex 3 day 1820;1;42;-0,0001;2,4033;2,1343;2,8300;-18372,2800;815;263;49650
Ex 3 day 1820;1;43;-0,0001;2,6058;1,9176;3,7700;-19920,0500;671;279;49650
Ex 3 day 1820;1;44;-0,0001;2,1482;1,6158;3,7700;-16421,6600;720;186;49650
Ex 3 day 1820;1;45;-0,0001;2,5868;1,8217;3,7700;-19774,5600;786;260;49650
Ex 3 day 1820;1;46;-0,0001;2,4799;1,7355;3,3000;-18957,3800;684;335;49650
Ex 3 day 1820;1;47;-0,0001;2,3236;1,7860;3,7700;-17762,5500;859;263;49650
Ex 3 day 1820;1;48;-0,0001;2,3025;1,8993;2,8300;-17601,2600;626;288;49650
Ex 3 day 1820;1;49;-0,0001;2,5359;1,6525;3,3000;-19385,9900;727;328;49650
Ex 3 day 1820;1;50;-0,0001;2,1418;1,6286;2,8300;-16373,2300;635;329;49650
Ex 3 day 1820;1;51;-0,0001;2,5234;1,7906;3,3000;-19290,3100;715;269;49650
Ex 3 day 1820;1;52;-0,0001;2,3854;1,7866;3,3000;-18235,1500;849;279;49650
Ex 3 day 1820;1;53;-0,0001;2,1878;1,6949;3,7700;-16724,7100;689;249;49650
Ex 3 day 1820;1;54;-0,0001;2,2443;1,7715;3,7700;-17156,7100;862;284;49650
Ex 3 day 1820;1;55;-0,0001;2,2427;1,8386;3,7700;-17144,1000;766;343;49650
Ex 3 day 1820;1;56;-0,0001;2,2125;1,6819;2,8300;-16913,1800;849;344;49650
Ex 3 day 1820;1;57;-0,0001;1,6115;1,2709;5,1900;-12319,3400;724;222;49650
Ex 3 day 1820;1;58;-0,0001;2,5391;1,7287;3,3000;-19409,7500;842;262;49650
Ex 3 day 1820;1;59;-0,0001;2,1493;1,6807;2,8300;-16430,4400;736;266;49650
Ex 3 day 1820;1;60;-0,0001;1,9556;1,3074;3,3000;-14949,5600;730;247;49650
Ex 3 day 1820;1;61;-0,0001;2,1226;1,7293;2,8300;-16225,9500;624;226;49650
Ex 3 day 1820;1;62;-0,0001;2,1070;1,4473;3,3000;-16106,8900;744;242;49650
Ex 3 day 1820;1;63;-0,0001;2,3461;1,5379;4,7100;-17935,1000;723;241;49650
Ex 3 day 1820;1;64;-0,0001;1,9241;1,4692;2,8300;-14708,5300;784;283;49650
Ex 3 day 1820;1;65;-0,0001;2,0310;1,5500;3,7700;-15526,1900;845;246;49650
Ex 3 day 1820;1;66;-0,0001;1,8965;1,5179;3,7700;-14497,8000;805;292;49650
Ex 3 day 1820;1;67;-0,0001;2,1333;1,8095;2,8300;-16307,6500;654;189;49650
Ex 3 day 1820;1;68;-0,0001;2,1799;1,6464;2,8300;-16664,4600;815;360;49650
Ex 3 day 1820;1;69;-0,0001;2,2939;1,9723;2,8300;-17535,5700;784;249;49650
Ex 3 day 1820;1;70;-0,0001;1,8135;1,5380;2,8300;-13863,1100;821;354;49650
Ex 3 day 1820;1;71;-0,0001;2,1394;1,8499;2,8300;-16354,9400;664;218;49650
Ex 3 day 1820;1;72;-0,0001;1,9288;1,4649;4,2400;-14744,6900;704;244;49650
Ex 3 day 1820;1;73;-0,0001;1,4734;1,2396;2,8300;-11263,3400;694;181;49650
Ex 3 day 1820;1;74;-0,0001;2,1450;1,8314;2,8300;-16397,1500;766;333;49650
Ex 3 day 1820;1;75;-0,0001;2,0558;1,5504;3,7700;-15715,1900;630;208;49650
Ex 3 day 1820;1;76;-0,0001;1,9327;1,6054;2,8300;-14774,5500;714;171;49650
Ex 3 day 1820;1;77;-0,0001;2,0922;1,3463;3,3000;-15994,0500;668;191;49650
Ex 3 day 1820;1;78;-0,0001;1,3964;0,9861;2,8300;-10674,3800;631;253;49650
Ex 3 day 1820;1;79;-0,0001;2,1286;1,7784;2,8300;-16272,2200;763;215;49650
Ex 3 day 1820;1;80;-0,0001;1,9051;1,5981;2,8300;-14563,5000;737;255;49650
Ex 3 day 1820;1;81;-0,0001;1,9558;1,5015;2,8300;-14950,7300;637;225;49650
Ex 3 day 1820;1;82;-0,0001;1,7884;1,5980;2,8300;-13671,4900;807;358;49650
Ex 3 day 1820;1;83;-0,0001;1,9261;1,5491;3,7700;-14723,8400;718;207;49650
Ex 3 day 1820;1;84;-0,0001;1,7616;1,3272;2,8300;-13466,7900;758;250;49650
Ex 3 day 1820;1;85;-0,0001;1,7349;1,2572;3,3000;-13262,3000;771;229;49650
Ex 3 day 1820;1;86;-0,0001;0,9184;1,1687;4,7100;-7020,4400;702;284;49650
Ex 3 day 1820;1;87;-0,0001;1,8904;1,4439;3,7700;-14451,2000;899;264;49650
Ex 3 day 1820;1;88;-0,0001;1,6742;1,2853;2,8300;-12798,3100;739;227;49650
Ex 3 day 1820;1;89;-0,0001;2,1907;1,2872;4,2400;-16746,9100;868;269;49650
Ex 3 day 1820;1;90;-0,0001;2,2817;1,4703;4,2400;-17442,3300;828;277;49650
Ex 3 day 1820;1;91;-0,0001;1,6720;1,3810;4,7100;-12781,2800;812;319;49650
Ex 3 day 1820;1;92;-0,0001;1,6182;1,2592;2,8300;-12370,2600;727;170;49650
Ex 3 day 1820;1;93;-0,0001;1,9584;1,5952;2,8300;-14970,6300;650;253;49650
Ex 3 day 1820;1;94;-0,0001;1,8332;0,9440;4,7100;-14014,2100;732;171;49650
Ex 3 day 1820;1;95;-0,0001;1,7098;1,3994;2,8300;-13070,5400;696;332;49650
Ex 3 day 1820;1;96;-0,0001;1,9760;1,3116;2,8300;-15105,1400;894;306;49650
Ex 3 day 1820;1;97;-0,0001;1,9293;1,4590;2,8300;-14748,1600;746;224;49650
Ex 3 day 1820;1;98;-0,0001;1,7747;1,3819;2,8300;-13567,0200;648;230;49650
Ex 3 day 1820;1;99;-0,0001;1,4560;1,0772;2,8300;-11130,7100;781;237;49650
Ex 3 day 1820;1;100;-0,0001;1,1247;1,1712;2,8300;-8598,0600;623;194;49650
Ex 3 day 1820;1;101;-0,0001;1,8384;1,5795;2,8300;-14053,3400;875;267;49650
Ex 3 day 1820;1;102;-0,0001;1,9153;1,6326;2,8300;-14641,4400;848;259;49650
Ex 3 day 1820;2;103;0,0243;4,1626;3,0866;3,3000;171,1400;345;386;37833
Ex 3 day 1820;2;104;0,0243;4,0170;3,0228;3,7700;165,1600;374;439;37833
Ex 3 day 1820;2;105;0,0243;3,9768;2,9940;3,7700;163,5000;408;424;37833
Ex 3 day 1820;2;106;0,0243;4,1422;2,8832;3,3000;170,3000;476;420;37833
Ex 3 day 1820;2;107;0,0243;4,1860;2,9420;3,3000;172,1100;320;337;37833
Ex 3 day 1820;2;108;0,0243;3,9546;2,7853;3,3000;162,5900;399;478;37833
Ex 3 day 1820;2;109;0,0243;3,7819;2,7568;3,3000;155,4900;337;410;37833
Ex 3 day 1820;2;110;0,0243;3,8209;2,9433;3,7700;157,0900;484;440;37833
Ex 3 day 1820;2;111;0,0243;3,6263;2,9489;3,7700;149,0900;446;508;37833
Ex 3 day 1820;2;112;0,0243;3,4558;2,0974;4,2400;142,0800;363;366;37833
Ex 3 day 1820;2;113;0,0243;3,8026;3,0813;2,8300;156,3400;388;468;37833
Ex 3 day 1820;2;114;0,0243;3,0864;2,5891;3,7700;126,9000;484;468;37833
Ex 3 day 1820;2;115;0,0243;3,9368;2,7847;3,7700;161,8600;436;380;37833
Ex 3 day 1820;2;116;0,0243;3,3730;2,5944;3,7700;138,6800;493;494;37833
Ex 3 day 1820;2;117;0,0243;3,5922;2,4624;3,7700;147,6900;329;394;37833
Ex 3 day 1820;2;118;0,0243;3,4005;2,2155;4,2400;139,8100;468;402;37833
Ex 3 day 1820;2;119;0,0243;3,1823;2,1863;4,2400;130,8400;491;364;37833
Ex 3 day 1820;2;120;0,0243;3,3310;2,2332;4,2400;136,9500;425;352;37833
Ex 3 day 1820;2;121;0,0243;3,5477;2,5842;3,3000;145,8600;485;343;37833
Ex 3 day 1820;2;122;0,0243;3,2428;2,1683;4,7100;133,3200;373;331;37833
Ex 3 day 1820;2;123;0,0243;3,5209;2,1431;3,3000;144,7600;344;428;37833
Ex 3 day 1820;2;124;0,0243;2,9253;2,3230;3,7700;120,2700;397;445;37833
Ex 3 day 1820;2;125;0,0243;3,4484;2,8986;2,8300;141,7800;451;390;37833
Ex 3 day 1820;2;126;0,0243;2,9009;2,2762;3,7700;119,2700;400;456;37833
Ex 3 day 1820;2;127;0,0243;3,3408;2,3571;3,3000;137,3600;307;389;37833
Ex 3 day 1820;2;128;0,0243;3,0649;2,1561;3,7700;126,0100;414;326;37833
Ex 3 day 1820;2;129;0,0243;3,1271;1,7773;3,3000;128,5700;456;352;37833
Ex 3 day 1820;2;130;0,0243;2,8551;2,0234;3,3000;117,3900;361;429;37833
Ex 3 day 1820;2;131;0,0243;2,7647;2,2503;2,8300;113,6700;376;406;37833
Ex 3 day 1820;2;132;0,0243;3,1610;2,0061;3,3000;129,9600;464;376;37833
Ex 3 day 1820;2;133;0,0243;2,8417;2,3719;2,8300;116,8300;383;389;37833
Ex 3 day 1820;2;134;0,0243;2,7003;2,0880;3,7700;111,0200;369;423;37833
Ex 3 day 1820;2;135;0,0243;2,2426;1,6148;3,7700;92,2000;486;388;37833
Ex 3 day 1820;2;136;0,0243;2,5194;1,8324;3,3000;103,5800;503;399;37833
Ex 3 day 1820;2;137;0,0243;1,9796;1,5505;4,7100;81,3900;394;377;37833
Ex 3 day 1820;2;138;0,0243;2,7030;1,4795;4,7100;111,1300;422;452;37833
Ex 3 day 1820;2;139;0,0243;2,4129;1,5069;4,2400;99,2000;431;503;37833
Ex 3 day 1820;2;140;0,0243;2,3036;1,9985;2,8300;94,7100;387;323;37833
Ex 3 day 1820;2;141;0,0243;2,3920;1,8342;2,8300;98,3400;440;344;37833
Ex 3 day 1820;2;142;0,0243;2,6764;2,1939;2,8300;110,0400;484;406;37833
Ex 3 day 1820;2;143;0,0243;2,3400;1,6711;2,8300;96,2100;417;402;37833
Ex 3 day 1820;2;144;0,0243;2,3598;1,6581;4,2400;97,0200;410;380;37833
Ex 3 day 1820;2;145;0,0243;1,8458;1,3714;4,7100;75,8900;403;401;37833
Ex 3 day 1820;2;146;0,0243;2,5369;1,6800;3,3000;104,3000;306;411;37833
Ex 3 day 1820;2;147;0,0243;1,9348;1,1765;4,2400;79,5500;457;419;37833
Ex 3 day 1820;2;148;0,0243;2,3633;1,5603;2,8300;97,1700;326;360;37833
Ex 3 day 1820;2;149;0,0243;1,7825;1,3703;2,8300;73,2900;458;343;37833
Ex 3 day 1820;2;150;0,0243;2,4175;2,1087;2,8300;99,3900;445;413;37833
Ex 3 day 1820;2;151;0,0243;2,4921;2,0403;2,8300;102,4600;393;366;37833
Ex 3 day 1820;2;152;0,0243;2,1285;1,7284;2,8300;87,5100;526;369;37833
Ex 3 day 1820;2;153;0,0243;2,2954;1,9647;2,8300;94,3700;429;410;37833
Ex 3 day 1820;2;154;0,0243;1,8749;1,4796;2,8300;77,0800;388;434;37833
Ex 3 day 1820;2;155;0,0243;2,2966;1,6096;3,3000;94,4200;349;325;37833
Ex 3 day 1820;2;156;0,0243;1,9830;1,6715;2,8300;81,5300;327;372;37833
Ex 3 day 1820;2;157;0,0243;2,5878;2,1660;2,8300;106,4000;451;445;37833
Ex 3 day 1820;2;158;0,0243;2,1825;1,8593;2,8300;89,7300;505;471;37833
Ex 3 day 1820;2;159;0,0243;2,5601;2,2716;2,8300;105,2600;442;320;37833
Ex 3 day 1820;2;160;0,0243;1,9379;1,4444;5,1900;79,6700;436;477;37833
Ex 3 day 1820;2;161;0,0243;0,9622;1,0356;5,1900;39,5600;386;393;37833
Ex 3 day 1820;2;162;0,0243;2,2016;1,3553;4,7100;90,5200;398;340;37833
Ex 3 day 1820;2;163;0,0243;1,2661;1,3066;5,1900;52,0600;505;376;37833
Ex 3 day 1820;2;164;0,0243;1,8349;1,5776;2,8300;75,4400;432;444;37833
Ex 3 day 1820;2;165;0,0243;2,0123;1,3842;4,2400;82,7300;461;333;37833
Ex 3 day 1820;2;166;0,0243;2,2162;1,5358;3,3000;91,1200;437;327;37833
Ex 3 day 1820;2;167;0,0243;2,0769;1,4230;2,8300;85,3900;425;304;37833
Ex 3 day 1820;2;168;0,0243;1,7431;1,2247;2,8300;71,6700;319;382;37833
Ex 3 day 1820;2;169;0,0243;1,5742;1,3361;2,8300;64,7200;449;339;37833
Ex 3 day 1820;2;170;0,0243;1,5250;1,0850;2,8300;62,7000;369;383;37833
Ex 3 day 1820;2;171;0,0243;1,4100;1,1140;2,8300;57,9700;406;351;37833
Ex 3 day 1820;2;172;0,0243;2,3639;1,7768;2,8300;97,1900;438;452;37833
Ex 3 day 1820;2;173;0,0243;1,6580;1,3689;2,8300;68,1700;486;455;37833
Ex 3 day 1820;2;174;0,0243;1,7206;1,3320;2,8300;70,7400;485;482;37833
Ex 3 day 1820;2;175;0,0243;1,8103;1,5401;2,8300;74,4300;399;320;37833
Ex 3 day 1820;2;176;0,0243;1,5572;1,1647;2,8300;64,0300;440;433;37833
Ex 3 day 1820;2;177;0,0243;1,9941;1,1812;4,2400;81,9900;314;357;37833
Ex 3 day 1820;2;178;0,0243;2,0121;1,6820;2,8300;82,7300;354;412;37833
Ex 3 day 1820;2;179;0,0243;1,5073;1,0682;2,8300;61,9700;443;441;37833
Ex 3 day 1820;2;180;0,0243;1,3154;1,0127;4,7100;54,0800;526;456;37833
Ex 3 day 1820;2;181;0,0243;1,2744;1,0720;5,6600;52,4000;346;368;37833
Ex 3 day 1820;2;182;0,0243;1,2119;0,7341;2,8300;49,8300;494;380;37833
Ex 3 day 1820;2;183;0,0243;1,8199;1,4545;2,8300;74,8200;463;490;37833
Ex 3 day 1820;2;184;0,0243;1,4818;1,0884;3,3000;60,9200;419;494;37833
Ex 3 day 1820;2;185;0,0243;1,5042;0,9874;2,8300;61,8400;419;440;37833
Ex 3 day 1820;2;186;0,0243;1,6928;1,4631;2,8300;69,6000;429;421;37833
Ex 3 day 1820;2;187;0,0243;1,6932;1,2993;2,8300;69,6200;475;385;37833
Ex 3 day 1820;2;188;0,0243;1,2950;1,0761;2,8300;53,2400;334;421;37833
Ex 3 day 1820;2;189;0,0243;1,7781;1,2900;3,3000;73,1100;409;390;37833
Ex 3 day 1820;3;190;0,0490;4,2965;3,2454;3,3000;87,7000;1225;411;11477
Ex 3 day 1820;3;191;0,0490;4,4552;3,1952;3,3000;90,9300;1205;426;11477
Ex 3 day 1820;3;192;0,0490;3,8715;2,9437;3,7700;79,0200;1208;357;11477
Ex 3 day 1820;3;193;0,0490;4,2805;2,9646;3,3000;87,3700;1265;380;11477
Ex 3 day 1820;3;194;0,0490;3,9430;2,9511;3,7700;80,4800;1213;377;11477
Ex 3 day 1820;3;195;0,0490;3,9431;2,8665;3,7700;80,4800;1225;451;11477
Ex 3 day 1820;3;196;0,0490;3,4062;2,5045;3,7700;69,5200;1262;427;11477
Ex 3 day 1820;3;197;0,0490;3,7301;2,8740;3,3000;76,1300;1229;324;11477
Ex 3 day 1820;3;198;0,0490;3,1335;2,3286;3,3000;63,9600;1250;443;11477
Ex 3 day 1820;3;199;0,0490;2,3966;2,0261;3,7700;48,9200;1184;381;11477
Ex 3 day 1820;3;200;0,0490;2,6566;2,2045;2,8300;54,2200;1198;405;11477
Ex 3 day 1820;3;201;0,0490;2,6300;1,7765;3,3000;53,6800;1247;433;11477
Ex 3 day 1820;3;202;0,0490;2,4648;1,7450;3,3000;50,3100;1209;329;11477
Ex 3 day 1820;3;203;0,0490;2,2402;1,7706;2,8300;45,7200;1217;396;11477
Ex 3 day 1820;3;204;0,0490;2,0975;1,6754;3,7700;42,8100;1189;350;11477
Ex 3 day 1820;3;205;0,0490;2,1450;1,8537;2,8300;43,7800;1241;346;11477
Ex 3 day 1820;3;206;0,0490;1,9107;1,6295;2,8300;39,0000;1197;326;11477
Ex 3 day 1820;3;207;0,0490;1,9044;1,6820;2,8300;38,8700;1232;384;11477
Ex 3 day 1820;3;208;0,0490;2,2044;1,6555;2,8300;44,9900;1232;347;11477
Ex 3 day 1820;3;209;0,0490;1,2794;1,0262;2,8300;26,1100;1193;373;11477
Ex 3 day 1820;3;210;0,0490;1,4710;1,3348;3,7700;30,0200;1188;403;11477
Ex 3 day 1820;3;211;0,0490;1,5125;0,9683;3,3000;30,8700;1206;402;11477
Ex 3 day 1820;3;212;0,0490;1,5467;1,3546;2,8300;31,5700;1251;363;11477
Ex 3 day 1820;3;213;0,0490;1,7077;1,4542;2,8300;34,8500;1233;431;11477
Ex 3 day 1820;4;214;0,0126;4,6568;3,2105;3,3000;368,3300;942;526;17766
Ex 3 day 1820;4;215;0,0126;4,4300;3,2118;3,3000;350,3800;927;520;17766
Ex 3 day 1820;4;216;0,0126;4,2162;2,9487;3,3000;333,4800;911;507;17766
Ex 3 day 1820;4;217;0,0126;3,9316;3,0005;3,7700;310,9600;921;464;17766
Ex 3 day 1820;4;218;0,0126;3,8859;2,6690;3,7700;307,3500;936;506;17766
Ex 3 day 1820;4;219;0,0126;2,9997;1,8585;5,1900;237,2600;883;515;17766
Ex 3 day 1820;4;220;0,0126;2,0913;1,5865;3,7700;165,4100;953;415;17766
Ex 3 day 1820;4;221;0,0126;2,3234;1,9993;2,8300;183,7700;942;460;17766
Ex 3 day 1820;4;222;0,0126;2,5077;2,1340;2,8300;198,3400;927;443;17766
Ex 3 day 1820;4;223;0,0126;2,1478;1,8422;2,8300;169,8800;937;429;17766
Ex 3 day 1820;4;224;0,0126;1,9705;1,4579;2,8300;155,8600;939;446;17766
Ex 3 day 1820;4;225;0,0126;1,3027;0,9475;4,2400;103,0300;901;475;17766
Ex 3 day 1820;4;226;0,0126;2,0209;1,5796;3,7700;159,8400;905;448;17766
Ex 3 day 1820;4;227;0,0126;1,9836;1,3077;2,8300;156,8900;923;504;17766
Ex 3 day 1820;4;228;0,0126;1,9128;1,6633;2,8300;151,2900;906;493;17766
Ex 3 day 1820;4;229;0,0126;1,9849;1,6978;2,8300;156,9900;938;489;17766
Ex 3 day 1820;4;230;0,0126;1,9847;1,4505;2,8300;156,9700;942;478;17766
Ex 3 day 1820;4;231;0,0126;2,0301;1,7270;2,8300;160,5600;965;449;17766
Ex 3 day 1820;4;232;0,0126;1,7190;1,3534;2,8300;135,9600;960;455;17766
Ex 3 day 1820;5;233;0,0412;4,3705;3,1722;3,3000;105,9700;1053;591;17442
Ex 3 day 1820;5;234;0,0412;4,4167;3,1428;3,3000;107,0900;975;535;17442
Ex 3 day 1820;5;235;0,0412;4,2666;2,9126;3,3000;103,4500;963;498;17442
Ex 3 day 1820;5;236;0,0412;4,0461;2,8064;3,3000;98,1000;1054;550;17442
Ex 3 day 1820;5;237;0,0412;3,7673;3,0895;2,8300;91,3400;1008;522;17442
Ex 3 day 1820;5;238;0,0412;4,0021;2,5683;3,3000;97,0400;1008;500;17442
Ex 3 day 1820;5;239;0,0412;3,9866;3,5233;2,8300;96,6600;981;567;17442
Ex 3 day 1820;5;240;0,0412;3,4344;2,5786;3,3000;83,2700;1052;606;17442
Ex 3 day 1820;5;241;0,0412;3,5704;2,4285;3,3000;86,5700;1003;489;17442
Ex 3 day 1820;5;242;0,0412;3,8795;3,3062;2,8300;94,0600;1063;536;17442
Ex 3 day 1820;5;243;0,0412;3,7358;2,7249;3,3000;90,5800;955;588;17442
Ex 3 day 1820;5;244;0,0412;3,2832;2,5568;3,7700;79,6000;1066;570;17442
Ex 3 day 1820;5;245;0,0412;3,1123;2,3203;3,3000;75,4600;988;491;17442
Ex 3 day 1820;5;246;0,0412;3,5398;2,8004;2,8300;85,8300;1034;560;17442
Ex 3 day 1820;5;247;0,0412;2,8562;2,2366;2,8300;69,2500;1026;580;17442
Ex 3 day 1820;5;248;0,0412;2,8637;2,3864;2,8300;69,4300;1018;543;17442
Ex 3 day 1820;5;249;0,0412;2,6888;2,2297;2,8300;65,1900;998;575;17442
Ex 3 day 1820;5;250;0,0412;2,8805;1,7746;4,2400;69,8400;992;514;17442
Ex 3 day 1820;5;251;0,0412;2,8527;2,4706;2,8300;69,1700;1008;602;17442
Ex 3 day 1820;5;252;0,0412;2,4167;1,9347;2,8300;58,6000;993;540;17442
Ex 3 day 1820;5;253;0,0412;2,3553;1,7146;2,8300;57,1100;1021;586;17442
Ex 3 day 1820;5;254;0,0412;2,1169;1,5051;3,3000;51,3300;990;561;17442
Ex 3 day 1820;5;255;0,0412;2,7013;2,3139;2,8300;65,5000;947;542;17442
Ex 3 day 1820;5;256;0,0412;2,3480;1,6427;3,7700;56,9300;968;517;17442
Ex 3 day 1820;5;257;0,0412;1,8149;1,4421;3,3000;44,0000;1056;564;17442
Ex 3 day 1820;5;258;0,0412;1,8926;1,5309;2,8300;45,8900;967;553;17442
Ex 3 day 1820;5;259;0,0412;1,6761;1,2886;2,8300;40,6400;1009;573;17442
Ex 3 day 1820;5;260;0,0412;1,9762;1,5777;3,7700;47,9200;1001;619;17442
Ex 3 day 1820;5;261;0,0412;1,9850;1,5410;2,8300;48,1300;1036;568;17442
Ex 3 day 1820;5;262;0,0412;2,4482;2,0288;2,8300;59,3600;996;607;17442
Ex 3 day 1820;5;263;0,0412;1,4935;0,9120;3,3000;36,2100;1035;585;17442
Ex 3 day 1820;5;264;0,0412;1,7758;1,6100;2,8300;43,0600;977;515;17442
Ex 3 day 1820;5;265;0,0412;2,0373;1,8460;2,8300;49,4000;1029;618;17442
Ex 3 day 1820;5;266;0,0412;1,9426;1,6301;2,8300;47,1000;974;592;17442
Ex 3 day 1820;5;267;0,0412;2,0798;1,6248;2,8300;50,4300;1003;535;17442
Ex 3 day 1820;5;268;0,0412;2,1647;1,7420;2,8300;52,4900;960;561;17442
Ex 3 day 1820;5;269;0,0412;2,1498;1,6561;2,8300;52,1200;1014;555;17442
Ex 3 day 1820;5;270;0,0412;2,3098;1,7959;2,8300;56,0000;1000;539;17442
Ex 3 day 1820;5;271;0,0412;2,2276;1,7021;2,8300;54,0100;956;534;17442
Ex 3 day 1820;5;272;0,0412;2,1447;1,6790;2,8300;52,0000;1022;530;17442
Ex 3 day 1820;5;273;0,0412;1,7008;0,8267;5,1900;41,2400;992;587;17442
Ex 3 day 1820;5;274;0,0412;2,1923;1,4828;2,8300;53,1500;1010;590;17442
Ex 3 day 1820;5;275;0,0412;1,4475;1,1004;2,8300;35,1000;988;530;17442
Ex 3 day 1820;5;276;0,0412;2,6323;2,0018;2,8300;63,8200;1013;598;17442
Ex 3 day 1820;5;277;0,0412;1,3310;1,0296;2,8300;32,2700;1005;580;17442
Ex 3 day 1820;6;278;0,0388;4,8508;3,3390;3,3000;124,9300;563;888;19542
Ex 3 day 1820;6;279;0,0388;4,6394;3,2837;3,3000;119,4800;643;909;19542
Ex 3 day 1820;6;280;0,0388;4,4135;3,0063;3,3000;113,6700;590;888;19542
Ex 3 day 1820;6;281;0,0388;4,5153;3,2246;3,7700;116,2900;539;890;19542
Ex 3 day 1820;6;282;0,0388;4,0027;3,0199;3,3000;103,0900;565;839;19542
Ex 3 day 1820;6;283;0,0388;3,9230;2,9904;3,7700;101,0300;630;868;19542
Ex 3 day 1820;6;284;0,0388;3,7940;2,6914;3,3000;97,7100;642;877;19542
Ex 3 day 1820;6;285;0,0388;3,4162;2,6832;3,7700;87,9800;616;846;19542
Ex 3 day 1820;6;286;0,0388;3,7249;2,8737;3,7700;95,9300;600;845;19542
Ex 3 day 1820;6;287;0,0388;3,6576;2,6283;3,3000;94,2000;551;835;19542
Ex 3 day 1820;6;288;0,0388;3,4629;2,3224;4,2400;89,1800;545;941;19542
Ex 3 day 1820;6;289;0,0388;3,1291;2,4591;3,7700;80,5900;665;899;19542
Ex 3 day 1820;6;290;0,0388;2,6788;2,3206;2,8300;68,9900;558;911;19542
Ex 3 day 1820;6;291;0,0388;3,3830;2,6315;2,8300;87,1300;578;900;19542
Ex 3 day 1820;6;292;0,0388;3,0793;2,7008;2,8300;79,3100;669;871;19542
Ex 3 day 1820;6;293;0,0388;2,9852;2,0667;3,3000;76,8800;525;909;19542
Ex 3 day 1820;6;294;0,0388;2,6712;2,1310;2,8300;68,8000;597;912;19542
Ex 3 day 1820;6;295;0,0388;3,0867;2,3480;3,7700;79,4900;635;843;19542
Ex 3 day 1820;6;296;0,0388;2,2524;1,8579;2,8300;58,0100;582;925;19542
Ex 3 day 1820;6;297;0,0388;2,9279;2,0680;3,7700;75,4100;573;944;19542
Ex 3 day 1820;6;298;0,0388;2,8433;1,6956;4,2400;73,2300;638;934;19542
Ex 3 day 1820;6;299;0,0388;2,1790;1,8274;2,8300;56,1200;578;912;19542
Ex 3 day 1820;6;300;0,0388;1,9509;1,6842;2,8300;50,2400;579;850;19542
Ex 3 day 1820;6;301;0,0388;2,6788;2,2365;2,8300;68,9900;594;925;19542
Ex 3 day 1820;6;302;0,0388;2,0193;1,7280;2,8300;52,0000;547;857;19542
Ex 3 day 1820;6;303;0,0388;2,2265;1,9668;2,8300;57,3400;535;863;19542
Ex 3 day 1820;6;304;0,0388;2,2813;1,7606;2,8300;58,7500;635;951;19542
Ex 3 day 1820;6;305;0,0388;1,6680;1,2795;2,8300;42,9600;585;917;19542
Ex 3 day 1820;6;306;0,0388;2,1717;1,6726;3,7700;55,9300;620;825;19542
Ex 3 day 1820;6;307;0,0388;2,1665;1,8585;2,8300;55,8000;557;868;19542
Ex 3 day 1820;6;308;0,0388;2,5448;2,1491;2,8300;65,5400;613;901;19542
Ex 3 day 1820;6;309;0,0388;2,2433;1,7959;2,8300;57,7700;565;933;19542
Ex 3 day 1820;6;310;0,0388;2,1521;1,7929;2,8300;55,4200;610;919;19542
Ex 3 day 1820;6;311;0,0388;1,6095;1,1894;3,3000;41,4500;566;871;19542
Ex 3 day 1820;6;312;0,0388;2,1480;1,6470;2,8300;55,3200;627;904;19542
Ex 3 day 1820;6;313;0,0388;2,1052;1,8234;2,8300;54,2200;562;859;19542
Ex 3 day 1820;6;314;0,0388;2,0137;1,5250;2,8300;51,8600;545;926;19542
Ex 3 day 1820;6;315;0,0388;1,7866;1,3313;2,8300;46,0100;583;938;19542
Ex 3 day 1820;6;316;0,0388;1,3035;0,9978;3,7700;33,5700;579;871;19542
Ex 3 day 1820;6;317;0,0388;2,0477;1,3916;2,8300;52,7400;607;876;19542
Ex 3 day 1820;6;318;0,0388;2,0225;1,6348;2,8300;52,0900;540;909;19542
Ex 3 day 1820;6;319;0,0388;2,0178;1,3069;4,2400;51,9700;633;852;19542
Ex 3 day 1820;6;320;0,0388;1,6033;1,1652;2,8300;41,2900;571;933;19542
Ex 3 day 1820;6;321;0,0388;1,8804;1,3395;3,3000;48,4300;547;917;19542
Ex 3 day 1820;6;322;0,0388;2,1413;1,9095;2,8300;55,1500;628;916;19542
Ex 3 day 1820;6;323;0,0388;2,0279;1,3133;3,7700;52,2300;594;830;19542
Ex 3 day 1820;6;324;0,0388;1,6843;1,3318;2,8300;43,3800;612;866;19542
Ex 3 day 1820;6;325;0,0388;1,8102;1,4252;2,8300;46,6200;586;954;19542
Ex 3 day 1820;6;326;0,0388;1,5798;1,1973;3,3000;40,6900;607;889;19542
Ex 3 day 1820;6;327;0,0388;1,4283;1,2613;3,3000;36,7900;569;912;19542
Ex 3 day 1820;6;328;0,0388;1,6923;1,4537;2,8300;43,5800;599;899;19542
Ex 3 day 1821;1;1;0,0168;4,2451;3,0574;3,3000;252,3100;257;158;28323
Ex 3 day 1821;1;2;0,0168;4,0598;3,1388;3,7700;241,3000;267;143;28323
Ex 3 day 1821;1;3;0,0168;3,9956;3,5323;2,8300;237,4900;281;160;28323
Ex 3 day 1821;1;4;0,0168;3,9664;2,9843;3,7700;235,7500;284;127;28323
Ex 3 day 1821;1;5;0,0168;4,0228;2,8474;3,3000;239,1000;230;188;28323
Ex 3 day 1821;1;6;0,0168;4,0923;2,9037;3,3000;243,2300;254;77;28323
Ex 3 day 1821;1;7;0,0168;3,8340;2,7841;3,3000;227,8800;315;89;28323
Ex 3 day 1821;1;8;0,0168;3,8452;2,6943;3,3000;228,5500;257;224;28323
Ex 3 day 1821;1;9;0,0168;3,6173;2,8273;3,7700;215,0000;324;136;28323
Ex 3 day 1821;1;10;0,0168;3,4516;2,5123;3,3000;205,1500;227;174;28323
Ex 3 day 1821;1;11;0,0168;3,3594;2,2326;4,2400;199,6700;321;167;28323
Ex 3 day 1821;1;12;0,0168;3,1935;2,1650;3,3000;189,8100;245;142;28323
Ex 3 day 1821;1;13;0,0168;3,5914;3,0561;2,8300;213,4600;248;186;28323
Ex 3 day 1821;1;14;0,0168;3,5811;2,4670;3,3000;212,8400;283;88;28323
Ex 3 day 1821;1;15;0,0168;3,2126;2,4767;3,7700;190,9400;310;113;28323
Ex 3 day 1821;1;16;0,0168;3,5829;2,5902;3,7700;212,9500;234;84;28323
Ex 3 day 1821;1;17;0,0168;2,8148;2,4570;2,8300;167,3000;229;165;28323
Ex 3 day 1821;1;18;0,0168;3,2639;2,3980;3,3000;193,9900;313;195;28323
Ex 3 day 1821;1;19;0,0168;3,0048;1,9536;3,3000;178,5900;288;140;28323
Ex 3 day 1821;1;20;0,0168;2,8797;2,0355;4,7100;171,1600;276;191;28323
Ex 3 day 1821;1;21;0,0168;2,9200;2,5516;2,8300;173,5600;299;125;28323
Ex 3 day 1821;1;22;0,0168;2,6891;1,9227;3,3000;159,8300;267;201;28323
Ex 3 day 1821;1;23;0,0168;2,7972;1,6920;5,6600;166,2500;194;168;28323
Ex 3 day 1821;1;24;0,0168;2,6402;1,9213;3,3000;156,9200;326;194;28323
Ex 3 day 1821;1;25;0,0168;2,4031;1,7923;3,3000;142,8300;238;218;28323
Ex 3 day 1821;1;26;0,0168;2,6389;1,9760;3,7700;156,8500;252;173;28323
Ex 3 day 1821;1;27;0,0168;2,3701;1,9602;3,7700;140,8700;224;146;28323
Ex 3 day 1821;1;28;0,0168;2,1157;1,6990;5,1900;125,7500;199;192;28323
Ex 3 day 1821;1;29;0,0168;2,5153;1,9153;3,7700;149,5000;240;240;28323
Ex 3 day 1821;1;30;0,0168;2,3885;1,6849;4,2400;141,9600;206;205;28323
Ex 3 day 1821;1;31;0,0168;2,5575;2,1019;2,8300;152,0100;237;99;28323
Ex 3 day 1821;1;32;0,0168;2,5001;2,1395;2,8300;148,6000;339;158;28323
Ex 3 day 1821;1;33;0,0168;2,2402;1,9454;2,8300;133,1500;285;170;28323
Ex 3 day 1821;1;34;0,0168;1,8510;1,4491;2,8300;110,0200;263;103;28323
Ex 3 day 1821;1;35;0,0168;2,3217;1,9986;2,8300;137,9900;251;118;28323
Ex 3 day 1821;1;36;0,0168;1,7134;1,3736;2,8300;101,8400;254;93;28323
Ex 3 day 1821;1;37;0,0168;2,1204;1,6743;2,8300;126,0300;229;122;28323
Ex 3 day 1821;1;38;0,0168;2,1384;1,5505;3,3000;127,1000;236;149;28323
Ex 3 day 1821;1;39;0,0168;1,9421;1,4624;2,8300;115,4300;230;100;28323
Ex 3 day 1821;1;40;0,0168;2,1903;1,2834;5,6600;130,1800;297;170;28323
Ex 3 day 1821;2;41;0,0642;4,2004;3,6981;2,8300;65,4100;869;485;16155
Ex 3 day 1821;2;42;0,0642;4,1280;2,8356;3,3000;64,2900;915;494;16155
Ex 3 day 1821;2;43;0,0642;4,0475;2,9935;3,7700;63,0300;929;435;16155
Ex 3 day 1821;2;44;0,0642;4,0501;2,7775;3,3000;63,0700;877;447;16155
Ex 3 day 1821;2;45;0,0642;3,8361;3,4233;2,8300;59,7400;922;397;16155
Ex 3 day 1821;2;46;0,0642;3,7889;3,2873;2,8300;59,0000;843;417;16155
Ex 3 day 1821;2;47;0,0642;4,0878;2,8460;3,3000;63,6600;905;461;16155
Ex 3 day 1821;2;48;0,0642;3,7773;2,6592;3,3000;58,8200;872;504;16155
Ex 3 day 1821;2;49;0,0642;3,7185;3,2227;2,8300;57,9100;905;431;16155
Ex 3 day 1821;2;50;0,0642;3,4317;2,5145;3,7700;53,4400;860;452;16155
Ex 3 day 1821;2;51;0,0642;3,4804;2,4054;3,3000;54,2000;926;467;16155
Ex 3 day 1821;2;52;0,0642;3,6823;2,4954;3,3000;57,3400;938;422;16155
Ex 3 day 1821;2;53;0,0642;3,4875;2,3329;3,3000;54,3100;896;380;16155
Ex 3 day 1821;2;54;0,0642;3,0803;2,3820;3,7700;47,9700;946;480;16155
Ex 3 day 1821;2;55;0,0642;3,1555;2,6431;2,8300;49,1400;856;477;16155
Ex 3 day 1821;2;56;0,0642;3,2113;2,7531;2,8300;50,0100;826;435;16155
Ex 3 day 1821;2;57;0,0642;2,7376;2,0444;2,8300;42,6300;876;405;16155
Ex 3 day 1821;2;58;0,0642;3,2460;2,2573;3,3000;50,5500;848;393;16155
Ex 3 day 1821;2;59;0,0642;2,9406;1,9629;3,3000;45,7900;832;474;16155
Ex 3 day 1821;2;60;0,0642;3,2986;2,2972;3,3000;51,3700;822;459;16155
Ex 3 day 1821;2;61;0,0642;3,0435;2,1759;3,7700;47,4000;892;407;16155
Ex 3 day 1821;2;62;0,0642;2,9599;2,5745;2,8300;46,0900;851;439;16155
Ex 3 day 1821;2;63;0,0642;2,7710;1,9085;3,3000;43,1500;838;450;16155
Ex 3 day 1821;2;64;0,0642;2,6952;2,2591;2,8300;41,9700;852;470;16155
Ex 3 day 1821;2;65;0,0642;2,8418;2,0885;3,3000;44,2600;851;489;16155
Ex 3 day 1821;2;66;0,0642;2,1372;1,4774;3,3000;33,2800;859;404;16155
Ex 3 day 1821;2;67;0,0642;2,7567;2,1165;2,8300;42,9300;866;416;16155
Ex 3 day 1821;2;68;0,0642;2,5425;1,9985;2,8300;39,5900;888;462;16155
Ex 3 day 1821;2;69;0,0642;2,6629;2,3592;2,8300;41,4700;915;387;16155
Ex 3 day 1821;2;70;0,0642;2,4462;2,1400;2,8300;38,1000;843;460;16155
Ex 3 day 1821;2;71;0,0642;2,2862;1,4742;3,3000;35,6000;838;437;16155
Ex 3 day 1821;2;72;0,0642;2,4225;1,9938;2,8300;37,7300;895;482;16155
Ex 3 day 1821;2;73;0,0642;2,3024;1,7206;3,3000;35,8600;831;414;16155
Ex 3 day 1821;2;74;0,0642;2,2610;1,9345;2,8300;35,2100;886;495;16155
Ex 3 day 1821;2;75;0,0642;1,4631;0,8363;3,3000;22,7900;910;480;16155
Ex 3 day 1821;2;76;0,0642;1,2692;1,0283;3,3000;19,7600;864;388;16155
Ex 3 day 1821;2;77;0,0642;1,7890;1,3503;5,1900;27,8600;933;494;16155
Ex 3 day 1821;2;78;0,0642;1,2198;0,9538;2,8300;19,0000;905;399;16155
Ex 3 day 1821;2;79;0,0642;1,7478;1,4502;2,8300;27,2200;923;479;16155
Ex 3 day 1821;2;80;0,0642;1,9924;1,7234;2,8300;31,0300;901;497;16155
Ex 3 day 1821;2;81;0,0642;1,8781;1,5295;2,8300;29,2500;898;477;16155
Ex 3 day 1821;2;82;0,0642;1,7849;1,3620;2,8300;27,8000;891;489;16155
Ex 3 day 1821;2;83;0,0642;1,7008;1,2713;2,8300;26,4900;900;489;16155
Ex 3 day 1821;2;84;0,0642;1,9181;1,3431;3,3000;29,8700;920;418;16155
Ex 3 day 1821;2;85;0,0642;1,6377;1,3871;2,8300;25,5000;914;470;16155
Ex 3 day 1821;2;86;0,0642;1,4804;1,0410;4,7100;23,0500;926;451;16155
Ex 3 day 1821;2;87;0,0642;1,7287;1,5372;2,8300;26,9200;865;410;16155
Ex 3 day 1821;3;88;0,0282;3,2956;2,3993;3,3000;116,9700;140;670;10034
Ex 3 day 1821;3;89;0,0282;1,8964;1,4929;5,1900;67,3100;142;753;10034
Ex 3 day 1821;3;90;0,0282;2,6086;1,7579;3,3000;92,5900;122;730;10034
Ex 3 day 1821;3;91;0,0282;2,2468;1,7346;3,3000;79,7400;120;749;10034
Ex 3 day 1821;3;92;0,0282;1,7852;1,2420;4,7100;63,3600;104;759;10034
Ex 3 day 1821;4;93;0,0001;5,0723;4,2843;2,8300;77018,4600;312;810;40152
Ex 3 day 1821;4;94;0,0001;4,8535;4,1874;2,8300;73696,8000;329;776;40152
Ex 3 day 1821;4;95;0,0001;4,4793;3,2430;3,3000;68014,5300;327;749;40152
Ex 3 day 1821;4;96;0,0001;4,5244;3,8796;2,8300;68699,1200;265;713;40152
Ex 3 day 1821;4;97;0,0001;4,0987;3,0438;3,7700;62235,0000;278;760;40152
Ex 3 day 1821;4;98;0,0001;4,2841;3,0125;3,3000;65050,0000;268;779;40152
Ex 3 day 1821;4;99;0,0001;4,2173;2,8077;3,3000;64036,7600;206;788;40152
Ex 3 day 1821;4;100;0,0001;4,2694;2,9928;3,3000;64826,9300;236;852;40152
Ex 3 day 1821;4;101;0,0001;4,1147;2,9894;3,7700;62478,0600;258;663;40152
Ex 3 day 1821;4;102;0,0001;3,7876;2,8075;3,3000;57512,1600;352;715;40152
Ex 3 day 1821;4;103;0,0001;4,0411;2,8625;3,3000;61360,3700;319;708;40152
Ex 3 day 1821;4;104;0,0001;4,1087;2,9295;3,7700;62387,9300;240;670;40152
Ex 3 day 1821;4;105;0,0001;3,8885;2,8003;3,3000;59043,5800;324;730;40152
Ex 3 day 1821;4;106;0,0001;3,9642;2,9258;3,7700;60192,9800;327;791;40152
Ex 3 day 1821;4;107;0,0001;3,8802;3,0250;3,7700;58918,2100;234;809;40152
Ex 3 day 1821;4;108;0,0001;3,8083;2,9550;3,7700;57825,1500;333;695;40152
Ex 3 day 1821;4;109;0,0001;3,8726;2,8844;3,7700;58802,5500;265;845;40152
Ex 3 day 1821;4;110;0,0001;3,8139;2,6655;3,3000;57910,5500;296;715;40152
Ex 3 day 1821;4;111;0,0001;3,7271;2,8480;3,7700;56592,8900;303;734;40152
Ex 3 day 1821;4;112;0,0001;3,6761;2,7839;3,7700;55818,5000;280;810;40152
Ex 3 day 1821;4;113;0,0001;3,3556;2,1838;3,3000;50951,4300;242;775;40152
Ex 3 day 1821;4;114;0,0001;3,3967;2,4568;3,3000;51576,6700;295;661;40152
Ex 3 day 1821;4;115;0,0001;3,7556;3,3087;2,8300;57026,4300;307;839;40152
Ex 3 day 1821;4;116;0,0001;3,5682;2,4529;3,3000;54179,8000;339;676;40152
Ex 3 day 1821;4;117;0,0001;3,2916;2,2886;4,7100;49979,9400;298;695;40152
Ex 3 day 1821;4;118;0,0001;3,4402;2,7744;2,8300;52236,3300;204;818;40152
Ex 3 day 1821;4;119;0,0001;3,1935;2,1538;4,7100;48490,6500;227;759;40152
Ex 3 day 1821;4;120;0,0001;2,9729;2,5849;2,8300;45141,7600;314;696;40152
Ex 3 day 1821;4;121;0,0001;3,4607;2,4773;3,3000;52547,8600;218;860;40152
Ex 3 day 1821;4;122;0,0001;3,5459;2,4569;3,7700;53842,2500;220;724;40152
Ex 3 day 1821;4;123;0,0001;3,0812;2,3149;3,7700;46785,8500;211;752;40152
Ex 3 day 1821;4;124;0,0001;3,3347;2,3470;3,3000;50634,8100;262;867;40152
Ex 3 day 1821;4;125;0,0001;3,2106;2,3846;3,3000;48750,5100;284;841;40152
Ex 3 day 1821;4;126;0,0001;3,2415;2,8131;2,8300;49219,9600;369;771;40152
Ex 3 day 1821;4;127;0,0001;3,2457;2,5405;2,8300;49283,1100;298;806;40152
Ex 3 day 1821;4;128;0,0001;3,0118;2,1426;3,3000;45731,9800;249;731;40152
Ex 3 day 1821;4;129;0,0001;3,1334;2,2293;3,3000;47577,8500;258;816;40152
Ex 3 day 1821;4;130;0,0001;3,0004;1,9758;3,3000;45558,6300;281;798;40152
Ex 3 day 1821;4;131;0,0001;3,1304;2,3691;3,7700;47531,9500;189;789;40152
Ex 3 day 1821;4;132;0,0001;2,7842;1,8095;3,3000;42275,6900;254;784;40152
Ex 3 day 1821;4;133;0,0001;3,2101;2,4010;3,7700;48743,0000;276;669;40152
Ex 3 day 1821;4;134;0,0001;2,7629;2,1805;3,7700;41952,1600;249;823;40152
Ex 3 day 1821;4;135;0,0001;2,8701;2,0060;3,3000;43579,3800;344;812;40152
Ex 3 day 1821;4;136;0,0001;2,2996;1,5391;3,3000;34917,6800;220;780;40152
Ex 3 day 1821;4;137;0,0001;2,9057;2,1061;3,3000;44120,5400;274;742;40152
Ex 3 day 1821;4;138;0,0001;2,4657;2,0403;2,8300;37440,3500;267;682;40152
Ex 3 day 1821;4;139;0,0001;2,8253;2,4916;2,8300;42900,0500;198;799;40152
Ex 3 day 1821;4;140;0,0001;2,9086;2,4696;2,8300;44164,4100;217;737;40152
Ex 3 day 1821;4;141;0,0001;2,8494;2,0986;3,7700;43266,4400;220;685;40152
Ex 3 day 1821;4;142;0,0001;2,9016;2,2892;2,8300;44058,1800;298;814;40152
Ex 3 day 1821;4;143;0,0001;2,8771;1,9673;3,7700;43686,1700;170;810;40152
Ex 3 day 1821;4;144;0,0001;2,2938;1,8721;2,8300;34829,6100;260;689;40152
Ex 3 day 1821;4;145;0,0001;2,5421;2,1815;2,8300;38598,9800;334;732;40152
Ex 3 day 1821;4;146;0,0001;2,9186;1,9626;3,3000;44316,7800;359;688;40152
Ex 3 day 1821;4;147;0,0001;2,3728;1,6261;4,2400;36028,8400;287;788;40152
Ex 3 day 1821;4;148;0,0001;2,3486;1,6453;3,3000;35661,8700;305;721;40152
Ex 3 day 1821;4;149;0,0001;2,3278;1,6444;3,3000;35346,3300;187;832;40152
Ex 3 day 1821;4;150;0,0001;2,4425;1,7273;3,3000;37087,8800;211;738;40152
Ex 3 day 1821;4;151;0,0001;2,1847;1,8695;2,8300;33172,3500;243;742;40152
Ex 3 day 1821;4;152;0,0001;2,1952;1,7013;3,7700;33332,6900;335;803;40152
Ex 3 day 1821;4;153;0,0001;1,7185;1,4574;3,7700;26094,2700;349;759;40152
Ex 3 day 1821;4;154;0,0001;2,0745;1,5125;3,7700;31499,6500;252;765;40152
Ex 3 day 1821;4;155;0,0001;2,3970;2,0877;2,8300;36397,1400;198;740;40152
Ex 3 day 1821;4;156;0,0001;2,2161;1,6201;2,8300;33650,3500;360;740;40152
Ex 3 day 1821;4;157;0,0001;2,1676;1,7704;2,8300;32912,4500;322;840;40152
Ex 3 day 1821;4;158;0,0001;2,0611;1,7660;2,8300;31296,8100;294;847;40152
Ex 3 day 1821;4;159;0,0001;1,7530;1,4519;2,8300;26618,3100;237;713;40152
Ex 3 day 1821;4;160;0,0001;1,7693;1,4371;2,8300;26865,5300;242;688;40152
Ex 3 day 1821;4;161;0,0001;1,9111;1,5611;2,8300;29018,5000;362;749;40152
Ex 3 day 1821;4;162;0,0001;1,3789;1,2641;4,2400;20937,0700;192;762;40152
Ex 3 day 1821;4;163;0,0001;1,5382;1,2319;4,7100;23355,7400;285;743;40152
Ex 3 day 1821;4;164;0,0001;1,8430;1,6471;2,8300;27984,7100;226;740;40152
Ex 3 day 1821;4;165;0,0001;2,2979;1,9592;2,8300;34892,3700;174;793;40152
Ex 3 day 1821;4;166;0,0001;1,8697;1,5463;2,8300;28390,0600;253;711;40152
Ex 3 day 1821;4;167;0,0001;1,7728;1,2218;3,3000;26918,6300;353;795;40152
Ex 3 day 1821;4;168;0,0001;1,9858;1,6405;2,8300;30153,4500;248;689;40152
Ex 3 day 1821;4;169;0,0001;1,2305;0,9125;3,3000;18683,4600;303;797;40152
Ex 3 day 1821;4;170;0,0001;1,6775;1,4120;2,8300;25471,4400;191;817;40152
Ex 3 day 1821;4;171;0,0001;1,2941;1,0405;3,7700;19650,5200;227;831;40152
Ex 3 day 1821;4;172;0,0001;1,9794;1,3464;4,2400;30055,2700;206;829;40152
Ex 3 day 1821;4;173;0,0001;1,5210;0,9350;3,3000;23095,5600;274;831;40152
Ex 3 day 1821;5;174;0,1230;3,7330;3,2397;2,8300;30,3500;1000;762;17041
Ex 3 day 1821;5;175;0,1230;2,5253;1,9008;4,2400;20,5300;849;814;17041
Ex 3 day 1821;5;176;0,1230;1,7706;1,3378;6,1300;14,4000;854;840;17041
Ex 3 day 1821;5;177;0,1230;2,5601;1,7066;3,3000;20,8200;908;867;17041
Ex 3 day 1821;5;178;0,1230;1,9677;1,3030;3,3000;16,0000;846;779;17041
Ex 3 day 1821;5;179;0,1230;1,6420;1,3968;2,8300;13,3500;848;768;17041
Ex 3 day 1822;1;1;0,0288;4,3752;2,9862;3,3000;151,7700;174;258;27254
Ex 3 day 1822;1;2;0,0288;3,8877;2,9026;3,7700;134,8500;112;193;27254
Ex 3 day 1822;1;3;0,0288;3,7480;2,4140;3,3000;130,0100;144;200;27254
Ex 3 day 1822;1;4;0,0288;4,0918;2,9861;3,7700;141,9300;129;179;27254
Ex 3 day 1822;1;5;0,0288;3,9968;2,8956;3,3000;138,6400;126;305;27254
Ex 3 day 1822;1;6;0,0288;4,0544;2,8286;3,3000;140,6400;111;215;27254
Ex 3 day 1822;1;7;0,0288;3,7982;2,8862;3,7700;131,7500;178;337;27254
Ex 3 day 1822;1;8;0,0288;3,6245;2,7754;3,3000;125,7200;134;226;27254
Ex 3 day 1822;1;9;0,0288;3,6204;2,5689;3,3000;125,5800;158;193;27254
Ex 3 day 1822;1;10;0,0288;3,9513;2,8134;3,3000;137,0600;205;228;27254
Ex 3 day 1822;1;11;0,0288;3,7585;2,7890;3,3000;130,3700;160;208;27254
Ex 3 day 1822;1;12;0,0288;3,9585;2,7413;3,3000;137,3100;142;276;27254
Ex 3 day 1822;1;13;0,0288;3,2202;2,3562;3,7700;111,7000;181;240;27254
Ex 3 day 1822;1;14;0,0288;3,4983;2,7001;3,7700;121,3500;64;231;27254
Ex 3 day 1822;1;15;0,0288;3,5969;2,6253;3,7700;124,7700;119;162;27254
Ex 3 day 1822;1;16;0,0288;3,5277;3,0095;2,8300;122,3700;121;232;27254
Ex 3 day 1822;1;17;0,0288;3,5896;2,2821;3,3000;124,5100;92;228;27254
Ex 3 day 1822;1;18;0,0288;3,2830;2,3319;3,3000;113,8800;181;227;27254
Ex 3 day 1822;1;19;0,0288;3,4165;2,3632;3,3000;118,5100;178;303;27254
Ex 3 day 1822;1;20;0,0288;3,6662;2,5854;3,3000;127,1700;207;255;27254
Ex 3 day 1822;1;21;0,0288;3,3343;2,1981;4,2400;115,6600;177;281;27254
Ex 3 day 1822;1;22;0,0288;3,1381;2,0924;3,3000;108,8500;181;207;27254
Ex 3 day 1822;1;23;0,0288;2,9521;2,2249;4,7100;102,4000;227;251;27254
Ex 3 day 1822;1;24;0,0288;2,5597;1,7591;3,3000;88,7900;191;233;27254
Ex 3 day 1822;1;25;0,0288;3,3738;2,8744;2,8300;117,0300;220;217;27254
Ex 3 day 1822;1;26;0,0288;3,0748;2,0679;3,3000;106,6600;175;314;27254
Ex 3 day 1822;1;27;0,0288;2,9507;1,9673;3,3000;102,3500;158;299;27254
Ex 3 day 1822;1;28;0,0288;3,4887;3,0069;2,8300;121,0200;161;178;27254
Ex 3 day 1822;1;29;0,0288;2,9136;2,4724;2,8300;101,0700;110;310;27254
Ex 3 day 1822;1;30;0,0288;3,3717;2,8952;2,8300;116,9600;165;245;27254
Ex 3 day 1822;1;31;0,0288;2,5417;1,8927;4,7100;88,1600;106;247;27254
Ex 3 day 1822;1;32;0,0288;2,8656;2,1195;3,7700;99,4000;95;305;27254
Ex 3 day 1822;1;33;0,0288;2,3395;1,8720;2,8300;81,1500;141;190;27254
Ex 3 day 1822;1;34;0,0288;2,8920;1,7910;3,3000;100,3200;208;208;27254
Ex 3 day 1822;1;35;0,0288;2,3417;1,6240;3,3000;81,2300;200;271;27254
Ex 3 day 1822;1;36;0,0288;2,3322;1,7057;3,7700;80,9000;133;199;27254
Ex 3 day 1822;1;37;0,0288;2,2783;1,4279;4,2400;79,0300;196;309;27254
Ex 3 day 1822;1;38;0,0288;2,5356;1,7423;3,3000;87,9600;120;338;27254
Ex 3 day 1822;1;39;0,0288;2,1900;1,6644;3,3000;75,9600;79;217;27254
Ex 3 day 1822;1;40;0,0288;2,5842;2,2194;2,8300;89,6400;207;295;27254
Ex 3 day 1822;1;41;0,0288;2,7015;2,3762;2,8300;93,7100;208;273;27254
Ex 3 day 1822;1;42;0,0288;2,8029;2,4655;2,8300;97,2300;117;274;27254
Ex 3 day 1822;1;43;0,0288;2,7090;1,8696;3,3000;93,9700;98;296;27254
Ex 3 day 1822;1;44;0,0288;2,3244;2,0343;2,8300;80,6300;173;223;27254
Ex 3 day 1822;1;45;0,0288;2,4250;1,7829;3,7700;84,1200;90;274;27254
Ex 3 day 1822;1;46;0,0288;2,5435;1,9455;3,7700;88,2300;83;256;27254
Ex 3 day 1822;1;47;0,0288;2,3124;1,9976;2,8300;80,2100;205;282;27254
Ex 3 day 1822;1;48;0,0288;2,5266;1,7801;3,7700;87,6400;121;324;27254
Ex 3 day 1822;1;49;0,0288;2,2075;1,4901;3,7700;76,5700;122;292;27254
Ex 3 day 1822;1;50;0,0288;2,0837;1,4892;3,3000;72,2800;90;215;27254
Ex 3 day 1822;1;51;0,0288;2,1286;1,3664;3,3000;73,8400;148;214;27254
Ex 3 day 1822;1;52;0,0288;2,5458;2,2121;2,8300;88,3100;111;281;27254
Ex 3 day 1822;1;53;0,0288;2,2563;1,6374;3,3000;78,2600;77;272;27254
Ex 3 day 1822;1;54;0,0288;2,1713;1,8953;2,8300;75,3200;193;329;27254
Ex 3 day 1822;1;55;0,0288;2,2544;1,4555;4,2400;78,2000;82;292;27254
Ex 3 day 1822;1;56;0,0288;2,1522;1,5915;3,3000;74,6600;133;337;27254
Ex 3 day 1822;1;57;0,0288;1,7722;1,3321;5,6600;61,4700;187;256;27254
Ex 3 day 1822;1;58;0,0288;2,1414;1,8038;2,8300;74,2800;96;206;27254
Ex 3 day 1822;1;59;0,0288;2,0956;1,7325;2,8300;72,6900;98;278;27254
Ex 3 day 1822;1;60;0,0288;2,1145;1,4920;3,3000;73,3500;164;273;27254
Ex 3 day 1822;1;61;0,0288;1,9948;1,3883;3,7700;69,2000;149;320;27254
Ex 3 day 1822;1;62;0,0288;1,6755;1,4426;2,8300;58,1200;111;179;27254
Ex 3 day 1822;1;63;0,0288;1,7021;1,4971;2,8300;59,0400;157;316;27254
Ex 3 day 1822;1;64;0,0288;1,9595;1,4510;2,8300;67,9700;131;252;27254
Ex 3 day 1822;1;65;0,0288;1,4560;1,0144;6,1300;50,5100;144;294;27254
Ex 3 day 1822;1;66;0,0288;1,9706;1,7303;2,8300;68,3600;193;257;27254
Ex 3 day 1822;1;67;0,0288;1,7780;1,4350;3,7700;61,6700;99;317;27254
Ex 3 day 1822;3;68;0,0042;4,5748;3,2453;3,3000;1098,3600;834;367;22309
Ex 3 day 1822;3;69;0,0042;4,4009;3,0761;3,3000;1056,5900;824;393;22309
Ex 3 day 1822;3;70;0,0042;4,6260;3,2675;3,3000;1110,6500;850;391;22309
Ex 3 day 1822;3;71;0,0042;4,4623;3,0496;3,3000;1071,3300;864;402;22309
Ex 3 day 1822;3;72;0,0042;3,9796;2,9984;3,7700;955,4500;891;419;22309
Ex 3 day 1822;3;73;0,0042;3,8966;2,9324;3,7700;935,5300;895;440;22309
Ex 3 day 1822;3;74;0,0042;3,9377;2,4311;4,2400;945,3900;811;460;22309
Ex 3 day 1822;3;75;0,0042;4,0623;2,9505;3,3000;975,3000;783;451;22309
Ex 3 day 1822;3;76;0,0042;3,6979;2,4335;4,2400;887,8100;841;427;22309
Ex 3 day 1822;3;77;0,0042;3,6237;2,6524;3,3000;869,9900;812;515;22309
Ex 3 day 1822;3;78;0,0042;3,5533;2,2926;4,2400;853,1100;780;489;22309
Ex 3 day 1822;3;79;0,0042;4,0244;3,5336;2,8300;966,2100;795;425;22309
Ex 3 day 1822;3;80;0,0042;3,1936;2,1161;3,3000;766,7300;815;427;22309
Ex 3 day 1822;3;81;0,0042;3,0291;2,5409;2,8300;727,2400;826;509;22309
Ex 3 day 1822;3;82;0,0042;2,8404;1,8198;3,3000;681,9300;890;460;22309
Ex 3 day 1822;3;83;0,0042;2,1079;1,8488;2,8300;506,0800;831;476;22309
Ex 3 day 1822;3;84;0,0042;1,8883;1,6490;3,7700;453,3500;865;475;22309
Ex 3 day 1822;3;85;0,0042;2,3584;1,6833;2,8300;566,2300;810;412;22309
Ex 3 day 1822;3;86;0,0042;2,1727;1,1579;4,2400;521,6300;831;446;22309
Ex 3 day 1822;3;87;0,0042;1,9212;1,6365;2,8300;461,2400;877;441;22309
Ex 3 day 1822;3;88;0,0042;2,6262;1,7975;3,7700;630,5000;837;494;22309
Ex 3 day 1822;3;89;0,0042;1,7648;1,3321;3,3000;423,7200;841;481;22309
Ex 3 day 1822;3;90;0,0042;1,6342;1,2492;3,3000;392,3600;820;499;22309
Ex 3 day 1822;3;91;0,0042;2,1801;1,5045;4,2400;523,4000;805;490;22309
Ex 3 day 1822;3;92;0,0042;1,6653;1,2021;3,3000;399,8200;873;432;22309
Ex 3 day 1822;3;93;0,0042;1,5545;1,1044;4,7100;373,2200;847;469;22309
Ex 3 day 1822;3;94;0,0042;1,4672;1,0170;2,8300;352,2500;816;442;22309
Ex 3 day 1822;3;95;0,0042;1,7960;1,1701;4,2400;431,1900;872;458;22309
Ex 3 day 1822;3;96;0,0042;2,3482;1,5753;3,3000;563,7700;860;444;22309
Ex 3 day 1822;3;97;0,0042;1,7451;1,2229;3,3000;418,9800;857;481;22309
Ex 3 day 1822;4;98;0,0397;4,3475;3,7601;2,8300;109,4900;1112;458;24088
Ex 3 day 1822;4;99;0,0397;4,4733;3,1804;3,3000;112,6500;1051;433;24088
Ex 3 day 1822;4;100;0,0397;4,1565;3,5413;2,8300;104,6800;1134;424;24088
Ex 3 day 1822;4;101;0,0397;3,6980;2,4300;3,3000;93,1300;1066;446;24088
Ex 3 day 1822;4;102;0,0397;3,3826;2,6813;3,7700;85,1900;1153;442;24088
Ex 3 day 1822;4;103;0,0397;3,2973;2,7817;3,7700;83,0400;1098;446;24088
Ex 3 day 1822;4;104;0,0397;3,2280;2,7315;3,7700;81,2900;1053;464;24088
Ex 3 day 1822;4;105;0,0397;2,6450;2,2393;3,7700;66,6100;1099;486;24088
Ex 3 day 1822;4;106;0,0397;3,2845;2,3402;3,3000;82,7200;1151;413;24088
Ex 3 day 1822;4;107;0,0397;2,9529;2,3668;3,7700;74,3700;1123;528;24088
Ex 3 day 1822;4;108;0,0397;2,8421;2,0946;3,7700;71,5700;1142;403;24088
Ex 3 day 1822;4;109;0,0397;3,0615;2,6191;2,8300;77,1000;1104;408;24088
Ex 3 day 1822;4;110;0,0397;2,4359;2,0344;4,7100;61,3500;1161;470;24088
Ex 3 day 1822;4;111;0,0397;2,2816;1,3928;3,3000;57,4600;1145;427;24088
Ex 3 day 1822;4;112;0,0397;2,8821;1,9827;3,3000;72,5800;1021;433;24088
Ex 3 day 1822;4;113;0,0397;2,6010;1,9197;3,7700;65,5000;1109;435;24088
Ex 3 day 1822;4;114;0,0397;2,4030;1,8587;4,2400;60,5200;1159;502;24088
Ex 3 day 1822;4;115;0,0397;2,0768;1,7815;3,7700;52,3000;1089;478;24088
Ex 3 day 1822;4;116;0,0397;2,1960;1,6162;5,6600;55,3000;1138;448;24088
Ex 3 day 1822;4;117;0,0397;2,4173;1,8369;3,7700;60,8800;1112;494;24088
Ex 3 day 1822;4;118;0,0397;2,3658;1,8896;4,7100;59,5800;1107;511;24088
Ex 3 day 1822;4;119;0,0397;2,4826;2,1437;2,8300;62,5200;1058;501;24088
Ex 3 day 1822;4;120;0,0397;2,0470;1,5328;4,2400;51,5500;1123;471;24088
Ex 3 day 1822;4;121;0,0397;1,8643;1,4670;2,8300;46,9500;1160;488;24088
Ex 3 day 1822;4;122;0,0397;2,0985;1,4455;4,2400;52,8500;1168;519;24088
Ex 3 day 1822;4;123;0,0397;1,9360;1,6547;2,8300;48,7600;1152;459;24088
Ex 3 day 1822;4;124;0,0397;1,6307;1,2667;6,6000;41,0700;1077;491;24088
Ex 3 day 1822;4;125;0,0397;2,0085;1,7350;3,7700;50,5800;1137;488;24088
Ex 3 day 1822;4;126;0,0397;1,8649;1,4183;3,7700;46,9600;1149;389;24088
Ex 3 day 1822;4;127;0,0397;2,1874;1,5824;3,3000;55,0900;1030;465;24088
Ex 3 day 1822;4;128;0,0397;2,0055;1,6899;2,8300;50,5100;1039;466;24088
Ex 3 day 1822;4;129;0,0397;1,8657;1,5834;4,2400;46,9800;1123;485;24088
Ex 3 day 1822;4;130;0,0397;1,9919;1,3882;3,3000;50,1600;1088;526;24088
Ex 3 day 1822;4;131;0,0397;1,6934;1,4120;2,8300;42,6500;1058;486;24088
Ex 3 day 1822;4;132;0,0397;1,5941;1,2999;2,8300;40,1400;1114;423;24088
Ex 3 day 1822;5;133;0,0417;3,9285;2,9018;3,7700;94,1500;720;846;11398
Ex 3 day 1822;5;134;0,0417;3,7921;2,7207;3,3000;90,8800;779;795;11398
Ex 3 day 1822;5;135;0,0417;3,9133;2,8161;3,3000;93,7800;730;789;11398
Ex 3 day 1822;5;136;0,0417;3,4316;2,6018;3,7700;82,2400;743;843;11398
Ex 3 day 1822;5;137;0,0417;3,5198;2,5141;3,3000;84,3500;767;809;11398
Ex 3 day 1822;5;138;0,0417;3,0780;2,1165;3,3000;73,7600;724;776;11398
Ex 3 day 1822;5;139;0,0417;3,0413;2,2065;3,3000;72,8800;782;832;11398
Ex 3 day 1822;5;140;0,0417;2,8371;2,0500;3,3000;67,9900;793;799;11398
Ex 3 day 1822;5;141;0,0417;2,1554;1,2765;3,3000;51,6500;752;823;11398
Ex 3 day 1822;5;142;0,0417;2,7802;2,4423;2,8300;66,6300;801;802;11398
Ex 3 day 1822;5;143;0,0417;2,1694;1,6892;2,8300;51,9900;744;822;11398
Ex 3 day 1822;5;144;0,0417;2,2408;1,9531;2,8300;53,7000;789;853;11398
Ex 3 day 1822;5;145;0,0417;1,6533;1,1490;3,3000;39,6200;764;797;11398
Ex 3 day 1822;5;146;0,0417;1,1326;0,9694;3,7700;27,1400;777;819;11398
Ex 3 day 1822;5;147;0,0417;1,9521;1,1720;4,2400;46,7800;792;825;11398
Ex 3 day 1822;6;148;0,0722;4,0303;2,9522;3,3000;55,8400;745;893;9269
Ex 3 day 1822;6;149;0,0722;3,4983;2,4837;3,7700;48,4700;688;902;9269
Ex 3 day 1822;6;150;0,0722;3,2418;2,3454;3,7700;44,9200;775;887;9269
Ex 3 day 1822;6;151;0,0722;2,7974;2,1331;3,7700;38,7600;732;856;9269
Ex 3 day 1822;6;152;0,0722;3,2748;2,2957;3,3000;45,3800;700;903;9269
Ex 3 day 1822;6;153;0,0722;2,2414;1,8513;3,7700;31,0600;738;872;9269
Ex 3 day 1822;6;154;0,0722;2,3309;2,0338;2,8300;32,3000;751;859;9269
Ex 3 day 1822;6;155;0,0722;1,9435;1,6259;2,8300;26,9300;727;883;9269
Ex 3 day 1822;6;156;0,0722;1,9207;1,4601;3,3000;26,6100;696;878;9269
Ex 3 day 1822;6;157;0,0722;2,0070;1,1196;6,6000;27,8100;712;887;9269
Ex 3 day 1822;6;158;0,0722;2,4081;1,8035;3,3000;33,3700;695;842;9269
Ex 3 day 1822;6;159;0,0722;1,8869;1,3170;2,8300;26,1400;714;862;9269
Ex 3 day 183;1;1;0,0150;3,9877;3,1157;2,8300;265,1100;772;24;17351
Ex 3 day 183;1;2;0,0150;3,1301;2,6122;2,8300;208,1000;781;53;17351
Ex 3 day 183;1;3;0,0150;3,4042;2,5737;2,8300;226,3200;695;0;17351
Ex 3 day 183;1;4;0,0150;3,1520;2,4778;2,8300;209,5500;725;72;17351
Ex 3 day 183;1;5;0,0150;3,3509;2,3919;2,8300;222,7800;727;34;17351
Ex 3 day 183;1;6;0,0150;2,8982;2,2198;2,8300;192,6800;716;0;17351
Ex 3 day 183;1;7;0,0150;2,6873;2,1768;2,8300;178,6600;747;32;17351
Ex 3 day 183;1;8;0,0150;2,4794;1,6663;3,7700;164,8400;761;7;17351
Ex 3 day 183;1;9;0,0150;2,9070;2,3799;2,8300;193,2700;761;29;17351
Ex 3 day 183;1;10;0,0150;3,2773;2,6031;2,8300;217,8900;762;85;17351
Ex 3 day 183;1;11;0,0150;3,2403;2,7913;2,8300;215,4200;754;102;17351
Ex 3 day 183;1;12;0,0150;2,9494;2,4000;2,8300;196,0800;731;0;17351
Ex 3 day 183;1;13;0,0150;2,7829;2,2668;2,8300;185,0100;711;83;17351
Ex 3 day 183;1;14;0,0150;2,3014;1,7780;2,8300;153,0100;765;92;17351
Ex 3 day 183;1;15;0,0150;2,6004;1,9732;2,8300;172,8800;769;103;17351
Ex 3 day 183;1;16;0,0150;1,9103;1,3181;3,3000;127,0000;806;73;17351
Ex 3 day 183;1;17;0,0150;2,4321;1,9508;2,8300;161,6900;789;105;17351
Ex 3 day 183;1;18;0,0150;2,4871;1,9385;2,8300;165,3500;746;8;17351
Ex 3 day 183;1;19;0,0150;2,1012;1,6992;2,8300;139,7000;724;23;17351
Ex 3 day 183;1;20;0,0150;2,7187;2,2626;2,8300;180,7500;858;84;17351
Ex 3 day 183;1;21;0,0150;2,2751;1,9221;2,8300;151,2500;679;67;17351
Ex 3 day 183;1;22;0,0150;1,7907;1,5298;2,8300;119,0500;776;92;17351
Ex 3 day 183;1;23;0,0150;2,4520;1,9543;2,8300;163,0100;792;75;17351
Ex 3 day 183;1;24;0,0150;2,3654;1,6747;2,8300;157,2600;768;41;17351
Ex 3 day 183;1;25;0,0150;2,6513;2,2324;2,8300;176,2700;820;92;17351
Ex 3 day 183;1;26;0,0150;2,1173;1,7601;2,8300;140,7600;755;47;17351
Ex 3 day 183;1;27;0,0150;2,4181;1,9210;2,8300;160,7600;739;79;17351
Ex 3 day 183;1;28;0,0150;2,5326;1,9887;2,8300;168,3700;716;68;17351
Ex 3 day 183;1;29;0,0150;2,4074;1,9291;2,8300;160,0500;823;87;17351
Ex 3 day 183;1;30;0,0150;2,0893;1,5383;2,8300;138,9000;736;14;17351
Ex 3 day 183;1;31;0,0150;1,5640;1,3699;3,3000;103,9800;750;78;17351
Ex 3 day 183;1;32;0,0150;1,9057;1,5989;2,8300;126,6900;687;40;17351
Ex 3 day 183;1;33;0,0150;2,4801;1,6242;3,7700;164,8800;726;93;17351
Ex 3 day 183;1;34;0,0150;2,8835;2,1204;2,8300;191,7000;808;88;17351
Ex 3 day 183;1;35;0,0150;2,5972;1,6609;3,3000;172,6700;807;20;17351
Ex 3 day 183;1;36;0,0150;2,1427;1,5759;2,8300;142,4500;797;98;17351
Ex 3 day 183;1;37;0,0150;2,4350;1,9876;2,8300;161,8800;677;25;17351
Ex 3 day 183;1;38;0,0150;1,9043;1,3822;2,8300;126,6000;702;53;17351
Ex 3 day 183;1;39;0,0150;2,1959;1,7123;2,8300;145,9900;835;92;17351
Ex 3 day 183;1;40;0,0150;1,5236;1,3023;2,8300;101,3000;785;44;17351
Ex 3 day 183;1;41;0,0150;2,4719;2,0527;2,8300;164,3400;790;87;17351
Ex 3 day 183;1;42;0,0150;1,9056;1,6039;2,8300;126,6900;747;91;17351
Ex 3 day 183;1;43;0,0150;1,9771;1,6670;2,8300;131,4400;725;79;17351
Ex 3 day 183;1;44;0,0150;1,2862;1,1231;2,8300;85,5100;736;41;17351
Ex 3 day 183;1;45;0,0150;0,8579;1,0998;5,6600;57,0400;796;61;17351
Ex 3 day 183;1;46;0,0150;1,8028;1,2131;2,8300;119,8600;743;40;17351
Ex 3 day 183;1;47;0,0150;2,1204;1,6987;2,8300;140,9700;689;5;17351
Ex 3 day 183;1;48;0,0150;1,7243;1,1311;3,3000;114,6400;811;101;17351
Ex 3 day 183;1;49;0,0150;2,2591;1,9465;2,8300;150,1900;797;87;17351
Ex 3 day 183;1;50;0,0150;1,6590;1,3897;2,8300;110,2900;718;7;17351
Ex 3 day 183;1;51;0,0150;1,9361;1,6443;2,8300;128,7200;799;11;17351
Ex 3 day 183;1;52;0,0150;1,2232;0,9473;2,8300;81,3200;825;76;17351
Ex 3 day 183;1;53;0,0150;1,4582;0,9615;2,8300;96,9500;838;82;17351
Ex 3 day 183;1;54;0,0150;1,4527;1,0888;3,7700;96,5800;711;31;17351
Ex 3 day 183;1;55;0,0150;1,4082;0,9313;3,3000;93,6200;797;45;17351
Ex 3 day 183;1;56;0,0150;1,3204;1,1197;3,7700;87,7800;739;21;17351
Ex 3 day 183;1;57;0,0150;0,8932;1,0476;3,7700;59,3800;778;75;17351
Ex 3 day 183;1;58;0,0150;2,5728;1,9316;2,8300;171,0500;697;16;17351
Ex 3 day 183;1;59;0,0150;1,8322;1,3230;2,8300;121,8100;695;44;17351
Ex 3 day 183;1;60;0,0150;1,3425;1,0345;2,8300;89,2600;712;42;17351
Ex 3 day 183;1;61;0,0150;1,6515;1,3328;2,8300;109,8000;680;13;17351
Ex 3 day 183;1;62;0,0150;1,5685;1,0396;4,2400;104,2800;697;67;17351
Ex 3 day 183;1;63;0,0150;1,9174;1,1892;3,3000;127,4700;705;49;17351
Ex 3 day 183;2;64;0,0193;3,6710;3,0225;2,8300;190,2700;152;133;12419
Ex 3 day 183;2;65;0,0193;3,0493;2,1788;4,2400;158,0500;209;124;12419
Ex 3 day 183;2;66;0,0193;3,8060;2,6945;3,3000;197,2700;204;91;12419
Ex 3 day 183;2;67;0,0193;3,5364;2,5072;3,3000;183,3000;153;171;12419
Ex 3 day 183;2;68;0,0193;3,1873;2,4170;3,3000;165,2000;183;81;12419
Ex 3 day 183;2;69;0,0193;3,0365;2,2707;3,3000;157,3900;87;136;12419
Ex 3 day 183;2;70;0,0193;3,0482;2,6027;2,8300;157,9900;123;181;12419
Ex 3 day 183;2;71;0,0193;3,3174;2,2068;3,7700;171,9400;107;114;12419
Ex 3 day 183;2;72;0,0193;3,0507;2,6380;2,8300;158,1200;167;180;12419
Ex 3 day 183;2;73;0,0193;2,9928;2,2489;2,8300;155,1200;130;142;12419
Ex 3 day 183;2;74;0,0193;2,7995;2,3233;2,8300;145,1000;165;136;12419
Ex 3 day 183;2;75;0,0193;2,6651;2,0319;2,8300;138,1400;180;145;12419
Ex 3 day 183;2;76;0,0193;2,2203;1,9099;3,7700;115,0800;203;147;12419
Ex 3 day 183;2;77;0,0193;2,8557;2,3209;2,8300;148,0200;121;113;12419
Ex 3 day 183;2;78;0,0193;2,5334;1,9045;2,8300;131,3100;194;104;12419
Ex 3 day 183;2;79;0,0193;2,5124;1,8031;2,8300;130,2200;133;114;12419
Ex 3 day 183;2;80;0,0193;2,1257;1,5062;4,7100;110,1800;176;131;12419
Ex 3 day 183;2;81;0,0193;2,5843;1,9038;2,8300;133,9500;199;162;12419
Ex 3 day 183;2;82;0,0193;2,3492;1,5447;4,7100;121,7600;161;111;12419
Ex 3 day 183;2;83;0,0193;1,9863;1,4574;2,8300;102,9500;204;112;12419
Ex 3 day 183;2;84;0,0193;2,0824;1,6811;3,7700;107,9300;139;160;12419
Ex 3 day 183;2;85;0,0193;1,8786;1,3423;4,2400;97,3700;138;134;12419
Ex 3 day 183;2;86;0,0193;1,7180;1,5686;2,8300;89,0500;218;101;12419
Ex 3 day 183;2;87;0,0193;1,8869;1,4507;3,7700;97,8000;163;86;12419
Ex 3 day 183;2;88;0,0193;2,3072;1,8145;2,8300;119,5800;137;100;12419
Ex 3 day 183;2;89;0,0193;2,1958;1,5482;2,8300;113,8100;173;160;12419
Ex 3 day 183;2;90;0,0193;2,0674;1,4238;2,8300;107,1500;192;162;12419
Ex 3 day 183;2;91;0,0193;2,2574;1,8065;2,8300;117,0000;175;148;12419
Ex 3 day 183;2;92;0,0193;1,8911;1,4962;2,8300;98,0200;83;126;12419
Ex 3 day 183;2;93;0,0193;2,0661;1,6828;2,8300;107,0900;159;159;12419
Ex 3 day 183;2;94;0,0193;2,1306;1,5807;2,8300;110,4300;192;144;12419
Ex 3 day 183;2;95;0,0193;2,0308;1,5539;2,8300;105,2600;131;150;12419
Ex 3 day 183;2;96;0,0193;2,6029;1,6227;2,8300;134,9100;140;184;12419
Ex 3 day 183;2;97;0,0193;2,5030;2,1722;2,8300;129,7300;166;111;12419
Ex 3 day 183;2;98;0,0193;1,5576;1,0718;3,7700;80,7300;150;110;12419
Ex 3 day 183;2;99;0,0193;2,3560;1,7643;2,8300;122,1100;118;148;12419
Ex 3 day 183;2;100;0,0193;1,3500;1,0111;2,8300;69,9700;151;123;12419
Ex 3 day 183;2;101;0,0193;1,8880;1,4354;2,8300;97,8600;107;134;12419
Ex 3 day 183;2;102;0,0193;1,9329;1,5787;2,8300;100,1900;117;119;12419
Ex 3 day 183;2;103;0,0193;1,5382;1,1460;2,8300;79,7300;194;128;12419
Ex 3 day 183;2;104;0,0193;1,3348;0,8929;2,8300;69,1900;115;135;12419
Ex 3 day 183;2;105;0,0193;1,9222;1,5136;2,8300;99,6300;221;110;12419
Ex 3 day 183;2;106;0,0193;1,7853;1,3457;2,8300;92,5300;109;160;12419
Ex 3 day 183;2;107;0,0193;1,4566;0,8024;2,8300;75,5000;142;148;12419
Ex 3 day 183;2;108;0,0193;2,3429;1,0578;4,2400;121,4400;225;127;12419
Ex 3 day 183;2;109;0,0193;1,4396;1,1920;2,8300;74,6200;133;101;12419
Ex 3 day 183;2;110;0,0193;2,2761;1,6665;2,8300;117,9700;226;114;12419
Ex 3 day 183;3;111;0,0075;3,6267;2,9049;2,8300;481,3300;392;151;7382
Ex 3 day 183;3;112;0,0075;3,9272;2,7705;3,7700;521,2100;399;128;7382
Ex 3 day 183;3;113;0,0075;4,0928;3,3666;2,8300;543,1800;378;170;7382
Ex 3 day 183;3;114;0,0075;2,7448;2,3561;2,8300;364,2900;379;149;7382
Ex 3 day 183;3;115;0,0075;3,2876;2,3037;2,8300;436,3200;383;186;7382
Ex 3 day 183;3;116;0,0075;2,3722;1,8394;2,8300;314,8400;337;153;7382
Ex 3 day 183;3;117;0,0075;2,6030;2,1191;2,8300;345,4700;351;191;7382
Ex 3 day 183;3;118;0,0075;2,4512;1,6058;3,3000;325,3200;394;183;7382
Ex 3 day 183;3;119;0,0075;2,4534;2,1294;2,8300;325,6000;421;149;7382
Ex 3 day 183;3;120;0,0075;2,8828;2,1028;2,8300;382,5900;375;136;7382
Ex 3 day 183;3;121;0,0075;2,5964;2,1580;2,8300;344,5900;351;159;7382
Ex 3 day 183;3;122;0,0075;2,1817;1,7379;3,7700;289,5500;325;185;7382
Ex 3 day 183;3;123;0,0075;1,8719;1,3764;2,8300;248,4400;376;186;7382
Ex 3 day 183;3;124;0,0075;2,1341;1,7082;2,8300;283,2300;349;181;7382
Ex 3 day 183;3;125;0,0075;2,2417;1,7950;2,8300;297,5100;347;198;7382
Ex 3 day 183;3;126;0,0075;2,4812;2,0155;2,8300;329,3100;343;181;7382
Ex 3 day 183;3;127;0,0075;2,0016;1,4814;2,8300;265,6500;331;181;7382
Ex 3 day 183;3;128;0,0075;2,0557;1,5656;2,8300;272,8400;407;143;7382
Ex 3 day 183;3;129;0,0075;2,1497;1,6986;2,8300;285,3100;344;163;7382
Ex 3 day 183;3;130;0,0075;1,4913;1,3213;2,8300;197,9200;395;196;7382
Ex 3 day 183;3;131;0,0075;1,7859;1,4508;2,8300;237,0200;417;125;7382
Ex 3 day 183;3;132;0,0075;1,3956;1,1066;2,8300;185,2200;329;198;7382
Ex 3 day 183;3;133;0,0075;1,7892;1,4288;2,8300;237,4700;387;125;7382
Ex 3 day 183;3;134;0,0075;1,6838;1,3230;2,8300;223,4700;395;165;7382
Ex 3 day 183;3;135;0,0075;2,1139;1,5254;2,8300;280,5600;424;137;7382
Ex 3 day 183;3;136;0,0075;1,8761;1,3556;2,8300;248,9900;372;181;7382
Ex 3 day 183;3;137;0,0075;1,9307;1,3846;2,8300;256,2300;418;136;7382
Ex 3 day 183;3;138;0,0075;1,5710;1,1226;2,8300;208,4900;384;196;7382
Ex 3 day 183;3;139;0,0075;1,5852;1,1706;2,8300;210,3800;362;175;7382
Ex 3 day 183;3;140;0,0075;2,5637;2,0583;2,8300;340,2500;369;135;7382
Ex 3 day 183;3;141;0,0075;2,0979;1,6527;2,8300;278,4300;363;132;7382
Ex 3 day 183;3;142;0,0075;1,8375;1,3431;2,8300;243,8700;344;147;7382
Ex 3 day 183;3;143;0,0075;1,4157;0,9602;2,8300;187,8900;351;167;7382
Ex 3 day 183;4;144;0,0319;3,9725;3,4115;2,8300;124,6600;1227;209;23777
Ex 3 day 183;4;145;0,0319;3,8198;3,2846;2,8300;119,8700;1343;247;23777
Ex 3 day 183;4;146;0,0319;3,2996;2,5666;2,8300;103,5400;1281;203;23777
Ex 3 day 183;4;147;0,0319;3,8098;2,9115;2,8300;119,5500;1284;192;23777
Ex 3 day 183;4;148;0,0319;3,6971;2,9857;2,8300;116,0200;1232;236;23777
Ex 3 day 183;4;149;0,0319;2,7822;2,2605;2,8300;87,3100;1332;227;23777
Ex 3 day 183;4;150;0,0319;3,2686;2,5322;2,8300;102,5700;1369;225;23777
Ex 3 day 183;4;151;0,0319;3,5193;3,0698;2,8300;110,4400;1329;251;23777
Ex 3 day 183;4;152;0,0319;3,2849;2,4563;2,8300;103,0800;1301;224;23777
Ex 3 day 183;4;153;0,0319;3,0163;2,3617;2,8300;94,6500;1256;202;23777
Ex 3 day 183;4;154;0,0319;2,9635;2,4440;2,8300;93,0000;1277;282;23777
Ex 3 day 183;4;155;0,0319;2,9969;2,4413;2,8300;94,0400;1201;218;23777
Ex 3 day 183;4;156;0,0319;2,4711;1,7041;3,3000;77,5400;1287;245;23777
Ex 3 day 183;4;157;0,0319;2,6837;2,0394;2,8300;84,2100;1196;233;23777
Ex 3 day 183;4;158;0,0319;2,1881;1,5628;4,2400;68,6700;1344;224;23777
Ex 3 day 183;4;159;0,0319;2,5867;2,1817;2,8300;81,1700;1226;247;23777
Ex 3 day 183;4;160;0,0319;2,9900;2,3195;2,8300;93,8300;1274;297;23777
Ex 3 day 183;4;161;0,0319;3,4541;2,5849;2,8300;108,3900;1330;289;23777
Ex 3 day 183;4;162;0,0319;2,8655;2,2716;2,8300;89,9200;1269;223;23777
Ex 3 day 183;4;163;0,0319;2,4374;1,4659;3,3000;76,4900;1317;284;23777
Ex 3 day 183;4;164;0,0319;2,2502;2,0347;2,8300;70,6100;1210;229;23777
Ex 3 day 183;4;165;0,0319;2,1957;1,8568;2,8300;68,9000;1301;210;23777
Ex 3 day 183;4;166;0,0319;3,5639;2,3484;2,8300;111,8400;1312;220;23777
Ex 3 day 183;4;167;0,0319;2,8366;1,8353;2,8300;89,0100;1218;247;23777
Ex 3 day 183;4;168;0,0319;2,8428;2,0684;2,8300;89,2100;1215;264;23777
Ex 3 day 183;4;169;0,0319;2,1763;1,9759;2,8300;68,2900;1284;286;23777
Ex 3 day 183;4;170;0,0319;2,6193;2,1653;2,8300;82,1900;1305;267;23777
Ex 3 day 183;4;171;0,0319;2,7539;2,2263;2,8300;86,4200;1254;222;23777
Ex 3 day 183;4;172;0,0319;2,3382;2,1928;2,8300;73,3700;1205;250;23777
Ex 3 day 183;4;173;0,0319;2,5206;1,9876;2,8300;79,1000;1269;304;23777
Ex 3 day 183;4;174;0,0319;1,9646;1,2755;3,7700;61,6500;1315;208;23777
Ex 3 day 183;4;175;0,0319;2,3519;2,0400;2,8300;73,8100;1257;252;23777
Ex 3 day 183;4;176;0,0319;2,3086;1,7631;2,8300;72,4500;1245;207;23777
Ex 3 day 183;4;177;0,0319;2,1474;1,6955;2,8300;67,3900;1238;201;23777
Ex 3 day 183;4;178;0,0319;1,8581;1,5474;3,3000;58,3100;1296;258;23777
Ex 3 day 183;4;179;0,0319;2,8701;1,9117;4,7100;90,0600;1265;320;23777
Ex 3 day 183;4;180;0,0319;2,9285;2,1722;2,8300;91,9000;1310;298;23777
Ex 3 day 183;4;181;0,0319;2,0750;1,5695;3,7700;65,1100;1321;223;23777
Ex 3 day 183;4;182;0,0319;2,1093;1,5369;3,3000;66,1900;1271;214;23777
Ex 3 day 183;4;183;0,0319;2,2660;1,5077;3,3000;71,1100;1364;258;23777
Ex 3 day 183;4;184;0,0319;2,5314;2,1221;2,8300;79,4400;1245;246;23777
Ex 3 day 183;4;185;0,0319;2,2444;1,9119;2,8300;70,4300;1239;212;23777
Ex 3 day 183;4;186;0,0319;1,9013;1,6131;2,8300;59,6600;1270;259;23777
Ex 3 day 183;4;187;0,0319;2,2715;2,0185;2,8300;71,2800;1299;196;23777
Ex 3 day 183;4;188;0,0319;2,0361;1,4299;2,8300;63,8900;1274;247;23777
Ex 3 day 183;4;189;0,0319;2,9206;2,0710;2,8300;91,6500;1245;272;23777
Ex 3 day 183;4;190;0,0319;2,1515;1,4768;2,8300;67,5200;1354;221;23777
Ex 3 day 183;4;191;0,0319;3,4201;2,3003;2,8300;107,3200;1220;320;23777
Ex 3 day 183;4;192;0,0319;2,0126;1,7585;2,8300;63,1500;1306;200;23777
Ex 3 day 183;4;193;0,0319;2,5600;1,2618;4,2400;80,3300;1319;270;23777
Ex 3 day 183;4;194;0,0319;2,3164;1,8136;2,8300;72,6900;1349;278;23777
Ex 3 day 183;4;195;0,0319;2,1991;1,5132;2,8300;69,0100;1293;270;23777
Ex 3 day 183;4;196;0,0319;2,5900;2,0290;2,8300;81,2800;1292;192;23777
Ex 3 day 183;4;197;0,0319;1,7732;1,6435;2,8300;55,6500;1259;282;23777
Ex 3 day 183;4;198;0,0319;1,9931;1,5959;2,8300;62,5500;1253;233;23777
Ex 3 day 183;4;199;0,0319;1,5708;1,0563;4,2400;49,2900;1378;234;23777
Ex 3 day 183;4;200;0,0319;2,5645;1,6932;2,8300;80,4800;1209;264;23777
Ex 3 day 183;4;201;0,0319;1,9432;1,6568;2,8300;60,9800;1230;254;23777
Ex 3 day 183;4;202;0,0319;1,9942;1,4905;2,8300;62,5800;1326;298;23777
Ex 3 day 183;4;203;0,0319;2,1747;1,7958;2,8300;68,2400;1264;235;23777
Ex 3 day 183;4;204;0,0319;2,3349;1,9844;2,8300;73,2700;1354;277;23777
Ex 3 day 183;4;205;0,0319;2,2156;1,6053;3,3000;69,5300;1270;188;23777
Ex 3 day 183;4;206;0,0319;1,6966;1,4329;2,8300;53,2400;1214;237;23777
Ex 3 day 183;4;207;0,0319;1,8154;1,3434;3,3000;56,9700;1250;259;23777
Ex 3 day 183;4;208;0,0319;2,2805;1,9181;2,8300;71,5600;1254;297;23777
Ex 3 day 183;4;209;0,0319;2,1786;1,8661;2,8300;68,3700;1279;269;23777
Ex 3 day 183;4;210;0,0319;1,8644;1,4535;2,8300;58,5100;1296;184;23777
Ex 3 day 183;4;211;0,0319;2,2638;1,7566;2,8300;71,0400;1255;196;23777
Ex 3 day 183;4;212;0,0319;1,7149;1,2889;3,7700;53,8200;1224;225;23777
Ex 3 day 183;4;213;0,0319;1,9437;1,3595;4,2400;60,9900;1304;290;23777
Ex 3 day 183;4;214;0,0319;1,7483;1,3476;2,8300;54,8600;1218;269;23777
Ex 3 day 183;4;215;0,0319;1,9382;1,5475;2,8300;60,8200;1260;268;23777
Ex 3 day 183;4;216;0,0319;1,9134;1,6141;2,8300;60,0400;1241;195;23777
Ex 3 day 183;4;217;0,0319;1,8503;1,1748;4,2400;58,0600;1303;236;23777
Ex 3 day 183;4;218;0,0319;2,7846;1,9260;2,8300;87,3800;1327;272;23777
Ex 3 day 183;4;219;0,0319;1,6869;1,3424;3,3000;52,9400;1362;239;23777
Ex 3 day 183;4;220;0,0319;1,9748;1,4655;2,8300;61,9700;1356;257;23777
Ex 3 day 183;4;221;0,0319;1,4417;1,0230;2,8300;45,2400;1194;257;23777
Ex 3 day 183;4;222;0,0319;1,5958;1,3468;3,7700;50,0800;1291;232;23777
Ex 3 day 183;4;223;0,0319;1,8621;1,3889;2,8300;58,4300;1286;212;23777
Ex 3 day 183;4;224;0,0319;2,2574;1,7379;2,8300;70,8400;1209;234;23777
Ex 3 day 183;4;225;0,0319;1,5850;1,2344;2,8300;49,7400;1305;179;23777
Ex 3 day 183;4;226;0,0319;1,6709;1,4527;2,8300;52,4300;1287;220;23777
Ex 3 day 183;4;227;0,0319;2,0120;1,5833;2,8300;63,1400;1246;213;23777
Ex 3 day 183;4;228;0,0319;2,2936;1,8574;2,8300;71,9700;1242;269;23777
Ex 3 day 183;4;229;0,0319;1,6252;1,2252;2,8300;51,0000;1369;268;23777
Ex 3 day 183;4;230;0,0319;2,0180;1,4337;4,2400;63,3300;1365;210;23777
Ex 3 day 183;4;231;0,0319;1,9269;1,6281;2,8300;60,4700;1237;291;23777
Ex 3 day 183;4;232;0,0319;1,8591;1,1635;2,8300;58,3400;1297;298;23777
Ex 3 day 183;4;233;0,0319;2,1541;1,7120;2,8300;67,6000;1219;258;23777
Ex 3 day 183;4;234;0,0319;1,5504;1,1768;2,8300;48,6500;1237;273;23777
Ex 3 day 183;4;235;0,0319;1,8797;1,6438;2,8300;58,9900;1283;259;23777
Ex 3 day 183;4;236;0,0319;1,8754;1,1697;5,6600;58,8500;1286;309;23777
Ex 3 day 183;4;237;0,0319;1,4737;1,3073;2,8300;46,2500;1325;209;23777
Ex 3 day 183;4;238;0,0319;1,6343;1,3526;2,8300;51,2900;1235;315;23777
Ex 3 day 183;4;239;0,0319;1,8338;1,2900;2,8300;57,5400;1375;255;23777
Ex 3 day 183;4;240;0,0319;2,0565;1,8381;2,8300;64,5300;1179;262;23777
Ex 3 day 183;4;241;0,0319;1,8359;1,3489;2,8300;57,6100;1301;283;23777
Ex 3 day 183;4;242;0,0319;1,2613;0,7626;3,3000;39,5800;1378;245;23777
Ex 3 day 183;4;243;0,0319;1,3503;1,0588;2,8300;42,3700;1295;247;23777
Ex 3 day 183;4;244;0,0319;1,9982;1,4905;2,8300;62,7000;1369;233;23777
Ex 3 day 183;4;245;0,0319;1,6835;1,2459;2,8300;52,8300;1215;279;23777
Ex 3 day 183;4;246;0,0319;1,1463;0,7613;2,8300;35,9700;1306;245;23777
Ex 3 day 183;4;247;0,0319;1,3471;1,0900;2,8300;42,2700;1260;213;23777
Ex 3 day 183;4;248;0,0319;2,2419;1,9145;2,8300;70,3500;1194;279;23777
Ex 3 day 183;4;249;0,0319;2,0459;1,6121;2,8300;64,2000;1324;304;23777
Ex 3 day 183;4;250;0,0319;1,7696;1,3666;2,8300;55,5300;1239;223;23777
Ex 3 day 183;4;251;0,0319;1,7950;1,4749;2,8300;56,3300;1283;304;23777
Ex 3 day 183;4;252;0,0319;1,0307;0,8273;2,8300;32,3400;1295;277;23777
Ex 3 day 183;4;253;0,0319;1,9942;1,6274;2,8300;62,5800;1341;297;23777
Ex 3 day 183;4;254;0,0319;1,9698;1,4373;2,8300;61,8100;1205;242;23777
Ex 3 day 183;4;255;0,0319;0,5929;1,2515;4,2400;18,6100;1335;210;23777
Ex 3 day 183;4;256;0,0319;1,4365;1,1930;2,8300;45,0800;1182;271;23777
Ex 3 day 183;4;257;0,0319;2,3262;1,9066;2,8300;73,0000;1228;293;23777
Ex 3 day 183;4;258;0,0319;1,4913;0,9769;3,3000;46,8000;1194;246;23777
Ex 3 day 183;4;259;0,0319;2,1143;1,7094;2,8300;66,3500;1309;231;23777
Ex 3 day 183;5;260;0,0132;4,5515;3,0443;3,3000;345,4000;402;244;5453
Ex 3 day 183;5;261;0,0132;3,9062;2,8831;3,3000;296,4300;351;226;5453
Ex 3 day 183;5;262;0,0132;3,3293;2,6925;2,8300;252,6500;386;208;5453
Ex 3 day 183;5;263;0,0132;2,3118;1,9293;2,8300;175,4400;384;218;5453
Ex 3 day 183;5;264;0,0132;2,3236;1,8862;2,8300;176,3300;336;215;5453
Ex 3 day 183;5;265;0,0132;2,5048;2,0695;2,8300;190,0800;399;265;5453
Ex 3 day 183;5;266;0,0132;2,1012;1,6108;2,8300;159,4600;388;266;5453
Ex 3 day 183;5;267;0,0132;1,5667;1,4629;2,8300;118,8900;373;210;5453
Ex 3 day 183;5;268;0,0132;2,5527;1,7375;2,8300;193,7200;380;231;5453
Ex 3 day 183;5;269;0,0132;2,4317;1,7156;4,7100;184,5400;375;250;5453
Ex 3 day 183;5;270;0,0132;2,4253;1,8808;2,8300;184,0500;371;244;5453
Ex 3 day 183;5;271;0,0132;2,3453;2,0153;2,8300;177,9800;351;244;5453
Ex 3 day 183;5;272;0,0132;2,0525;1,6005;2,8300;155,7600;392;233;5453
Ex 3 day 183;5;273;0,0132;1,8354;1,5789;2,8300;139,2800;349;259;5453
Ex 3 day 183;5;274;0,0132;1,6835;1,3906;2,8300;127,7600;371;224;5453
Ex 3 day 183;5;275;0,0132;2,4213;1,9781;2,8300;183,7400;345;241;5453
Ex 3 day 183;5;276;0,0132;2,2390;1,6296;2,8300;169,9100;401;220;5453
Ex 3 day 183;5;277;0,0132;1,6481;1,1427;2,8300;125,0700;363;220;5453
Ex 3 day 183;5;278;0,0132;1,9421;1,5760;2,8300;147,3800;399;211;5453
Ex 3 day 183;5;279;0,0132;1,7087;1,3015;2,8300;129,6700;373;218;5453
Ex 3 day 183;5;280;0,0132;1,9320;1,6000;2,8300;146,6100;422;231;5453
Ex 3 day 183;5;281;0,0132;1,3818;0,8882;2,8300;104,8600;336;230;5453
Ex 3 day 183;5;282;0,0132;1,7609;1,3760;2,8300;133,6300;381;239;5453
Ex 3 day 183;5;283;0,0132;1,3490;0,8863;2,8300;102,3700;405;228;5453
Ex 3 day 183;6;284;-0,0322;4,2387;3,1226;3,3000;-131,7700;1014;411;6908
Ex 3 day 183;6;285;-0,0322;3,3091;2,2268;4,2400;-102,8700;1048;352;6908
Ex 3 day 183;6;286;-0,0322;3,4701;2,3583;3,3000;-107,8700;1014;367;6908
Ex 3 day 183;6;287;-0,0322;3,4741;2,5952;3,3000;-108,0000;1009;392;6908
Ex 3 day 183;6;288;-0,0322;3,4708;2,0511;3,3000;-107,9000;996;428;6908
Ex 3 day 183;6;289;-0,0322;3,0398;2,0985;4,7100;-94,5000;1041;397;6908
Ex 3 day 183;6;290;-0,0322;3,3761;2,3268;3,3000;-104,9500;1048;375;6908
Ex 3 day 183;6;291;-0,0322;2,6093;2,1006;2,8300;-81,1100;1020;429;6908
Ex 3 day 183;6;292;-0,0322;2,1443;1,7894;2,8300;-66,6600;1028;367;6908
Ex 3 day 183;6;293;-0,0322;2,3293;1,8647;2,8300;-72,4100;1047;385;6908
Ex 3 day 183;6;294;-0,0322;2,2458;1,8525;2,8300;-69,8200;1034;431;6908
Ex 3 day 183;6;295;-0,0322;1,9331;1,5995;2,8300;-60,0900;983;398;6908
Ex 3 day 183;6;296;-0,0322;2,2589;1,9042;2,8300;-70,2200;1061;362;6908
Ex 3 day 183;6;297;-0,0322;2,2470;1,5828;2,8300;-69,8500;1035;414;6908
Ex 3 day 183;6;298;-0,0322;1,5841;1,1051;3,3000;-49,2400;1025;354;6908
Ex 3 day 183;6;299;-0,0322;1,9458;1,4300;2,8300;-60,4900;1024;390;6908
Ex 3 day 183;6;300;-0,0322;2,0707;1,6120;2,8300;-64,3700;1036;374;6908
Ex 3 day 183;6;301;-0,0322;2,0193;1,3159;4,7100;-62,7700;987;416;6908
Ex 3 day 183;6;302;-0,0322;1,6588;1,2750;2,8300;-51,5700;1019;450;6908
Ex 3 day 183;6;303;-0,0322;0,8513;0,9554;2,8300;-26,4600;1030;444;6908
Ex 3 day 183;6;304;-0,0322;1,6269;1,2414;2,8300;-50,5800;1012;437;6908
Ex 3 day 183;6;305;-0,0322;1,6666;1,2858;2,8300;-51,8100;1021;441;6908
Ex 3 day 183;6;306;-0,0322;1,3843;1,0707;2,8300;-43,0400;1061;369;6908
Ex 3 day 183;6;307;-0,0322;1,3534;1,1587;2,8300;-42,0700;1045;428;6908
Ex 3 day 183;7;308;-0,0044;4,4428;3,0575;3,3000;-1015,1400;1152;437;11986
Ex 3 day 183;7;309;-0,0044;4,0856;3,0968;3,3000;-933,5300;1131;430;11986
Ex 3 day 183;7;310;-0,0044;4,0728;3,5400;2,8300;-930,6000;1101;353;11986
Ex 3 day 183;7;311;-0,0044;4,1799;3,0176;3,7700;-955,0600;1079;442;11986
Ex 3 day 183;7;312;-0,0044;4,1093;2,8783;3,3000;-938,9300;1078;419;11986
Ex 3 day 183;7;313;-0,0044;3,5269;2,6144;3,7700;-805,8700;1078;399;11986
Ex 3 day 183;7;314;-0,0044;3,1542;2,5612;3,7700;-720,7000;1074;381;11986
Ex 3 day 183;7;315;-0,0044;3,2177;2,4851;3,7700;-735,2100;1105;388;11986
Ex 3 day 183;7;316;-0,0044;3,2460;2,2240;4,2400;-741,6800;1098;454;11986
Ex 3 day 183;7;317;-0,0044;3,1324;2,7020;2,8300;-715,7300;1091;420;11986
Ex 3 day 183;7;318;-0,0044;3,0332;2,4347;2,8300;-693,0700;1080;464;11986
Ex 3 day 183;7;319;-0,0044;3,3894;2,3444;3,3000;-774,4400;1046;442;11986
Ex 3 day 183;7;320;-0,0044;2,5804;1,8719;2,8300;-589,6100;1100;404;11986
Ex 3 day 183;7;321;-0,0044;2,3883;1,8194;2,8300;-545,7100;1108;406;11986
Ex 3 day 183;7;322;-0,0044;1,9073;1,5316;4,2400;-435,7900;1149;414;11986
Ex 3 day 183;7;323;-0,0044;2,2667;1,8637;2,8300;-517,9100;1075;352;11986
Ex 3 day 183;7;324;-0,0044;2,2865;2,0730;2,8300;-522,4300;1056;441;11986
Ex 3 day 183;7;325;-0,0044;1,4826;1,4830;4,7100;-338,7500;1123;372;11986
Ex 3 day 183;7;326;-0,0044;2,4191;1,9076;2,8300;-552,7400;1062;474;11986
Ex 3 day 183;7;327;-0,0044;1,9068;1,2868;4,2400;-435,6900;1129;405;11986
Ex 3 day 183;7;328;-0,0044;1,9639;1,1541;3,3000;-448,7400;1105;484;11986
Ex 3 day 183;7;329;-0,0044;1,9809;1,6295;2,8300;-452,6200;1121;388;11986
Ex 3 day 183;7;330;-0,0044;1,6359;1,2349;2,8300;-373,7900;1098;438;11986
Ex 3 day 183;7;331;-0,0044;1,5163;1,2573;2,8300;-346,4600;1139;410;11986
Ex 3 day 183;7;332;-0,0044;1,7351;1,4151;2,8300;-396,4600;1074;474;11986
Ex 3 day 183;7;333;-0,0044;1,7420;1,3952;3,7700;-398,0300;1137;379;11986
Ex 3 day 183;7;334;-0,0044;1,6308;1,3490;2,8300;-372,6300;1136;395;11986
Ex 3 day 183;7;335;-0,0044;1,5498;1,4461;3,7700;-354,1100;1150;394;11986
Ex 3 day 183;7;336;-0,0044;2,1003;1,3464;3,3000;-479,9000;1067;483;11986
Ex 3 day 183;7;337;-0,0044;2,2913;1,7050;2,8300;-523,5400;1089;374;11986
Ex 3 day 183;7;338;-0,0044;0,8949;0,8334;3,3000;-204,4800;1060;427;11986
Ex 3 day 183;7;339;-0,0044;1,5817;1,2567;2,8300;-361,4000;1105;365;11986
Ex 3 day 183;7;340;-0,0044;1,5558;1,3478;2,8300;-355,4800;1114;430;11986
Ex 3 day 183;7;341;-0,0044;1,8157;1,4447;2,8300;-414,8600;1152;403;11986
Ex 3 day 183;7;342;-0,0044;2,4136;1,8476;2,8300;-551,4800;1081;474;11986
Ex 3 day 183;7;343;-0,0044;1,6881;1,2860;2,8300;-385,7100;1143;399;11986
Ex 3 day 183;7;344;-0,0044;1,4763;1,1654;2,8300;-337,3200;1067;471;11986
Ex 3 day 183;8;345;0,0467;4,7729;4,2109;2,8300;102,2700;1175;537;12260
Ex 3 day 183;8;346;0,0467;4,2452;2,9751;3,3000;90,9600;1240;551;12260
Ex 3 day 183;8;347;0,0467;3,9568;2,8705;3,3000;84,7800;1279;484;12260
Ex 3 day 183;8;348;0,0467;4,0938;2,9080;3,3000;87,7200;1278;500;12260
Ex 3 day 183;8;349;0,0467;4,0148;3,4989;2,8300;86,0300;1196;543;12260
Ex 3 day 183;8;350;0,0467;3,6451;3,2166;2,8300;78,1000;1268;555;12260
Ex 3 day 183;8;351;0,0467;4,0462;2,8488;3,3000;86,7000;1249;534;12260
Ex 3 day 183;8;352;0,0467;3,9304;3,2791;2,8300;84,2200;1307;490;12260
Ex 3 day 183;8;353;0,0467;3,8074;3,1673;2,8300;81,5800;1302;543;12260
Ex 3 day 183;8;354;0,0467;3,3423;2,5901;2,8300;71,6200;1294;486;12260
Ex 3 day 183;8;355;0,0467;3,3004;2,8725;2,8300;70,7200;1248;499;12260
Ex 3 day 183;8;356;0,0467;3,3490;2,2925;3,3000;71,7600;1323;483;12260
Ex 3 day 183;8;357;0,0467;3,0152;1,8771;4,2400;64,6100;1288;517;12260
Ex 3 day 183;8;358;0,0467;2,4533;2,0522;2,8300;52,5700;1208;523;12260
Ex 3 day 183;8;359;0,0467;3,1109;2,2919;3,3000;66,6600;1238;505;12260
Ex 3 day 183;8;360;0,0467;2,7011;2,0799;2,8300;57,8800;1254;550;12260
Ex 3 day 183;8;361;0,0467;2,8331;1,7407;4,2400;60,7000;1280;534;12260
Ex 3 day 183;8;362;0,0467;2,1391;1,6625;2,8300;45,8400;1258;514;12260
Ex 3 day 183;8;363;0,0467;2,4596;2,0873;2,8300;52,7000;1187;525;12260
Ex 3 day 183;8;364;0,0467;2,4165;1,8806;2,8300;51,7800;1267;526;12260
Ex 3 day 183;8;365;0,0467;2,2425;1,9506;2,8300;48,0500;1226;543;12260
Ex 3 day 183;8;366;0,0467;1,8422;1,4947;2,8300;39,4700;1299;480;12260
Ex 3 day 183;8;367;0,0467;2,0322;1,6739;2,8300;43,5400;1197;499;12260
Ex 3 day 183;8;368;0,0467;1,8544;1,4299;2,8300;39,7300;1305;530;12260
Ex 3 day 183;8;369;0,0467;1,9674;1,4271;2,8300;42,1500;1201;567;12260
Ex 3 day 183;8;370;0,0467;1,9183;1,6322;2,8300;41,1000;1221;534;12260
Ex 3 day 183;8;371;0,0467;2,5221;2,1931;2,8300;54,0400;1307;462;12260
Ex 3 day 183;8;372;0,0467;1,4047;1,1089;2,8300;30,1000;1200;561;12260
Ex 3 day 183;8;373;0,0467;1,7347;1,1740;3,7700;37,1700;1265;498;12260
Ex 3 day 183;8;374;0,0467;1,8131;1,4578;2,8300;38,8500;1267;478;12260
Ex 3 day 183;8;375;0,0467;2,2054;1,6515;2,8300;47,2600;1247;472;12260
Ex 3 day 183;9;376;0,2656;2,0627;1,4691;5,1900;7,7700;869;612;1386
Ex 3 day 183;10;377;0,0011;3,8042;2,8192;3,3000;3341,3500;792;729;32722
Ex 3 day 183;10;378;0,0011;3,3240;2,6986;3,7700;2919,6000;823;685;32722
Ex 3 day 183;10;379;0,0011;3,8091;2,7913;3,7700;3345,7100;695;682;32722
Ex 3 day 183;10;380;0,0011;3,8141;2,6886;2,8300;3350,0700;729;736;32722
Ex 3 day 183;10;381;0,0011;4,0166;3,0789;2,8300;3527,9700;701;662;32722
Ex 3 day 183;10;382;0,0011;3,5745;2,5204;3,3000;3139,6200;737;705;32722
Ex 3 day 183;10;383;0,0011;3,3787;2,7149;3,7700;2967,6200;860;693;32722
Ex 3 day 183;10;384;0,0011;3,3302;2,1123;4,2400;2925,0500;761;646;32722
Ex 3 day 183;10;385;0,0011;3,5071;2,7952;2,8300;3080,4700;906;714;32722
Ex 3 day 183;10;386;0,0011;3,0789;2,1705;4,2400;2704,3500;857;661;32722
Ex 3 day 183;10;387;0,0011;3,4985;2,7232;2,8300;3072,9200;808;780;32722
Ex 3 day 183;10;388;0,0011;2,6491;2,2585;2,8300;2326,8100;895;725;32722
Ex 3 day 183;10;389;0,0011;3,2976;2,7021;2,8300;2896,4100;858;729;32722
Ex 3 day 183;10;390;0,0011;2,4217;1,9389;2,8300;2127,1200;819;641;32722
Ex 3 day 183;10;391;0,0011;3,0966;2,2775;2,8300;2719,8800;770;658;32722
Ex 3 day 183;10;392;0,0011;3,1226;2,3210;2,8300;2742,7100;720;688;32722
Ex 3 day 183;10;393;0,0011;3,0580;2,6125;2,8300;2685,9700;784;755;32722
Ex 3 day 183;10;394;0,0011;2,6926;2,2699;2,8300;2365,0600;688;721;32722
Ex 3 day 183;10;395;0,0011;3,0100;1,9388;3,3000;2643,8400;833;700;32722
Ex 3 day 183;10;396;0,0011;3,1056;2,4254;2,8300;2727,7700;746;742;32722
Ex 3 day 183;10;397;0,0011;2,0836;1,8544;2,8300;1830,1400;820;751;32722
Ex 3 day 183;10;398;0,0011;2,7103;1,9173;3,3000;2380,6100;859;769;32722
Ex 3 day 183;10;399;0,0011;2,7486;2,2155;3,7700;2414,2500;781;703;32722
Ex 3 day 183;10;400;0,0011;2,3492;2,0609;2,8300;2063,3700;713;731;32722
Ex 3 day 183;10;401;0,0011;2,7457;1,7550;2,8300;2411,6300;760;712;32722
Ex 3 day 183;10;402;0,0011;2,6060;2,1176;2,8300;2288,9400;786;625;32722
Ex 3 day 183;10;403;0,0011;2,8628;1,9348;2,8300;2514,4800;713;646;32722
Ex 3 day 183;10;404;0,0011;2,1670;1,7960;2,8300;1903,3500;803;753;32722
Ex 3 day 183;10;405;0,0011;2,5859;1,7926;3,3000;2271,2900;833;654;32722
Ex 3 day 183;10;406;0,0011;2,3798;1,8862;2,8300;2090,2900;702;723;32722
Ex 3 day 183;10;407;0,0011;2,3688;2,0749;2,8300;2080,6000;821;760;32722
Ex 3 day 183;10;408;0,0011;2,0234;1,5541;3,7700;1777,2100;806;640;32722
Ex 3 day 183;10;409;0,0011;2,7007;2,1241;2,8300;2372,1700;840;714;32722
Ex 3 day 183;10;410;0,0011;3,4233;2,5833;2,8300;3006,8300;734;656;32722
Ex 3 day 183;10;411;0,0011;3,2476;2,4833;2,8300;2852,5100;852;628;32722
Ex 3 day 183;10;412;0,0011;2,5144;1,9376;2,8300;2208,4900;856;642;32722
Ex 3 day 183;10;413;0,0011;2,8183;2,3765;2,8300;2475,4600;697;734;32722
Ex 3 day 183;10;414;0,0011;2,7243;1,9837;2,8300;2392,8300;852;708;32722
Ex 3 day 183;10;415;0,0011;2,2794;1,5732;3,3000;2002,1000;779;730;32722
Ex 3 day 183;10;416;0,0011;3,2087;2,4095;2,8300;2818,3100;891;740;32722
Ex 3 day 183;10;417;0,0011;2,6278;1,8524;3,3000;2308,1200;713;666;32722
Ex 3 day 183;10;418;0,0011;2,7650;2,2618;2,8300;2428,6400;791;653;32722
Ex 3 day 183;10;419;0,0011;2,5203;1,7516;2,8300;2213,7000;822;654;32722
Ex 3 day 183;10;420;0,0011;2,2001;1,8592;2,8300;1932,4700;818;669;32722
Ex 3 day 183;10;421;0,0011;2,5974;1,9734;2,8300;2281,4100;763;754;32722
Ex 3 day 183;10;422;0,0011;2,7204;2,0821;2,8300;2389,4500;788;669;32722
Ex 3 day 183;10;423;0,0011;2,7414;1,7505;4,7100;2407,9300;733;683;32722
Ex 3 day 183;10;424;0,0011;2,5222;1,8597;2,8300;2215,4000;809;687;32722
Ex 3 day 183;10;425;0,0011;2,3904;1,6929;3,7700;2099,5800;793;717;32722
Ex 3 day 183;10;426;0,0011;2,0674;1,5438;3,7700;1815,9000;795;631;32722
Ex 3 day 183;10;427;0,0011;2,4055;1,9941;2,8300;2112,8400;749;754;32722
Ex 3 day 183;10;428;0,0011;2,4680;2,0202;2,8300;2167,7900;790;776;32722
Ex 3 day 183;10;429;0,0011;2,7730;1,7429;4,7100;2435,6100;762;691;32722
Ex 3 day 183;10;430;0,0011;1,5507;1,2981;2,8300;1362,0500;787;687;32722
Ex 3 day 183;10;431;0,0011;2,3454;1,6783;3,3000;2060,1100;871;779;32722
Ex 3 day 183;10;432;0,0011;2,3789;1,5703;2,8300;2089,5100;889;762;32722
Ex 3 day 183;10;433;0,0011;2,3840;2,0305;2,8300;2093,9800;854;762;32722
Ex 3 day 183;10;434;0,0011;2,1193;1,6149;2,8300;1861,4900;837;647;32722
Ex 3 day 183;10;435;0,0011;1,8939;1,4812;3,3000;1663,5100;805;726;32722
Ex 3 day 183;10;436;0,0011;2,3987;1,7456;2,8300;2106,8900;838;761;32722
Ex 3 day 183;10;437;0,0011;3,0668;2,2237;2,8300;2693,7200;773;766;32722
Ex 3 day 183;10;438;0,0011;2,2460;1,7700;2,8300;1972,7600;893;748;32722
Ex 3 day 183;10;439;0,0011;2,1477;1,8784;2,8300;1886,4100;721;701;32722
Ex 3 day 183;10;440;0,0011;2,0028;1,5393;2,8300;1759,1400;746;762;32722
Ex 3 day 183;10;441;0,0011;2,0183;1,6183;2,8300;1772,7300;821;777;32722
Ex 3 day 183;10;442;0,0011;2,2559;1,7514;2,8300;1981,5000;693;707;32722
Ex 3 day 183;10;443;0,0011;2,1363;1,6962;2,8300;1876,4400;888;698;32722
Ex 3 day 183;10;444;0,0011;1,9717;1,6710;2,8300;1731,8300;867;710;32722
Ex 3 day 183;10;445;0,0011;1,5948;1,1782;5,1900;1400,8000;834;749;32722
Ex 3 day 183;10;446;0,0011;2,2508;1,5013;4,2400;1976,9800;810;623;32722
Ex 3 day 183;10;447;0,0011;2,3310;1,8618;2,8300;2047,4000;826;784;32722
Ex 3 day 183;10;448;0,0011;2,3423;1,8593;2,8300;2057,3500;891;714;32722
Ex 3 day 183;10;449;0,0011;2,2641;1,5596;2,8300;1988,6300;775;664;32722
Ex 3 day 183;10;450;0,0011;1,9350;1,6542;2,8300;1699,5500;754;730;32722
Ex 3 day 183;10;451;0,0011;2,3298;1,7009;2,8300;2046,3800;718;749;32722
Ex 3 day 183;10;452;0,0011;2,2440;1,7613;2,8300;1970,9700;717;767;32722
Ex 3 day 183;10;453;0,0011;2,1215;1,6247;2,8300;1863,4000;790;781;32722
Ex 3 day 183;10;454;0,0011;1,9476;1,5254;2,8300;1710,6400;854;749;32722
Ex 3 day 183;10;455;0,0011;1,9845;1,7112;2,8300;1743,1100;843;693;32722
Ex 3 day 183;10;456;0,0011;1,9369;1,5225;2,8300;1701,3000;805;714;32722
Ex 3 day 183;10;457;0,0011;1,8522;1,3958;2,8300;1626,8800;746;681;32722
Ex 3 day 183;10;458;0,0011;2,1386;1,7633;2,8300;1878,4300;737;771;32722
Ex 3 day 183;10;459;0,0011;2,3148;1,7358;2,8300;2033,1800;797;764;32722
Ex 3 day 183;10;460;0,0011;2,4241;1,7598;2,8300;2129,2100;830;641;32722
Ex 3 day 183;10;461;0,0011;1,9547;1,6526;2,8300;1716,8700;703;697;32722
Ex 3 day 183;10;462;0,0011;1,8961;1,7071;2,8300;1665,4400;799;660;32722
Ex 3 day 183;10;463;0,0011;0,7449;1,0761;4,7100;654,2700;842;736;32722
Ex 3 day 183;10;464;0,0011;2,3229;1,5073;4,2400;2040,3300;824;732;32722
Ex 3 day 183;10;465;0,0011;1,5717;1,3117;2,8300;1380,5100;905;699;32722
Ex 3 day 183;10;466;0,0011;2,0787;1,5786;2,8300;1825,8400;739;731;32722
Ex 3 day 183;10;467;0,0011;2,2904;1,7844;2,8300;2011,7500;681;697;32722
Ex 3 day 183;10;468;0,0011;1,5656;1,2509;2,8300;1375,1700;823;705;32722
Ex 3 day 183;10;469;0,0011;1,8555;1,5142;2,8300;1629,8000;751;657;32722
Ex 3 day 183;10;470;0,0011;1,9785;1,3646;2,8300;1737,7900;844;749;32722
Ex 3 day 183;10;471;0,0011;2,2258;1,9504;2,8300;1955,0200;835;617;32722
Ex 3 day 183;10;472;0,0011;1,6431;1,4541;2,8300;1443,2100;872;730;32722
Ex 3 day 183;10;473;0,0011;2,2950;1,8882;2,8300;2015,8000;752;720;32722
Ex 3 day 183;10;474;0,0011;1,1722;1,1074;4,2400;1029,6300;834;769;32722
Ex 3 day 183;10;475;0,0011;1,8795;1,4258;2,8300;1650,8500;890;755;32722
Ex 3 day 183;10;476;0,0011;1,7194;1,3100;3,3000;1510,2400;813;732;32722
Ex 3 day 183;10;477;0,0011;1,9217;1,4426;2,8300;1687,9200;735;765;32722
Ex 3 day 183;10;478;0,0011;1,6274;1,2998;2,8300;1429,3800;713;720;32722
Ex 3 day 183;10;479;0,0011;1,9087;1,5958;2,8300;1676,4700;723;711;32722
Ex 3 day 183;10;480;0,0011;1,9829;1,3100;3,3000;1741,6900;754;671;32722
Ex 3 day 183;10;481;0,0011;1,6630;1,2086;2,8300;1460,6800;710;712;32722
Ex 3 day 183;10;482;0,0011;1,2874;1,0434;2,8300;1130,8200;845;652;32722
Ex 3 day 183;10;483;0,0011;1,8175;1,4704;2,8300;1596,3700;801;694;32722
Ex 3 day 183;10;484;0,0011;1,9139;1,6398;2,8300;1681,0700;880;665;32722
Ex 3 day 183;10;485;0,0011;2,0385;1,6707;2,8300;1790,4700;785;635;32722
Ex 3 day 183;10;486;0,0011;2,0537;1,3861;2,8300;1803,8400;729;748;32722
Ex 3 day 183;10;487;0,0011;2,1115;1,7375;2,8300;1854,6100;721;775;32722
Ex 3 day 183;10;488;0,0011;2,0852;1,7445;2,8300;1831,5400;800;673;32722
Ex 3 day 183;10;489;0,0011;1,7707;1,3314;2,8300;1555,2900;733;669;32722
Ex 3 day 183;10;490;0,0011;2,0603;1,6690;2,8300;1809,6900;822;784;32722
Ex 3 day 183;10;491;0,0011;0,9034;0,8613;2,8300;793,5200;782;648;32722
Ex 3 day 183;10;492;0,0011;1,6040;1,1594;2,8300;1408,8700;845;628;32722
Ex 3 day 183;10;493;0,0011;2,0068;1,5984;2,8300;1762,6700;764;675;32722
Ex 3 day 183;10;494;0,0011;1,7914;1,4245;2,8300;1573,4600;787;659;32722
Ex 3 day 183;10;495;0,0011;2,3358;1,5517;2,8300;2051,6700;730;638;32722
Ex 3 day 183;10;496;0,0011;1,6371;1,2285;2,8300;1437,9500;713;741;32722
Ex 3 day 183;10;497;0,0011;1,7039;1,2471;2,8300;1496,6100;881;698;32722
Ex 3 day 183;10;498;0,0011;2,2473;1,5110;2,8300;1973,9200;767;742;32722
Ex 3 day 183;10;499;0,0011;2,1159;1,6566;2,8300;1858,4800;707;747;32722
Ex 3 day 183;10;500;0,0011;2,3504;1,6966;2,8300;2064,4500;882;766;32722
Ex 3 day 183;10;501;0,0011;2,2742;1,4677;2,8300;1997,5700;705;716;32722
Ex 3 day 183;11;502;0,0068;4,6248;3,4238;2,8300;681,2400;9;844;37336
Ex 3 day 183;11;503;0,0068;3,8746;3,3662;2,8300;570,7300;128;755;37336
Ex 3 day 183;11;504;0,0068;3,7853;2,7315;3,3000;557,5700;177;856;37336
Ex 3 day 183;11;505;0,0068;3,9840;3,0538;2,8300;586,8500;57;796;37336
Ex 3 day 183;11;506;0,0068;3,9394;3,2478;2,8300;580,2800;16;776;37336
Ex 3 day 183;11;507;0,0068;2,8759;2,4250;3,7700;423,6300;66;739;37336
Ex 3 day 183;11;508;0,0068;2,7250;2,0867;4,7100;401,4000;115;733;37336
Ex 3 day 183;11;509;0,0068;3,1853;2,4213;3,7700;469,1900;130;857;37336
Ex 3 day 183;11;510;0,0068;3,5376;3,1337;2,8300;521,1000;47;749;37336
Ex 3 day 183;11;511;0,0068;2,5337;2,1169;3,7700;373,2200;9;834;37336
Ex 3 day 183;11;512;0,0068;3,9408;1,8704;4,2400;580,4800;175;806;37336
Ex 3 day 183;11;513;0,0068;2,8449;1,9497;3,3000;419,0500;8;787;37336
Ex 3 day 183;11;514;0,0068;3,0003;2,3998;2,8300;441,9500;69;895;37336
Ex 3 day 183;11;515;0,0068;3,4445;2,2272;3,3000;507,3800;154;747;37336
Ex 3 day 183;11;516;0,0068;3,4653;2,9882;2,8300;510,4400;112;909;37336
Ex 3 day 183;11;517;0,0068;2,6483;2,1616;3,7700;390,1000;29;829;37336
Ex 3 day 183;11;518;0,0068;2,5894;2,0674;2,8300;381,4200;69;867;37336
Ex 3 day 183;11;519;0,0068;3,2773;2,2895;2,8300;482,7500;136;816;37336
Ex 3 day 183;11;520;0,0068;2,2958;1,5708;5,6600;338,1700;0;819;37336
Ex 3 day 183;11;521;0,0068;2,3512;1,6925;2,8300;346,3400;0;797;37336
Ex 3 day 183;11;522;0,0068;3,5325;2,4191;3,7700;520,3500;208;806;37336
Ex 3 day 183;11;523;0,0068;2,4819;1,8454;3,3000;365,5900;161;866;37336
Ex 3 day 183;11;524;0,0068;2,9971;1,8071;3,3000;441,4800;180;820;37336
Ex 3 day 183;11;525;0,0068;2,5373;2,2000;2,8300;373,7500;165;885;37336
Ex 3 day 183;11;526;0,0068;3,0234;2,5071;2,8300;445,3500;153;887;37336
Ex 3 day 183;11;527;0,0068;2,7541;2,3074;2,8300;405,6900;156;761;37336
Ex 3 day 183;11;528;0,0068;2,4840;1,8453;2,8300;365,8900;83;725;37336
Ex 3 day 183;11;529;0,0068;2,7835;2,2087;2,8300;410,0200;152;772;37336
Ex 3 day 183;11;530;0,0068;2,5742;1,8639;3,3000;379,1900;158;929;37336
Ex 3 day 183;11;531;0,0068;2,0129;1,9603;4,2400;296,5100;157;916;37336
Ex 3 day 183;11;532;0,0068;2,3631;2,0243;3,7700;348,1000;207;882;37336
Ex 3 day 183;11;533;0,0068;2,9968;2,3996;2,8300;441,4400;50;821;37336
Ex 3 day 183;11;534;0,0068;3,4915;2,6895;2,8300;514,3000;30;854;37336
Ex 3 day 183;11;535;0,0068;2,7882;2,0152;2,8300;410,7000;47;803;37336
Ex 3 day 183;11;536;0,0068;2,0000;1,8428;2,8300;294,6100;41;882;37336
Ex 3 day 183;11;537;0,0068;2,5043;2,1641;2,8300;368,8800;55;887;37336
Ex 3 day 183;11;538;0,0068;3,0376;2,5867;2,8300;447,4400;62;839;37336
Ex 3 day 183;11;539;0,0068;2,3655;1,8140;2,8300;348,4400;185;891;37336
Ex 3 day 183;11;540;0,0068;2,3759;1,8650;2,8300;349,9700;133;929;37336
Ex 3 day 183;11;541;0,0068;2,5211;1,9862;2,8300;371,3700;210;834;37336
Ex 3 day 183;11;542;0,0068;1,7478;1,5085;4,7100;257,4500;77;792;37336
Ex 3 day 183;11;543;0,0068;1,8124;1,7859;4,7100;266,9600;115;818;37336
Ex 3 day 183;11;544;0,0068;2,0316;1,6435;2,8300;299,2600;189;905;37336
Ex 3 day 183;11;545;0,0068;2,0811;1,5938;3,3000;306,5500;132;840;37336
Ex 3 day 183;11;546;0,0068;1,5803;1,2750;3,7700;232,7800;111;897;37336
Ex 3 day 183;11;547;0,0068;2,2776;1,7042;2,8300;335,5000;103;890;37336
Ex 3 day 183;11;548;0,0068;2,5654;2,1314;2,8300;377,8900;111;793;37336
Ex 3 day 183;11;549;0,0068;2,0527;1,5522;2,8300;302,3600;64;767;37336
Ex 3 day 183;11;550;0,0068;2,0645;1,5372;2,8300;304,1000;20;802;37336
Ex 3 day 183;11;551;0,0068;2,0572;1,5455;2,8300;303,0300;190;783;37336
Ex 3 day 183;11;552;0,0068;2,1540;1,7774;2,8300;317,2800;134;889;37336
Ex 3 day 183;11;553;0,0068;2,0344;1,8094;2,8300;299,6600;158;850;37336
Ex 3 day 183;11;554;0,0068;2,6819;2,2411;2,8300;395,0400;58;855;37336
Ex 3 day 183;11;555;0,0068;2,3762;1,6518;2,8300;350,0200;56;764;37336
Ex 3 day 183;11;556;0,0068;2,2504;1,9377;2,8300;331,4800;85;762;37336
Ex 3 day 183;11;557;0,0068;2,0925;1,2351;4,2400;308,2300;20;818;37336
Ex 3 day 183;11;558;0,0068;2,7336;1,8147;2,8300;402,6600;70;850;37336
Ex 3 day 183;11;559;0,0068;1,9204;1,2597;2,8300;282,8800;108;843;37336
Ex 3 day 183;11;560;0,0068;2,2612;1,5150;2,8300;333,0800;72;884;37336
Ex 3 day 183;11;561;0,0068;2,5008;2,0130;2,8300;368,3700;37;810;37336
Ex 3 day 183;11;562;0,0068;1,8828;1,5216;2,8300;277,3400;117;864;37336
Ex 3 day 183;11;563;0,0068;1,6204;1,4178;2,8300;238,6800;58;752;37336
Ex 3 day 183;11;564;0,0068;1,6927;1,4256;3,3000;249,3400;98;854;37336
Ex 3 day 183;11;565;0,0068;2,1824;1,8434;2,8300;321,4700;181;833;37336
Ex 3 day 183;11;566;0,0068;2,1998;1,7675;2,8300;324,0300;99;867;37336
Ex 3 day 183;11;567;0,0068;2,6605;2,0273;2,8300;391,9000;91;778;37336
Ex 3 day 183;11;568;0,0068;2,1270;1,5760;2,8300;313,3000;178;767;37336
Ex 3 day 183;11;569;0,0068;2,0989;1,4876;2,8300;309,1700;166;761;37336
Ex 3 day 183;11;570;0,0068;1,7355;1,3614;4,7100;255,6400;134;802;37336
Ex 3 day 183;11;571;0,0068;2,3171;1,7317;2,8300;341,3100;130;872;37336
Ex 3 day 183;11;572;0,0068;2,2997;1,7019;2,8300;338,7500;49;828;37336
Ex 3 day 183;11;573;0,0068;1,4530;1,2857;2,8300;214,0300;149;902;37336
Ex 3 day 183;11;574;0,0068;2,1443;1,7926;2,8300;315,8600;109;874;37336
Ex 3 day 183;11;575;0,0068;1,9146;1,4733;2,8300;282,0200;134;914;37336
Ex 3 day 183;11;576;0,0068;2,4804;2,1595;2,8300;365,3700;161;827;37336
Ex 3 day 183;11;577;0,0068;1,5619;1,1816;2,8300;230,0700;105;809;37336
Ex 3 day 183;11;578;0,0068;2,6943;2,1006;2,8300;396,8700;156;799;37336
Ex 3 day 183;11;579;0,0068;2,1105;1,8580;2,8300;310,8800;122;888;37336
Ex 3 day 183;11;580;0,0068;1,5680;1,2515;2,8300;230,9700;33;763;37336
Ex 3 day 183;11;581;0,0068;1,9476;1,6658;2,8300;286,8900;145;873;37336
Ex 3 day 183;11;582;0,0068;2,2324;1,7196;2,8300;328,8300;95;722;37336
Ex 3 day 183;11;583;0,0068;1,3690;1,1984;4,2400;201,6500;42;851;37336
Ex 3 day 183;11;584;0,0068;2,3270;1,2106;4,2400;342,7800;48;837;37336
Ex 3 day 183;11;585;0,0068;1,8206;1,2990;2,8300;268,1800;10;758;37336
Ex 3 day 183;11;586;0,0068;1,5402;1,2689;3,7700;226,8800;148;785;37336
Ex 3 day 183;11;587;0,0068;1,5887;1,3734;2,8300;234,0100;135;783;37336
Ex 3 day 183;11;588;0,0068;1,9193;1,1625;3,3000;282,7200;21;849;37336
Ex 3 day 183;11;589;0,0068;2,2547;1,5724;2,8300;332,1300;162;793;37336
Ex 3 day 183;11;590;0,0068;2,2512;1,7111;2,8300;331,6000;145;930;37336
Ex 3 day 183;11;591;0,0068;1,8963;1,5287;2,8300;279,3300;98;737;37336
Ex 3 day 183;11;592;0,0068;1,4888;1,2943;2,8300;219,3000;11;808;37336
Ex 3 day 183;11;593;0,0068;2,1466;1,5159;2,8300;316,2000;140;832;37336
Ex 3 day 183;11;594;0,0068;2,4962;1,5789;3,3000;367,7000;123;777;37336
Ex 3 day 183;11;595;0,0068;2,0454;1,7235;2,8300;301,2900;193;823;37336
Ex 3 day 183;11;596;0,0068;2,2963;1,5106;2,8300;338,2500;101;838;37336
Ex 3 day 183;11;597;0,0068;1,5011;1,5214;2,8300;221,1100;42;816;37336
Ex 3 day 183;11;598;0,0068;2,5419;1,9430;2,8300;374,4300;86;860;37336
Ex 3 day 183;11;599;0,0068;1,9007;1,4155;3,7700;279,9700;36;797;37336
Ex 3 day 183;11;600;0,0068;2,1710;1,7697;2,8300;319,7900;187;845;37336
Ex 3 day 183;11;601;0,0068;1,8968;1,5254;2,8300;279,4000;126;901;37336
Ex 3 day 183;11;602;0,0068;2,1995;1,7119;2,8300;323,9900;200;779;37336
Ex 3 day 183;11;603;0,0068;2,0758;1,5852;2,8300;305,7600;195;812;37336
Ex 3 day 183;11;604;0,0068;1,2745;1,0471;5,1900;187,7300;174;914;37336
Ex 3 day 183;11;605;0,0068;2,2744;1,7515;3,7700;335,0300;84;827;37336
Ex 3 day 183;11;606;0,0068;1,9895;1,4905;2,8300;293,0500;95;762;37336
Ex 3 day 183;11;607;0,0068;1,6693;1,5021;2,8300;245,8900;94;737;37336
Ex 3 day 183;11;608;0,0068;1,9637;1,6062;2,8300;289,2600;3;851;37336
Ex 3 day 183;11;609;0,0068;1,9567;1,3397;3,3000;288,2200;164;783;37336
Ex 3 day 183;11;610;0,0068;2,2427;1,7945;2,8300;330,3600;159;833;37336
Ex 3 day 183;11;611;0,0068;2,2091;1,5735;2,8300;325,4000;108;748;37336
Ex 3 day 183;11;612;0,0068;1,7582;1,3682;2,8300;258,9900;71;753;37336
Ex 3 day 183;11;613;0,0068;1,4517;1,1088;5,1900;213,8300;76;778;37336
Ex 3 day 183;11;614;0,0068;1,0379;0,9377;2,8300;152,8800;147;912;37336
Ex 3 day 183;11;615;0,0068;1,7002;1,2282;3,7700;250,4400;168;772;37336
Ex 3 day 183;11;616;0,0068;2,4119;1,7600;2,8300;355,2800;125;926;37336
Ex 3 day 183;11;617;0,0068;2,6285;1,7113;2,8300;387,1900;147;892;37336
Ex 3 day 183;11;618;0,0068;1,8231;1,5356;2,8300;268,5500;194;770;37336
Ex 3 day 183;11;619;0,0068;2,1702;1,8668;2,8300;319,6700;79;763;37336
Ex 3 day 183;11;620;0,0068;1,7511;1,3070;2,8300;257,9400;79;887;37336
Ex 3 day 183;11;621;0,0068;1,2193;1,0376;2,8300;179,6000;161;902;37336
Ex 3 day 183;11;622;0,0068;1,3033;1,1343;3,7700;191,9800;69;803;37336
Ex 3 day 183;11;623;0,0068;2,0400;1,6424;2,8300;300,4900;78;861;37336
Ex 3 day 183;11;624;0,0068;2,2122;1,6172;2,8300;325,8700;202;789;37336
Ex 3 day 183;11;625;0,0068;1,9997;1,5705;2,8300;294,5600;56;816;37336
Ex 3 day 183;11;626;0,0068;1,5324;1,0750;2,8300;225,7300;188;914;37336
Ex 3 day 183;11;627;0,0068;1,6166;1,1959;3,3000;238,1300;97;791;37336
Ex 3 day 183;11;628;0,0068;2,6620;1,9675;2,8300;392,1100;82;872;37336
Ex 3 day 183;11;629;0,0068;1,7716;1,5105;2,8300;260,9600;84;750;37336
Ex 3 day 183;11;630;0,0068;2,0581;1,7018;2,8300;303,1700;56;863;37336
Ex 3 day 183;11;631;0,0068;1,8458;1,3874;2,8300;271,8900;50;731;37336
Ex 3 day 183;11;632;0,0068;1,9544;1,3441;2,8300;287,8900;200;905;37336
Ex 3 day 183;11;633;0,0068;1,6877;1,4364;2,8300;248,6000;148;874;37336
Ex 3 day 183;11;634;0,0068;0,9627;1,2164;4,2400;141,8100;28;876;37336
Ex 3 day 183;11;635;0,0068;1,6816;1,2889;2,8300;247,7000;86;890;37336
Ex 3 day 183;11;636;0,0068;1,6294;1,0741;2,8300;240,0100;48;767;37336
Ex 3 day 183;11;637;0,0068;1,5134;1,2106;2,8300;222,9300;75;843;37336
Ex 3 day 183;11;638;0,0068;1,0081;1,2213;4,2400;148,4900;116;875;37336
Ex 3 day 183;11;639;0,0068;1,3882;0,9279;2,8300;204,4900;20;792;37336
Ex 3 day 183;11;640;0,0068;1,3494;1,1821;2,8300;198,7700;142;762;37336
Ex 3 day 183;11;641;0,0068;1,3649;1,0197;2,8300;201,0500;50;868;37336
Ex 3 day 183;11;642;0,0068;2,2452;1,6190;2,8300;330,7200;174;869;37336
Ex 3 day 183;11;643;0,0068;2,3132;1,6301;2,8300;340,7400;183;772;37336
Ex 3 day 183;11;644;0,0068;1,3312;1,0966;2,8300;196,0900;83;903;37336
Ex 3 day 183;11;645;0,0068;1,4661;1,2827;2,8300;215,9500;173;894;37336
Ex 3 day 183;11;646;0,0068;1,4757;1,1280;2,8300;217,3800;11;855;37336
Ex 3 day 183;11;647;0,0068;2,4409;1,8611;2,8300;359,5500;155;788;37336
Ex 3 day 183;12;648;0,0085;3,4353;2,9072;2,8300;404,9000;765;911;13394
Ex 3 day 183;12;649;0,0085;3,6413;2,9165;2,8300;429,1800;787;980;13394
Ex 3 day 183;12;650;0,0085;3,2245;2,5804;2,8300;380,0500;780;946;13394
Ex 3 day 183;12;651;0,0085;3,1932;2,5816;2,8300;376,3700;756;922;13394
Ex 3 day 183;12;652;0,0085;2,5404;2,1784;2,8300;299,4200;826;958;13394
Ex 3 day 183;12;653;0,0085;2,3907;1,7347;3,7700;281,7700;767;976;13394
Ex 3 day 183;12;654;0,0085;2,7935;2,2932;2,8300;329,2600;762;953;13394
Ex 3 day 183;12;655;0,0085;2,3365;1,9293;2,8300;275,3900;765;963;13394
Ex 3 day 183;12;656;0,0085;2,6074;2,1200;2,8300;307,3200;742;890;13394
Ex 3 day 183;12;657;0,0085;2,8222;2,4608;2,8300;332,6400;813;982;13394
Ex 3 day 183;12;658;0,0085;2,7691;2,3955;2,8300;326,3800;752;958;13394
Ex 3 day 183;12;659;0,0085;2,3314;2,0673;2,8300;274,7900;811;908;13394
Ex 3 day 183;12;660;0,0085;3,0423;2,5502;2,8300;358,5800;746;975;13394
Ex 3 day 183;12;661;0,0085;2,6176;2,0107;2,8300;308,5200;771;879;13394
Ex 3 day 183;12;662;0,0085;2,3284;1,6845;3,3000;274,4400;792;899;13394
Ex 3 day 183;12;663;0,0085;2,1173;1,6656;3,7700;249,5500;788;915;13394
Ex 3 day 183;12;664;0,0085;2,1694;1,7853;2,8300;255,6900;775;924;13394
Ex 3 day 183;12;665;0,0085;2,6336;1,5871;3,3000;310,4100;766;996;13394
Ex 3 day 183;12;666;0,0085;2,1111;1,5549;2,8300;248,8300;769;957;13394
Ex 3 day 183;12;667;0,0085;2,3017;1,9005;3,3000;271,3000;832;934;13394
Ex 3 day 183;12;668;0,0085;1,6382;1,4097;2,8300;193,0900;797;871;13394
Ex 3 day 183;12;669;0,0085;1,8667;1,5529;2,8300;220,0100;765;935;13394
Ex 3 day 183;12;670;0,0085;1,6819;1,3499;2,8300;198,2400;762;896;13394
Ex 3 day 183;12;671;0,0085;2,1435;1,3850;3,3000;252,6500;781;973;13394
Ex 3 day 183;12;672;0,0085;2,4155;2,0562;2,8300;284,7100;797;934;13394
Ex 3 day 183;12;673;0,0085;2,4510;1,7382;2,8300;288,8800;795;996;13394
Ex 3 day 183;12;674;0,0085;2,3642;1,7223;2,8300;278,6600;762;878;13394
Ex 3 day 183;12;675;0,0085;2,5083;1,8955;2,8300;295,6400;751;883;13394
Ex 3 day 183;12;676;0,0085;1,6227;1,1101;2,8300;191,2600;818;974;13394
Ex 3 day 183;12;677;0,0085;2,2857;1,8673;2,8300;269,4100;802;913;13394
Ex 3 day 183;12;678;0,0085;2,2943;1,7975;2,8300;270,4200;784;862;13394
Ex 3 day 183;12;679;0,0085;2,0196;1,7660;2,8300;238,0400;781;870;13394
Ex 3 day 183;12;680;0,0085;2,0628;1,5823;2,8300;243,1300;779;992;13394
Ex 3 day 183;12;681;0,0085;2,2854;1,7432;2,8300;269,3700;781;929;13394
Ex 3 day 183;12;682;0,0085;1,9663;1,4894;2,8300;231,7500;777;963;13394
Ex 3 day 183;12;683;0,0085;1,9695;1,6666;2,8300;232,1400;749;896;13394
Ex 3 day 183;12;684;0,0085;1,9858;1,5535;2,8300;234,0500;756;904;13394
Ex 3 day 183;12;685;0,0085;1,6063;1,1998;2,8300;189,3300;818;952;13394
Ex 3 day 183;12;686;0,0085;1,6606;1,5140;2,8300;195,7300;748;946;13394
Ex 3 day 183;12;687;0,0085;2,2133;1,6220;2,8300;260,8700;790;862;13394
Ex 3 day 183;12;688;0,0085;2,0808;1,5447;2,8300;245,2500;784;962;13394
Ex 3 day 183;12;689;0,0085;2,1699;1,7409;2,8300;255,7600;769;871;13394
Ex 3 day 183;12;690;0,0085;1,8877;1,5349;2,8300;222,5000;739;905;13394
Ex 3 day 183;12;691;0,0085;2,0046;1,6786;2,8300;236,2700;751;930;13394
Ex 3 day 183;12;692;0,0085;1,5477;1,3169;2,8300;182,4200;792;942;13394
Ex 3 day 183;12;693;0,0085;1,6007;1,2755;2,8300;188,6600;821;936;13394
Ex 3 day 183;12;694;0,0085;0,9593;0,7787;2,8300;113,0600;764;985;13394
Ex 3 day 184;1;1;0,0699;3,6369;2,7475;3,7700;52,0000;403;273;15176
Ex 3 day 184;1;2;0,0699;3,3077;2,5260;3,7700;47,2900;415;306;15176
Ex 3 day 184;1;3;0,0699;3,3988;2,3553;3,3000;48,5900;407;252;15176
Ex 3 day 184;1;4;0,0699;3,1095;2,0548;4,2400;44,4600;415;241;15176
Ex 3 day 184;1;5;0,0699;3,0029;2,3474;3,7700;42,9300;450;219;15176
Ex 3 day 184;1;6;0,0699;2,7879;2,3286;3,7700;39,8600;358;277;15176
Ex 3 day 184;1;7;0,0699;3,0082;2,2107;3,3000;43,0100;359;303;15176
Ex 3 day 184;1;8;0,0699;2,5822;1,7945;4,7100;36,9200;340;289;15176
Ex 3 day 184;1;9;0,0699;2,7801;2,0465;3,7700;39,7500;374;288;15176
Ex 3 day 184;1;10;0,0699;2,4395;1,7344;3,3000;34,8800;427;271;15176
Ex 3 day 184;1;11;0,0699;2,3643;1,7022;3,3000;33,8000;332;313;15176
Ex 3 day 184;1;12;0,0699;2,8012;1,9923;3,7700;40,0500;414;226;15176
Ex 3 day 184;1;13;0,0699;2,4207;1,8720;3,7700;34,6100;317;292;15176
Ex 3 day 184;1;14;0,0699;2,5127;1,7226;3,3000;35,9200;450;263;15176
Ex 3 day 184;1;15;0,0699;2,1034;1,6310;2,8300;30,0700;376;269;15176
Ex 3 day 184;1;16;0,0699;1,8266;1,2853;3,3000;26,1200;399;301;15176
Ex 3 day 184;2;17;0,0379;4,4315;3,1492;3,3000;116,8800;712;516;19620
Ex 3 day 184;2;18;0,0379;4,0095;2,7947;3,3000;105,7500;645;576;19620
Ex 3 day 184;2;19;0,0379;3,8948;3,0582;3,7700;102,7300;670;597;19620
Ex 3 day 184;2;20;0,0379;3,8853;2,9391;3,7700;102,4800;685;508;19620
Ex 3 day 184;2;21;0,0379;3,7234;3,2193;2,8300;98,2100;659;571;19620
Ex 3 day 184;2;22;0,0379;3,7436;2,8308;3,7700;98,7400;691;535;19620
Ex 3 day 184;2;23;0,0379;3,6849;2,7033;3,7700;97,1900;637;597;19620
Ex 3 day 184;2;24;0,0379;3,7198;2,6812;3,7700;98,1100;639;561;19620
Ex 3 day 184;2;25;0,0379;3,4163;2,4530;2,8300;90,1100;648;494;19620
Ex 3 day 184;2;26;0,0379;2,8320;2,3395;3,7700;74,7000;627;510;19620
Ex 3 day 184;2;27;0,0379;2,8369;2,4804;2,8300;74,8300;699;569;19620
Ex 3 day 184;2;28;0,0379;2,0288;1,3928;4,2400;53,5100;721;536;19620
Ex 3 day 184;2;29;0,0379;2,9665;2,1096;3,7700;78,2400;707;614;19620
Ex 3 day 184;2;30;0,0379;2,5163;2,1156;2,8300;66,3700;693;581;19620
Ex 3 day 184;2;31;0,0379;2,5541;2,1969;2,8300;67,3700;729;524;19620
Ex 3 day 184;2;32;0,0379;1,8249;1,6032;2,8300;48,1300;689;567;19620
Ex 3 day 184;2;33;0,0379;2,1091;1,4953;3,3000;55,6300;657;581;19620
Ex 3 day 184;2;34;0,0379;1,5241;1,2323;3,7700;40,2000;682;556;19620
Ex 3 day 184;2;35;0,0379;1,8298;1,3195;2,8300;48,2600;723;548;19620
Ex 3 day 184;2;36;0,0379;1,5869;0,8752;3,3000;41,8600;678;543;19620
Ex 3 day 184;2;37;0,0379;2,6267;2,1797;2,8300;69,2800;728;590;19620
Ex 3 day 184;2;38;0,0379;1,9502;1,5812;2,8300;51,4400;678;569;19620
Ex 3 day 184;2;39;0,0379;1,6342;1,3847;2,8300;43,1000;638;531;19620
Ex 3 day 184;2;40;0,0379;1,8730;1,6873;2,8300;49,4000;735;552;19620
Ex 3 day 184;2;41;0,0379;1,8680;1,5988;2,8300;49,2700;700;557;19620
Ex 3 day 184;2;42;0,0379;1,5766;1,1275;3,3000;41,5800;670;535;19620
Ex 3 day 184;2;43;0,0379;1,7861;1,1574;3,3000;47,1100;671;557;19620
Ex 3 day 184;2;44;0,0379;1,5933;1,2273;4,2400;42,0200;671;500;19620
Ex 3 day 184;2;45;0,0379;2,1158;1,4988;3,7700;55,8100;641;610;19620
Ex 3 day 184;2;46;0,0379;1,5339;1,0618;2,8300;40,4600;672;546;19620
Ex 3 day 184;2;47;0,0379;2,1436;1,6673;2,8300;56,5400;648;515;19620
Ex 3 day 184;2;48;0,0379;2,0480;1,6342;2,8300;54,0200;657;522;19620
Ex 3 day 184;2;49;0,0379;1,6546;1,2358;2,8300;43,6400;734;572;19620
Ex 3 day 184;2;50;0,0379;2,0874;1,6270;2,8300;55,0600;720;532;19620
Ex 3 day 184;2;51;0,0379;1,8706;1,4265;2,8300;49,3400;624;534;19620
Ex 3 day 184;3;52;0,1231;2,5370;2,1131;2,8300;20,6100;669;788;7873
Ex 3 day 184;3;53;0,1231;2,8692;2,5527;2,8300;23,3100;662;812;7873
Ex 3 day 184;3;54;0,1231;3,1006;2,3502;2,8300;25,1900;654;770;7873
Ex 3 day 184;3;55;0,1231;2,6464;2,3260;2,8300;21,5000;697;804;7873
Ex 3 day 184;3;56;0,1231;2,4626;1,6110;3,3000;20,0100;674;820;7873
Ex 3 day 184;3;57;0,1231;2,4831;1,8068;3,7700;20,1700;676;798;7873
Ex 3 day 184;3;58;0,1231;2,1165;1,2945;4,2400;17,1900;633;748;7873
Ex 3 day 184;3;59;0,1231;2,2772;1,9588;2,8300;18,5000;657;789;7873
Ex 3 day 185;1;1;0,0588;3,4278;2,3878;3,3000;58,2700;836;239;8457
Ex 3 day 185;1;2;0,0588;3,0157;2,0397;3,3000;51,2700;823;222;8457
Ex 3 day 185;1;3;0,0588;2,6303;2,0482;3,7700;44,7200;796;267;8457
Ex 3 day 185;1;4;0,0588;2,1204;1,5848;3,3000;36,0500;781;260;8457
Ex 3 day 185;1;5;0,0588;2,3795;1,7472;3,3000;40,4500;806;271;8457
Ex 3 day 185;1;6;0,0588;1,7953;1,1620;3,3000;30,5200;792;281;8457
Ex 3 day 185;1;7;0,0588;1,8250;1,4097;3,7700;31,0300;859;271;8457
Ex 3 day 185;1;8;0,0588;1,2505;0,8897;4,2400;21,2600;846;256;8457
Ex 3 day 185;2;9;0,0508;3,9159;3,4111;2,8300;77,1000;824;338;7959
Ex 3 day 185;2;10;0,0508;3,8712;2,7903;3,3000;76,2200;873;348;7959
Ex 3 day 185;2;11;0,0508;3,6406;2,9365;2,8300;71,6800;826;350;7959
Ex 3 day 185;2;12;0,0508;3,2582;2,5472;3,7700;64,1500;807;336;7959
Ex 3 day 185;2;13;0,0508;3,4793;2,2388;3,3000;68,5100;868;318;7959
Ex 3 day 185;2;14;0,0508;3,0646;2,3436;3,7700;60,3400;854;352;7959
Ex 3 day 185;2;15;0,0508;3,3428;2,3610;3,7700;65,8200;825;365;7959
Ex 3 day 185;2;16;0,0508;3,0152;2,0799;3,3000;59,3700;790;348;7959
Ex 3 day 185;2;17;0,0508;2,5676;1,7041;4,2400;50,5600;810;356;7959
Ex 3 day 185;2;18;0,0508;2,5297;2,0539;3,7700;49,8100;844;307;7959
Ex 3 day 185;2;19;0,0508;1,9781;1,4924;3,3000;38,9500;834;343;7959
Ex 3 day 185;2;20;0,0508;2,2553;1,9071;2,8300;44,4100;777;321;7959
Ex 3 day 185;2;21;0,0508;2,6026;1,7468;3,3000;51,2500;821;325;7959
Ex 3 day 185;2;22;0,0508;2,1910;1,6444;3,7700;43,1400;851;339;7959
Ex 3 day 185;2;23;0,0508;1,9032;1,2525;3,3000;37,4700;808;315;7959
Ex 3 day 185;2;24;0,0508;2,1540;1,8445;2,8300;42,4100;803;344;7959
Ex 3 day 185;3;25;-0,0286;4,3613;3,1304;3,3000;-152,2600;719;390;22211
Ex 3 day 185;3;26;-0,0286;3,9525;3,0954;3,7700;-137,9900;735;366;22211
Ex 3 day 185;3;27;-0,0286;3,9961;2,9560;3,7700;-139,5100;771;380;22211
Ex 3 day 185;3;28;-0,0286;3,8203;2,4581;4,2400;-133,3800;715;365;22211
Ex 3 day 185;3;29;-0,0286;3,4436;2,3069;4,2400;-120,2200;681;357;22211
Ex 3 day 185;3;30;-0,0286;3,8187;3,4131;2,8300;-133,3200;745;430;22211
Ex 3 day 185;3;31;-0,0286;3,7425;2,3564;4,2400;-130,6600;704;436;22211
Ex 3 day 185;3;32;-0,0286;3,6434;2,7062;3,7700;-127,2000;662;385;22211
Ex 3 day 185;3;33;-0,0286;3,3905;2,4481;3,3000;-118,3700;777;434;22211
Ex 3 day 185;3;34;-0,0286;3,1080;2,0995;3,3000;-108,5100;712;351;22211
Ex 3 day 185;3;35;-0,0286;3,4321;2,4501;3,3000;-119,8200;777;399;22211
Ex 3 day 185;3;36;-0,0286;3,0298;2,2664;3,7700;-105,7800;703;340;22211
Ex 3 day 185;3;37;-0,0286;2,4610;1,8815;3,3000;-85,9200;785;424;22211
Ex 3 day 185;3;38;-0,0286;2,4618;1,9707;3,7700;-85,9500;705;401;22211
Ex 3 day 185;3;39;-0,0286;2,5584;2,0194;2,8300;-89,3200;813;404;22211
Ex 3 day 185;3;40;-0,0286;1,6793;1,2660;3,7700;-58,6300;817;430;22211
Ex 3 day 185;3;41;-0,0286;1,7604;1,4361;2,8300;-61,4600;764;415;22211
Ex 3 day 185;3;42;-0,0286;1,8095;1,3800;2,8300;-63,1700;750;392;22211
Ex 3 day 185;3;43;-0,0286;1,0984;1,0072;2,8300;-38,3500;756;368;22211
Ex 3 day 185;3;44;-0,0286;1,6432;1,4309;2,8300;-57,3700;687;385;22211
Ex 3 day 185;3;45;-0,0286;2,3513;1,6362;2,8300;-82,0900;756;388;22211
Ex 3 day 185;3;46;-0,0286;1,9143;1,5705;2,8300;-66,8300;759;428;22211
Ex 3 day 185;3;47;-0,0286;1,9074;1,4234;4,2400;-66,5900;785;403;22211
Ex 3 day 185;3;48;-0,0286;1,5782;1,1044;2,8300;-55,1000;773;354;22211
Ex 3 day 185;4;49;0,0308;3,6336;2,4338;3,3000;117,8700;600;573;20744
Ex 3 day 185;4;50;0,0308;3,4729;2,4696;3,3000;112,6600;552;597;20744
Ex 3 day 185;4;51;0,0308;3,2570;2,7997;2,8300;105,6500;634;604;20744
Ex 3 day 185;4;52;0,0308;3,0019;2,0838;4,2400;97,3800;541;528;20744
Ex 3 day 185;4;53;0,0308;2,8059;2,2167;3,7700;91,0200;611;556;20744
Ex 3 day 185;4;54;0,0308;3,3137;2,4183;3,7700;107,4900;565;611;20744
Ex 3 day 185;4;55;0,0308;3,2796;2,4285;3,7700;106,3900;613;593;20744
Ex 3 day 185;4;56;0,0308;2,7927;2,1073;4,7100;90,5900;575;557;20744
Ex 3 day 185;4;57;0,0308;2,7653;1,7814;3,3000;89,7000;562;591;20744
Ex 3 day 185;4;58;0,0308;3,1288;2,1616;3,3000;101,4900;631;633;20744
Ex 3 day 185;4;59;0,0308;2,8898;1,9710;3,3000;93,7400;591;559;20744
Ex 3 day 185;4;60;0,0308;2,4916;1,7916;3,3000;80,8200;526;581;20744
Ex 3 day 185;4;61;0,0308;2,6757;2,0136;3,7700;86,8000;533;593;20744
Ex 3 day 185;4;62;0,0308;2,8886;2,2098;3,7700;93,7000;585;534;20744
Ex 3 day 185;4;63;0,0308;2,2105;1,7427;4,2400;71,7000;512;578;20744
Ex 3 day 185;4;64;0,0308;2,6195;1,7051;4,2400;84,9700;531;545;20744
Ex 3 day 185;4;65;0,0308;1,7437;1,3446;3,7700;56,5600;541;567;20744
Ex 3 day 185;4;66;0,0308;1,7166;1,2318;5,1900;55,6900;545;582;20744
Ex 3 day 185;4;67;0,0308;2,5514;1,6738;4,2400;82,7600;627;546;20744
Ex 3 day 185;4;68;0,0308;2,0165;1,4124;3,7700;65,4100;614;573;20744
Ex 3 day 185;4;69;0,0308;2,0698;1,5200;3,7700;67,1400;596;517;20744
Ex 3 day 185;4;70;0,0308;2,0291;1,4903;3,3000;65,8200;591;603;20744
Ex 3 day 185;4;71;0,0308;2,3254;1,4467;3,3000;75,4300;582;610;20744
Ex 3 day 185;4;72;0,0308;2,0299;1,5164;3,3000;65,8500;654;600;20744
Ex 3 day 185;4;73;0,0308;1,8473;1,4622;4,2400;59,9200;651;612;20744
Ex 3 day 185;4;74;0,0308;2,1946;1,5730;3,3000;71,1900;602;549;20744
Ex 3 day 185;4;75;0,0308;1,6232;1,1213;4,2400;52,6500;547;551;20744
Ex 3 day 185;4;76;0,0308;1,7357;1,3465;3,7700;56,3000;650;525;20744
Ex 3 day 185;4;77;0,0308;2,0847;1,5246;3,7700;67,6300;585;541;20744
Ex 3 day 185;4;78;0,0308;2,0035;1,7226;2,8300;64,9900;573;581;20744
Ex 3 day 185;4;79;0,0308;1,3204;0,9453;4,2400;42,8300;529;569;20744
Ex 3 day 185;4;80;0,0308;1,6237;1,1113;3,3000;52,6700;599;586;20744
Ex 3 day 185;5;81;-0,0184;4,1840;3,6651;2,8300;-227,1200;721;629;14850
Ex 3 day 185;5;82;-0,0184;3,1172;2,1927;4,7100;-169,2100;745;631;14850
Ex 3 day 185;5;83;-0,0184;3,1426;2,3779;3,7700;-170,5900;772;610;14850
Ex 3 day 185;5;84;-0,0184;3,2242;2,3919;3,7700;-175,0200;754;605;14850
Ex 3 day 185;5;85;-0,0184;2,6742;1,7763;3,3000;-145,1600;738;608;14850
Ex 3 day 185;5;86;-0,0184;2,6172;2,0011;3,7700;-142,0700;679;623;14850
Ex 3 day 185;5;87;-0,0184;2,8245;2,0999;3,7700;-153,3200;700;626;14850
Ex 3 day 185;5;88;-0,0184;2,3891;1,6906;3,3000;-129,6900;758;640;14850
Ex 3 day 185;5;89;-0,0184;2,1644;1,4840;3,3000;-117,4900;737;621;14850
Ex 3 day 185;5;90;-0,0184;2,7486;2,1918;3,7700;-149,2000;753;583;14850
Ex 3 day 185;5;91;-0,0184;2,3572;1,6075;3,3000;-127,9600;704;638;14850
Ex 3 day 185;5;92;-0,0184;2,7452;1,8501;3,3000;-149,0200;772;642;14850
Ex 3 day 185;5;93;-0,0184;2,2144;1,9968;2,8300;-120,2000;728;634;14850
Ex 3 day 185;5;94;-0,0184;2,1135;1,5231;3,3000;-114,7200;686;642;14850
Ex 3 day 185;5;95;-0,0184;1,7410;1,1325;3,3000;-94,5100;771;627;14850
Ex 3 day 185;5;96;-0,0184;1,5548;1,1785;3,7700;-84,4000;667;625;14850
Ex 3 day 185;6;97;0,0457;3,3017;2,4882;3,7700;72,2000;843;759;13754
Ex 3 day 185;6;98;0,0457;3,3158;2,3360;3,3000;72,5100;913;775;13754
Ex 3 day 185;6;99;0,0457;3,5572;2,4814;3,3000;77,7900;859;764;13754
Ex 3 day 185;6;100;0,0457;2,8004;2,1306;3,7700;61,2400;862;732;13754
Ex 3 day 185;6;101;0,0457;2,5486;2,2252;2,8300;55,7300;863;757;13754
Ex 3 day 185;6;102;0,0457;2,1468;1,6460;4,2400;46,9500;857;743;13754
Ex 3 day 185;6;103;0,0457;2,2803;1,6555;3,3000;49,8600;840;775;13754
Ex 3 day 185;6;104;0,0457;2,2589;1,7222;3,3000;49,4000;862;709;13754
Ex 3 day 185;6;105;0,0457;1,9456;1,2778;4,2400;42,5400;853;800;13754
Ex 3 day 185;6;106;0,0457;1,7392;1,0318;3,3000;38,0300;910;750;13754
Ex 3 day 185;6;107;0,0457;1,8404;1,2876;3,3000;40,2500;831;755;13754
Ex 3 day 185;6;108;0,0457;1,9890;1,5014;3,7700;43,4900;856;697;13754
Ex 3 day 185;7;109;0,0508;4,0296;2,8189;3,3000;79,3900;226;815;17895
Ex 3 day 185;7;110;0,0508;3,9251;2,5167;4,2400;77,3300;261;827;17895
Ex 3 day 185;7;111;0,0508;3,9306;3,0358;3,7700;77,4400;208;772;17895
Ex 3 day 185;7;112;0,0508;3,5478;2,5697;3,3000;69,9000;168;835;17895
Ex 3 day 185;7;113;0,0508;3,5242;2,2545;4,2400;69,4300;224;830;17895
Ex 3 day 185;7;114;0,0508;3,0202;2,5974;2,8300;59,5000;230;857;17895
Ex 3 day 185;7;115;0,0508;3,6128;2,7185;3,7700;71,1800;264;770;17895
Ex 3 day 185;7;116;0,0508;3,1611;2,1274;4,2400;62,2800;155;845;17895
Ex 3 day 185;7;117;0,0508;3,5659;2,6481;3,7700;70,2600;252;853;17895
Ex 3 day 185;7;118;0,0508;2,8379;2,1737;3,7700;55,9100;289;799;17895
Ex 3 day 185;7;119;0,0508;2,8921;2,1328;3,7700;56,9800;228;882;17895
Ex 3 day 185;7;120;0,0508;2,9949;2,1019;3,7700;59,0000;294;818;17895
Ex 3 day 185;7;121;0,0508;2,8212;1,9052;4,2400;55,5800;293;787;17895
Ex 3 day 185;7;122;0,0508;2,5864;1,9105;3,7700;50,9600;156;798;17895
Ex 3 day 185;7;123;0,0508;2,2848;1,6459;3,3000;45,0100;203;819;17895
Ex 3 day 185;7;124;0,0508;2,6969;1,9533;3,7700;53,1300;276;813;17895
Ex 3 day 185;7;125;0,0508;2,6416;2,1162;2,8300;52,0400;189;818;17895
Ex 3 day 185;7;126;0,0508;2,1195;1,7077;2,8300;41,7600;242;831;17895
Ex 3 day 185;7;127;0,0508;2,0857;1,4705;3,3000;41,0900;194;845;17895
Ex 3 day 185;7;128;0,0508;1,7362;1,3940;2,8300;34,2100;192;826;17895
Ex 3 day 185;7;129;0,0508;2,3911;1,3549;4,2400;47,1100;196;875;17895
Ex 3 day 185;7;130;0,0508;2,2763;1,7952;2,8300;44,8500;272;860;17895
Ex 3 day 185;7;131;0,0508;1,4832;1,1944;2,8300;29,2200;198;835;17895
Ex 3 day 185;7;132;0,0508;1,7150;1,3756;2,8300;33,7900;243;782;17895
Ex 3 day 185;7;133;0,0508;1,6383;1,2191;3,3000;32,2800;233;866;17895
Ex 3 day 185;7;134;0,0508;1,5931;1,2169;2,8300;31,3900;208;810;17895
Ex 3 day 185;7;135;0,0508;2,4122;1,7859;2,8300;47,5200;237;780;17895
Ex 3 day 185;7;136;0,0508;1,8521;1,5325;2,8300;36,4900;224;785;17895
Ex 3 day 186;1;1;0,0562;4,5618;3,3262;3,3000;81,1000;609;233;5334
Ex 3 day 186;1;2;0,0562;4,4385;2,8369;3,3000;78,9100;582;282;5334
Ex 3 day 186;1;3;0,0562;3,6962;2,6508;3,3000;65,7100;590;232;5334
Ex 3 day 186;1;4;0,0562;3,0657;1,7032;5,1900;54,5000;602;203;5334
Ex 3 day 186;1;5;0,0562;3,6317;2,7150;3,3000;64,5700;565;267;5334
Ex 3 day 186;1;6;0,0562;3,1291;2,2067;3,3000;55,6300;617;261;5334
Ex 3 day 186;1;7;0,0562;2,4313;2,0640;2,8300;43,2300;594;266;5334
Ex 3 day 186;1;8;0,0562;2,3582;1,7988;3,3000;41,9200;607;254;5334
Ex 3 day 186;1;9;0,0562;2,0893;1,6989;3,7700;37,1400;571;246;5334
Ex 3 day 186;1;10;0,0562;2,2922;1,4767;4,2400;40,7500;603;281;5334
Ex 3 day 186;1;11;0,0562;2,2120;1,4489;3,3000;39,3300;589;216;5334
Ex 3 day 186;1;12;0,0562;1,9211;1,5789;2,8300;34,1500;575;257;5334
Ex 3 day 186;1;13;0,0562;1,8274;1,6123;2,8300;32,4900;616;250;5334
Ex 3 day 186;2;14;0,0248;4,5869;3,0988;3,3000;184,8800;667;305;12895
Ex 3 day 186;2;15;0,0248;4,3239;3,0953;3,3000;174,2800;630;318;12895
Ex 3 day 186;2;16;0,0248;3,9719;3,0163;3,7700;160,0900;709;243;12895
Ex 3 day 186;2;17;0,0248;3,6656;2,5137;3,3000;147,7400;665;284;12895
Ex 3 day 186;2;18;0,0248;3,5780;2,4740;3,3000;144,2200;649;220;12895
Ex 3 day 186;2;19;0,0248;3,2683;2,4057;3,3000;131,7300;656;264;12895
Ex 3 day 186;2;20;0,0248;3,2772;2,4994;3,7700;132,0900;636;287;12895
Ex 3 day 186;2;21;0,0248;2,7966;1,7938;3,3000;112,7200;630;223;12895
Ex 3 day 186;2;22;0,0248;2,8988;2,2223;3,7700;116,8400;696;299;12895
Ex 3 day 186;2;23;0,0248;2,8894;2,0245;3,3000;116,4600;654;228;12895
Ex 3 day 186;2;24;0,0248;2,7558;2,3542;2,8300;111,0700;640;237;12895
Ex 3 day 186;2;25;0,0248;3,0194;2,2204;3,3000;121,7000;646;320;12895
Ex 3 day 186;2;26;0,0248;2,9540;2,0857;3,3000;119,0600;698;308;12895
Ex 3 day 186;2;27;0,0248;2,3751;1,8446;3,7700;95,7300;653;332;12895
Ex 3 day 186;2;28;0,0248;2,3649;1,7984;3,7700;95,3200;683;243;12895
Ex 3 day 186;2;29;0,0248;1,9635;1,2205;3,7700;79,1400;674;256;12895
Ex 3 day 186;4;30;0,0254;4,1569;2,7063;3,3000;163,3800;1272;562;25183
Ex 3 day 186;4;31;0,0254;3,8845;3,0028;3,7700;152,6800;1320;479;25183
Ex 3 day 186;4;32;0,0254;3,7094;2,7122;3,3000;145,7900;1285;551;25183
Ex 3 day 186;4;33;0,0254;3,9110;2,8854;3,7700;153,7200;1264;519;25183
Ex 3 day 186;4;34;0,0254;3,6256;2,4553;4,2400;142,5000;1278;439;25183
Ex 3 day 186;4;35;0,0254;3,5743;2,7483;3,7700;140,4900;1215;498;25183
Ex 3 day 186;4;36;0,0254;3,7947;2,5564;3,3000;149,1500;1278;604;25183
Ex 3 day 186;4;37;0,0254;3,5800;2,5933;3,3000;140,7100;1290;579;25183
Ex 3 day 186;4;38;0,0254;3,3417;2,4386;3,3000;131,3400;1320;503;25183
Ex 3 day 186;4;39;0,0254;3,2987;2,4749;3,7700;129,6500;1336;472;25183
Ex 3 day 186;4;40;0,0254;3,2362;2,2415;3,3000;127,2000;1283;520;25183
Ex 3 day 186;4;41;0,0254;2,9684;2,2014;3,7700;116,6700;1244;574;25183
Ex 3 day 186;4;42;0,0254;2,6781;2,0694;3,7700;105,2600;1232;562;25183
Ex 3 day 186;4;43;0,0254;2,7120;1,6813;4,2400;106,5900;1282;463;25183
Ex 3 day 186;4;44;0,0254;2,5372;1,8452;3,3000;99,7200;1289;569;25183
Ex 3 day 186;4;45;0,0254;2,7599;1,8140;4,2400;108,4700;1262;485;25183
Ex 3 day 186;4;46;0,0254;2,5992;1,7299;3,3000;102,1600;1219;532;25183
Ex 3 day 186;4;47;0,0254;2,3094;1,6938;3,7700;90,7700;1258;584;25183
Ex 3 day 186;4;48;0,0254;2,2935;1,4653;3,3000;90,1400;1252;507;25183
Ex 3 day 186;4;49;0,0254;2,1546;1,5335;3,3000;84,6900;1214;520;25183
Ex 3 day 186;4;50;0,0254;2,4703;1,8047;3,3000;97,0900;1254;484;25183
Ex 3 day 186;4;51;0,0254;1,9889;1,5160;4,7100;78,1700;1235;534;25183
Ex 3 day 186;4;52;0,0254;1,6660;1,3542;4,7100;65,4800;1303;551;25183
Ex 3 day 186;4;53;0,0254;2,1011;1,8251;2,8300;82,5800;1259;450;25183
Ex 3 day 186;4;54;0,0254;2,1650;1,3227;4,2400;85,0900;1273;505;25183
Ex 3 day 186;4;55;0,0254;1,8711;1,3592;3,3000;73,5400;1253;567;25183
Ex 3 day 186;4;56;0,0254;1,6363;1,3390;2,8300;64,3100;1246;554;25183
Ex 3 day 186;5;57;0,0636;3,7682;2,8903;3,3000;59,2800;335;558;21182
Ex 3 day 186;5;58;0,0636;3,4610;2,5351;3,7700;54,4400;381;507;21182
Ex 3 day 186;5;59;0,0636;3,8461;2,6018;3,3000;60,5000;370;551;21182
Ex 3 day 186;5;60;0,0636;3,4083;2,3675;4,2400;53,6100;365;517;21182
Ex 3 day 186;5;61;0,0636;4,0360;2,7076;3,3000;63,4900;363;500;21182
Ex 3 day 186;5;62;0,0636;3,2661;2,4092;3,3000;51,3800;350;520;21182
Ex 3 day 186;5;63;0,0636;3,1486;2,4563;3,7700;49,5300;276;527;21182
Ex 3 day 186;5;64;0,0636;3,2127;2,3496;3,7700;50,5400;386;554;21182
Ex 3 day 186;5;65;0,0636;3,4572;2,5210;3,7700;54,3800;363;574;21182
Ex 3 day 186;5;66;0,0636;2,6599;1,8178;3,3000;41,8400;336;534;21182
Ex 3 day 186;5;67;0,0636;2,7640;2,3474;2,8300;43,4800;300;572;21182
Ex 3 day 186;5;68;0,0636;2,8000;1,9954;3,3000;44,0500;375;570;21182
Ex 3 day 186;5;69;0,0636;2,7403;1,9786;3,7700;43,1100;388;531;21182
Ex 3 day 186;5;70;0,0636;2,8355;2,3542;2,8300;44,6000;365;606;21182
Ex 3 day 186;5;71;0,0636;2,7494;1,9985;3,7700;43,2500;341;508;21182
Ex 3 day 186;5;72;0,0636;2,4532;1,9093;3,7700;38,5900;287;570;21182
Ex 3 day 186;5;73;0,0636;2,4318;1,7220;4,2400;38,2500;339;601;21182
Ex 3 day 186;5;74;0,0636;2,1816;1,7551;3,7700;34,3200;314;603;21182
Ex 3 day 186;5;75;0,0636;2,0857;1,6157;3,3000;32,8100;294;586;21182
Ex 3 day 186;5;76;0,0636;2,1450;1,4557;4,2400;33,7400;322;500;21182
Ex 3 day 186;5;77;0,0636;2,1160;1,6529;3,7700;33,2900;310;495;21182
Ex 3 day 186;5;78;0,0636;2,2936;1,9105;2,8300;36,0800;335;588;21182
Ex 3 day 186;5;79;0,0636;2,2313;1,3997;3,3000;35,1000;321;574;21182
Ex 3 day 186;5;80;0,0636;1,9470;1,3322;3,3000;30,6300;315;546;21182
Ex 3 day 186;5;81;0,0636;2,2395;1,6619;3,7700;35,2300;381;593;21182
Ex 3 day 186;5;82;0,0636;1,8239;1,1114;4,2400;28,6900;330;520;21182
Ex 3 day 186;5;83;0,0636;0,9843;0,9192;3,7700;15,4800;345;575;21182
Ex 3 day 186;5;84;0,0636;1,8536;1,2516;3,3000;29,1600;309;565;21182
Ex 3 day 186;5;85;0,0636;1,9719;1,7224;2,8300;31,0200;315;485;21182
Ex 3 day 186;5;86;0,0636;2,0228;1,4956;3,7700;31,8200;407;539;21182
Ex 3 day 186;5;87;0,0636;1,5680;1,3707;2,8300;24,6600;317;563;21182
Ex 3 day 186;5;88;0,0636;2,0096;1,6229;3,3000;31,6100;328;606;21182
Ex 3 day 186;5;89;0,0636;1,9495;1,5121;3,7700;30,6700;374;489;21182
Ex 3 day 186;5;90;0,0636;1,7412;1,3443;2,8300;27,3900;319;526;21182
Ex 3 day 186;5;91;0,0636;1,8242;1,0457;4,2400;28,7000;364;538;21182
Ex 3 day 186;5;92;0,0636;2,3000;1,5137;3,3000;36,1800;301;600;21182
Ex 3 day 186;5;93;0,0636;1,7740;1,4152;2,8300;27,9100;328;588;21182
Ex 3 day 186;5;94;0,0636;1,6142;1,4286;4,7100;25,3900;340;474;21182
Ex 3 day 186;5;95;0,0636;1,7224;1,1386;3,3000;27,0900;419;554;21182
Ex 3 day 186;5;96;0,0636;2,4502;1,7716;2,8300;38,5400;353;560;21182
Ex 3 day 186;5;97;0,0636;1,8349;1,4392;3,7700;28,8600;401;515;21182
Ex 3 day 186;6;98;0,0322;4,1838;2,9974;3,3000;129,9100;115;854;27091
Ex 3 day 186;6;99;0,0322;4,3679;3,1843;3,7700;135,6300;168;795;27091
Ex 3 day 186;6;100;0,0322;3,9954;3,0351;3,7700;124,0600;64;757;27091
Ex 3 day 186;6;101;0,0322;3,8208;2,9053;3,7700;118,6400;185;838;27091
Ex 3 day 186;6;102;0,0322;3,6795;2,6816;3,3000;114,2500;95;841;27091
Ex 3 day 186;6;103;0,0322;3,9108;2,7831;3,3000;121,4300;164;891;27091
Ex 3 day 186;6;104;0,0322;3,9925;2,6463;3,3000;123,9700;158;812;27091
Ex 3 day 186;6;105;0,0322;3,4895;2,3051;4,2400;108,3500;219;789;27091
Ex 3 day 186;6;106;0,0322;3,5110;2,5741;3,7700;109,0200;115;809;27091
Ex 3 day 186;6;107;0,0322;3,6898;2,5335;3,3000;114,5700;190;788;27091
Ex 3 day 186;6;108;0,0322;2,8872;1,8753;4,2400;89,6500;186;731;27091
Ex 3 day 186;6;109;0,0322;2,9265;2,2160;3,7700;90,8700;155;854;27091
Ex 3 day 186;6;110;0,0322;2,8703;2,3023;2,8300;89,1300;165;766;27091
Ex 3 day 186;6;111;0,0322;2,8530;1,8509;4,7100;88,5900;142;824;27091
Ex 3 day 186;6;112;0,0322;2,9871;2,5093;2,8300;92,7500;195;812;27091
Ex 3 day 186;6;113;0,0322;2,9045;2,0024;3,3000;90,1900;161;738;27091
Ex 3 day 186;6;114;0,0322;2,1185;1,7578;4,7100;65,7800;127;757;27091
Ex 3 day 186;6;115;0,0322;2,9749;2,2485;3,7700;92,3700;157;836;27091
Ex 3 day 186;6;116;0,0322;2,5137;1,5605;5,1900;78,0500;123;828;27091
Ex 3 day 186;6;117;0,0322;2,5898;1,8376;3,7700;80,4200;218;773;27091
Ex 3 day 186;6;118;0,0322;2,3728;1,5455;4,2400;73,6800;58;772;27091
Ex 3 day 186;6;119;0,0322;2,5710;1,7163;3,3000;79,8300;202;757;27091
Ex 3 day 186;6;120;0,0322;2,2825;2,0231;2,8300;70,8700;140;863;27091
Ex 3 day 186;6;121;0,0322;1,6735;1,1175;3,3000;51,9600;162;825;27091
Ex 3 day 186;6;122;0,0322;2,0378;1,6838;2,8300;63,2800;189;758;27091
Ex 3 day 186;6;123;0,0322;1,5554;1,3099;2,8300;48,3000;77;762;27091
Ex 3 day 186;6;124;0,0322;1,8983;1,5812;2,8300;58,9400;190;766;27091
Ex 3 day 186;6;125;0,0322;1,9848;1,6153;2,8300;61,6300;154;767;27091
Ex 3 day 186;6;126;0,0322;1,9417;1,7364;2,8300;60,2900;138;721;27091
Ex 3 day 186;6;127;0,0322;1,7765;1,3967;3,3000;55,1600;148;838;27091
Ex 3 day 186;6;128;0,0322;1,5193;1,0035;4,7100;47,1800;178;822;27091
Ex 3 day 186;6;129;0,0322;2,1263;1,4858;2,8300;66,0200;108;842;27091
Ex 3 day 186;6;130;0,0322;1,6094;1,2640;2,8300;49,9700;190;804;27091
Ex 3 day 186;6;131;0,0322;1,8524;1,5138;3,3000;57,5200;202;806;27091
Ex 3 day 186;6;132;0,0322;1,6885;1,1943;4,2400;52,4300;218;826;27091
Ex 3 day 186;6;133;0,0322;1,7677;1,1922;5,1900;54,8900;171;728;27091
Ex 3 day 186;6;134;0,0322;1,7179;1,2559;3,3000;53,3400;98;820;27091
Ex 3 day 186;6;135;0,0322;1,4520;1,0698;5,1900;45,0900;122;867;27091
Ex 3 day 186;6;136;0,0322;2,3379;1,1666;4,2400;72,5900;84;750;27091
Ex 3 day 187;1;1;0,0049;4,4407;3,2157;3,3000;915,0000;453;170;19521
Ex 3 day 187;1;2;0,0049;4,3182;3,7409;2,8300;889,7500;478;114;19521
Ex 3 day 187;1;3;0,0049;3,5572;2,5754;3,3000;732,9600;426;90;19521
Ex 3 day 187;1;4;0,0049;3,8572;2,9427;2,8300;794,7600;447;110;19521
Ex 3 day 187;1;5;0,0049;3,6959;3,1267;2,8300;761,5400;485;87;19521
Ex 3 day 187;1;6;0,0049;3,6648;2,7247;3,3000;755,1300;476;157;19521
Ex 3 day 187;1;7;0,0049;3,7821;3,2840;2,8300;779,3000;541;141;19521
Ex 3 day 187;1;8;0,0049;2,8792;2,0413;3,3000;593,2500;417;136;19521
Ex 3 day 187;1;9;0,0049;3,1529;2,2360;3,3000;649,6500;451;156;19521
Ex 3 day 187;1;10;0,0049;3,3199;2,9505;2,8300;684,0600;471;81;19521
Ex 3 day 187;1;11;0,0049;3,1533;2,6263;2,8300;649,7400;496;162;19521
Ex 3 day 187;1;12;0,0049;2,7679;2,1523;2,8300;570,3300;421;158;19521
Ex 3 day 187;1;13;0,0049;2,8477;2,3712;2,8300;586,7500;517;106;19521
Ex 3 day 187;1;14;0,0049;2,8807;1,7666;4,2400;593,5600;432;127;19521
Ex 3 day 187;1;15;0,0049;3,2367;2,7036;2,8300;666,9200;533;72;19521
Ex 3 day 187;1;16;0,0049;2,4783;1,9638;2,8300;510,6500;548;55;19521
Ex 3 day 187;1;17;0,0049;2,1174;1,7391;3,7700;436,2800;517;128;19521
Ex 3 day 187;1;18;0,0049;2,1403;1,6862;2,8300;441,0100;449;88;19521
Ex 3 day 187;1;19;0,0049;2,8559;1,9510;3,3000;588,4600;535;107;19521
Ex 3 day 187;1;20;0,0049;2,9842;2,4372;2,8300;614,9000;524;66;19521
Ex 3 day 187;1;21;0,0049;2,4331;2,0145;2,8300;501,3400;525;49;19521
Ex 3 day 187;1;22;0,0049;2,8259;2,4006;2,8300;582,2700;464;123;19521
Ex 3 day 187;1;23;0,0049;2,5579;1,8571;3,7700;527,0400;422;113;19521
Ex 3 day 187;1;24;0,0049;3,0617;2,4987;2,8300;630,8600;505;48;19521
Ex 3 day 187;1;25;0,0049;2,1881;1,8242;2,8300;450,8500;494;55;19521
Ex 3 day 187;1;26;0,0049;1,8925;1,3570;4,2400;389,9500;433;142;19521
Ex 3 day 187;1;27;0,0049;1,4760;1,1197;3,3000;304,1400;438;96;19521
Ex 3 day 187;1;28;0,0049;2,5724;2,2545;2,8300;530,0400;523;111;19521
Ex 3 day 187;1;29;0,0049;1,9992;1,3571;2,8300;411,9300;510;94;19521
Ex 3 day 187;1;30;0,0049;1,8554;1,0648;4,2400;382,3100;474;190;19521
Ex 3 day 187;1;31;0,0049;2,1544;1,3982;2,8300;443,9200;560;90;19521
Ex 3 day 187;1;32;0,0049;2,1134;1,6996;2,8300;435,4600;517;164;19521
Ex 3 day 187;1;33;0,0049;1,8818;1,4789;2,8300;387,7500;557;75;19521
Ex 3 day 187;1;34;0,0049;1,8257;1,2961;2,8300;376,1700;473;140;19521
Ex 3 day 187;1;35;0,0049;1,4585;1,0519;2,8300;300,5300;521;83;19521
Ex 3 day 187;1;36;0,0049;1,7844;1,4121;2,8300;367,6800;484;134;19521
Ex 3 day 187;1;37;0,0049;1,4965;1,1727;2,8300;308,3400;517;91;19521
Ex 3 day 187;1;38;0,0049;1,3074;0,9967;2,8300;269,3900;441;84;19521
Ex 3 day 187;1;39;0,0049;1,7118;1,1505;2,8300;352,7100;400;121;19521
Ex 3 day 187;1;40;0,0049;1,3578;1,0647;2,8300;279,7800;499;150;19521
Ex 3 day 187;1;41;0,0049;2,0874;1,7943;2,8300;430,1000;415;96;19521
Ex 3 day 187;2;42;0,0240;3,9865;3,3971;2,8300;166,4200;633;212;10795
Ex 3 day 187;2;43;0,0240;3,2473;2,8404;2,8300;135,5600;574;300;10795
Ex 3 day 187;2;44;0,0240;2,9392;2,6450;2,8300;122,7000;598;244;10795
Ex 3 day 187;2;45;0,0240;3,4774;2,6806;2,8300;145,1700;631;225;10795
Ex 3 day 187;2;46;0,0240;3,7293;2,6090;2,8300;155,6800;576;282;10795
Ex 3 day 187;2;47;0,0240;3,0172;2,3170;2,8300;125,9500;558;230;10795
Ex 3 day 187;2;48;0,0240;2,7270;2,2860;2,8300;113,8400;593;231;10795
Ex 3 day 187;2;49;0,0240;3,0949;1,9810;4,2400;129,2000;635;276;10795
Ex 3 day 187;2;50;0,0240;3,3802;2,7661;2,8300;141,1100;565;179;10795
Ex 3 day 187;2;51;0,0240;2,4846;1,9334;2,8300;103,7200;609;192;10795
Ex 3 day 187;2;52;0,0240;1,7141;1,3929;2,8300;71,5600;569;203;10795
Ex 3 day 187;2;53;0,0240;2,5432;1,8447;2,8300;106,1700;572;213;10795
Ex 3 day 187;2;54;0,0240;2,6398;2,2192;2,8300;110,2000;598;221;10795
Ex 3 day 187;2;55;0,0240;3,1041;1,9777;2,8300;129,5800;587;204;10795
Ex 3 day 187;2;56;0,0240;2,6234;2,1357;2,8300;109,5200;582;264;10795
Ex 3 day 187;2;57;0,0240;2,0279;1,6689;2,8300;84,6600;626;298;10795
Ex 3 day 187;2;58;0,0240;2,5971;1,9193;2,8300;108,4200;582;259;10795
Ex 3 day 187;2;59;0,0240;3,3960;2,6896;2,8300;141,7700;619;254;10795
Ex 3 day 187;2;60;0,0240;2,3839;2,1106;2,8300;99,5200;589;230;10795
Ex 3 day 187;2;61;0,0240;2,1291;1,8568;2,8300;88,8800;554;220;10795
Ex 3 day 187;2;62;0,0240;1,4786;1,2606;3,3000;61,7300;585;218;10795
Ex 3 day 187;2;63;0,0240;2,6045;2,0545;2,8300;108,7300;608;214;10795
Ex 3 day 187;2;64;0,0240;2,4383;1,9819;2,8300;101,7900;589;291;10795
Ex 3 day 187;2;65;0,0240;1,8201;1,3303;3,3000;75,9800;639;241;10795
Ex 3 day 187;2;66;0,0240;2,0503;1,7479;2,8300;85,5900;606;283;10795
Ex 3 day 187;2;67;0,0240;1,7749;1,6397;3,7700;74,0900;574;229;10795
Ex 3 day 187;2;68;0,0240;2,3917;1,8298;2,8300;99,8400;549;202;10795
Ex 3 day 187;2;69;0,0240;2,0543;1,7321;2,8300;85,7600;616;197;10795
Ex 3 day 187;2;70;0,0240;1,7825;1,2415;2,8300;74,4100;566;196;10795
Ex 3 day 187;2;71;0,0240;2,0069;1,4948;2,8300;83,7800;626;236;10795
Ex 3 day 187;2;72;0,0240;2,6879;2,3368;2,8300;112,2100;648;246;10795
Ex 3 day 187;2;73;0,0240;0,7447;1,2276;5,1900;31,0900;598;265;10795
Ex 3 day 187;2;74;0,0240;1,8714;1,4361;2,8300;78,1200;590;248;10795
Ex 3 day 187;2;75;0,0240;1,5687;1,1785;2,8300;65,4900;619;237;10795
Ex 3 day 187;2;76;0,0240;2,6912;1,8373;2,8300;112,3500;565;214;10795
Ex 3 day 187;2;77;0,0240;2,1978;1,7435;2,8300;91,7500;603;220;10795
Ex 3 day 187;2;78;0,0240;2,5364;2,0177;2,8300;105,8800;603;290;10795
Ex 3 day 187;2;79;0,0240;1,0399;1,1393;3,7700;43,4100;608;228;10795
Ex 3 day 187;2;80;0,0240;1,7167;1,3467;2,8300;71,6600;631;293;10795
Ex 3 day 187;2;81;0,0240;1,7638;0,9321;4,2400;73,6300;582;206;10795
Ex 3 day 187;2;82;0,0240;1,8369;1,6623;2,8300;76,6800;560;250;10795
Ex 3 day 187;2;83;0,0240;1,7945;1,4371;2,8300;74,9100;582;181;10795
Ex 3 day 187;2;84;0,0240;1,4464;1,2474;2,8300;60,3800;587;299;10795
Ex 3 day 187;2;85;0,0240;1,7097;1,2853;2,8300;71,3700;596;186;10795
Ex 3 day 187;2;86;0,0240;2,5338;1,7892;2,8300;105,7800;553;210;10795
Ex 3 day 187;2;87;0,0240;1,9881;1,6291;2,8300;83,0000;623;227;10795
Ex 3 day 187;2;88;0,0240;2,0720;1,4755;3,3000;86,5000;562;269;10795
Ex 3 day 187;2;89;0,0240;1,4386;1,0815;4,2400;60,0500;614;266;10795
Ex 3 day 187;2;90;0,0240;1,3209;1,1691;4,7100;55,1400;595;193;10795
Ex 3 day 187;2;91;0,0240;1,4650;1,0875;2,8300;61,1600;648;232;10795
Ex 3 day 187;2;92;0,0240;1,6944;1,2426;2,8300;70,7300;593;208;10795
Ex 3 day 187;2;93;0,0240;1,9236;1,4571;2,8300;80,3000;584;195;10795
Ex 3 day 187;2;94;0,0240;2,1703;1,7244;2,8300;90,6000;568;281;10795
Ex 3 day 187;2;95;0,0240;1,5830;1,3025;2,8300;66,0900;550;232;10795
Ex 3 day 187;2;96;0,0240;2,0107;1,1099;2,8300;83,9400;649;226;10795
Ex 3 day 187;2;97;0,0240;1,3117;0,9229;2,8300;54,7600;600;203;10795
Ex 3 day 187;2;98;0,0240;2,7909;1,9731;2,8300;116,5100;650;252;10795
Ex 3 day 187;2;99;0,0240;1,8563;1,3385;2,8300;77,4900;638;226;10795
Ex 3 day 187;3;100;0,0164;4,1269;3,2800;2,8300;251,8100;744;325;16338
Ex 3 day 187;3;101;0,0164;3,4265;2,1322;3,3000;209,0700;783;396;16338
Ex 3 day 187;3;102;0,0164;3,6171;2,7405;2,8300;220,7000;808;371;16338
Ex 3 day 187;3;103;0,0164;3,3092;2,6621;2,8300;201,9100;729;380;16338
Ex 3 day 187;3;104;0,0164;3,0806;2,6139;2,8300;187,9600;755;425;16338
Ex 3 day 187;3;105;0,0164;2,8460;2,4683;2,8300;173,6500;763;385;16338
Ex 3 day 187;3;106;0,0164;3,3797;2,8067;2,8300;206,2100;778;336;16338
Ex 3 day 187;3;107;0,0164;2,9516;2,3133;2,8300;180,0900;830;416;16338
Ex 3 day 187;3;108;0,0164;2,4598;2,0897;2,8300;150,0900;728;405;16338
Ex 3 day 187;3;109;0,0164;3,0270;2,2596;2,8300;184,6900;744;448;16338
Ex 3 day 187;3;110;0,0164;2,6199;1,9572;3,7700;159,8600;807;357;16338
Ex 3 day 187;3;111;0,0164;2,6336;2,2598;2,8300;160,6900;753;410;16338
Ex 3 day 187;3;112;0,0164;2,5309;1,8814;2,8300;154,4200;782;347;16338
Ex 3 day 187;3;113;0,0164;2,9462;2,4706;2,8300;179,7600;826;399;16338
Ex 3 day 187;3;114;0,0164;2,5737;1,9178;2,8300;157,0400;715;400;16338
Ex 3 day 187;3;115;0,0164;2,4981;1,8152;3,3000;152,4200;771;448;16338
Ex 3 day 187;3;116;0,0164;1,9606;1,6457;3,7700;119,6300;726;394;16338
Ex 3 day 187;3;117;0,0164;2,9238;2,3249;2,8300;178,4000;772;354;16338
Ex 3 day 187;3;118;0,0164;2,9543;2,2052;2,8300;180,2600;795;326;16338
Ex 3 day 187;3;119;0,0164;1,6131;1,4250;3,3000;98,4300;774;410;16338
Ex 3 day 187;3;120;0,0164;1,4158;1,3055;2,8300;86,3900;763;402;16338
Ex 3 day 187;3;121;0,0164;2,9636;2,4271;2,8300;180,8200;829;364;16338
Ex 3 day 187;3;122;0,0164;2,6783;1,6253;2,8300;163,4200;776;320;16338
Ex 3 day 187;3;123;0,0164;1,7824;1,4535;3,7700;108,7500;763;321;16338
Ex 3 day 187;3;124;0,0164;2,1486;1,7579;2,8300;131,1000;804;402;16338
Ex 3 day 187;3;125;0,0164;2,9167;2,1380;2,8300;177,9600;714;358;16338
Ex 3 day 187;3;126;0,0164;2,5947;1,9745;2,8300;158,3200;713;425;16338
Ex 3 day 187;3;127;0,0164;2,3328;1,7498;2,8300;142,3400;755;368;16338
Ex 3 day 187;3;128;0,0164;2,2816;1,7228;2,8300;139,2100;729;357;16338
Ex 3 day 187;3;129;0,0164;1,1811;0,5018;4,7100;72,0700;850;370;16338
Ex 3 day 187;3;130;0,0164;2,1590;1,6582;2,8300;131,7300;830;345;16338
Ex 3 day 187;3;131;0,0164;2,1697;1,8116;2,8300;132,3800;838;354;16338
Ex 3 day 187;3;132;0,0164;2,3632;1,8814;2,8300;144,1900;759;331;16338
Ex 3 day 187;3;133;0,0164;2,2566;1,7781;2,8300;137,6900;775;420;16338
Ex 3 day 187;3;134;0,0164;1,9618;1,5881;2,8300;119,7000;784;359;16338
Ex 3 day 187;3;135;0,0164;2,0856;1,5816;2,8300;127,2600;765;355;16338
Ex 3 day 187;3;136;0,0164;2,8651;2,2878;2,8300;174,8200;798;337;16338
Ex 3 day 187;3;137;0,0164;2,1916;1,5746;2,8300;133,7200;731;347;16338
Ex 3 day 187;3;138;0,0164;2,6272;1,9403;2,8300;160,3000;716;352;16338
Ex 3 day 187;3;139;0,0164;2,2707;1,3889;4,7100;138,5500;741;386;16338
Ex 3 day 187;3;140;0,0164;2,1537;1,6174;2,8300;131,4100;826;324;16338
Ex 3 day 187;3;141;0,0164;2,1115;1,6477;2,8300;128,8300;735;367;16338
Ex 3 day 187;3;142;0,0164;2,6577;2,1490;2,8300;162,1600;805;382;16338
Ex 3 day 187;3;143;0,0164;2,4207;1,7996;2,8300;147,7000;787;438;16338
Ex 3 day 187;3;144;0,0164;2,1107;1,5268;2,8300;128,7900;739;403;16338
Ex 3 day 187;3;145;0,0164;1,9244;1,7118;2,8300;117,4200;769;397;16338
Ex 3 day 187;3;146;0,0164;1,8210;1,6321;2,8300;111,1100;767;338;16338
Ex 3 day 187;3;147;0,0164;1,8435;1,4611;2,8300;112,4800;763;363;16338
Ex 3 day 187;3;148;0,0164;2,7144;2,0276;2,8300;165,6200;714;374;16338
Ex 3 day 187;3;149;0,0164;1,1989;0,8843;2,8300;73,1500;850;361;16338
Ex 3 day 187;3;150;0,0164;2,1237;1,8485;2,8300;129,5800;719;426;16338
Ex 3 day 187;3;151;0,0164;2,2956;1,7152;2,8300;140,0700;777;376;16338
Ex 3 day 187;3;152;0,0164;2,6480;1,8276;2,8300;161,5700;830;387;16338
Ex 3 day 187;3;153;0,0164;2,3906;1,4348;3,3000;145,8700;809;330;16338
Ex 3 day 187;3;154;0,0164;2,0769;1,6801;2,8300;126,7200;713;392;16338
Ex 3 day 187;3;155;0,0164;1,8577;1,4540;2,8300;113,3500;743;413;16338
Ex 3 day 187;3;156;0,0164;2,3326;1,7514;2,8300;142,3200;760;372;16338
Ex 3 day 187;3;157;0,0164;1,9972;1,7571;2,8300;121,8600;823;342;16338
Ex 3 day 187;3;158;0,0164;1,9166;1,5897;2,8300;116,9500;794;397;16338
Ex 3 day 187;3;159;0,0164;2,8316;1,9288;2,8300;172,7700;811;392;16338
Ex 3 day 187;3;160;0,0164;1,8945;1,5450;2,8300;115,5900;794;371;16338
Ex 3 day 187;3;161;0,0164;1,7271;1,3249;2,8300;105,3800;770;375;16338
Ex 3 day 187;3;162;0,0164;2,0693;1,6018;2,8300;126,2600;819;347;16338
Ex 3 day 187;3;163;0,0164;2,5531;2,0134;2,8300;155,7800;819;425;16338
Ex 3 day 187;3;164;0,0164;2,0395;1,2829;2,8300;124,4400;814;326;16338
Ex 3 day 187;3;165;0,0164;1,6596;1,3691;4,7100;101,2600;742;363;16338
Ex 3 day 187;3;166;0,0164;1,6593;1,3935;2,8300;101,2400;737;338;16338
Ex 3 day 187;3;167;0,0164;2,3655;1,8639;2,8300;144,3300;742;392;16338
Ex 3 day 187;3;168;0,0164;2,0441;1,6526;2,8300;124,7200;813;425;16338
Ex 3 day 187;3;169;0,0164;2,1050;1,4041;2,8300;128,4400;746;353;16338
Ex 3 day 187;3;170;0,0164;1,8768;1,5875;2,8300;114,5200;729;412;16338
Ex 3 day 187;3;171;0,0164;1,9431;1,4591;2,8300;118,5600;792;348;16338
Ex 3 day 187;3;172;0,0164;1,6368;1,0526;3,3000;99,8700;755;394;16338
Ex 3 day 187;3;173;0,0164;1,2047;0,8400;5,1900;73,5100;707;391;16338
Ex 3 day 187;3;174;0,0164;1,5855;1,3076;2,8300;96,7400;779;369;16338
Ex 3 day 187;3;175;0,0164;2,3119;1,6226;2,8300;141,0600;761;442;16338
Ex 3 day 187;3;176;0,0164;2,3864;2,0031;2,8300;145,6100;789;409;16338
Ex 3 day 187;3;177;0,0164;2,2307;1,0821;4,2400;136,1000;740;420;16338
Ex 3 day 187;3;178;0,0164;1,5943;1,3586;2,8300;97,2800;780;311;16338
Ex 3 day 187;3;179;0,0164;1,5959;1,1664;2,8300;97,3700;827;333;16338
Ex 3 day 187;3;180;0,0164;1,4856;1,2788;2,8300;90,6400;754;358;16338
Ex 3 day 187;3;181;0,0164;1,4028;1,0205;2,8300;85,6000;803;410;16338
Ex 3 day 187;3;182;0,0164;1,8971;1,3880;2,8300;115,7500;729;419;16338
Ex 3 day 187;3;183;0,0164;1,9682;1,3655;2,8300;120,0900;738;347;16338
Ex 3 day 187;3;184;0,0164;1,8776;1,3812;2,8300;114,5600;716;381;16338
Ex 3 day 187;3;185;0,0164;1,4126;1,0097;4,2400;86,1900;843;381;16338
Ex 3 day 187;3;186;0,0164;2,0093;1,6442;2,8300;122,6000;815;405;16338
Ex 3 day 187;3;187;0,0164;1,7058;1,3589;2,8300;104,0800;740;441;16338
Ex 3 day 187;4;188;-0,0041;3,9701;3,4268;2,8300;-977,0800;911;523;23171
Ex 3 day 187;4;189;-0,0041;3,9723;2,6936;2,8300;-977,6000;840;518;23171
Ex 3 day 187;4;190;-0,0041;2,9405;2,7745;2,8300;-723,6800;785;602;23171
Ex 3 day 187;4;191;-0,0041;3,5237;2,8358;2,8300;-867,2100;773;555;23171
Ex 3 day 187;4;192;-0,0041;3,5385;2,6185;2,8300;-870,8400;792;648;23171
Ex 3 day 187;4;193;-0,0041;3,3022;2,6775;2,8300;-812,7100;925;542;23171
Ex 3 day 187;4;194;-0,0041;3,1655;2,3830;2,8300;-779,0700;809;656;23171
Ex 3 day 187;4;195;-0,0041;3,8569;2,7715;2,8300;-949,2100;849;528;23171
Ex 3 day 187;4;196;-0,0041;3,2909;2,2947;2,8300;-809,9100;901;586;23171
Ex 3 day 187;4;197;-0,0041;3,2459;2,5796;2,8300;-798,8400;803;613;23171
Ex 3 day 187;4;198;-0,0041;3,3928;2,6930;2,8300;-835,0000;879;497;23171
Ex 3 day 187;4;199;-0,0041;2,2759;1,7068;2,8300;-560,1200;835;625;23171
Ex 3 day 187;4;200;-0,0041;3,0644;2,4278;2,8300;-754,1700;782;579;23171
Ex 3 day 187;4;201;-0,0041;2,6165;2,1987;2,8300;-643,9500;787;625;23171
Ex 3 day 187;4;202;-0,0041;2,7052;2,2497;2,8300;-665,7600;836;573;23171
Ex 3 day 187;4;203;-0,0041;2,7468;2,1692;2,8300;-676,0100;869;511;23171
Ex 3 day 187;4;204;-0,0041;2,1904;1,9684;2,8300;-539,0900;888;592;23171
Ex 3 day 187;4;205;-0,0041;2,6939;2,1583;2,8300;-663,0000;823;599;23171
Ex 3 day 187;4;206;-0,0041;2,8863;2,0722;2,8300;-710,3400;869;548;23171
Ex 3 day 187;4;207;-0,0041;3,0896;2,2657;2,8300;-760,3800;857;637;23171
Ex 3 day 187;4;208;-0,0041;2,3318;1,6772;2,8300;-573,8800;819;641;23171
Ex 3 day 187;4;209;-0,0041;2,5633;1,9321;2,8300;-630,8400;838;639;23171
Ex 3 day 187;4;210;-0,0041;3,0658;2,1952;2,8300;-754,5200;905;603;23171
Ex 3 day 187;4;211;-0,0041;2,4413;1,9625;2,8300;-600,8200;840;587;23171
Ex 3 day 187;4;212;-0,0041;2,9540;2,2444;2,8300;-727,0100;783;668;23171
Ex 3 day 187;4;213;-0,0041;2,4865;1,9199;2,8300;-611,9500;814;585;23171
Ex 3 day 187;4;214;-0,0041;2,3135;1,7927;2,8300;-569,3600;877;547;23171
Ex 3 day 187;4;215;-0,0041;2,2182;1,5778;4,7100;-545,9100;836;542;23171
Ex 3 day 187;4;216;-0,0041;2,4560;1,9840;2,8300;-604,4500;799;658;23171
Ex 3 day 187;4;217;-0,0041;2,9658;2,1730;2,8300;-729,9100;797;562;23171
Ex 3 day 187;4;218;-0,0041;2,3494;1,7814;3,7700;-578,2000;913;577;23171
Ex 3 day 187;4;219;-0,0041;2,2785;1,8996;2,8300;-560,7600;909;541;23171
Ex 3 day 187;4;220;-0,0041;2,4624;1,8777;2,8300;-606,0100;870;613;23171
Ex 3 day 187;4;221;-0,0041;2,3792;1,9584;2,8300;-585,5400;879;555;23171
Ex 3 day 187;4;222;-0,0041;2,2014;1,3322;3,3000;-541,7900;900;571;23171
Ex 3 day 187;4;223;-0,0041;2,3159;1,9776;2,8300;-569,9700;807;557;23171
Ex 3 day 187;4;224;-0,0041;3,2079;2,7334;2,8300;-789,5000;763;579;23171
Ex 3 day 187;4;225;-0,0041;2,0618;1,6141;2,8300;-507,4200;808;669;23171
Ex 3 day 187;4;226;-0,0041;3,1683;2,1324;2,8300;-779,7600;834;504;23171
Ex 3 day 187;4;227;-0,0041;1,9024;1,4598;2,8300;-468,2100;804;568;23171
Ex 3 day 187;4;228;-0,0041;2,4259;1,7832;2,8300;-597,0300;896;539;23171
Ex 3 day 187;4;229;-0,0041;2,7106;1,8950;2,8300;-667,0900;860;542;23171
Ex 3 day 187;4;230;-0,0041;2,3562;1,7481;2,8300;-579,8800;867;534;23171
Ex 3 day 187;4;231;-0,0041;2,4371;1,6603;2,8300;-599,7800;769;658;23171
Ex 3 day 187;4;232;-0,0041;2,7552;2,0847;2,8300;-678,0800;797;679;23171
Ex 3 day 187;4;233;-0,0041;2,6045;1,8920;2,8300;-640,9800;850;582;23171
Ex 3 day 187;4;234;-0,0041;2,9695;2,3393;2,8300;-730,8100;861;630;23171
Ex 3 day 187;4;235;-0,0041;2,6454;2,2454;2,8300;-651,0600;891;545;23171
Ex 3 day 187;4;236;-0,0041;1,9129;1,3069;3,3000;-470,7900;889;513;23171
Ex 3 day 187;4;237;-0,0041;2,2506;1,8374;2,8300;-553,9000;801;585;23171
Ex 3 day 187;4;238;-0,0041;2,2762;1,8436;2,8300;-560,2000;824;625;23171
Ex 3 day 187;4;239;-0,0041;2,5610;1,2095;4,7100;-630,2800;885;516;23171
Ex 3 day 187;4;240;-0,0041;2,3846;1,4260;3,3000;-586,8800;913;559;23171
Ex 3 day 187;4;241;-0,0041;2,5645;1,8296;2,8300;-631,1500;851;512;23171
Ex 3 day 187;4;242;-0,0041;2,0323;1,6175;2,8300;-500,1700;857;616;23171
Ex 3 day 187;4;243;-0,0041;2,2843;1,9511;2,8300;-562,1900;870;597;23171
Ex 3 day 187;4;244;-0,0041;2,1767;1,7324;2,8300;-535,7100;803;589;23171
Ex 3 day 187;4;245;-0,0041;2,6592;2,0809;2,8300;-654,4500;830;653;23171
Ex 3 day 187;4;246;-0,0041;1,6944;1,3298;2,8300;-417,0100;867;569;23171
Ex 3 day 187;4;247;-0,0041;2,7610;2,2879;2,8300;-679,5100;823;569;23171
Ex 3 day 187;4;248;-0,0041;1,8674;1,5328;2,8300;-459,5700;900;553;23171
Ex 3 day 187;4;249;-0,0041;2,5732;2,0815;2,8300;-633,3000;798;528;23171
Ex 3 day 187;4;250;-0,0041;2,2245;1,9092;2,8300;-547,4600;818;556;23171
Ex 3 day 187;4;251;-0,0041;1,9190;1,6742;2,8300;-472,2900;903;615;23171
Ex 3 day 187;4;252;-0,0041;2,5702;1,9213;3,7700;-632,5500;760;596;23171
Ex 3 day 187;4;253;-0,0041;1,6817;1,3875;2,8300;-413,8900;786;569;23171
Ex 3 day 187;4;254;-0,0041;1,7502;1,4595;4,7100;-430,7400;883;576;23171
Ex 3 day 187;4;255;-0,0041;2,6100;1,6645;2,8300;-642,3400;882;614;23171
Ex 3 day 187;4;256;-0,0041;2,2898;1,5887;2,8300;-563,5300;893;608;23171
Ex 3 day 187;4;257;-0,0041;2,0555;1,5303;2,8300;-505,8800;811;535;23171
Ex 3 day 187;4;258;-0,0041;2,9013;2,0307;2,8300;-714,0400;836;598;23171
Ex 3 day 187;4;259;-0,0041;2,7737;2,0830;2,8300;-682,6200;821;656;23171
Ex 3 day 187;4;260;-0,0041;2,2527;1,7163;2,8300;-554,4000;921;591;23171
Ex 3 day 187;4;261;-0,0041;2,3831;1,8545;2,8300;-586,5000;855;608;23171
Ex 3 day 187;4;262;-0,0041;2,1131;1,4271;3,3000;-520,0400;857;600;23171
Ex 3 day 187;4;263;-0,0041;2,3439;1,7620;2,8300;-576,8500;785;546;23171
Ex 3 day 187;4;264;-0,0041;2,2509;1,3539;3,7700;-553,9700;862;626;23171
Ex 3 day 187;4;265;-0,0041;1,2671;1,2040;2,8300;-311,8300;816;594;23171
Ex 3 day 187;4;266;-0,0041;1,8501;1,4102;2,8300;-455,3400;855;498;23171
Ex 3 day 187;4;267;-0,0041;2,1307;1,6641;2,8300;-524,3900;884;622;23171
Ex 3 day 187;4;268;-0,0041;2,2318;1,8893;2,8300;-549,2600;840;563;23171
Ex 3 day 187;4;269;-0,0041;1,4993;1,1775;2,8300;-368,9900;923;559;23171
Ex 3 day 187;4;270;-0,0041;1,7059;1,4184;2,8300;-419,8400;816;630;23171
Ex 3 day 187;4;271;-0,0041;1,7300;1,4395;2,8300;-425,7700;865;561;23171
Ex 3 day 187;4;272;-0,0041;1,6884;1,2278;2,8300;-415,5300;882;634;23171
Ex 3 day 187;4;273;-0,0041;1,9329;1,2061;2,8300;-475,7100;848;552;23171
Ex 3 day 187;4;274;-0,0041;2,5223;1,8550;2,8300;-620,7600;827;614;23171
Ex 3 day 187;4;275;-0,0041;2,4769;1,1742;4,2400;-609,5800;806;603;23171
Ex 3 day 187;4;276;-0,0041;2,2061;1,8030;2,8300;-542,9300;795;669;23171
Ex 3 day 187;4;277;-0,0041;1,1661;0,9026;2,8300;-286,9900;804;545;23171
Ex 3 day 187;4;278;-0,0041;2,0098;1,5992;2,8300;-494,6300;857;581;23171
Ex 3 day 187;4;279;-0,0041;2,2741;1,5923;2,8300;-559,6600;896;596;23171
Ex 3 day 187;4;280;-0,0041;2,3016;1,7789;2,8300;-566,4500;803;681;23171
Ex 3 day 187;4;281;-0,0041;1,9252;1,2865;2,8300;-473,8100;837;524;23171
Ex 3 day 187;4;282;-0,0041;2,2987;1,6815;2,8300;-565,7300;874;628;23171
Ex 3 day 187;4;283;-0,0041;1,8356;1,4976;2,8300;-451,7500;831;604;23171
Ex 3 day 187;4;284;-0,0041;1,6942;1,1248;3,3000;-416,9600;809;621;23171
Ex 3 day 187;4;285;-0,0041;1,9751;1,4906;2,8300;-486,0900;856;557;23171
Ex 3 day 187;4;286;-0,0041;1,7278;1,3585;2,8300;-425,2300;829;640;23171
Ex 3 day 187;4;287;-0,0041;2,1614;1,7194;2,8300;-531,9400;852;540;23171
Ex 3 day 187;4;288;-0,0041;1,6664;1,3917;2,8300;-410,1200;784;647;23171
Ex 3 day 187;4;289;-0,0041;1,8144;1,5492;2,8300;-446,5400;775;641;23171
Ex 3 day 187;4;290;-0,0041;2,3748;1,7697;2,8300;-584,4700;912;535;23171
Ex 3 day 187;4;291;-0,0041;2,1780;1,7243;2,8300;-536,0200;874;529;23171
Ex 3 day 187;4;292;-0,0041;1,6297;1,2234;2,8300;-401,0900;852;591;23171
Ex 3 day 187;4;293;-0,0041;1,7542;1,1808;2,8300;-431,7300;871;518;23171
Ex 3 day 187;4;294;-0,0041;1,4966;1,1553;3,3000;-368,3300;811;518;23171
Ex 3 day 187;4;295;-0,0041;1,8968;1,2735;2,8300;-466,8200;824;526;23171
Ex 3 day 187;4;296;-0,0041;1,9386;1,4907;2,8300;-477,1000;844;641;23171
Ex 3 day 187;4;297;-0,0041;1,6740;1,2917;2,8300;-412,0000;851;563;23171
Ex 3 day 187;4;298;-0,0041;1,4123;1,2063;2,8300;-347,5900;880;602;23171
Ex 3 day 187;4;299;-0,0041;1,8786;1,5232;2,8300;-462,3400;848;541;23171
Ex 3 day 187;4;300;-0,0041;2,0205;1,4959;2,8300;-497,2600;902;561;23171
Ex 3 day 187;4;301;-0,0041;1,2953;0,9612;2,8300;-318,7900;823;587;23171
Ex 3 day 187;4;302;-0,0041;1,3910;1,1005;2,8300;-342,3300;774;600;23171
Ex 3 day 187;4;303;-0,0041;2,2585;1,6729;2,8300;-555,8300;860;571;23171
Ex 3 day 187;4;304;-0,0041;1,7973;1,2924;2,8300;-442,3200;830;511;23171
Ex 3 day 187;4;305;-0,0041;2,2759;1,5745;2,8300;-560,1200;875;508;23171
Ex 3 day 187;4;306;-0,0041;1,8152;1,2577;2,8300;-446,7300;800;554;23171
Ex 3 day 187;4;307;-0,0041;1,6427;1,3279;2,8300;-404,2900;810;552;23171
Ex 3 day 187;4;308;-0,0041;2,0212;1,5568;2,8300;-497,4300;899;504;23171
Ex 3 day 187;5;309;-0,0174;3,1666;2,5285;2,8300;-182,0200;968;664;21874
Ex 3 day 187;5;310;-0,0174;2,9614;2,3070;2,8300;-170,2300;865;721;21874
Ex 3 day 187;5;311;-0,0174;2,7951;2,1802;2,8300;-160,6700;933;671;21874
Ex 3 day 187;5;312;-0,0174;2,9898;2,5211;2,8300;-171,8600;860;679;21874
Ex 3 day 187;5;313;-0,0174;3,2268;2,5956;2,8300;-185,4800;821;729;21874
Ex 3 day 187;5;314;-0,0174;3,4733;2,7194;2,8300;-199,6500;835;656;21874
Ex 3 day 187;5;315;-0,0174;2,5700;2,0719;3,7700;-147,7300;919;663;21874
Ex 3 day 187;5;316;-0,0174;3,7726;2,9428;2,8300;-216,8500;966;684;21874
Ex 3 day 187;5;317;-0,0174;2,4968;2,1210;2,8300;-143,5200;937;743;21874
Ex 3 day 187;5;318;-0,0174;2,8531;2,4082;2,8300;-164,0000;832;669;21874
Ex 3 day 187;5;319;-0,0174;3,1915;2,5552;2,8300;-183,4500;803;724;21874
Ex 3 day 187;5;320;-0,0174;3,1125;2,3609;2,8300;-178,9100;832;720;21874
Ex 3 day 187;5;321;-0,0174;3,0031;2,2412;2,8300;-172,6200;819;716;21874
Ex 3 day 187;5;322;-0,0174;2,8564;2,3713;2,8300;-164,1900;856;665;21874
Ex 3 day 187;5;323;-0,0174;3,3406;2,6570;2,8300;-192,0200;870;743;21874
Ex 3 day 187;5;324;-0,0174;2,6589;2,1774;2,8300;-152,8400;842;670;21874
Ex 3 day 187;5;325;-0,0174;2,7480;1,7470;2,8300;-157,9600;852;708;21874
Ex 3 day 187;5;326;-0,0174;2,4345;1,6387;3,3000;-139,9400;890;672;21874
Ex 3 day 187;5;327;-0,0174;2,5363;1,8991;2,8300;-145,7900;888;642;21874
Ex 3 day 187;5;328;-0,0174;2,7955;2,3945;2,8300;-160,6900;953;663;21874
Ex 3 day 187;5;329;-0,0174;2,4381;1,9880;2,8300;-140,1500;940;719;21874
Ex 3 day 187;5;330;-0,0174;2,4497;1,8012;2,8300;-140,8200;833;746;21874
Ex 3 day 187;5;331;-0,0174;2,8368;2,0539;2,8300;-163,0600;903;654;21874
Ex 3 day 187;5;332;-0,0174;2,0194;1,7390;4,7100;-116,0800;904;641;21874
Ex 3 day 187;5;333;-0,0174;2,7523;2,2154;2,8300;-158,2000;923;722;21874
Ex 3 day 187;5;334;-0,0174;3,0668;2,0999;2,8300;-176,2800;837;682;21874
Ex 3 day 187;5;335;-0,0174;2,2362;1,7089;2,8300;-128,5400;880;703;21874
Ex 3 day 187;5;336;-0,0174;3,6230;2,7324;2,8300;-208,2500;956;620;21874
Ex 3 day 187;5;337;-0,0174;2,6400;1,9615;2,8300;-151,7500;854;699;21874
Ex 3 day 187;5;338;-0,0174;2,3602;1,8097;2,8300;-135,6700;893;740;21874
Ex 3 day 187;5;339;-0,0174;1,9293;1,4226;2,8300;-110,9000;966;632;21874
Ex 3 day 187;5;340;-0,0174;2,0776;1,7760;2,8300;-119,4200;820;741;21874
Ex 3 day 187;5;341;-0,0174;2,2775;1,8865;2,8300;-130,9200;897;659;21874
Ex 3 day 187;5;342;-0,0174;2,1308;1,5933;3,7700;-122,4800;942;699;21874
Ex 3 day 187;5;343;-0,0174;1,4543;1,3419;3,3000;-83,6000;883;652;21874
Ex 3 day 187;5;344;-0,0174;2,1502;1,6951;2,8300;-123,6000;947;647;21874
Ex 3 day 187;5;345;-0,0174;2,1373;1,8455;2,8300;-122,8600;842;733;21874
Ex 3 day 187;5;346;-0,0174;0,8080;1,3348;5,1900;-46,4400;886;719;21874
Ex 3 day 187;5;347;-0,0174;1,7514;1,3336;2,8300;-100,6800;829;679;21874
Ex 3 day 187;5;348;-0,0174;1,7505;1,2530;2,8300;-100,6200;901;719;21874
Ex 3 day 187;5;349;-0,0174;1,4346;1,1051;2,8300;-82,4600;879;676;21874
Ex 3 day 187;5;350;-0,0174;2,6891;2,0430;2,8300;-154,5800;959;706;21874
Ex 3 day 187;5;351;-0,0174;2,7516;2,1830;2,8300;-158,1600;820;696;21874
Ex 3 day 187;5;352;-0,0174;2,3303;1,7983;2,8300;-133,9500;843;654;21874
Ex 3 day 187;5;353;-0,0174;1,5511;1,5550;2,8300;-89,1600;966;644;21874
Ex 3 day 187;5;354;-0,0174;2,6704;2,1190;2,8300;-153,5000;804;737;21874
Ex 3 day 187;5;355;-0,0174;1,6723;1,2497;4,7100;-96,1300;877;687;21874
Ex 3 day 187;5;356;-0,0174;2,1919;1,7729;2,8300;-126,0000;905;677;21874
Ex 3 day 187;5;357;-0,0174;1,9190;1,4531;2,8300;-110,3100;956;644;21874
Ex 3 day 187;5;358;-0,0174;2,0440;1,5256;2,8300;-117,4900;887;656;21874
Ex 3 day 187;5;359;-0,0174;1,3731;1,0496;2,8300;-78,9300;905;685;21874
Ex 3 day 187;5;360;-0,0174;2,1866;1,7321;2,8300;-125,6900;904;699;21874
Ex 3 day 187;5;361;-0,0174;2,3068;1,8724;2,8300;-132,6000;940;623;21874
Ex 3 day 187;5;362;-0,0174;2,2616;1,8005;2,8300;-130,0000;819;685;21874
Ex 3 day 187;5;363;-0,0174;2,0830;1,7347;2,8300;-119,7300;951;656;21874
Ex 3 day 187;5;364;-0,0174;2,4645;1,8573;2,8300;-141,6600;908;693;21874
Ex 3 day 187;5;365;-0,0174;1,4851;1,3915;4,2400;-85,3600;893;701;21874
Ex 3 day 187;5;366;-0,0174;1,9216;1,5793;2,8300;-110,4500;941;627;21874
Ex 3 day 187;5;367;-0,0174;2,5338;1,8632;2,8300;-145,6500;921;648;21874
Ex 3 day 187;5;368;-0,0174;1,4708;1,1940;2,8300;-84,5400;804;693;21874
Ex 3 day 187;5;369;-0,0174;1,2211;0,8810;4,2400;-70,1900;883;739;21874
Ex 3 day 187;5;370;-0,0174;1,8639;1,4480;2,8300;-107,1400;877;716;21874
Ex 3 day 187;5;371;-0,0174;2,2346;1,9136;2,8300;-128,4500;919;745;21874
Ex 3 day 187;5;372;-0,0174;1,6120;1,2577;2,8300;-92,6600;894;638;21874
Ex 3 day 187;5;373;-0,0174;1,9852;1,5442;2,8300;-114,1100;822;686;21874
Ex 3 day 187;5;374;-0,0174;2,5469;2,0159;2,8300;-146,4000;868;738;21874
Ex 3 day 187;5;375;-0,0174;1,2609;1,2353;3,3000;-72,4800;926;619;21874
Ex 3 day 187;5;376;-0,0174;1,9565;1,5170;2,8300;-112,4600;916;693;21874
Ex 3 day 187;5;377;-0,0174;1,1516;1,3063;4,7100;-66,2000;932;634;21874
Ex 3 day 187;5;378;-0,0174;2,1699;1,7469;2,8300;-124,7300;829;705;21874
Ex 3 day 187;5;379;-0,0174;1,6251;1,1738;2,8300;-93,4200;897;682;21874
Ex 3 day 187;5;380;-0,0174;1,5581;1,2598;2,8300;-89,5600;915;611;21874
Ex 3 day 187;5;381;-0,0174;1,7255;1,2770;2,8300;-99,1800;927;701;21874
Ex 3 day 187;5;382;-0,0174;2,0219;1,6656;2,8300;-116,2200;949;616;21874
Ex 3 day 187;5;383;-0,0174;1,5352;1,1900;2,8300;-88,2500;929;735;21874
Ex 3 day 187;5;384;-0,0174;2,2097;1,5924;2,8300;-127,0200;850;716;21874
Ex 3 day 187;5;385;-0,0174;2,1480;1,3094;2,8300;-123,4700;872;724;21874
Ex 3 day 187;5;386;-0,0174;2,2468;1,4465;2,8300;-129,1500;875;708;21874
Ex 3 day 187;5;387;-0,0174;1,6029;1,4388;2,8300;-92,1400;914;718;21874
Ex 3 day 187;5;388;-0,0174;0,9119;0,9972;3,7700;-52,4200;952;715;21874
Ex 3 day 187;5;389;-0,0174;1,5649;1,2720;2,8300;-89,9500;871;678;21874
Ex 3 day 187;5;390;-0,0174;2,4554;1,8357;2,8300;-141,1400;945;678;21874
Ex 3 day 187;5;391;-0,0174;1,6031;1,3519;2,8300;-92,1500;848;741;21874
Ex 3 day 187;5;392;-0,0174;1,7176;1,1297;2,8300;-98,7300;931;663;21874
Ex 3 day 187;5;393;-0,0174;1,7925;1,2572;2,8300;-103,0400;897;728;21874
Ex 3 day 187;5;394;-0,0174;1,7680;1,3954;2,8300;-101,6300;919;681;21874
Ex 3 day 187;5;395;-0,0174;1,9810;1,4274;3,3000;-113,8700;908;624;21874
Ex 3 day 187;5;396;-0,0174;1,4206;0,9033;3,7700;-81,6600;973;673;21874
Ex 3 day 187;5;397;-0,0174;1,8296;1,4650;2,8300;-105,1700;925;639;21874
Ex 3 day 187;5;398;-0,0174;1,4131;1,0630;2,8300;-81,2300;982;696;21874
Ex 3 day 187;5;399;-0,0174;1,8547;1,6338;2,8300;-106,6100;811;682;21874
Ex 3 day 187;5;400;-0,0174;1,9318;1,5177;2,8300;-111,0400;874;661;21874
Ex 3 day 187;5;401;-0,0174;1,3817;1,0893;2,8300;-79,4200;929;687;21874
Ex 3 day 187;5;402;-0,0174;1,6336;1,3401;2,8300;-93,9000;844;677;21874
Ex 3 day 187;5;403;-0,0174;1,9843;1,4014;2,8300;-114,0600;891;682;21874
Ex 3 day 187;5;404;-0,0174;2,2143;1,6534;2,8300;-127,2800;847;728;21874
Ex 3 day 187;6;405;0,1144;4,1257;3,2953;2,8300;36,0600;518;993;6267
Ex 3 day 187;6;406;0,1144;3,9997;2,7874;3,3000;34,9600;519;920;6267
Ex 3 day 187;6;407;0,1144;3,4761;2,1821;4,2400;30,3800;519;971;6267
Ex 3 day 187;6;408;0,1144;3,3873;2,5040;3,3000;29,6100;517;945;6267
Ex 3 day 187;6;409;0,1144;2,8780;2,4867;2,8300;25,1500;499;906;6267
Ex 3 day 187;6;410;0,1144;2,1165;1,3952;5,1900;18,5000;503;973;6267
Ex 3 day 187;6;411;0,1144;2,0486;1,7802;2,8300;17,9100;509;994;6267
Ex 3 day 187;6;412;0,1144;2,2317;1,9166;2,8300;19,5100;503;953;6267
Ex 3 day 187;7;413;0,0466;3,2033;2,2689;3,3000;68,7200;396;956;6545
Ex 3 day 187;7;414;0,0466;3,4106;2,8501;2,8300;73,1600;411;929;6545
Ex 3 day 187;7;415;0,0466;2,7373;1,8717;3,3000;58,7200;384;959;6545
Ex 3 day 187;7;416;0,0466;2,5410;2,1288;2,8300;54,5100;416;997;6545
Ex 3 day 187;7;417;0,0466;2,8061;2,4252;2,8300;60,2000;390;995;6545
Ex 3 day 187;7;418;0,0466;2,2771;1,7448;2,8300;48,8500;380;985;6545
Ex 3 day 187;7;419;0,0466;3,4448;2,4030;2,8300;73,9000;403;1024;6545
Ex 3 day 187;7;420;0,0466;2,8386;2,2550;2,8300;60,8900;395;966;6545
Ex 3 day 187;7;421;0,0466;1,7018;1,4155;3,3000;36,5100;428;931;6545
Ex 3 day 187;7;422;0,0466;2,3578;1,7149;2,8300;50,5800;429;950;6545
Ex 3 day 187;7;423;0,0466;2,3160;1,5965;2,8300;49,6800;402;991;6545
Ex 3 day 187;7;424;0,0466;1,3276;1,4042;3,7700;28,4800;404;1005;6545
Ex 3 day 187;7;425;0,0466;2,6150;1,9519;2,8300;56,1000;403;1018;6545
Ex 3 day 187;7;426;0,0466;1,8911;1,6098;2,8300;40,5700;395;1007;6545
Ex 3 day 187;7;427;0,0466;1,9065;1,6428;2,8300;40,9000;407;967;6545
Ex 3 day 187;7;428;0,0466;2,1773;1,9716;2,8300;46,7100;426;967;6545
Ex 3 day 187;7;429;0,0466;2,4921;2,1836;2,8300;53,4600;420;957;6545
Ex 3 day 187;7;430;0,0466;1,7433;1,4659;2,8300;37,4000;412;1006;6545
Ex 3 day 187;7;431;0,0466;2,0581;1,7417;2,8300;44,1500;388;982;6545
Ex 3 day 187;7;432;0,0466;2,1046;1,4869;2,8300;45,1500;389;938;6545
Ex 3 day 187;7;433;0,0466;2,0562;1,7216;2,8300;44,1100;397;941;6545
Ex 3 day 187;7;434;0,0466;1,8096;1,2993;2,8300;38,8200;423;945;6545
Ex 3 day 187;7;435;0,0466;1,6104;1,2734;2,8300;34,5500;377;967;6545
Ex 3 day 187;7;436;0,0466;1,7175;1,3991;2,8300;36,8400;392;924;6545
Ex 3 day 187;7;437;0,0466;2,0315;1,6132;2,8300;43,5800;378;1009;6545
Ex 3 day 187;7;438;0,0466;1,0522;1,4562;4,7100;22,5700;388;1018;6545
Ex 3 day 187;7;439;0,0466;1,2688;1,2140;3,3000;27,2200;378;940;6545
Ex 3 day 187;7;440;0,0466;1,8314;1,7530;2,8300;39,2900;425;978;6545
Ex 3 day 187;7;441;0,0466;2,1821;1,6616;2,8300;46,8100;398;922;6545
Ex 3 day 187;7;442;0,0466;1,9678;1,6127;2,8300;42,2100;381;995;6545
Ex 3 day 187;7;443;0,0466;1,8286;1,2958;2,8300;39,2300;429;940;6545
Ex 3 day 187;8;444;-0,0114;3,1335;2,5588;2,8300;-274,8100;417;1026;4824
Ex 3 day 187;8;445;-0,0114;3,6222;2,1796;3,3000;-317,6800;523;1039;4824
Ex 3 day 187;8;446;-0,0114;2,7048;1,9081;3,7700;-237,2200;434;1039;4824
Ex 3 day 187;8;447;-0,0114;2,7309;2,0812;2,8300;-239,5100;470;1014;4824
Ex 3 day 187;8;448;-0,0114;1,9291;1,7728;4,7100;-169,1900;416;1039;4824
Ex 3 day 187;8;449;-0,0114;2,3610;2,0136;2,8300;-207,0700;514;1018;4824
Ex 3 day 187;8;450;-0,0114;2,4982;2,0783;2,8300;-219,1000;453;1002;4824
Ex 3 day 187;8;451;-0,0114;2,1309;1,3204;3,3000;-186,8800;491;1039;4824
Ex 3 day 187;8;452;-0,0114;1,4264;1,1641;3,3000;-125,1000;503;1039;4824
Ex 3 day 187;8;453;-0,0114;2,4358;1,9283;2,8300;-213,6200;449;991;4824
Ex 3 day 187;8;454;-0,0114;2,0616;1,2570;3,3000;-180,8100;459;1016;4824
Ex 3 day 187;8;455;-0,0114;2,2919;1,6158;2,8300;-201,0100;461;998;4824
Ex 3 day 187;8;456;-0,0114;2,0356;1,4992;3,7700;-178,5300;470;1039;4824
Ex 3 day 187;8;457;-0,0114;1,3968;1,1277;2,8300;-122,5100;441;1023;4824
Ex 3 day 187;8;458;-0,0114;1,8797;1,4013;2,8300;-164,8600;509;1026;4824
Ex 3 day 187;8;459;-0,0114;1,4753;1,1383;2,8300;-129,3900;479;1029;4824
Ex 3 day 187;8;460;-0,0114;2,3751;1,9673;2,8300;-208,3100;434;991;4824
Ex 3 day 187;9;461;0,0058;2,1480;1,4334;2,8300;369,4600;425;1010;199
Ex 3 day 188;1;1;0,0428;3,0077;2,4682;2,8300;70,2600;1361;140;7636
Ex 3 day 188;1;2;0,0428;2,6244;1,8983;2,8300;61,3100;1391;86;7636
Ex 3 day 188;1;3;0,0428;1,8928;1,8445;4,7100;44,2100;1377;127;7636
Ex 3 day 188;1;4;0,0428;2,0547;1,2737;3,3000;48,0000;1391;217;7636
Ex 3 day 188;1;5;0,0428;2,8017;2,2455;2,8300;65,4500;1368;169;7636
Ex 3 day 188;1;6;0,0428;2,9057;1,9872;3,3000;67,8800;1391;175;7636
Ex 3 day 188;1;7;0,0428;2,1615;1,6010;2,8300;50,4900;1355;228;7636
Ex 3 day 188;1;8;0,0428;2,4471;2,0884;2,8300;57,1600;1389;107;7636
Ex 3 day 188;1;9;0,0428;2,9065;2,4550;2,8300;67,8900;1358;214;7636
Ex 3 day 188;1;10;0,0428;2,3195;1,9449;2,8300;54,1800;1346;212;7636
Ex 3 day 188;1;11;0,0428;2,1764;1,5997;2,8300;50,8400;1361;126;7636
Ex 3 day 188;1;12;0,0428;2,0676;1,6043;2,8300;48,3000;1384;242;7636
Ex 3 day 188;1;13;0,0428;1,9940;1,6826;2,8300;46,5800;1381;177;7636
Ex 3 day 188;1;14;0,0428;2,3931;1,6332;2,8300;55,9000;1366;240;7636
Ex 3 day 188;1;15;0,0428;3,1377;0,9218;5,1900;73,3000;1391;243;7636
Ex 3 day 188;1;16;0,0428;2,0814;1,2769;4,2400;48,6200;1351;181;7636
Ex 3 day 188;1;17;0,0428;1,4377;1,1355;2,8300;33,5900;1338;182;7636
Ex 3 day 188;1;18;0,0428;2,0402;1,5494;3,3000;47,6600;1391;190;7636
Ex 3 day 188;1;19;0,0428;1,2902;1,0189;5,6600;30,1400;1391;227;7636
Ex 3 day 188;1;20;0,0428;1,4696;1,0990;2,8300;34,3300;1381;209;7636
Ex 3 day 188;1;21;0,0428;2,2135;1,9797;2,8300;51,7100;1379;145;7636
Ex 3 day 188;1;22;0,0428;1,8831;1,3472;4,7100;43,9900;1371;227;7636
Ex 3 day 188;1;23;0,0428;1,5932;0,9695;2,8300;37,2200;1377;216;7636
Ex 3 day 188;1;24;0,0428;1,8637;1,5572;2,8300;43,5400;1378;247;7636
Ex 3 day 188;1;25;0,0428;2,2621;1,0933;4,2400;52,8400;1348;156;7636
Ex 3 day 188;1;26;0,0428;1,1910;0,9954;2,8300;27,8200;1377;185;7636
Ex 3 day 188;1;27;0,0428;1,6883;1,2130;2,8300;39,4400;1349;130;7636
Ex 3 day 188;1;28;0,0428;1,5372;1,2113;2,8300;35,9100;1373;248;7636
Ex 3 day 188;1;29;0,0428;1,7690;1,2312;4,2400;41,3200;1374;201;7636
Ex 3 day 188;1;30;0,0428;1,9684;1,4904;2,8300;45,9800;1369;187;7636
Ex 3 day 188;1;31;0,0428;1,8211;1,4326;2,8300;42,5400;1381;154;7636
Ex 3 day 188;2;32;-0,0055;5,0202;4,1733;2,8300;-919,8500;1149;376;23305
Ex 3 day 188;2;33;-0,0055;4,1945;3,5519;2,8300;-768,5600;1119;338;23305
Ex 3 day 188;2;34;-0,0055;3,3370;2,6467;2,8300;-611,4400;1091;310;23305
Ex 3 day 188;2;35;-0,0055;3,9015;3,3764;2,8300;-714,8600;1103;409;23305
Ex 3 day 188;2;36;-0,0055;3,5981;2,3118;4,2400;-659,2800;1136;287;23305
Ex 3 day 188;2;37;-0,0055;3,8519;2,7890;3,7700;-705,7800;1084;370;23305
Ex 3 day 188;2;38;-0,0055;3,0536;2,4110;2,8300;-559,5100;1080;397;23305
Ex 3 day 188;2;39;-0,0055;3,8817;2,6320;3,3000;-711,2300;1098;394;23305
Ex 3 day 188;2;40;-0,0055;3,4912;2,5050;3,7700;-639,6900;1152;267;23305
Ex 3 day 188;2;41;-0,0055;3,7164;2,6274;3,3000;-680,9500;1046;383;23305
Ex 3 day 188;2;42;-0,0055;2,9727;2,2229;3,3000;-544,6800;1135;325;23305
Ex 3 day 188;2;43;-0,0055;3,2169;2,3722;2,8300;-589,4300;1134;306;23305
Ex 3 day 188;2;44;-0,0055;3,2151;2,3086;2,8300;-589,0900;1062;408;23305
Ex 3 day 188;2;45;-0,0055;2,5140;2,2406;2,8300;-460,6300;1124;374;23305
Ex 3 day 188;2;46;-0,0055;2,0801;1,5159;4,2400;-381,1400;1128;406;23305
Ex 3 day 188;2;47;-0,0055;2,8793;2,1884;2,8300;-527,5700;1062;327;23305
Ex 3 day 188;2;48;-0,0055;2,7684;1,9053;4,2400;-507,2600;1155;309;23305
Ex 3 day 188;2;49;-0,0055;3,3114;2,4770;2,8300;-606,7400;1185;302;23305
Ex 3 day 188;2;50;-0,0055;2,6415;2,0358;2,8300;-484,0100;1116;364;23305
Ex 3 day 188;2;51;-0,0055;3,1200;2,6433;2,8300;-571,6700;1125;253;23305
Ex 3 day 188;2;52;-0,0055;2,3497;1,9288;2,8300;-430,5300;1061;397;23305
Ex 3 day 188;2;53;-0,0055;2,4720;1,9988;2,8300;-452,9400;1077;356;23305
Ex 3 day 188;2;54;-0,0055;2,9645;2,3729;2,8300;-543,1800;1181;342;23305
Ex 3 day 188;2;55;-0,0055;3,0349;1,9215;3,7700;-556,0900;1049;352;23305
Ex 3 day 188;2;56;-0,0055;2,4984;1,8441;2,8300;-457,7900;1102;333;23305
Ex 3 day 188;2;57;-0,0055;2,3029;1,7254;2,8300;-421,9700;1082;407;23305
Ex 3 day 188;2;58;-0,0055;2,2150;1,9862;2,8300;-405,8600;1128;359;23305
Ex 3 day 188;2;59;-0,0055;2,8026;2,3316;2,8300;-513,5100;1074;329;23305
Ex 3 day 188;2;60;-0,0055;2,1351;1,4726;3,3000;-391,2200;1091;301;23305
Ex 3 day 188;2;61;-0,0055;2,4229;2,0222;2,8300;-443,9400;1056;329;23305
Ex 3 day 188;2;62;-0,0055;1,9602;1,5521;3,3000;-359,1600;1100;266;23305
Ex 3 day 188;2;63;-0,0055;2,0606;1,3575;6,6000;-377,5700;1113;314;23305
Ex 3 day 188;2;64;-0,0055;2,4834;1,9631;2,8300;-455,0400;1022;355;23305
Ex 3 day 188;2;65;-0,0055;2,4033;1,7242;3,7700;-440,3600;1173;261;23305
Ex 3 day 188;2;66;-0,0055;2,4840;2,0548;2,8300;-455,1500;1041;331;23305
Ex 3 day 188;2;67;-0,0055;2,7827;1,7684;2,8300;-509,8800;1094;332;23305
Ex 3 day 188;2;68;-0,0055;2,0808;1,7619;2,8300;-381,2700;1185;331;23305
Ex 3 day 188;2;69;-0,0055;2,0890;1,4436;2,8300;-382,7600;1177;315;23305
Ex 3 day 188;2;70;-0,0055;2,2085;1,7785;2,8300;-404,6600;1068;422;23305
Ex 3 day 188;2;71;-0,0055;2,0946;1,2712;3,3000;-383,7800;1072;289;23305
Ex 3 day 188;2;72;-0,0055;2,7910;2,2397;2,8300;-511,3900;1060;306;23305
Ex 3 day 188;2;73;-0,0055;2,7110;2,2217;2,8300;-496,7400;1164;284;23305
Ex 3 day 188;2;74;-0,0055;1,5133;1,2331;2,8300;-277,2700;1031;376;23305
Ex 3 day 188;2;75;-0,0055;1,7719;1,3889;2,8300;-324,6600;1165;364;23305
Ex 3 day 188;2;76;-0,0055;1,9350;1,4078;3,3000;-354,5400;1062;299;23305
Ex 3 day 188;2;77;-0,0055;1,5434;1,1722;3,3000;-282,8000;1134;378;23305
Ex 3 day 188;2;78;-0,0055;1,5578;1,4088;2,8300;-285,4300;1152;332;23305
Ex 3 day 188;2;79;-0,0055;2,1076;1,5334;2,8300;-386,1700;1095;327;23305
Ex 3 day 188;2;80;-0,0055;2,9603;2,0151;2,8300;-542,4200;1080;320;23305
Ex 3 day 188;2;81;-0,0055;2,2208;1,5060;2,8300;-406,9100;1167;374;23305
Ex 3 day 188;2;82;-0,0055;1,8835;1,3567;2,8300;-345,1200;1102;362;23305
Ex 3 day 188;2;83;-0,0055;1,6624;1,2724;2,8300;-304,5900;1109;381;23305
Ex 3 day 188;2;84;-0,0055;1,8464;1,4224;2,8300;-338,3200;1106;300;23305
Ex 3 day 188;2;85;-0,0055;1,2053;1,0869;2,8300;-220,8500;1044;321;23305
Ex 3 day 188;2;86;-0,0055;1,7970;1,2182;2,8300;-329,2600;1071;412;23305
Ex 3 day 188;2;87;-0,0055;1,8453;1,4531;2,8300;-338,1100;1087;324;23305
Ex 3 day 188;2;88;-0,0055;1,4747;1,2276;4,7100;-270,2100;1067;347;23305
Ex 3 day 188;2;89;-0,0055;2,1127;1,6755;2,8300;-387,1000;1065;379;23305
Ex 3 day 188;2;90;-0,0055;1,3710;1,1744;2,8300;-251,2000;1112;249;23305
Ex 3 day 188;2;91;-0,0055;2,0299;1,7419;2,8300;-371,9300;1066;287;23305
Ex 3 day 188;2;92;-0,0055;1,6737;1,2692;2,8300;-306,6600;1050;364;23305
Ex 3 day 188;2;93;-0,0055;1,7777;1,3938;2,8300;-325,7300;1033;329;23305
Ex 3 day 188;2;94;-0,0055;1,7494;0,9951;3,3000;-320,5500;1080;339;23305
Ex 3 day 188;2;95;-0,0055;2,0086;1,3432;2,8300;-368,0400;1120;386;23305
Ex 3 day 188;2;96;-0,0055;2,0872;1,6405;2,8300;-382,4300;1101;293;23305
Ex 3 day 188;3;97;0,0315;3,4149;2,9040;2,8300;108,2800;1337;381;24740
Ex 3 day 188;3;98;0,0315;3,4396;2,3531;2,8300;109,0700;1278;294;24740
Ex 3 day 188;3;99;0,0315;4,0253;2,5837;3,3000;127,6400;1231;356;24740
Ex 3 day 188;3;100;0,0315;3,3396;2,7614;2,8300;105,8900;1256;356;24740
Ex 3 day 188;3;101;0,0315;3,0760;2,4371;2,8300;97,5400;1350;305;24740
Ex 3 day 188;3;102;0,0315;2,4118;1,9359;2,8300;76,4700;1238;299;24740
Ex 3 day 188;3;103;0,0315;2,4083;1,8498;2,8300;76,3600;1209;360;24740
Ex 3 day 188;3;104;0,0315;2,6158;2,3115;2,8300;82,9400;1211;346;24740
Ex 3 day 188;3;105;0,0315;2,8355;2,0623;3,3000;89,9100;1299;378;24740
Ex 3 day 188;3;106;0,0315;2,9455;1,7962;4,2400;93,4000;1224;383;24740
Ex 3 day 188;3;107;0,0315;1,8653;1,6748;5,6600;59,1400;1269;424;24740
Ex 3 day 188;3;108;0,0315;2,3041;1,8108;2,8300;73,0600;1245;337;24740
Ex 3 day 188;3;109;0,0315;2,5047;1,9713;4,7100;79,4200;1280;375;24740
Ex 3 day 188;3;110;0,0315;3,3938;2,8923;2,8300;107,6100;1240;399;24740
Ex 3 day 188;3;111;0,0315;2,7397;2,2848;2,8300;86,8700;1317;298;24740
Ex 3 day 188;3;112;0,0315;2,5045;1,9256;2,8300;79,4100;1311;408;24740
Ex 3 day 188;3;113;0,0315;2,3890;1,6760;2,8300;75,7500;1192;374;24740
Ex 3 day 188;3;114;0,0315;2,5906;2,3399;2,8300;82,1500;1348;325;24740
Ex 3 day 188;3;115;0,0315;2,3434;1,9728;2,8300;74,3100;1322;338;24740
Ex 3 day 188;3;116;0,0315;1,9251;1,1024;5,1900;61,0400;1254;326;24740
Ex 3 day 188;3;117;0,0315;1,9482;1,5205;2,8300;61,7800;1234;318;24740
Ex 3 day 188;3;118;0,0315;2,0732;1,8648;2,8300;65,7400;1278;363;24740
Ex 3 day 188;3;119;0,0315;2,2876;1,7338;2,8300;72,5400;1243;309;24740
Ex 3 day 188;3;120;0,0315;1,9912;1,5659;3,7700;63,1400;1267;307;24740
Ex 3 day 188;3;121;0,0315;2,3100;1,8397;2,8300;73,2500;1331;379;24740
Ex 3 day 188;3;122;0,0315;1,9718;1,5420;2,8300;62,5200;1242;373;24740
Ex 3 day 188;3;123;0,0315;2,0346;1,6157;2,8300;64,5100;1202;336;24740
Ex 3 day 188;3;124;0,0315;1,5371;1,2858;3,7700;48,7400;1287;413;24740
Ex 3 day 188;3;125;0,0315;1,6725;1,3120;2,8300;53,0300;1299;400;24740
Ex 3 day 188;3;126;0,0315;2,0104;1,5211;4,2400;63,7500;1291;431;24740
Ex 3 day 188;3;127;0,0315;1,6620;1,4361;2,8300;52,7000;1353;355;24740
Ex 3 day 188;3;128;0,0315;2,1801;1,5962;2,8300;69,1300;1269;332;24740
Ex 3 day 188;3;129;0,0315;1,7811;1,3176;2,8300;56,4800;1337;335;24740
Ex 3 day 188;3;130;0,0315;1,6795;1,3274;2,8300;53,2500;1201;326;24740
Ex 3 day 188;3;131;0,0315;2,1151;1,5267;2,8300;67,0700;1234;343;24740
Ex 3 day 188;3;132;0,0315;2,4020;2,1283;2,8300;76,1700;1296;338;24740
Ex 3 day 188;3;133;0,0315;2,1831;1,6772;2,8300;69,2200;1322;352;24740
Ex 3 day 188;3;134;0,0315;1,6912;1,4143;2,8300;53,6200;1198;365;24740
Ex 3 day 188;3;135;0,0315;2,5197;1,9713;2,8300;79,9000;1326;287;24740
Ex 3 day 188;3;136;0,0315;1,8161;1,3601;2,8300;57,5900;1275;406;24740
Ex 3 day 188;3;137;0,0315;2,0990;1,5313;2,8300;66,5600;1311;418;24740
Ex 3 day 188;3;138;0,0315;1,1672;1,0316;4,7100;37,0100;1198;385;24740
Ex 3 day 188;3;139;0,0315;1,9935;1,3886;4,2400;63,2100;1322;399;24740
Ex 3 day 188;3;140;0,0315;1,7630;1,5451;2,8300;55,9000;1278;318;24740
Ex 3 day 188;3;141;0,0315;1,6014;1,2464;4,2400;50,7800;1242;420;24740
Ex 3 day 188;3;142;0,0315;1,4359;1,1343;2,8300;45,5300;1322;345;24740
Ex 3 day 188;3;143;0,0315;2,0328;1,2786;3,7700;64,4600;1254;383;24740
Ex 3 day 188;5;144;0,0322;4,2927;3,3764;2,8300;133,1400;647;495;19271
Ex 3 day 188;5;145;0,0322;4,7674;3,9963;2,8300;147,8600;616;462;19271
Ex 3 day 188;5;146;0,0322;4,3371;3,7265;2,8300;134,5200;603;490;19271
Ex 3 day 188;5;147;0,0322;4,2631;3,0447;3,3000;132,2200;641;516;19271
Ex 3 day 188;5;148;0,0322;4,1092;3,0563;2,8300;127,4500;579;418;19271
Ex 3 day 188;5;149;0,0322;4,1455;2,9092;3,3000;128,5800;580;487;19271
Ex 3 day 188;5;150;0,0322;3,5732;2,5235;3,3000;110,8300;611;449;19271
Ex 3 day 188;5;151;0,0322;3,9788;2,7863;3,3000;123,4100;676;516;19271
Ex 3 day 188;5;152;0,0322;3,2603;2,1408;4,2400;101,1200;639;455;19271
Ex 3 day 188;5;153;0,0322;3,5350;2,5919;3,3000;109,6400;635;559;19271
Ex 3 day 188;5;154;0,0322;2,9839;2,4383;2,8300;92,5500;618;497;19271
Ex 3 day 188;5;155;0,0322;3,2172;2,3726;3,3000;99,7800;674;467;19271
Ex 3 day 188;5;156;0,0322;2,7666;1,7907;3,3000;85,8100;585;472;19271
Ex 3 day 188;5;157;0,0322;2,7753;2,1231;2,8300;86,0800;622;524;19271
Ex 3 day 188;5;158;0,0322;3,0725;2,1175;3,3000;95,3000;681;451;19271
Ex 3 day 188;5;159;0,0322;2,4237;2,0507;2,8300;75,1700;599;427;19271
Ex 3 day 188;5;160;0,0322;2,0905;1,3797;4,2400;64,8400;615;555;19271
Ex 3 day 188;5;161;0,0322;2,0101;1,5087;2,8300;62,3400;596;472;19271
Ex 3 day 188;5;162;0,0322;2,1740;1,7339;3,7700;67,4300;652;433;19271
Ex 3 day 188;5;163;0,0322;1,8609;1,2901;3,7700;57,7200;618;513;19271
Ex 3 day 188;5;164;0,0322;2,2521;1,6922;3,7700;69,8500;670;493;19271
Ex 3 day 188;5;165;0,0322;1,9337;1,5309;2,8300;59,9700;603;518;19271
Ex 3 day 188;5;166;0,0322;1,9132;1,5719;2,8300;59,3400;635;533;19271
Ex 3 day 188;5;167;0,0322;2,1075;1,5515;3,3000;65,3600;649;444;19271
Ex 3 day 188;5;168;0,0322;2,0485;1,5664;2,8300;63,5400;593;450;19271
Ex 3 day 188;5;169;0,0322;1,9712;1,6345;2,8300;61,1400;595;457;19271
Ex 3 day 188;5;170;0,0322;2,3095;1,1306;5,1900;71,6300;604;525;19271
Ex 3 day 188;5;171;0,0322;1,8295;1,4666;2,8300;56,7400;648;477;19271
Ex 3 day 188;5;172;0,0322;1,6891;1,4049;2,8300;52,3900;654;473;19271
Ex 3 day 188;5;173;0,0322;1,1205;1,0821;3,7700;34,7500;623;540;19271
Ex 3 day 188;6;174;-0,0004;2,8577;1,8671;3,3000;-7953,2600;106;616;7039
Ex 3 day 188;6;175;-0,0004;2,0071;1,5968;2,8300;-5585,9000;83;595;7039
Ex 3 day 188;6;176;-0,0004;1,5744;1,1479;7,0700;-4381,5400;41;575;7039
Ex 3 day 188;6;177;-0,0004;1,8258;1,3452;2,8300;-5081,4000;79;576;7039
Ex 3 day 188;6;178;-0,0004;1,9768;1,3849;3,7700;-5501,5300;67;601;7039
Ex 3 day 188;7;179;0,0783;3,7441;2,8536;3,7700;47,8200;178;607;7369
Ex 3 day 188;7;180;0,0783;3,8784;2,8179;3,3000;49,5400;131;566;7369
Ex 3 day 188;7;181;0,0783;3,1046;2,1970;4,2400;39,6600;167;642;7369
Ex 3 day 188;7;182;0,0783;2,8355;2,1940;3,7700;36,2200;170;547;7369
Ex 3 day 188;7;183;0,0783;2,5421;1,5718;5,1900;32,4700;165;562;7369
Ex 3 day 188;7;184;0,0783;2,3108;1,8241;5,6600;29,5200;143;541;7369
Ex 3 day 188;7;185;0,0783;2,5199;1,7088;4,7100;32,1900;104;636;7369
Ex 3 day 188;7;186;0,0783;2,3596;1,1765;7,0700;30,1400;142;632;7369
Ex 3 day 188;7;187;0,0783;1,7261;1,4334;2,8300;22,0500;116;623;7369
Ex 3 day 188;7;188;0,0783;2,2237;1,2989;4,2400;28,4000;119;640;7369
Ex 3 day 188;7;189;0,0783;1,6535;1,2803;3,7700;21,1200;151;575;7369
Ex 3 day 188;7;190;0,0783;1,9170;1,4737;2,8300;24,4900;154;617;7369
Ex 3 day 189;1;1;0,0150;4,3476;3,7948;2,8300;289,7200;1128;426;27652
Ex 3 day 189;1;2;0,0150;3,3377;2,3691;4,2400;222,4200;1024;356;27652
Ex 3 day 189;1;3;0,0150;3,6497;3,1241;2,8300;243,2100;1094;403;27652
Ex 3 day 189;1;4;0,0150;3,4375;2,1410;4,2400;229,0700;1122;459;27652
Ex 3 day 189;1;5;0,0150;3,3057;2,1284;4,2400;220,2900;1120;365;27652
Ex 3 day 189;1;6;0,0150;3,2703;2,8370;2,8300;217,9300;1145;439;27652
Ex 3 day 189;1;7;0,0150;3,2048;2,8079;2,8300;213,5600;1115;421;27652
Ex 3 day 189;1;8;0,0150;2,9879;2,4751;2,8300;199,1100;1054;336;27652
Ex 3 day 189;1;9;0,0150;2,7535;2,3053;2,8300;183,4900;1006;295;27652
Ex 3 day 189;1;10;0,0150;3,0333;2,2233;3,3000;202,1300;1063;386;27652
Ex 3 day 189;1;11;0,0150;2,6022;2,1010;2,8300;173,4100;1044;370;27652
Ex 3 day 189;1;12;0,0150;2,2577;1,8628;2,8300;150,4500;1024;413;27652
Ex 3 day 189;1;13;0,0150;2,3294;2,0338;2,8300;155,2300;1004;319;27652
Ex 3 day 189;1;14;0,0150;2,2343;1,7823;2,8300;148,8900;1167;419;27652
Ex 3 day 189;1;15;0,0150;2,3244;2,0292;2,8300;154,8900;1102;348;27652
Ex 3 day 189;1;16;0,0150;1,7535;1,5027;2,8300;116,8500;1123;398;27652
Ex 3 day 189;1;17;0,0150;2,0432;1,4516;3,3000;136,1600;1092;367;27652
Ex 3 day 189;1;18;0,0150;2,3097;1,8706;2,8300;153,9200;1101;442;27652
Ex 3 day 189;1;19;0,0150;2,0005;1,4883;2,8300;133,3100;1088;304;27652
Ex 3 day 189;1;20;0,0150;1,8738;1,5768;3,7700;124,8700;1081;293;27652
Ex 3 day 189;1;21;0,0150;1,2413;1,3882;4,2400;82,7200;1152;404;27652
Ex 3 day 189;1;22;0,0150;2,3666;1,9236;2,8300;157,7100;1161;400;27652
Ex 3 day 189;1;23;0,0150;2,2485;1,5941;3,3000;149,8400;1098;357;27652
Ex 3 day 189;1;24;0,0150;1,2455;1,1225;3,7700;83,0000;1139;394;27652
Ex 3 day 189;2;25;0,0419;3,8141;3,3281;2,8300;90,9800;461;359;19608
Ex 3 day 189;2;26;0,0419;4,0437;2,9811;3,7700;96,4600;404;396;19608
Ex 3 day 189;2;27;0,0419;3,7650;2,3688;4,2400;89,8100;433;381;19608
Ex 3 day 189;2;28;0,0419;3,9915;2,8872;3,7700;95,2200;370;394;19608
Ex 3 day 189;2;29;0,0419;3,4717;2,6513;3,7700;82,8200;440;396;19608
Ex 3 day 189;2;30;0,0419;3,8226;2,8366;3,7700;91,1900;494;327;19608
Ex 3 day 189;2;31;0,0419;3,7180;2,3365;4,2400;88,6900;390;371;19608
Ex 3 day 189;2;32;0,0419;3,6471;2,7356;3,7700;87,0000;425;406;19608
Ex 3 day 189;2;33;0,0419;3,1655;2,2062;3,3000;75,5100;401;336;19608
Ex 3 day 189;2;34;0,0419;3,2791;2,8181;2,8300;78,2200;417;362;19608
Ex 3 day 189;2;35;0,0419;2,9541;2,1307;3,7700;70,4700;440;350;19608
Ex 3 day 189;2;36;0,0419;3,2392;2,4012;3,3000;77,2700;457;325;19608
Ex 3 day 189;2;37;0,0419;2,6997;1,9017;3,3000;64,4000;434;324;19608
Ex 3 day 189;2;38;0,0419;2,5537;2,1363;2,8300;60,9200;473;369;19608
Ex 3 day 189;2;39;0,0419;2,3659;1,6696;3,3000;56,4400;382;428;19608
Ex 3 day 189;2;40;0,0419;2,2371;1,5495;3,7700;53,3700;370;416;19608
Ex 3 day 189;2;41;0,0419;2,1618;1,8453;2,8300;51,5700;385;420;19608
Ex 3 day 189;2;42;0,0419;2,0543;1,2988;3,3000;49,0000;472;401;19608
Ex 3 day 189;2;43;0,0419;1,4950;1,2456;2,8300;35,6600;457;337;19608
Ex 3 day 189;2;44;0,0419;1,9209;1,4628;3,7700;45,8200;375;340;19608
