experiment,cell_id,peak_id,cell_intensity_mean,foci_intensity_peak,foci_intensity_mean_disk,foci_radius,signal_to_cell_ratio,foci_x,foci_y
Ex 3 day 0,1,1,0.1664,1.9992,1.4598,3.3,12.01,1236,6
Ex 3 day 0,2,2,0.2251,2.873,2.3748,2.83,12.76,1104,119
Ex 3 day 0,2,3,0.2251,2.7832,2.3295,2.83,12.36,1117,114
Ex 3 day 0,2,4,0.2251,3.0783,2.2586,3.3,13.67,1116,103
Ex 3 day 0,2,5,0.2251,2.9046,2.2538,2.83,12.9,1123,90
Ex 3 day 0,3,6,0.1409,3.8899,2.8343,3.3,27.6,893,167
Ex 3 day 0,3,7,0.1409,1.9449,1.5297,3.77,13.8,908,179
Ex 3 day 0,4,8,0.1461,3.6482,2.6241,3.3,24.97,1247,165
Ex 3 day 0,4,9,0.1461,3.6601,3.218,2.83,25.05,1275,155
Ex 3 day 0,4,10,0.1461,3.1027,2.5453,2.83,21.24,1268,173
Ex 3 day 0,4,11,0.1461,2.6808,1.9343,3.3,18.35,1292,198
Ex 3 day 0,4,12,0.1461,2.6599,2.3081,2.83,18.21,1261,199
Ex 3 day 0,4,13,0.1461,2.778,1.889,3.3,19.02,1274,200
Ex 3 day 0,4,14,0.1461,2.3807,1.6952,3.77,16.3,1278,182
Ex 3 day 0,4,15,0.1461,2.1985,1.5882,3.3,15.05,1312,163
Ex 3 day 0,5,16,0.2009,3.1557,2.7231,2.83,15.71,511,212
Ex 3 day 0,5,17,0.2009,2.6433,1.9459,3.77,13.16,533,222
Ex 3 day 0,5,18,0.2009,2.2685,1.6338,3.3,11.29,552,213
Ex 3 day 0,5,19,0.2009,2.0952,1.6474,3.77,10.43,544,223
Ex 3 day 0,6,20,0.2854,2.5561,1.9083,3.3,8.96,263,232
Ex 3 day 0,7,21,0.107,3.222,2.7573,2.83,30.12,1129,275
Ex 3 day 0,7,22,0.107,3.4257,2.3206,3.3,32.02,1148,257
Ex 3 day 0,7,23,0.107,2.6132,1.741,3.3,24.43,1115,265
Ex 3 day 0,7,24,0.107,2.774,2.1565,3.77,25.93,1096,269
Ex 3 day 0,7,25,0.107,2.0771,1.532,3.77,19.42,1120,279
Ex 3 day 0,7,26,0.107,2.0789,1.2969,5.66,19.43,1090,249
Ex 3 day 0,7,27,0.107,2.3374,2.0464,2.83,21.85,1104,286
Ex 3 day 0,7,28,0.107,2.26,1.6598,4.24,21.12,1116,245
Ex 3 day 0,8,29,0.1911,2.8243,1.9367,4.24,14.78,497,322
Ex 3 day 0,8,30,0.1911,3.0546,2.5796,2.83,15.99,473,288
Ex 3 day 0,8,31,0.1911,2.1471,1.3639,5.19,11.24,492,297
Ex 3 day 0,8,32,0.1911,2.332,2.0291,2.83,12.2,519,308
Ex 3 day 0,8,33,0.1911,1.6274,1.2813,2.83,8.52,485,324
Ex 3 day 0,8,34,0.1911,2.2866,1.6642,3.3,11.97,495,337
Ex 3 day 0,8,35,0.1911,2.3398,1.9612,2.83,12.25,470,337
Ex 3 day 0,8,36,0.1911,2.4674,2.1299,2.83,12.91,497,296
Ex 3 day 0,8,37,0.1911,1.4581,1.268,6.13,7.63,473,312
Ex 3 day 0,9,38,0.2074,3.2491,2.1756,3.3,15.67,714,314
Ex 3 day 0,9,39,0.2074,2.0259,1.8496,3.77,9.77,710,298
Ex 3 day 0,9,40,0.2074,1.9037,1.2959,3.3,9.18,715,330
Ex 3 day 0,9,41,0.2074,2.0594,1.3714,3.3,9.93,703,325
Ex 3 day 0,10,42,0.2563,2.5633,2.1831,2.83,10.0,631,322
Ex 3 day 0,10,43,0.2563,1.6695,1.5672,3.77,6.51,616,310
Ex 3 day 0,10,44,0.2563,2.0989,1.7871,2.83,8.19,606,333
Ex 3 day 0,10,45,0.2563,2.0213,1.6698,2.83,7.89,646,308
Ex 3 day 0,11,46,0.1636,4.3569,3.6612,2.83,26.63,1308,328
Ex 3 day 0,11,47,0.1636,3.2181,2.3895,3.77,19.67,1323,323
Ex 3 day 0,11,48,0.1636,3.0721,2.748,2.83,18.78,1309,357
Ex 3 day 0,11,49,0.1636,2.4071,2.1278,2.83,14.72,1306,350
Ex 3 day 0,11,50,0.1636,2.1829,1.5623,4.24,13.34,1328,351
Ex 3 day 0,12,51,0.1358,4.0234,3.458,2.83,29.63,909,376
Ex 3 day 0,12,52,0.1358,2.5739,2.2131,2.83,18.95,960,341
Ex 3 day 0,12,53,0.1358,2.4212,1.7065,4.71,17.83,901,389
Ex 3 day 0,12,54,0.1358,2.6428,1.7957,4.24,19.46,935,374
Ex 3 day 0,12,55,0.1358,1.6421,1.4122,2.83,12.09,925,351
Ex 3 day 0,12,56,0.1358,1.9091,1.6293,2.83,14.06,937,346
Ex 3 day 0,12,57,0.1358,2.0749,1.4765,3.3,15.28,977,354
Ex 3 day 0,12,58,0.1358,2.1669,1.9234,2.83,15.96,947,340
Ex 3 day 0,13,59,0.2155,2.825,2.2432,2.83,13.11,629,424
Ex 3 day 0,13,60,0.2155,2.1495,1.852,2.83,9.98,646,462
Ex 3 day 0,13,61,0.2155,2.6488,2.3833,2.83,12.29,643,439
Ex 3 day 0,13,62,0.2155,2.1076,1.7119,2.83,9.78,672,446
Ex 3 day 0,13,63,0.2155,1.9641,1.6594,2.83,9.12,633,440
Ex 3 day 0,14,64,0.2377,2.512,2.1785,2.83,10.57,116,469
Ex 3 day 0,15,65,0.2283,2.714,1.9655,4.24,11.89,1346,481
Ex 3 day 0,15,66,0.2283,2.8648,2.4879,2.83,12.55,1324,504
Ex 3 day 0,15,67,0.2283,2.1833,1.8219,3.77,9.56,1350,516
Ex 3 day 0,15,68,0.2283,1.6446,1.4435,3.77,7.2,1335,506
Ex 3 day 0,16,69,0.0681,2.8575,2.0772,3.3,41.96,858,504
Ex 3 day 0,16,70,0.0681,1.9069,1.5396,3.77,28.0,902,531
Ex 3 day 0,16,71,0.0681,1.797,1.4537,2.83,26.39,868,549
Ex 3 day 0,16,72,0.0681,1.6985,1.2342,3.3,24.94,941,496
Ex 3 day 0,17,73,0.209,2.4862,1.8429,2.83,11.9,789,532
Ex 3 day 0,17,74,0.209,2.3282,1.9993,2.83,11.14,803,525
Ex 3 day 0,17,75,0.209,2.2021,1.8536,2.83,10.54,805,510
Ex 3 day 0,17,76,0.209,1.9076,1.6716,3.3,9.13,799,542
Ex 3 day 0,17,77,0.209,1.9986,1.5739,2.83,9.56,789,539
Ex 3 day 0,17,78,0.209,2.0126,1.7548,4.71,9.63,786,517
Ex 3 day 0,17,79,0.209,2.1379,1.8375,2.83,10.23,790,555
Ex 3 day 0,18,80,0.1672,2.7905,2.3342,2.83,16.69,146,509
Ex 3 day 0,19,81,0.2982,3.3684,2.8723,2.83,11.3,210,544
Ex 3 day 0,20,82,0.0707,3.339,2.9221,2.83,47.22,1099,545
Ex 3 day 0,20,83,0.0707,2.9041,2.5545,2.83,41.07,1125,579
Ex 3 day 0,20,84,0.0707,2.8175,2.2115,3.77,39.85,1100,571
Ex 3 day 0,20,85,0.0707,2.4593,1.7499,3.3,34.78,1138,556
Ex 3 day 0,20,86,0.0707,2.2799,1.9467,2.83,32.24,1113,566
Ex 3 day 0,20,87,0.0707,2.1506,1.4285,3.3,30.42,1106,534
Ex 3 day 0,21,88,0.2522,3.7544,3.1573,2.83,14.89,621,581
Ex 3 day 0,21,89,0.2522,1.6858,1.3876,4.24,6.68,603,551
Ex 3 day 0,21,90,0.2522,2.3255,1.7895,2.83,9.22,589,536
Ex 3 day 0,21,91,0.2522,2.2919,1.7046,2.83,9.09,601,562
Ex 3 day 0,22,92,0.1131,3.7535,3.2361,2.83,33.17,1195,553
Ex 3 day 0,22,93,0.1131,4.1592,2.9206,3.3,36.76,1212,574
Ex 3 day 0,22,94,0.1131,3.9653,2.675,3.3,35.05,1227,580
Ex 3 day 0,22,95,0.1131,3.4887,2.5069,3.77,30.83,1232,553
Ex 3 day 0,22,96,0.1131,3.266,2.7779,2.83,28.87,1211,546
Ex 3 day 0,22,97,0.1131,2.9236,2.1278,3.3,25.84,1198,592
Ex 3 day 0,22,98,0.1131,1.7791,1.4906,4.71,15.72,1195,569
Ex 3 day 0,22,99,0.1131,2.3236,2.026,2.83,20.54,1214,537
Ex 3 day 0,23,100,0.27,3.2612,2.7089,2.83,12.08,373,601
Ex 3 day 0,23,101,0.27,2.4768,1.8996,4.24,9.17,377,587
Ex 3 day 0,24,102,0.1512,4.1856,2.9705,3.3,27.68,1366,721
Ex 3 day 0,24,103,0.1512,2.9794,2.2032,3.77,19.71,1391,689
Ex 3 day 0,24,104,0.1512,3.6938,2.6162,3.3,24.43,1371,684
Ex 3 day 0,24,105,0.1512,2.9099,2.0059,3.3,19.25,1385,712
Ex 3 day 0,24,106,0.1512,2.5652,2.1329,2.83,16.97,1373,665
Ex 3 day 0,24,107,0.1512,2.2034,1.5293,3.3,14.57,1381,699
Ex 3 day 0,24,108,0.1512,2.1566,1.761,2.83,14.26,1362,699
Ex 3 day 0,24,109,0.1512,2.1483,1.8795,2.83,14.21,1355,705
Ex 3 day 0,25,110,0.0529,3.0449,2.1718,3.3,57.59,871,687
Ex 3 day 0,26,111,0.156,3.3388,2.7542,2.83,21.4,1255,754
Ex 3 day 0,26,112,0.156,3.0395,2.6057,2.83,19.48,1222,785
Ex 3 day 0,26,113,0.156,2.4432,1.7392,3.77,15.66,1252,820
Ex 3 day 0,26,114,0.156,2.7556,2.2746,2.83,17.66,1240,798
Ex 3 day 0,26,115,0.156,1.9353,1.7412,2.83,12.4,1246,767
Ex 3 day 0,26,116,0.156,2.2328,1.8478,3.77,14.31,1234,782
Ex 3 day 0,26,117,0.156,1.9565,1.6954,2.83,12.54,1253,775
Ex 3 day 0,26,118,0.156,1.7434,1.3888,3.77,11.17,1250,742
Ex 3 day 0,27,119,0.1298,3.7227,2.9609,2.83,28.69,1086,918
Ex 3 day 0,27,120,0.1298,2.3953,1.9388,2.83,18.46,1079,929
Ex 3 day 0,27,121,0.1298,2.8272,2.0377,3.3,21.79,1087,892
Ex 3 day 0,27,122,0.1298,2.3574,1.8179,3.77,18.17,1117,874
Ex 3 day 0,27,123,0.1298,2.7674,2.3843,2.83,21.33,1066,932
Ex 3 day 0,27,124,0.1298,1.8673,1.6156,2.83,14.39,1079,899
Ex 3 day 0,27,125,0.1298,1.8573,1.3013,3.77,14.31,1109,919
Ex 3 day 0,28,126,0.0548,3.348,2.4293,3.3,61.1,1168,1021
Ex 3 day 01,1,1,0.1227,4.0579,3.2105,2.83,33.07,859,0
Ex 3 day 01,1,2,0.1227,3.0363,2.0439,4.24,24.75,868,21
Ex 3 day 01,1,3,0.1227,2.0584,1.5686,3.77,16.78,871,46
Ex 3 day 01,1,4,0.1227,2.1372,1.5377,3.3,17.42,885,50
Ex 3 day 01,1,5,0.1227,1.9892,1.4387,4.24,16.21,896,45
Ex 3 day 01,2,6,0.1823,2.7755,2.3839,2.83,15.22,1376,43
Ex 3 day 01,2,7,0.1823,3.2328,2.661,2.83,17.73,1360,36
Ex 3 day 01,2,8,0.1823,3.5587,3.0892,2.83,19.52,1379,59
Ex 3 day 01,2,9,0.1823,2.9452,1.948,3.3,16.16,1360,65
Ex 3 day 01,2,10,0.1823,2.8727,2.0261,3.3,15.76,1374,90
Ex 3 day 01,2,11,0.1823,2.0359,1.6651,2.83,11.17,1363,53
Ex 3 day 01,3,12,0.1632,3.7122,3.1958,2.83,22.75,234,98
Ex 3 day 01,3,13,0.1632,3.753,3.1845,2.83,23.0,281,75
Ex 3 day 01,3,14,0.1632,3.4178,2.421,3.3,20.95,261,91
Ex 3 day 01,3,15,0.1632,2.9713,2.5571,2.83,18.21,248,77
Ex 3 day 01,3,16,0.1632,2.6247,2.3039,2.83,16.09,223,97
Ex 3 day 01,3,17,0.1632,1.8646,1.3146,3.3,11.43,276,101
Ex 3 day 01,3,18,0.1632,1.8947,1.5644,2.83,11.61,278,84
Ex 3 day 01,3,19,0.1632,2.2948,1.898,2.83,14.07,247,102
Ex 3 day 01,3,20,0.1632,2.1707,1.5813,3.3,13.3,286,95
Ex 3 day 01,3,21,0.1632,1.5098,1.1478,2.83,9.25,229,86
Ex 3 day 01,5,22,0.1352,3.4898,2.6627,3.77,25.81,0,86
Ex 3 day 01,5,23,0.1352,3.014,2.0809,3.3,22.3,33,71
Ex 3 day 01,5,24,0.1352,2.3097,1.9746,2.83,17.08,41,89
Ex 3 day 01,5,25,0.1352,1.8204,1.3871,3.3,13.47,7,64
Ex 3 day 01,5,26,0.1352,2.3937,2.0749,2.83,17.71,13,51
Ex 3 day 01,5,27,0.1352,1.8772,1.5553,2.83,13.89,20,60
Ex 3 day 01,5,28,0.1352,2.0518,1.7712,2.83,15.18,59,75
Ex 3 day 01,5,29,0.1352,1.8139,1.2852,4.24,13.42,50,67
Ex 3 day 01,6,30,0.2453,3.6089,2.6115,3.77,14.71,1052,124
Ex 3 day 01,6,31,0.2453,1.9625,1.5915,2.83,8.0,1051,104
Ex 3 day 01,6,32,0.2453,2.3171,1.729,3.3,9.44,1029,96
Ex 3 day 01,6,33,0.2453,2.2513,1.8838,2.83,9.18,1034,99
Ex 3 day 01,6,34,0.2453,2.1625,1.4736,3.3,8.81,1067,146
Ex 3 day 01,7,35,0.2346,2.9911,1.8948,3.3,12.75,781,119
Ex 3 day 01,7,36,0.2346,3.1889,2.2622,3.3,13.59,777,135
Ex 3 day 01,7,37,0.2346,2.9061,2.5098,2.83,12.39,761,113
Ex 3 day 01,7,38,0.2346,2.4569,1.9768,2.83,10.47,799,102
Ex 3 day 01,8,39,0.1874,2.8766,2.1227,3.77,15.35,487,149
Ex 3 day 01,8,40,0.1874,2.7389,1.8929,3.3,14.62,442,161
Ex 3 day 01,8,41,0.1874,2.4065,1.7703,3.3,12.84,482,163
Ex 3 day 01,8,42,0.1874,2.4521,2.071,2.83,13.08,468,168
Ex 3 day 01,8,43,0.1874,1.5896,1.2158,5.66,8.48,468,145
Ex 3 day 01,8,44,0.1874,2.3219,1.6754,3.3,12.39,449,189
Ex 3 day 01,8,45,0.1874,1.881,1.4959,3.77,10.04,450,127
Ex 3 day 01,8,46,0.1874,2.1328,1.8498,2.83,11.38,463,125
Ex 3 day 01,8,47,0.1874,1.8976,1.485,3.77,10.13,468,163
Ex 3 day 01,8,48,0.1874,1.3727,1.2293,3.3,7.32,442,145
Ex 3 day 01,8,49,0.1874,1.8543,1.5257,2.83,9.89,459,180
Ex 3 day 01,9,50,0.1928,3.8554,3.3215,2.83,20.0,994,191
Ex 3 day 01,9,51,0.1928,3.9397,2.7032,3.3,20.43,999,165
Ex 3 day 01,9,52,0.1928,2.7115,1.6686,3.3,14.06,974,158
Ex 3 day 01,9,53,0.1928,1.7332,1.4007,5.66,8.99,977,190
Ex 3 day 01,9,54,0.1928,1.9063,1.4363,3.3,9.89,998,182
Ex 3 day 01,9,55,0.1928,2.1071,1.7161,2.83,10.93,964,172
Ex 3 day 01,9,56,0.1928,1.6042,1.4091,2.83,8.32,986,162
Ex 3 day 01,10,57,0.1785,3.5469,3.103,2.83,19.87,569,213
Ex 3 day 01,10,58,0.1785,3.0736,2.6837,2.83,17.22,598,179
Ex 3 day 01,10,59,0.1785,2.6351,2.1884,3.77,14.76,588,206
Ex 3 day 01,10,60,0.1785,2.5269,2.1964,2.83,14.16,568,193
Ex 3 day 01,10,61,0.1785,2.8414,1.8206,3.3,15.92,620,192
Ex 3 day 01,10,62,0.1785,1.6161,1.2607,2.83,9.05,572,202
Ex 3 day 01,10,63,0.1785,2.4563,2.0942,2.83,13.76,624,195
Ex 3 day 01,10,64,0.1785,2.0732,1.7738,2.83,11.62,562,224
Ex 3 day 01,10,65,0.1785,1.9525,1.594,2.83,10.94,587,224
Ex 3 day 01,11,66,0.2577,3.2828,2.8137,2.83,12.74,1172,186
Ex 3 day 01,11,67,0.2577,2.9534,2.0528,3.3,11.46,1201,196
Ex 3 day 01,11,68,0.2577,2.6602,2.2139,2.83,10.32,1180,205
Ex 3 day 01,11,69,0.2577,2.2767,1.6845,3.3,8.83,1195,179
Ex 3 day 01,11,70,0.2577,1.5012,1.398,5.19,5.82,1200,180
Ex 3 day 01,11,71,0.2577,1.7253,1.4382,2.83,6.69,1185,171
Ex 3 day 01,12,72,0.1544,3.502,2.4594,3.3,22.69,213,243
Ex 3 day 01,12,73,0.1544,2.908,2.1046,3.3,18.84,187,210
Ex 3 day 01,12,74,0.1544,3.1317,2.7086,2.83,20.29,212,221
Ex 3 day 01,12,75,0.1544,2.4107,1.8885,3.77,15.62,228,254
Ex 3 day 01,12,76,0.1544,2.5351,1.8281,3.77,16.42,207,202
Ex 3 day 01,12,77,0.1544,2.0228,1.4034,4.24,13.1,216,261
Ex 3 day 01,12,78,0.1544,2.1949,1.8473,2.83,14.22,222,234
Ex 3 day 01,12,79,0.1544,1.4231,0.9794,3.3,9.22,201,253
Ex 3 day 01,12,80,0.1544,2.3601,2.1188,2.83,15.29,186,238
Ex 3 day 01,12,81,0.1544,2.1827,1.9445,2.83,14.14,185,187
Ex 3 day 01,12,82,0.1544,1.8227,1.2683,3.3,11.81,223,219
Ex 3 day 01,12,83,0.1544,1.9306,1.7455,2.83,12.51,213,230
Ex 3 day 01,13,84,0.2531,3.7017,2.7314,2.83,14.63,790,264
Ex 3 day 01,13,85,0.2531,2.9803,2.5616,2.83,11.78,785,247
Ex 3 day 01,13,86,0.2531,2.4206,1.9665,3.77,9.56,775,239
Ex 3 day 01,13,87,0.2531,2.7212,2.3062,2.83,10.75,772,260
Ex 3 day 01,13,88,0.2531,2.0782,1.6223,3.77,8.21,808,250
Ex 3 day 01,13,89,0.2531,1.9683,1.5976,2.83,7.78,782,259
Ex 3 day 01,14,90,0.2225,3.1903,2.2112,3.3,14.34,1327,263
Ex 3 day 01,14,91,0.2225,2.1221,1.5252,3.3,9.54,1374,237
Ex 3 day 01,14,92,0.2225,1.9542,1.2464,6.6,8.78,1349,264
Ex 3 day 01,14,93,0.2225,2.0097,1.4605,4.71,9.03,1340,242
Ex 3 day 01,15,94,0.1917,3.3968,1.9851,4.24,17.72,445,288
Ex 3 day 01,15,95,0.1917,3.2238,2.2912,3.3,16.82,434,273
Ex 3 day 01,15,96,0.1917,2.9093,2.3775,2.83,15.18,436,314
Ex 3 day 01,15,97,0.1917,2.4696,1.7722,4.24,12.88,419,274
Ex 3 day 01,15,98,0.1917,3.1631,2.2027,2.83,16.5,426,304
Ex 3 day 01,15,99,0.1917,2.049,1.7053,2.83,10.69,448,273
Ex 3 day 01,15,100,0.1917,2.3541,1.472,4.71,12.28,463,302
Ex 3 day 01,15,101,0.1917,2.2663,1.6515,3.3,11.82,457,267
Ex 3 day 01,15,102,0.1917,2.2133,1.6577,3.77,11.55,415,314
Ex 3 day 01,16,103,0.2284,3.0727,2.1996,3.3,13.45,890,286
Ex 3 day 01,16,104,0.2284,2.2156,1.7531,2.83,9.7,904,274
Ex 3 day 01,16,105,0.2284,2.2241,1.6835,3.3,9.74,891,316
Ex 3 day 01,16,106,0.2284,2.1312,1.4758,3.3,9.33,903,328
Ex 3 day 01,16,107,0.2284,1.8637,1.5985,3.77,8.16,875,294
Ex 3 day 01,16,108,0.2284,1.9968,1.7297,2.83,8.74,891,305
Ex 3 day 01,17,109,0.1889,4.1436,3.4945,2.83,21.93,1185,282
Ex 3 day 01,17,110,0.1889,2.6246,1.7877,3.3,13.89,1168,287
Ex 3 day 01,17,111,0.1889,2.3256,1.7631,3.3,12.31,1204,276
Ex 3 day 01,17,112,0.1889,1.9586,1.7292,2.83,10.37,1149,284
Ex 3 day 01,18,113,0.1587,2.411,2.1143,2.83,15.19,671,295
Ex 3 day 01,18,114,0.1587,2.1032,1.7022,4.71,13.25,654,311
Ex 3 day 01,18,115,0.1587,2.2183,1.9623,2.83,13.98,695,305
Ex 3 day 01,19,116,0.2227,3.0786,2.5301,2.83,13.82,1056,330
Ex 3 day 01,19,117,0.2227,2.6825,2.1389,2.83,12.05,1045,326
Ex 3 day 01,19,118,0.2227,2.634,2.0206,2.83,11.83,1050,308
Ex 3 day 01,19,119,0.2227,2.8014,2.2504,2.83,12.58,1045,303
Ex 3 day 01,19,120,0.2227,2.6077,2.1159,2.83,11.71,1027,313
Ex 3 day 01,20,121,0.2572,3.2294,2.4818,3.77,12.55,316,335
Ex 3 day 01,20,122,0.2572,3.2131,2.7841,2.83,12.49,328,323
Ex 3 day 01,20,123,0.2572,1.8564,1.4254,5.19,7.22,348,336
Ex 3 day 01,20,124,0.2572,1.8161,1.1822,5.19,7.06,343,355
Ex 3 day 01,20,125,0.2572,1.7358,1.3107,5.19,6.75,363,349
Ex 3 day 01,21,126,0.1692,2.8942,2.4741,2.83,17.11,1202,355
Ex 3 day 01,21,127,0.1692,2.0545,1.494,2.83,12.15,1195,342
Ex 3 day 01,21,128,0.1692,2.5154,1.9723,2.83,14.87,1172,351
Ex 3 day 01,21,129,0.1692,2.4763,2.0402,2.83,14.64,1193,356
Ex 3 day 01,21,130,0.1692,2.5823,2.0425,2.83,15.27,1185,336
Ex 3 day 01,21,131,0.1692,2.4849,1.8962,2.83,14.69,1209,368
Ex 3 day 01,21,132,0.1692,2.4957,2.1299,2.83,14.75,1177,360
Ex 3 day 01,21,133,0.1692,2.0656,1.7498,2.83,12.21,1168,341
Ex 3 day 01,21,134,0.1692,2.3672,1.9228,2.83,13.99,1207,340
Ex 3 day 01,21,135,0.1692,1.947,1.1175,3.3,11.51,1183,340
Ex 3 day 01,21,136,0.1692,2.0674,1.7568,2.83,12.22,1221,373
Ex 3 day 01,21,137,0.1692,1.6117,1.3153,2.83,9.53,1184,371
Ex 3 day 01,22,138,0.247,3.2812,2.5147,3.77,13.29,837,356
Ex 3 day 01,22,139,0.247,2.274,1.5783,4.24,9.21,866,363
Ex 3 day 01,23,140,0.0678,1.925,1.5116,2.83,28.4,1014,355
Ex 3 day 01,23,141,0.0678,2.8942,2.4066,2.83,42.7,1065,372
Ex 3 day 01,23,142,0.0678,2.4796,2.1559,2.83,36.58,1011,375
Ex 3 day 01,23,143,0.0678,1.5702,1.2689,2.83,23.16,1018,348
Ex 3 day 01,23,144,0.0678,1.7496,1.36,3.77,25.81,1048,364
Ex 3 day 01,23,145,0.0678,2.1118,1.8657,2.83,31.16,1026,377
Ex 3 day 01,24,146,0.0625,2.6335,2.2611,2.83,42.15,560,406
Ex 3 day 01,25,147,0.1932,3.7725,2.6764,3.3,19.52,658,413
Ex 3 day 01,25,148,0.1932,3.1029,2.125,4.71,16.06,641,416
Ex 3 day 01,25,149,0.1932,2.7832,1.6328,4.24,14.4,624,420
Ex 3 day 01,25,150,0.1932,1.8722,1.5444,5.66,9.69,620,436
Ex 3 day 01,25,151,0.1932,2.559,1.7137,3.3,13.24,643,430
Ex 3 day 01,25,152,0.1932,2.0151,1.6392,2.83,10.43,659,399
Ex 3 day 01,25,153,0.1932,2.1893,1.365,4.24,11.33,643,443
Ex 3 day 01,26,154,0.1106,2.6695,2.021,2.83,24.13,1110,420
Ex 3 day 01,26,155,0.1106,2.5929,1.8993,2.83,23.43,1092,400
Ex 3 day 01,26,156,0.1106,2.1402,1.3997,4.24,19.34,1081,398
Ex 3 day 01,26,157,0.1106,2.0707,1.3291,3.3,18.71,1091,427
Ex 3 day 01,26,158,0.1106,1.908,1.6453,2.83,17.24,1095,413
Ex 3 day 01,27,159,0.1657,3.259,2.748,2.83,19.66,206,458
Ex 3 day 01,27,160,0.1657,2.9316,2.4604,2.83,17.69,211,440
Ex 3 day 01,27,161,0.1657,2.5016,1.9872,3.3,15.09,219,468
Ex 3 day 01,27,162,0.1657,2.8681,2.3045,2.83,17.3,227,429
Ex 3 day 01,27,163,0.1657,3.3502,2.2174,2.83,20.21,229,454
Ex 3 day 01,27,164,0.1657,2.1542,1.6655,2.83,13.0,222,431
Ex 3 day 01,28,165,0.1894,3.6815,2.6706,3.3,19.44,51,448
Ex 3 day 01,28,166,0.1894,3.6266,2.821,2.83,19.15,45,422
Ex 3 day 01,28,167,0.1894,2.5179,2.1929,2.83,13.29,34,447
Ex 3 day 01,28,168,0.1894,2.7282,2.1364,2.83,14.41,33,462
Ex 3 day 01,28,169,0.1894,2.1179,1.7146,3.77,11.18,60,466
Ex 3 day 01,28,170,0.1894,2.4895,2.1791,2.83,13.14,36,471
Ex 3 day 01,28,171,0.1894,2.3352,2.0916,2.83,12.33,67,444
Ex 3 day 01,28,172,0.1894,2.0543,1.7223,2.83,10.85,49,479
Ex 3 day 01,28,173,0.1894,2.2173,1.5154,3.3,11.71,62,431
Ex 3 day 01,28,174,0.1894,1.9965,1.3465,2.83,10.54,31,434
Ex 3 day 01,29,175,0.193,2.7849,1.9091,4.24,14.43,1292,434
Ex 3 day 01,29,176,0.193,2.8455,2.4826,2.83,14.75,1251,443
Ex 3 day 01,29,177,0.193,2.2694,1.7265,4.24,11.76,1272,435
Ex 3 day 01,29,178,0.193,2.0351,1.7472,2.83,10.55,1265,470
Ex 3 day 01,29,179,0.193,2.061,1.5324,3.3,10.68,1257,465
Ex 3 day 01,29,180,0.193,2.207,1.8541,2.83,11.44,1268,459
Ex 3 day 01,29,181,0.193,1.971,1.4034,4.24,10.21,1240,437
Ex 3 day 01,29,182,0.193,1.4448,1.089,3.3,7.49,1260,450
Ex 3 day 01,29,183,0.193,1.9304,1.1676,5.19,10.0,1290,456
Ex 3 day 01,30,184,0.1918,3.7152,3.1821,2.83,19.37,1102,492
Ex 3 day 01,30,185,0.1918,2.7502,2.1532,3.77,14.34,1084,471
Ex 3 day 01,30,186,0.1918,2.2059,1.9076,2.83,11.5,1097,465
Ex 3 day 01,30,187,0.1918,2.6165,2.2752,2.83,13.64,1115,476
Ex 3 day 01,31,188,0.2246,3.2466,2.5789,3.77,14.46,926,492
Ex 3 day 01,31,189,0.2246,3.3042,2.6166,2.83,14.71,925,478
Ex 3 day 01,31,190,0.2246,2.261,1.7806,2.83,10.07,943,478
Ex 3 day 01,31,191,0.2246,2.2936,1.702,3.3,10.21,923,469
Ex 3 day 01,31,192,0.2246,2.9752,2.5496,2.83,13.25,953,490
Ex 3 day 01,31,193,0.2246,1.9817,1.6206,3.77,8.83,912,503
Ex 3 day 01,31,194,0.2246,1.8839,1.6613,2.83,8.39,912,491
Ex 3 day 01,31,195,0.2246,2.0141,1.5547,2.83,8.97,951,472
Ex 3 day 01,32,196,0.1173,3.1486,2.2718,3.3,26.85,661,511
Ex 3 day 01,32,197,0.1173,2.3265,1.9019,2.83,19.84,657,525
Ex 3 day 01,32,198,0.1173,2.2598,1.9725,2.83,19.27,692,475
Ex 3 day 01,32,199,0.1173,1.5679,1.4463,3.77,13.37,650,533
Ex 3 day 01,33,200,0.273,1.8498,0.549,6.13,6.78,296,482
Ex 3 day 01,33,201,0.273,1.8477,1.4993,3.77,6.77,309,497
Ex 3 day 01,34,202,0.0663,2.3988,1.9143,2.83,36.18,260,507
Ex 3 day 01,34,203,0.0663,2.4465,1.9089,3.3,36.9,222,520
Ex 3 day 01,34,204,0.0663,1.8927,1.4194,2.83,28.55,265,501
Ex 3 day 01,34,205,0.0663,1.7593,1.178,5.19,26.53,281,488
Ex 3 day 01,34,206,0.0663,2.4196,1.9647,2.83,36.49,237,540
Ex 3 day 01,35,207,0.1983,3.7566,2.6394,3.3,18.94,1242,527
Ex 3 day 01,35,208,0.1983,2.4384,1.6032,5.66,12.3,1256,515
Ex 3 day 01,35,209,0.1983,2.6568,1.9712,3.77,13.4,1240,509
Ex 3 day 01,35,210,0.1983,2.5976,2.1104,3.77,13.1,1280,509
Ex 3 day 01,35,211,0.1983,2.5614,2.0954,3.77,12.92,1262,492
Ex 3 day 01,35,212,0.1983,2.3221,1.3604,4.71,11.71,1259,534
Ex 3 day 01,36,213,0.2398,3.4412,2.3967,3.3,14.35,87,550
Ex 3 day 01,36,214,0.2398,3.3241,2.4301,3.77,13.86,83,567
Ex 3 day 01,36,215,0.2398,2.9868,2.0868,3.77,12.45,105,552
Ex 3 day 01,36,216,0.2398,1.9921,1.5595,3.77,8.31,67,576
Ex 3 day 01,37,217,0.0841,3.1404,2.7504,2.83,37.32,1145,570
Ex 3 day 01,37,218,0.0841,3.0899,2.6761,2.83,36.72,1111,593
Ex 3 day 01,37,219,0.0841,2.2007,1.485,5.19,26.15,1125,581
Ex 3 day 01,37,220,0.0841,2.2012,1.5071,4.24,26.16,1109,548
Ex 3 day 01,37,221,0.0841,2.3438,1.7215,3.3,27.85,1129,621
Ex 3 day 01,37,222,0.0841,2.3265,1.4776,4.24,27.65,1107,574
Ex 3 day 01,37,223,0.0841,1.2472,1.0174,5.66,14.82,1138,596
Ex 3 day 01,37,224,0.0841,2.1474,1.7996,2.83,25.52,1124,567
Ex 3 day 01,37,225,0.0841,1.8621,1.5771,2.83,22.13,1101,605
Ex 3 day 01,38,226,0.2524,2.7973,2.3088,2.83,11.08,969,560
Ex 3 day 01,38,227,0.2524,3.1584,2.495,2.83,12.51,955,558
Ex 3 day 01,38,228,0.2524,2.6788,2.0975,2.83,10.61,993,570
Ex 3 day 01,38,229,0.2524,2.6587,1.9976,2.83,10.53,973,572
Ex 3 day 01,38,230,0.2524,2.5729,1.4077,4.24,10.19,979,571
Ex 3 day 01,39,231,0.1962,3.456,2.8422,2.83,17.61,481,590
Ex 3 day 01,39,232,0.1962,2.6984,2.3277,2.83,13.75,467,625
Ex 3 day 01,39,233,0.1962,1.8608,1.6452,2.83,9.48,479,577
Ex 3 day 01,39,234,0.1962,1.8023,1.4147,3.3,9.19,443,592
Ex 3 day 01,39,235,0.1962,1.9271,1.4591,2.83,9.82,455,584
Ex 3 day 01,39,236,0.1962,2.4433,2.1036,2.83,12.45,450,613
Ex 3 day 01,40,237,0.1057,3.3654,2.3492,3.3,31.83,285,670
Ex 3 day 01,40,238,0.1057,2.4529,1.7098,4.71,23.2,316,684
Ex 3 day 01,40,239,0.1057,2.4852,1.7333,4.24,23.5,313,655
Ex 3 day 01,40,240,0.1057,2.3162,2.0312,2.83,21.9,305,666
Ex 3 day 01,40,241,0.1057,2.9225,2.3438,2.83,27.64,300,636
Ex 3 day 01,40,242,0.1057,2.1692,1.7624,3.77,20.51,265,635
Ex 3 day 01,40,243,0.1057,2.2918,1.7654,2.83,21.67,310,622
Ex 3 day 01,40,244,0.1057,2.1937,1.8709,2.83,20.75,285,702
Ex 3 day 01,40,245,0.1057,2.3661,1.4517,4.24,22.38,323,669
Ex 3 day 01,40,246,0.1057,2.1944,1.7342,3.77,20.75,317,596
Ex 3 day 01,40,247,0.1057,2.3534,2.1498,2.83,22.26,278,641
Ex 3 day 01,40,248,0.1057,2.2187,1.4698,3.3,20.98,268,689
Ex 3 day 01,40,249,0.1057,2.082,1.2803,4.24,19.69,352,635
Ex 3 day 01,40,250,0.1057,1.9542,1.388,3.3,18.48,328,712
Ex 3 day 01,40,251,0.1057,1.955,1.6529,2.83,18.49,305,641
Ex 3 day 01,40,252,0.1057,1.7248,1.4004,2.83,16.31,298,671
Ex 3 day 01,40,253,0.1057,1.8242,1.5891,2.83,17.25,328,654
Ex 3 day 01,41,254,0.1972,2.5587,1.775,3.3,12.98,788,635
Ex 3 day 01,41,255,0.1972,2.6795,2.0691,3.3,13.59,799,616
Ex 3 day 01,41,256,0.1972,2.9141,2.521,2.83,14.78,792,647
Ex 3 day 01,41,257,0.1972,2.6162,2.0527,2.83,13.27,818,627
Ex 3 day 01,41,258,0.1972,2.0417,1.3777,3.3,10.35,803,637
Ex 3 day 01,41,259,0.1972,1.8399,1.4468,3.77,9.33,768,628
Ex 3 day 01,42,260,0.1718,2.9696,2.5954,2.83,17.28,1135,646
Ex 3 day 01,42,261,0.1718,2.6446,2.3052,2.83,15.39,1135,629
Ex 3 day 01,42,262,0.1718,2.5964,2.2297,2.83,15.11,1147,633
Ex 3 day 01,42,263,0.1718,2.6559,2.0459,3.77,15.46,1167,640
Ex 3 day 01,42,264,0.1718,2.2127,1.6954,3.77,12.88,1184,658
Ex 3 day 01,42,265,0.1718,2.2734,1.9772,2.83,13.23,1152,649
Ex 3 day 01,43,266,0.1809,5.8309,4.1653,2.83,32.24,0,676
Ex 3 day 01,43,267,0.1809,2.8742,2.4746,2.83,15.89,20,668
Ex 3 day 01,43,268,0.1809,2.4215,1.8997,2.83,13.39,15,676
Ex 3 day 01,43,269,0.1809,1.7414,1.4941,3.77,9.63,34,651
Ex 3 day 01,43,270,0.1809,1.5053,1.3081,4.24,8.32,33,666
Ex 3 day 01,43,271,0.1809,1.4746,1.2665,2.83,8.15,5,655
Ex 3 day 01,44,272,0.1394,3.8333,2.7455,3.3,27.5,865,683
Ex 3 day 01,44,273,0.1394,2.3139,1.7044,3.3,16.6,877,691
Ex 3 day 01,44,274,0.1394,1.9515,1.3798,3.3,14.0,828,681
Ex 3 day 01,45,275,0.0835,2.9481,2.1844,3.77,35.3,631,686
Ex 3 day 01,46,276,0.1199,3.7121,3.1828,2.83,30.96,469,725
Ex 3 day 01,46,277,0.1199,3.4942,2.3986,3.3,29.14,471,690
Ex 3 day 01,46,278,0.1199,2.9134,2.0625,3.3,24.3,487,732
Ex 3 day 01,46,279,0.1199,2.292,1.9141,2.83,19.11,478,719
Ex 3 day 01,46,280,0.1199,2.493,2.1559,2.83,20.79,489,719
Ex 3 day 01,46,281,0.1199,2.805,1.9396,3.3,23.39,502,704
Ex 3 day 01,46,282,0.1199,2.5886,1.5848,5.66,21.59,453,691
Ex 3 day 01,46,283,0.1199,2.5616,1.9476,3.3,21.36,496,689
Ex 3 day 01,46,284,0.1199,1.9744,1.5037,3.77,16.47,466,716
Ex 3 day 01,46,285,0.1199,1.6311,1.3464,2.83,13.6,487,705
Ex 3 day 01,47,286,0.0938,3.3228,2.9006,2.83,35.41,268,748
Ex 3 day 01,47,287,0.0938,3.0168,1.9976,3.3,32.15,245,711
Ex 3 day 01,47,288,0.0938,3.2435,2.7951,2.83,34.57,226,749
Ex 3 day 01,47,289,0.0938,2.8428,2.098,2.83,30.29,252,696
Ex 3 day 01,47,290,0.0938,2.6515,1.9276,4.71,28.26,252,747
Ex 3 day 01,47,291,0.0938,2.9552,2.0237,3.3,31.49,199,758
Ex 3 day 01,47,292,0.0938,2.2832,1.7022,3.77,24.33,235,726
Ex 3 day 01,47,293,0.0938,2.0443,1.8345,2.83,21.79,252,710
Ex 3 day 01,47,294,0.0938,1.656,1.3944,4.71,17.65,235,771
Ex 3 day 01,47,295,0.0938,2.0949,1.8676,2.83,22.33,274,717
Ex 3 day 01,48,296,0.1954,2.8451,2.1231,3.3,14.56,1108,761
Ex 3 day 01,48,297,0.1954,2.3066,1.792,2.83,11.8,1131,762
Ex 3 day 01,48,298,0.1954,2.5795,1.9302,3.3,13.2,1096,727
Ex 3 day 01,48,299,0.1954,2.5277,2.0817,2.83,12.93,1081,724
Ex 3 day 01,48,300,0.1954,2.4772,2.0288,2.83,12.67,1122,768
Ex 3 day 01,48,301,0.1954,2.3571,1.9831,2.83,12.06,1084,739
Ex 3 day 01,48,302,0.1954,1.5256,1.4287,4.24,7.81,1128,753
Ex 3 day 01,48,303,0.1954,1.883,1.7326,2.83,9.63,1124,776
Ex 3 day 01,49,304,0.1438,3.3715,2.6696,3.3,23.44,622,752
Ex 3 day 01,49,305,0.1438,3.1082,2.1181,3.3,21.61,642,742
Ex 3 day 01,49,306,0.1438,1.9137,1.3785,3.3,13.31,629,738
Ex 3 day 01,49,307,0.1438,2.1256,1.535,3.3,14.78,633,773
Ex 3 day 01,49,308,0.1438,2.1043,1.6311,3.77,14.63,646,770
Ex 3 day 01,49,309,0.1438,1.413,1.2596,2.83,9.82,638,760
Ex 3 day 01,49,310,0.1438,1.5906,1.4679,2.83,11.06,652,737
Ex 3 day 01,50,311,0.1723,2.2145,1.7105,4.24,12.85,992,777
Ex 3 day 01,50,312,0.1723,1.7626,1.2289,7.07,10.23,1019,787
Ex 3 day 01,51,313,0.237,3.8525,2.7483,3.3,16.25,1221,851
Ex 3 day 01,51,314,0.237,3.3105,2.853,2.83,13.97,1247,853
Ex 3 day 01,51,315,0.237,2.4334,1.6724,3.3,10.27,1232,838
Ex 3 day 01,51,316,0.237,2.4255,2.1288,2.83,10.23,1261,832
Ex 3 day 01,52,317,0.2438,3.3355,2.8966,2.83,13.68,724,845
Ex 3 day 01,52,318,0.2438,2.7097,2.2512,2.83,11.11,683,868
Ex 3 day 01,52,319,0.2438,2.4813,1.9983,2.83,10.18,698,876
Ex 3 day 01,52,320,0.2438,2.4898,2.1717,2.83,10.21,701,861
Ex 3 day 01,52,321,0.2438,2.0502,1.7968,2.83,8.41,694,854
Ex 3 day 01,52,322,0.2438,2.2868,1.6161,2.83,9.38,713,862
Ex 3 day 01,53,323,0.0894,2.3178,1.8493,2.83,25.93,577,903
Ex 3 day 01,53,324,0.0894,2.3031,1.5444,4.24,25.77,598,887
Ex 3 day 01,53,325,0.0894,2.3243,1.9328,2.83,26.0,566,915
Ex 3 day 01,53,326,0.0894,2.1158,1.7535,2.83,23.67,569,895
Ex 3 day 01,53,327,0.0894,2.2534,1.5701,2.83,25.21,556,912
Ex 3 day 01,53,328,0.0894,3.1791,2.4119,2.83,35.57,559,874
Ex 3 day 01,53,329,0.0894,1.9266,1.5727,2.83,21.55,586,890
Ex 3 day 01,53,330,0.0894,1.3177,1.12,4.71,14.74,550,894
Ex 3 day 01,53,331,0.0894,2.6152,1.8428,2.83,29.26,545,878
Ex 3 day 01,53,332,0.0894,2.5344,2.0862,2.83,28.35,563,901
Ex 3 day 01,53,333,0.0894,1.957,1.5165,2.83,21.89,571,885
Ex 3 day 01,53,334,0.0894,1.7631,1.4568,2.83,19.73,575,876
Ex 3 day 01,53,335,0.0894,2.026,1.2278,4.24,22.67,588,875
Ex 3 day 01,54,336,0.1699,3.1238,2.7338,2.83,18.39,408,903
Ex 3 day 01,54,337,0.1699,2.8678,2.4093,2.83,16.88,420,923
Ex 3 day 01,54,338,0.1699,2.6874,1.9333,3.3,15.82,431,926
Ex 3 day 01,54,339,0.1699,2.2475,1.6084,3.3,13.23,399,911
Ex 3 day 01,54,340,0.1699,2.0499,1.4355,4.24,12.07,418,883
Ex 3 day 01,54,341,0.1699,1.7725,1.3576,3.77,10.44,434,888
Ex 3 day 01,55,342,0.1884,3.1387,2.1065,4.24,16.66,522,948
Ex 3 day 01,56,343,0.2463,2.195,1.9332,3.77,8.91,210,936
Ex 3 day 01,57,344,0.1951,2.3974,1.9604,2.83,12.29,1147,956
Ex 3 day 01,57,345,0.1951,2.4119,2.0229,2.83,12.36,1148,966
Ex 3 day 01,57,346,0.1951,2.1414,1.72,2.83,10.98,1180,965
Ex 3 day 01,57,347,0.1951,2.354,1.8188,2.83,12.07,1110,966
Ex 3 day 01,57,348,0.1951,2.4465,2.0856,2.83,12.54,1110,956
Ex 3 day 01,57,349,0.1951,2.3935,1.9147,2.83,12.27,1179,956
Ex 3 day 01,57,350,0.1951,2.5832,2.0677,2.83,13.24,1111,950
Ex 3 day 01,57,351,0.1951,2.1915,1.7501,2.83,11.23,1133,963
Ex 3 day 01,57,352,0.1951,1.9839,1.5757,2.83,10.17,1156,966
Ex 3 day 01,57,353,0.1951,1.812,1.3189,2.83,9.29,1171,966
Ex 3 day 01,57,354,0.1951,1.8412,1.3238,2.83,9.44,1163,966
Ex 3 day 01,57,355,0.1951,2.2449,1.8162,2.83,11.51,1133,954
Ex 3 day 01,57,356,0.1951,2.0074,1.6919,2.83,10.29,1164,956
Ex 3 day 01,57,357,0.1951,2.3002,1.7653,2.83,11.79,1130,950
Ex 3 day 01,57,358,0.1951,1.8209,1.3985,2.83,9.33,1124,953
Ex 3 day 02,1,1,0.171,2.1825,1.8725,2.83,12.76,698,145
Ex 3 day 02,1,2,0.171,2.1278,1.6838,2.83,12.44,707,142
Ex 3 day 02,1,3,0.171,2.2001,1.8077,2.83,12.87,697,131
Ex 3 day 02,2,4,0.196,2.8894,2.361,2.83,14.74,464,196
Ex 3 day 02,2,5,0.196,2.3011,1.9239,2.83,11.74,469,185
Ex 3 day 02,3,6,0.1464,3.1735,2.4828,2.83,21.68,890,328
Ex 3 day 02,3,7,0.1464,2.3657,1.9368,2.83,16.16,887,317
Ex 3 day 02,3,8,0.1464,2.3398,1.9228,2.83,15.98,865,333
Ex 3 day 02,3,9,0.1464,1.2796,1.0388,3.3,8.74,886,345
Ex 3 day 02,4,10,0.1355,2.0494,1.7263,2.83,15.12,1145,405
Ex 3 day 02,4,11,0.1355,2.1628,1.6672,3.3,15.96,1117,366
Ex 3 day 02,4,12,0.1355,1.8625,1.4938,2.83,13.74,1132,396
Ex 3 day 02,4,13,0.1355,2.3476,1.6846,3.77,17.32,1140,385
Ex 3 day 02,4,14,0.1355,1.8904,1.5729,2.83,13.95,1104,361
Ex 3 day 02,4,15,0.1355,1.4915,1.1767,2.83,11.01,1158,406
Ex 3 day 02,5,16,0.1641,2.5979,2.0025,2.83,15.83,943,434
Ex 3 day 02,5,17,0.1641,3.0258,2.4958,2.83,18.44,923,426
Ex 3 day 02,5,18,0.1641,2.2255,1.715,2.83,13.56,944,449
Ex 3 day 02,5,19,0.1641,2.1258,1.7343,2.83,12.95,943,457
Ex 3 day 02,5,20,0.1641,2.4091,1.6902,2.83,14.68,934,421
Ex 3 day 02,5,21,0.1641,2.1956,1.7764,3.3,13.38,924,453
Ex 3 day 02,6,22,0.1354,3.6106,2.6406,3.77,26.67,542,482
Ex 3 day 02,6,23,0.1354,1.9869,1.5429,3.77,14.67,525,480
Ex 3 day 02,6,24,0.1354,1.8253,1.1835,3.3,13.48,530,507
Ex 3 day 02,6,25,0.1354,2.3015,1.4656,4.24,17.0,546,507
Ex 3 day 02,6,26,0.1354,1.9846,1.5143,2.83,14.66,531,496
Ex 3 day 02,7,27,0.1513,3.5765,2.6102,3.3,23.64,980,569
Ex 3 day 02,7,28,0.1513,1.4705,0.9009,7.07,9.72,951,583
Ex 3 day 02,7,29,0.1513,2.014,1.7136,2.83,13.31,990,587
Ex 3 day 02,8,30,0.1009,3.0702,2.5824,2.83,30.42,364,647
Ex 3 day 02,8,31,0.1009,2.7491,2.4006,2.83,27.24,358,633
Ex 3 day 02,8,32,0.1009,2.5199,1.9212,2.83,24.97,352,650
Ex 3 day 02,8,33,0.1009,2.336,1.7794,2.83,23.15,337,660
Ex 3 day 02,8,34,0.1009,2.1495,1.7234,2.83,21.3,334,623
Ex 3 day 02,8,35,0.1009,2.0262,1.6096,2.83,20.08,373,635
Ex 3 day 02,8,36,0.1009,1.7584,1.2933,2.83,17.42,354,641
Ex 3 day 02,9,37,0.0673,2.7301,2.2683,2.83,40.59,326,813
Ex 3 day 02,9,38,0.0673,1.2702,0.7518,3.77,18.89,371,840
Ex 3 day 02,9,39,0.0673,2.0764,1.5921,3.3,30.87,332,826
Ex 3 day 02,9,40,0.0673,2.2687,2.0036,2.83,33.73,327,841
Ex 3 day 02,9,41,0.0673,2.1304,1.3412,4.71,31.68,356,808
Ex 3 day 02,9,42,0.0673,2.1797,1.5651,3.3,32.41,313,799
Ex 3 day 02,9,43,0.0673,1.9548,1.5281,2.83,29.06,325,831
Ex 3 day 02,9,44,0.0673,1.7917,1.5546,2.83,26.64,333,807
Ex 3 day 02,10,45,0.1331,2.4537,2.1499,2.83,18.44,580,805
Ex 3 day 02,10,46,0.1331,2.4369,2.0705,2.83,18.31,581,818
Ex 3 day 02,10,47,0.1331,1.8257,1.4231,2.83,13.72,570,822
Ex 3 day 02,10,48,0.1331,2.0915,1.8231,2.83,15.72,561,819
Ex 3 day 02,11,49,0.1074,2.9197,2.4816,2.83,27.2,418,816
Ex 3 day 02,11,50,0.1074,3.0716,2.281,2.83,28.61,410,834
Ex 3 day 02,11,51,0.1074,2.6518,2.093,2.83,24.7,401,837
Ex 3 day 02,11,52,0.1074,2.566,1.9297,2.83,23.9,393,836
Ex 3 day 02,11,53,0.1074,2.2832,1.9303,2.83,21.27,409,799
Ex 3 day 02,11,54,0.1074,3.1461,1.8752,2.83,29.31,398,830
Ex 3 day 02,11,55,0.1074,2.0801,1.8042,2.83,19.38,387,853
Ex 3 day 02,11,56,0.1074,2.3188,1.6537,2.83,21.6,398,816
Ex 3 day 02,11,57,0.1074,2.1935,1.6935,2.83,20.43,397,846
Ex 3 day 02,11,58,0.1074,1.6901,1.3031,3.3,15.74,392,820
Ex 3 day 02,11,59,0.1074,2.0176,1.5363,2.83,18.79,410,807
Ex 3 day 02,11,60,0.1074,1.5942,1.1938,2.83,14.85,386,835
Ex 3 day 02,11,61,0.1074,1.6339,1.1734,3.3,15.22,415,791
Ex 3 day 02,11,62,0.1074,2.2188,1.5089,3.3,20.67,379,826
Ex 3 day 02,11,63,0.1074,2.3585,1.8089,2.83,21.97,397,800
Ex 3 day 02,11,64,0.1074,1.3071,1.0585,2.83,12.18,399,785
Ex 3 day 02,11,65,0.1074,1.8538,1.57,2.83,17.27,389,843
Ex 3 day 02,11,66,0.1074,2.1006,1.678,2.83,19.57,387,804
Ex 3 day 02,11,67,0.1074,1.2669,0.8741,2.83,11.8,398,807
Ex 3 day 02,12,68,0.1463,3.6494,2.5757,2.83,24.94,8,844
Ex 3 day 02,12,69,0.1463,2.2325,2.0709,4.71,15.26,0,876
Ex 3 day 02,12,70,0.1463,2.6791,2.2452,2.83,18.31,26,893
Ex 3 day 02,12,71,0.1463,3.0036,2.4103,2.83,20.53,18,858
Ex 3 day 02,12,72,0.1463,2.3347,2.1481,2.83,15.96,26,872
Ex 3 day 02,12,73,0.1463,2.8705,2.2838,2.83,19.62,25,902
Ex 3 day 02,12,74,0.1463,1.5415,1.7087,4.71,10.54,12,900
Ex 3 day 02,12,75,0.1463,2.0103,1.6789,2.83,13.74,0,847
Ex 3 day 02,12,76,0.1463,1.3404,1.1796,2.83,9.16,17,879
Ex 3 day 02,12,77,0.1463,2.1458,1.6542,2.83,14.67,25,864
Ex 3 day 02,13,78,0.1609,1.8419,1.4189,3.3,11.45,567,915
Ex 3 day 02,13,79,0.1609,2.297,1.7053,2.83,14.28,573,884
Ex 3 day 02,13,80,0.1609,2.1285,1.8364,2.83,13.23,570,878
Ex 3 day 02,13,81,0.1609,2.1671,1.5876,3.77,13.47,559,896
Ex 3 day 02,13,82,0.1609,2.3024,1.7637,2.83,14.31,584,925
Ex 3 day 02,14,83,0.0996,2.9217,2.135,2.83,29.35,707,972
Ex 3 day 02,14,84,0.0996,2.4461,1.4242,4.24,24.57,728,980
Ex 3 day 02,14,85,0.0996,2.4712,1.8296,2.83,24.82,712,1004
Ex 3 day 02,14,86,0.0996,2.3369,1.843,2.83,23.47,706,965
Ex 3 day 02,14,87,0.0996,1.883,1.5717,2.83,18.91,715,968
Ex 3 day 03,2,1,0.1914,4.6894,3.5811,2.83,24.5,1285,222
Ex 3 day 03,2,2,0.1914,3.4557,2.5152,2.83,18.05,1254,222
Ex 3 day 03,2,3,0.1914,2.4241,2.0538,2.83,12.66,1273,228
Ex 3 day 03,2,4,0.1914,2.1457,1.8437,2.83,11.21,1271,217
Ex 3 day 03,3,5,0.1718,2.2801,1.9301,2.83,13.27,811,258
Ex 3 day 03,3,6,0.1718,2.5067,1.8559,2.83,14.59,819,274
Ex 3 day 03,4,7,0.1666,3.2637,2.7293,2.83,19.59,604,290
Ex 3 day 03,4,8,0.1666,2.4993,1.7609,2.83,15.0,578,268
Ex 3 day 03,5,9,0.1892,2.1638,1.9471,2.83,11.44,850,387
Ex 3 day 03,5,10,0.1892,2.7684,2.1333,2.83,14.64,887,366
Ex 3 day 03,5,11,0.1892,2.0775,1.4396,4.24,10.98,849,374
Ex 3 day 03,5,12,0.1892,2.3638,1.763,2.83,12.5,856,363
Ex 3 day 03,5,13,0.1892,2.0058,1.8062,2.83,10.6,856,359
Ex 3 day 03,5,14,0.1892,1.8489,1.5091,2.83,9.77,875,363
Ex 3 day 03,6,15,0.1628,3.4368,2.5236,2.83,21.12,814,570
Ex 3 day 03,6,16,0.1628,2.5743,2.0652,2.83,15.82,833,542
Ex 3 day 03,6,17,0.1628,2.4638,2.131,2.83,15.14,813,551
Ex 3 day 03,7,18,0.1419,3.2292,2.5988,2.83,22.76,695,572
Ex 3 day 03,7,19,0.1419,2.7936,2.0721,2.83,19.69,680,538
Ex 3 day 03,7,20,0.1419,2.0091,1.6397,2.83,14.16,710,555
Ex 3 day 03,7,21,0.1419,2.1684,1.7786,2.83,15.29,680,585
Ex 3 day 03,8,22,0.1565,3.8016,2.8984,2.83,24.28,320,574
Ex 3 day 03,8,23,0.1565,2.2977,1.8443,2.83,14.68,333,586
Ex 3 day 03,9,24,0.1749,2.2214,1.8428,2.83,12.7,323,641
Ex 3 day 03,9,25,0.1749,2.6076,2.2518,2.83,14.91,325,652
Ex 3 day 03,11,26,0.1325,2.7354,2.3948,2.83,20.64,752,727
Ex 3 day 03,11,27,0.1325,2.8592,2.3713,2.83,21.57,758,711
Ex 3 day 03,11,28,0.1325,1.9047,1.3286,2.83,14.37,776,759
Ex 3 day 03,11,29,0.1325,1.6856,1.3209,2.83,12.72,756,734
Ex 3 day 03,15,30,0.2064,3.9389,3.228,2.83,19.09,544,1039
Ex 3 day 04,1,1,0.1182,2.8464,1.9305,4.24,24.08,585,7
Ex 3 day 04,1,2,0.1182,2.6153,1.7845,4.24,22.13,589,34
Ex 3 day 04,1,3,0.1182,2.53,1.9455,3.3,21.4,579,44
Ex 3 day 04,1,4,0.1182,2.4889,2.0383,2.83,21.06,568,54
Ex 3 day 04,1,5,0.1182,2.6117,1.9943,3.3,22.09,553,38
Ex 3 day 04,1,6,0.1182,2.1744,1.4867,3.3,18.4,552,60
Ex 3 day 04,1,7,0.1182,2.4162,1.8918,2.83,20.44,534,72
Ex 3 day 04,1,8,0.1182,2.1104,1.7961,2.83,17.85,570,67
Ex 3 day 04,1,9,0.1182,1.4978,1.0939,2.83,12.67,554,5
Ex 3 day 04,1,10,0.1182,1.8116,1.4113,3.77,15.33,591,49
Ex 3 day 04,1,11,0.1182,1.8094,1.3424,4.24,15.31,579,67
Ex 3 day 04,3,12,0.0725,2.9994,1.9984,2.83,41.4,1135,24
Ex 3 day 04,3,13,0.0725,2.1901,1.8737,2.83,30.23,1128,12
Ex 3 day 04,4,14,0.0541,3.5452,2.9734,2.83,65.57,1381,19
Ex 3 day 04,4,15,0.0541,2.527,1.9434,2.83,46.74,1341,10
Ex 3 day 04,4,16,0.0541,3.0847,2.2143,2.83,57.06,1384,6
Ex 3 day 04,4,17,0.0541,2.0228,1.7784,2.83,37.42,1364,14
Ex 3 day 04,4,18,0.0541,2.7671,2.0348,2.83,51.18,1360,32
Ex 3 day 04,4,19,0.0541,2.2425,1.7558,2.83,41.48,1354,9
Ex 3 day 04,4,20,0.0541,2.648,2.0408,2.83,48.98,1338,3
Ex 3 day 04,4,21,0.0541,1.8041,1.1256,3.3,33.37,1351,35
Ex 3 day 04,4,22,0.0541,1.9043,1.638,2.83,35.22,1355,15
Ex 3 day 04,4,23,0.0541,1.3195,0.7532,2.83,24.41,1391,4
Ex 3 day 04,5,24,0.1114,2.5642,1.5182,4.24,23.03,785,50
Ex 3 day 04,5,25,0.1114,1.9634,1.4347,2.83,17.63,798,52
Ex 3 day 04,6,26,0.221,1.7431,1.0786,3.3,7.89,1191,21
Ex 3 day 04,7,27,0.0903,3.5594,2.9151,3.77,39.4,1363,60
Ex 3 day 04,7,28,0.0903,2.6856,1.7421,4.24,29.73,1391,73
Ex 3 day 04,7,29,0.0903,2.679,1.7869,3.3,29.66,1336,63
Ex 3 day 04,7,30,0.0903,2.0824,1.6919,2.83,23.05,1348,61
Ex 3 day 04,8,31,0.0982,3.0086,2.1565,3.3,30.63,877,168
Ex 3 day 04,8,32,0.0982,2.3889,1.6792,4.24,24.32,898,169
Ex 3 day 04,8,33,0.0982,2.4099,1.7582,3.3,24.53,893,143
Ex 3 day 04,8,34,0.0982,1.8183,1.6158,3.77,18.51,908,158
Ex 3 day 04,8,35,0.0982,2.4619,2.1017,2.83,25.06,908,147
Ex 3 day 04,8,36,0.0982,2.1356,1.8545,2.83,21.74,892,130
Ex 3 day 04,8,37,0.0982,1.9372,1.5815,2.83,19.72,865,157
Ex 3 day 04,8,38,0.0982,1.5482,1.0734,5.19,15.76,891,155
Ex 3 day 04,9,39,-0.0033,3.4877,2.679,2.83,-1057.54,809,216
Ex 3 day 04,9,40,-0.0033,3.1566,2.5147,2.83,-957.17,850,205
Ex 3 day 04,9,41,-0.0033,2.6123,2.3429,3.3,-792.1,810,158
Ex 3 day 04,9,42,-0.0033,2.8317,2.1045,2.83,-858.65,866,200
Ex 3 day 04,9,43,-0.0033,2.4655,1.4703,3.3,-747.6,788,218
Ex 3 day 04,9,44,-0.0033,2.8087,1.9426,3.3,-851.65,799,227
Ex 3 day 04,9,45,-0.0033,2.153,1.4619,4.24,-652.85,835,187
Ex 3 day 04,9,46,-0.0033,2.7094,1.8039,3.77,-821.57,805,177
Ex 3 day 04,9,47,-0.0033,2.5916,2.113,2.83,-785.84,846,174
Ex 3 day 04,9,48,-0.0033,2.2519,1.8776,2.83,-682.81,796,167
Ex 3 day 04,9,49,-0.0033,1.986,1.6438,4.24,-602.19,785,185
Ex 3 day 04,9,50,-0.0033,2.0673,1.5929,2.83,-626.85,790,171
Ex 3 day 04,9,51,-0.0033,2.3747,1.9675,2.83,-720.07,820,194
Ex 3 day 04,9,52,-0.0033,2.4115,1.9798,2.83,-731.23,770,175
Ex 3 day 04,9,53,-0.0033,2.0286,1.6987,2.83,-615.12,813,190
Ex 3 day 04,9,54,-0.0033,1.842,1.5136,2.83,-558.53,798,201
Ex 3 day 04,9,55,-0.0033,1.8926,1.219,3.3,-573.87,764,190
Ex 3 day 04,9,56,-0.0033,2.2344,1.424,3.3,-677.52,819,242
Ex 3 day 04,9,57,-0.0033,1.9719,1.4622,2.83,-597.92,863,187
Ex 3 day 04,9,58,-0.0033,2.1157,1.4249,3.3,-641.53,818,173
Ex 3 day 04,9,59,-0.0033,2.4258,1.9185,2.83,-735.55,839,145
Ex 3 day 04,9,60,-0.0033,2.5725,2.049,2.83,-780.03,822,204
Ex 3 day 04,9,61,-0.0033,1.5636,1.465,3.77,-474.13,844,161
Ex 3 day 04,9,62,-0.0033,1.3915,0.9818,2.83,-421.95,834,150
Ex 3 day 04,9,63,-0.0033,1.5994,1.2511,2.83,-484.98,752,169
Ex 3 day 04,9,64,-0.0033,1.9969,1.6263,2.83,-605.51,795,193
Ex 3 day 04,9,65,-0.0033,1.4327,1.125,2.83,-434.43,850,187
Ex 3 day 04,9,66,-0.0033,1.7486,1.3045,2.83,-530.23,812,230
Ex 3 day 04,9,67,-0.0033,1.774,1.4152,3.77,-537.93,803,151
Ex 3 day 04,9,68,-0.0033,1.0584,0.9033,2.83,-320.94,825,256
Ex 3 day 04,9,69,-0.0033,2.0467,1.5481,2.83,-620.62,857,187
Ex 3 day 04,9,70,-0.0033,1.8904,1.5677,2.83,-573.2,877,235
Ex 3 day 04,9,71,-0.0033,1.8299,1.3379,2.83,-554.86,869,256
Ex 3 day 04,9,72,-0.0033,1.0211,0.6455,4.71,-309.63,776,210
Ex 3 day 04,10,73,-0.0112,2.947,2.3555,2.83,-263.57,695,225
Ex 3 day 04,10,74,-0.0112,2.4861,1.7747,3.77,-222.34,784,287
Ex 3 day 04,10,75,-0.0112,2.5197,1.5535,3.77,-225.35,694,238
Ex 3 day 04,10,76,-0.0112,2.1392,2.1093,3.3,-191.32,728,224
Ex 3 day 04,10,77,-0.0112,2.7149,2.0374,2.83,-242.81,744,324
Ex 3 day 04,10,78,-0.0112,2.4822,2.1453,2.83,-222.0,735,325
Ex 3 day 04,10,79,-0.0112,2.369,1.721,3.3,-211.87,743,256
Ex 3 day 04,10,80,-0.0112,1.9394,1.5187,2.83,-173.45,775,257
Ex 3 day 04,10,81,-0.0112,1.7758,1.3167,2.83,-158.82,691,255
Ex 3 day 04,10,82,-0.0112,2.2729,1.9284,2.83,-203.28,743,241
Ex 3 day 04,10,83,-0.0112,2.5057,1.9976,2.83,-224.1,738,299
Ex 3 day 04,10,84,-0.0112,1.4433,1.1984,2.83,-129.08,788,259
Ex 3 day 04,10,85,-0.0112,1.7933,1.4788,2.83,-160.38,689,261
Ex 3 day 04,10,86,-0.0112,1.2227,0.9066,4.24,-109.35,771,273
Ex 3 day 04,10,87,-0.0112,1.6569,1.3338,2.83,-148.18,722,291
Ex 3 day 04,10,88,-0.0112,1.668,1.3491,2.83,-149.18,787,251
Ex 3 day 04,11,89,0.1516,3.7336,2.9807,2.83,24.62,637,228
Ex 3 day 04,11,90,0.1516,2.9512,2.4,2.83,19.46,646,209
Ex 3 day 04,11,91,0.1516,2.8205,1.8695,3.3,18.6,627,209
Ex 3 day 04,11,92,0.1516,2.9518,1.9797,3.3,19.47,642,196
Ex 3 day 04,11,93,0.1516,2.0824,1.7554,2.83,13.73,649,220
Ex 3 day 04,11,94,0.1516,2.0363,1.5932,3.3,13.43,670,210
Ex 3 day 04,11,95,0.1516,2.1604,1.7948,2.83,14.25,655,205
Ex 3 day 04,11,96,0.1516,2.5968,2.0857,2.83,17.13,656,239
Ex 3 day 04,11,97,0.1516,1.9978,1.4579,3.3,13.18,657,194
Ex 3 day 04,11,98,0.1516,1.69,1.2812,2.83,11.15,674,277
Ex 3 day 04,11,99,0.1516,1.7503,1.5333,3.77,11.54,653,250
Ex 3 day 04,11,100,0.1516,1.7123,1.2866,4.71,11.29,661,239
Ex 3 day 04,11,101,0.1516,1.5577,1.3202,3.77,10.27,623,238
Ex 3 day 04,12,102,0.0999,3.5839,3.0737,2.83,35.88,65,231
Ex 3 day 04,12,103,0.0999,2.4715,1.9029,2.83,24.74,88,225
Ex 3 day 04,12,104,0.0999,2.3258,2.0156,2.83,23.29,90,237
Ex 3 day 04,12,105,0.0999,2.6971,2.2054,2.83,27.0,73,248
Ex 3 day 04,12,106,0.0999,2.1684,1.7059,2.83,21.71,91,245
Ex 3 day 04,12,107,0.0999,1.5147,1.215,2.83,15.17,103,237
Ex 3 day 04,12,108,0.0999,1.4407,1.2109,2.83,14.42,84,235
Ex 3 day 04,12,109,0.0999,1.6656,1.261,2.83,16.68,76,228
Ex 3 day 04,12,110,0.0999,1.8444,1.3851,2.83,18.47,86,264
Ex 3 day 04,13,111,0.1711,2.4957,1.8429,4.24,14.59,453,257
Ex 3 day 04,13,112,0.1711,2.4715,1.8351,3.77,14.45,442,233
Ex 3 day 04,13,113,0.1711,2.5115,1.8365,3.77,14.68,473,257
Ex 3 day 04,13,114,0.1711,2.1734,1.6503,4.24,12.71,438,274
Ex 3 day 04,13,115,0.1711,2.3244,1.5682,4.71,13.59,429,257
Ex 3 day 04,13,116,0.1711,2.6496,1.842,2.83,15.49,434,252
Ex 3 day 04,15,117,0.1627,4.531,3.42,2.83,27.84,182,280
Ex 3 day 04,15,118,0.1627,3.5653,2.52,2.83,21.91,208,298
Ex 3 day 04,15,119,0.1627,2.944,2.3547,2.83,18.09,202,264
Ex 3 day 04,15,120,0.1627,3.5873,2.626,2.83,22.04,198,292
Ex 3 day 04,15,121,0.1627,2.5287,1.8745,2.83,15.54,173,270
Ex 3 day 04,15,122,0.1627,2.2169,1.5552,4.71,13.62,189,264
Ex 3 day 04,15,123,0.1627,2.3552,1.8606,2.83,14.47,179,293
Ex 3 day 04,15,124,0.1627,2.2788,1.2001,3.3,14.0,218,279
Ex 3 day 04,15,125,0.1627,1.6971,1.4385,2.83,10.43,207,269
Ex 3 day 04,17,126,0.0928,2.216,1.7825,3.77,23.87,950,295
Ex 3 day 04,17,127,0.0928,2.0736,1.457,4.71,22.34,955,308
Ex 3 day 04,17,128,0.0928,1.8977,1.3503,4.24,20.45,917,266
Ex 3 day 04,17,129,0.0928,1.9141,1.5563,3.77,20.62,925,315
Ex 3 day 04,17,130,0.0928,1.9329,1.4167,2.83,20.82,930,300
Ex 3 day 04,19,131,0.1219,2.7617,2.1596,3.77,22.66,1077,299
Ex 3 day 04,19,132,0.1219,2.3258,1.4883,4.24,19.08,1093,291
Ex 3 day 04,20,133,-0.0029,2.7723,2.2342,2.83,-958.78,811,279
Ex 3 day 04,20,134,-0.0029,2.593,1.988,2.83,-896.76,754,342
Ex 3 day 04,20,135,-0.0029,2.5937,1.9073,3.3,-897.0,815,314
Ex 3 day 04,20,136,-0.0029,2.066,1.5635,3.3,-714.49,810,305
Ex 3 day 04,20,137,-0.0029,1.4932,1.2129,3.3,-516.41,773,336
Ex 3 day 04,20,138,-0.0029,2.0911,1.6303,2.83,-723.18,781,303
Ex 3 day 04,20,139,-0.0029,2.0772,1.7163,2.83,-718.4,836,323
Ex 3 day 04,20,140,-0.0029,1.4276,1.2665,2.83,-493.74,767,329
Ex 3 day 04,20,141,-0.0029,1.8588,1.4727,3.77,-642.86,797,307
Ex 3 day 04,20,142,-0.0029,2.0364,1.279,2.83,-704.26,778,320
Ex 3 day 04,24,143,0.0622,1.4675,1.0427,2.83,23.58,1065,345
Ex 3 day 04,24,144,0.0622,2.0244,1.6485,2.83,32.53,1043,359
Ex 3 day 04,24,145,0.0622,2.0196,1.2097,3.3,32.45,1052,342
Ex 3 day 04,24,146,0.0622,1.4887,1.1532,2.83,23.92,1062,337
Ex 3 day 04,24,147,0.0622,1.0669,1.1463,3.77,17.14,1036,349
Ex 3 day 04,24,148,0.0622,1.5768,1.1806,2.83,25.34,1029,354
Ex 3 day 04,24,149,0.0622,2.3283,1.9904,2.83,37.41,1024,392
Ex 3 day 04,24,150,0.0622,1.8047,1.4912,2.83,29.0,1062,391
Ex 3 day 04,24,151,0.0622,1.2513,1.2489,3.77,20.11,1062,377
Ex 3 day 04,24,152,0.0622,1.5511,1.1584,6.13,24.92,1045,377
Ex 3 day 04,24,153,0.0622,1.6219,1.3292,2.83,26.06,1039,389
Ex 3 day 04,25,154,-0.0072,2.8155,2.3174,2.83,-390.46,754,389
Ex 3 day 04,25,155,-0.0072,3.2689,2.3425,2.83,-453.35,808,372
Ex 3 day 04,25,156,-0.0072,3.3984,2.5228,2.83,-471.3,725,397
Ex 3 day 04,25,157,-0.0072,3.2505,2.7746,2.83,-450.8,744,399
Ex 3 day 04,25,158,-0.0072,2.2262,1.6924,2.83,-308.74,763,401
Ex 3 day 04,25,159,-0.0072,2.7199,2.1804,2.83,-377.21,789,356
Ex 3 day 04,25,160,-0.0072,2.4716,2.0658,2.83,-342.77,808,387
Ex 3 day 04,25,161,-0.0072,2.1037,1.688,2.83,-291.75,762,412
Ex 3 day 04,25,162,-0.0072,2.6773,2.107,2.83,-371.29,715,400
Ex 3 day 04,25,163,-0.0072,2.2644,1.767,2.83,-314.04,774,395
Ex 3 day 04,25,164,-0.0072,2.261,1.6102,2.83,-313.56,736,445
Ex 3 day 04,25,165,-0.0072,1.7077,1.2416,2.83,-236.83,761,441
Ex 3 day 04,25,166,-0.0072,1.8035,1.4766,3.77,-250.11,734,417
Ex 3 day 04,25,167,-0.0072,1.5938,1.3201,3.3,-221.03,786,414
Ex 3 day 04,25,168,-0.0072,1.6957,1.0955,2.83,-235.17,706,412
Ex 3 day 04,25,169,-0.0072,2.0355,1.7498,2.83,-282.28,713,425
Ex 3 day 04,25,170,-0.0072,1.9812,1.6435,2.83,-274.76,804,378
Ex 3 day 04,25,171,-0.0072,2.1813,1.5205,4.24,-302.5,773,375
Ex 3 day 04,25,172,-0.0072,1.9704,1.5899,3.3,-273.27,786,398
Ex 3 day 04,25,173,-0.0072,2.5403,2.1738,2.83,-352.3,773,407
Ex 3 day 04,25,174,-0.0072,2.0638,1.6527,2.83,-286.22,757,377
Ex 3 day 04,25,175,-0.0072,1.4557,1.1646,2.83,-201.88,757,397
Ex 3 day 04,25,176,-0.0072,2.2316,1.8379,2.83,-309.49,773,413
Ex 3 day 04,25,177,-0.0072,1.7147,1.4281,2.83,-237.8,784,359
Ex 3 day 04,25,178,-0.0072,1.7455,1.5586,2.83,-242.07,727,434
Ex 3 day 04,25,179,-0.0072,1.8795,1.4001,2.83,-260.66,731,446
Ex 3 day 04,25,180,-0.0072,1.6365,1.1494,2.83,-226.96,771,354
Ex 3 day 04,26,181,0.0788,3.4649,2.672,3.77,43.98,951,425
Ex 3 day 04,26,182,0.0788,3.0589,2.0393,3.3,38.83,968,399
Ex 3 day 04,26,183,0.0788,1.6413,1.608,4.71,20.83,949,410
Ex 3 day 04,26,184,0.0788,2.1187,1.5849,3.77,26.89,975,412
Ex 3 day 04,27,185,0.092,1.942,1.5499,2.83,21.1,133,430
Ex 3 day 04,27,186,0.092,2.1096,1.6955,2.83,22.92,125,413
Ex 3 day 04,27,187,0.092,1.7723,1.2102,2.83,19.26,119,446
Ex 3 day 04,27,188,0.092,1.9294,1.4593,2.83,20.97,124,429
Ex 3 day 04,28,189,0.0957,2.832,1.9265,3.3,29.6,662,442
Ex 3 day 04,29,190,0.1582,2.6635,2.37,2.83,16.84,314,463
Ex 3 day 04,29,191,0.1582,2.4175,1.6114,4.71,15.28,317,477
Ex 3 day 04,29,192,0.1582,2.2825,1.7833,4.24,14.43,286,456
Ex 3 day 04,29,193,0.1582,1.6237,1.4022,4.71,10.27,296,443
Ex 3 day 04,29,194,0.1582,2.331,1.5866,4.71,14.74,319,495
Ex 3 day 04,29,195,0.1582,1.8014,1.1957,4.71,11.39,299,463
Ex 3 day 04,30,196,0.0352,2.6384,2.1042,3.77,74.91,621,466
Ex 3 day 04,31,197,0.1904,3.3353,2.3507,3.3,17.52,55,451
Ex 3 day 04,31,198,0.1904,3.2283,2.6504,2.83,16.95,67,460
Ex 3 day 04,31,199,0.1904,2.7184,2.2366,2.83,14.28,59,474
Ex 3 day 04,31,200,0.1904,2.029,1.6708,2.83,10.66,72,475
Ex 3 day 04,31,201,0.1904,2.0144,1.5935,2.83,10.58,41,445
Ex 3 day 04,31,202,0.1904,2.2966,1.8193,2.83,12.06,70,451
Ex 3 day 04,31,203,0.1904,2.0748,1.6717,2.83,10.9,57,439
Ex 3 day 04,32,204,0.0464,3.6787,2.5203,3.3,79.36,788,493
Ex 3 day 04,32,205,0.0464,3.9975,2.9505,2.83,86.24,764,492
Ex 3 day 04,32,206,0.0464,2.0983,1.37,4.24,45.27,772,523
Ex 3 day 04,32,207,0.0464,2.3558,1.8138,2.83,50.82,813,460
Ex 3 day 04,32,208,0.0464,1.7893,1.4565,2.83,38.6,796,478
Ex 3 day 04,32,209,0.0464,2.2854,1.7328,2.83,49.3,745,526
Ex 3 day 04,32,210,0.0464,2.187,1.6972,2.83,47.18,779,485
Ex 3 day 04,32,211,0.0464,2.0476,1.5946,2.83,44.18,776,492
Ex 3 day 04,32,212,0.0464,1.6647,1.5214,4.24,35.91,796,513
Ex 3 day 04,32,213,0.0464,2.3143,1.9643,2.83,49.93,771,473
Ex 3 day 04,32,214,0.0464,2.3154,1.7253,2.83,49.95,736,462
Ex 3 day 04,32,215,0.0464,2.0403,1.697,2.83,44.02,802,496
Ex 3 day 04,32,216,0.0464,1.8926,1.766,2.83,40.83,773,464
Ex 3 day 04,32,217,0.0464,1.7861,1.3376,4.24,38.53,785,469
Ex 3 day 04,35,218,0.0725,5.1253,3.7952,2.83,70.7,647,494
Ex 3 day 04,35,219,0.0725,1.6796,1.3778,2.83,23.17,631,517
Ex 3 day 04,35,220,0.0725,2.2436,1.6043,3.3,30.95,593,512
Ex 3 day 04,35,221,0.0725,1.7807,1.3567,4.24,24.56,624,504
Ex 3 day 04,35,222,0.0725,2.0693,1.7356,2.83,28.54,618,529
Ex 3 day 04,35,223,0.0725,1.8382,1.5121,2.83,25.36,638,533
Ex 3 day 04,35,224,0.0725,1.9019,1.5825,2.83,26.23,635,499
Ex 3 day 04,35,225,0.0725,1.5565,1.3678,2.83,21.47,607,514
Ex 3 day 04,35,226,0.0725,1.9278,1.5509,2.83,26.59,623,535
Ex 3 day 04,36,227,0.08,3.7505,3.0033,2.83,46.89,905,566
Ex 3 day 04,36,228,0.08,3.3543,2.8061,2.83,41.94,902,554
Ex 3 day 04,36,229,0.08,2.8005,2.1072,2.83,35.02,942,578
Ex 3 day 04,36,230,0.08,2.4314,1.9207,2.83,30.4,924,541
Ex 3 day 04,36,231,0.08,2.7792,1.9331,3.77,34.75,890,577
Ex 3 day 04,36,232,0.08,2.3746,1.9799,2.83,29.69,888,551
Ex 3 day 04,36,233,0.08,1.9132,1.7746,2.83,23.92,910,533
Ex 3 day 04,36,234,0.08,1.9298,1.6536,2.83,24.13,925,577
Ex 3 day 04,36,235,0.08,2.2805,1.666,2.83,28.51,917,570
Ex 3 day 04,36,236,0.08,1.9976,0.8031,4.24,24.98,950,563
Ex 3 day 04,36,237,0.08,2.112,1.5101,3.3,26.41,926,551
Ex 3 day 04,36,238,0.08,1.4204,1.1608,2.83,17.76,889,563
Ex 3 day 04,37,239,0.0158,2.8171,2.0659,2.83,178.4,1032,586
Ex 3 day 04,37,240,0.0158,2.3363,1.7852,2.83,147.96,1013,600
Ex 3 day 04,37,241,0.0158,2.2104,1.7649,4.71,139.98,998,558
Ex 3 day 04,37,242,0.0158,2.3308,2.0403,2.83,147.61,1020,559
Ex 3 day 04,37,243,0.0158,2.2358,1.7631,2.83,141.59,992,621
Ex 3 day 04,37,244,0.0158,1.657,1.2527,2.83,104.93,990,609
Ex 3 day 04,37,245,0.0158,2.0261,1.4918,2.83,128.31,1013,553
Ex 3 day 04,37,246,0.0158,1.8103,1.0772,2.83,114.65,960,563
Ex 3 day 04,37,247,0.0158,2.2689,1.5378,3.3,143.69,1023,546
Ex 3 day 04,37,248,0.0158,1.5967,1.4486,3.77,101.12,984,551
Ex 3 day 04,37,249,0.0158,2.2842,1.8088,2.83,144.66,1011,542
Ex 3 day 04,37,250,0.0158,2.4662,1.9051,2.83,156.18,982,576
Ex 3 day 04,38,251,0.0651,3.2145,2.7361,2.83,49.41,750,555
Ex 3 day 04,38,252,0.0651,2.5927,1.7791,4.24,39.85,772,553
Ex 3 day 04,38,253,0.0651,1.8814,1.617,2.83,28.92,751,565
Ex 3 day 04,38,254,0.0651,2.4116,2.1651,2.83,37.07,736,563
Ex 3 day 04,38,255,0.0651,2.3468,2.064,2.83,36.07,758,553
Ex 3 day 04,38,256,0.0651,1.7515,1.4314,4.24,26.92,718,579
Ex 3 day 04,38,257,0.0651,1.9153,1.4922,2.83,29.44,781,583
Ex 3 day 04,38,258,0.0651,2.564,2.039,2.83,39.41,753,578
Ex 3 day 04,38,259,0.0651,2.186,1.3074,3.3,33.6,768,584
Ex 3 day 04,38,260,0.0651,2.3956,2.0373,2.83,36.82,747,579
Ex 3 day 04,39,261,0.1701,2.266,1.8856,3.77,13.33,472,575
Ex 3 day 04,39,262,0.1701,2.3204,1.6874,4.24,13.65,490,556
Ex 3 day 04,39,263,0.1701,2.1998,1.4509,3.3,12.94,456,577
Ex 3 day 04,39,264,0.1701,2.1866,1.5433,2.83,12.86,491,591
Ex 3 day 04,39,265,0.1701,2.4787,2.1195,2.83,14.58,488,603
Ex 3 day 04,39,266,0.1701,2.1782,1.8108,2.83,12.81,489,573
Ex 3 day 04,39,267,0.1701,2.3942,2.0207,2.83,14.08,497,553
Ex 3 day 04,39,268,0.1701,2.1114,1.7443,2.83,12.42,479,593
Ex 3 day 04,39,269,0.1701,1.823,1.4081,3.3,10.72,502,588
Ex 3 day 04,39,270,0.1701,2.1306,1.6901,2.83,12.53,497,589
Ex 3 day 04,39,271,0.1701,1.3045,1.0402,2.83,7.67,484,565
Ex 3 day 04,39,272,0.1701,1.8072,1.5805,2.83,10.63,501,597
Ex 3 day 04,39,273,0.1701,2.3112,1.9841,2.83,13.59,497,572
Ex 3 day 04,39,274,0.1701,2.3787,2.0742,2.83,13.99,461,556
Ex 3 day 04,41,275,0.0176,3.813,2.4969,3.3,216.44,1054,618
Ex 3 day 04,41,276,0.0176,2.9438,2.1897,2.83,167.1,999,639
Ex 3 day 04,41,277,0.0176,2.5268,2.0803,2.83,143.43,1058,652
Ex 3 day 04,41,278,0.0176,2.1694,1.4224,4.24,123.15,1054,592
Ex 3 day 04,41,279,0.0176,1.604,1.2534,2.83,91.05,1049,652
Ex 3 day 04,41,280,0.0176,2.3008,1.4782,3.3,130.61,1023,644
Ex 3 day 04,41,281,0.0176,1.8927,1.4081,2.83,107.44,1025,655
Ex 3 day 04,41,282,0.0176,1.4409,1.3646,3.77,81.79,1023,602
Ex 3 day 04,41,283,0.0176,1.9836,1.4006,2.83,112.6,1038,656
Ex 3 day 04,41,284,0.0176,2.2601,1.875,2.83,128.29,1040,612
Ex 3 day 04,41,285,0.0176,1.3115,1.0645,3.3,74.44,1029,629
Ex 3 day 04,41,286,0.0176,1.8022,1.0961,4.24,102.3,1038,597
Ex 3 day 04,41,287,0.0176,1.44,1.3009,2.83,81.74,1050,575
Ex 3 day 04,44,288,0.0206,2.8064,2.2925,2.83,136.34,767,635
Ex 3 day 04,44,289,0.0206,3.0839,2.4252,2.83,149.82,752,655
Ex 3 day 04,44,290,0.0206,3.1794,2.0526,2.83,154.46,750,622
Ex 3 day 04,44,291,0.0206,2.4314,1.6281,3.3,118.12,747,681
Ex 3 day 04,44,292,0.0206,3.0968,1.8613,3.3,150.44,719,684
Ex 3 day 04,44,293,0.0206,1.8968,1.4798,2.83,92.15,713,668
Ex 3 day 04,44,294,0.0206,2.5169,1.9539,2.83,122.28,780,681
Ex 3 day 04,44,295,0.0206,2.1033,1.6495,2.83,102.18,736,617
Ex 3 day 04,44,296,0.0206,2.1088,1.6226,2.83,102.45,726,663
Ex 3 day 04,44,297,0.0206,1.9802,1.6731,3.77,96.2,770,670
Ex 3 day 04,44,298,0.0206,1.7117,1.4567,2.83,83.15,733,681
Ex 3 day 04,44,299,0.0206,1.9656,1.608,2.83,95.49,733,664
Ex 3 day 04,44,300,0.0206,2.1865,1.5107,2.83,106.22,746,670
Ex 3 day 04,44,301,0.0206,2.8063,2.1512,2.83,136.34,746,645
Ex 3 day 04,44,302,0.0206,1.775,1.4199,2.83,86.23,754,629
Ex 3 day 04,44,303,0.0206,1.9625,1.5088,2.83,95.34,735,655
Ex 3 day 04,44,304,0.0206,2.0994,1.5349,2.83,101.99,717,663
Ex 3 day 04,44,305,0.0206,1.759,1.4172,2.83,85.46,735,627
Ex 3 day 04,44,306,0.0206,1.8089,1.4709,2.83,87.88,760,672
Ex 3 day 04,44,307,0.0206,1.8646,1.5082,2.83,90.59,750,635
Ex 3 day 04,44,308,0.0206,2.4622,1.9389,2.83,119.62,756,660
Ex 3 day 04,45,309,0.2818,1.9679,1.9,2.83,6.98,92,650
Ex 3 day 04,46,310,0.0889,2.9895,2.3715,3.77,33.63,1079,667
Ex 3 day 04,46,311,0.0889,3.0877,2.4618,2.83,34.73,1109,656
Ex 3 day 04,46,312,0.0889,2.943,2.3799,2.83,33.11,1073,688
Ex 3 day 04,46,313,0.0889,2.1838,1.7363,2.83,24.57,1097,660
Ex 3 day 04,46,314,0.0889,2.2115,1.7917,2.83,24.88,1065,662
Ex 3 day 04,46,315,0.0889,2.0713,1.2036,4.24,23.3,1082,645
Ex 3 day 04,46,316,0.0889,1.9301,1.5175,2.83,21.71,1080,692
Ex 3 day 04,46,317,0.0889,2.2617,1.8218,2.83,25.44,1096,684
Ex 3 day 04,46,318,0.0889,1.7757,1.4175,2.83,19.98,1101,652
Ex 3 day 04,46,319,0.0889,2.6452,2.1304,2.83,29.76,1105,672
Ex 3 day 04,46,320,0.0889,1.6662,1.4833,3.3,18.74,1086,705
Ex 3 day 04,46,321,0.0889,2.1141,1.7096,2.83,23.78,1096,702
Ex 3 day 04,46,322,0.0889,2.1623,1.5937,2.83,24.32,1084,689
Ex 3 day 04,46,323,0.0889,1.4763,1.1481,2.83,16.61,1083,680
Ex 3 day 04,46,324,0.0889,2.0307,1.6428,2.83,22.84,1095,675
Ex 3 day 04,46,325,0.0889,1.5163,1.2874,2.83,17.06,1109,684
Ex 3 day 04,46,326,0.0889,1.4203,1.2942,2.83,15.98,1089,696
Ex 3 day 04,46,327,0.0889,1.4668,1.2103,2.83,16.5,1101,639
Ex 3 day 04,47,328,0.0416,2.3677,1.831,2.83,56.92,1043,667
Ex 3 day 04,47,329,0.0416,2.5577,1.6205,5.19,61.49,992,668
Ex 3 day 04,47,330,0.0416,2.9905,2.6211,2.83,71.89,992,713
Ex 3 day 04,47,331,0.0416,2.6139,2.2906,2.83,62.84,1013,696
Ex 3 day 04,47,332,0.0416,2.3375,1.9343,2.83,56.19,1047,696
Ex 3 day 04,47,333,0.0416,2.3318,1.4686,3.3,56.06,999,706
Ex 3 day 04,47,334,0.0416,2.4621,1.7872,2.83,59.19,1004,712
Ex 3 day 04,47,335,0.0416,2.0165,1.6623,2.83,48.48,975,746
Ex 3 day 04,47,336,0.0416,1.9437,1.5035,2.83,46.73,1018,674
Ex 3 day 04,47,337,0.0416,2.3882,1.9394,2.83,57.41,1013,665
Ex 3 day 04,47,338,0.0416,1.9913,1.4491,2.83,47.87,975,673
Ex 3 day 04,48,339,0.1601,2.314,2.0944,2.83,14.45,578,669
Ex 3 day 04,48,340,0.1601,2.7553,2.2734,2.83,17.21,557,681
Ex 3 day 04,48,341,0.1601,2.6976,1.6792,3.3,16.85,552,701
Ex 3 day 04,48,342,0.1601,1.6595,1.6769,3.77,10.37,566,720
Ex 3 day 04,48,343,0.1601,2.6061,2.1483,2.83,16.28,537,693
Ex 3 day 04,48,344,0.1601,2.0222,1.79,2.83,12.63,548,712
Ex 3 day 04,48,345,0.1601,2.7862,2.1786,2.83,17.4,584,682
Ex 3 day 04,48,346,0.1601,2.5198,1.9771,2.83,15.74,560,670
Ex 3 day 04,48,347,0.1601,2.2043,1.9094,2.83,13.77,559,661
Ex 3 day 04,48,348,0.1601,2.373,1.7048,3.77,14.82,584,701
Ex 3 day 04,48,349,0.1601,2.0843,1.5904,2.83,13.02,571,711
Ex 3 day 04,48,350,0.1601,2.2865,1.8416,2.83,14.28,550,685
Ex 3 day 04,48,351,0.1601,2.0038,1.7865,2.83,12.52,575,697
Ex 3 day 04,48,352,0.1601,2.2537,1.8543,2.83,14.08,564,701
Ex 3 day 04,49,353,0.021,2.5853,1.8614,4.24,122.85,916,708
Ex 3 day 04,49,354,0.021,2.7961,2.2603,2.83,132.87,885,707
Ex 3 day 04,49,355,0.021,1.8001,1.3725,2.83,85.54,861,710
Ex 3 day 04,49,356,0.021,2.4582,2.1049,2.83,116.82,875,693
Ex 3 day 04,49,357,0.021,2.1026,1.6877,2.83,99.92,937,735
Ex 3 day 04,49,358,0.021,1.9785,1.3484,4.24,94.02,888,710
Ex 3 day 04,49,359,0.021,1.786,1.4263,2.83,84.87,925,693
Ex 3 day 04,49,360,0.021,1.7112,1.0937,3.3,81.32,876,730
Ex 3 day 04,49,361,0.021,1.3629,1.0518,3.3,64.77,902,741
Ex 3 day 04,49,362,0.021,2.4939,1.9982,2.83,118.51,904,699
Ex 3 day 04,49,363,0.021,1.8123,1.2498,4.24,86.12,901,676
Ex 3 day 04,50,364,-0.1257,2.485,1.8428,2.83,-19.78,959,700
Ex 3 day 04,50,365,-0.1257,1.3868,1.4166,3.77,-11.04,952,726
Ex 3 day 04,50,366,-0.1257,1.4893,1.3714,3.3,-11.85,951,738
Ex 3 day 04,50,367,-0.1257,1.4742,1.1589,2.83,-11.73,968,687
Ex 3 day 04,50,368,-0.1257,2.1401,1.8158,2.83,-17.03,963,745
Ex 3 day 04,51,369,0.1704,2.696,2.2124,2.83,15.82,308,701
Ex 3 day 04,51,370,0.1704,2.6445,1.6959,3.3,15.52,312,725
Ex 3 day 04,51,371,0.1704,2.0569,1.8818,2.83,12.07,300,716
Ex 3 day 04,51,372,0.1704,2.0489,1.8409,2.83,12.02,304,728
Ex 3 day 04,51,373,0.1704,2.1965,1.9067,2.83,12.89,306,710
Ex 3 day 04,51,374,0.1704,2.2459,1.8442,2.83,13.18,312,685
Ex 3 day 04,51,375,0.1704,2.3947,1.232,4.24,14.05,293,688
Ex 3 day 04,51,376,0.1704,1.7519,1.6977,2.83,10.28,290,698
Ex 3 day 04,51,377,0.1704,1.9748,1.4947,2.83,11.59,296,703
Ex 3 day 04,51,378,0.1704,1.6813,1.209,2.83,9.87,303,695
Ex 3 day 04,51,379,0.1704,2.0977,1.7695,2.83,12.31,321,697
Ex 3 day 04,51,380,0.1704,1.8607,1.4214,2.83,10.92,315,696
Ex 3 day 04,52,381,0.0805,2.72,2.2103,3.77,33.77,778,740
Ex 3 day 04,52,382,0.0805,3.2761,2.5446,2.83,40.67,789,704
Ex 3 day 04,52,383,0.0805,2.8073,2.3263,2.83,34.85,746,742
Ex 3 day 04,52,384,0.0805,2.4005,1.927,2.83,29.8,737,708
Ex 3 day 04,52,385,0.0805,2.6956,2.2065,2.83,33.47,758,711
Ex 3 day 04,52,386,0.0805,1.908,1.5511,2.83,23.69,724,698
Ex 3 day 04,52,387,0.0805,2.637,2.0341,2.83,32.74,749,696
Ex 3 day 04,52,388,0.0805,2.8135,2.2439,2.83,34.93,781,714
Ex 3 day 04,52,389,0.0805,2.0315,1.5171,2.83,25.22,721,708
Ex 3 day 04,52,390,0.0805,2.1777,1.6845,2.83,27.04,763,733
Ex 3 day 04,52,391,0.0805,2.1362,1.6249,2.83,26.52,787,726
Ex 3 day 04,52,392,0.0805,2.0,1.3109,3.3,24.83,748,704
Ex 3 day 04,52,393,0.0805,2.1312,1.6525,2.83,26.46,721,720
Ex 3 day 04,52,394,0.0805,1.4348,1.2639,2.83,17.81,736,725
Ex 3 day 04,52,395,0.0805,1.5272,1.3984,2.83,18.96,769,708
Ex 3 day 04,52,396,0.0805,1.9844,1.3574,2.83,24.64,761,726
Ex 3 day 04,52,397,0.0805,2.3735,1.8644,2.83,29.47,752,738
Ex 3 day 04,52,398,0.0805,2.0994,1.7324,2.83,26.07,760,743
Ex 3 day 04,53,399,0.197,3.1901,2.4708,2.83,16.2,1267,722
Ex 3 day 04,53,400,0.197,2.4521,1.731,3.3,12.45,1287,725
Ex 3 day 04,54,401,-0.0058,2.9564,2.2364,3.77,-511.31,956,804
Ex 3 day 04,54,402,-0.0058,2.8078,2.1714,3.77,-485.62,932,808
Ex 3 day 04,54,403,-0.0058,2.5945,1.8391,3.3,-448.72,943,815
Ex 3 day 04,54,404,-0.0058,2.0296,1.746,3.77,-351.02,955,787
Ex 3 day 04,54,405,-0.0058,2.2647,1.7861,2.83,-391.69,942,862
Ex 3 day 04,54,406,-0.0058,2.3434,1.6489,2.83,-405.29,964,846
Ex 3 day 04,54,407,-0.0058,2.8464,2.5152,2.83,-492.29,932,792
Ex 3 day 04,54,408,-0.0058,2.2583,1.5489,3.3,-390.58,933,747
Ex 3 day 04,54,409,-0.0058,2.2199,1.5787,2.83,-383.93,900,812
Ex 3 day 04,54,410,-0.0058,2.4514,1.8084,2.83,-423.98,962,854
Ex 3 day 04,54,411,-0.0058,1.8242,1.6226,2.83,-315.5,904,785
Ex 3 day 04,54,412,-0.0058,1.6688,1.2913,2.83,-288.61,966,768
Ex 3 day 04,54,413,-0.0058,1.6405,1.2028,3.3,-283.72,915,849
Ex 3 day 04,54,414,-0.0058,1.6182,1.216,2.83,-279.87,932,861
Ex 3 day 04,54,415,-0.0058,2.0002,1.4157,2.83,-345.94,952,854
Ex 3 day 04,54,416,-0.0058,2.0788,1.4468,3.77,-359.52,918,832
Ex 3 day 04,54,417,-0.0058,2.0895,1.52,3.77,-361.39,942,837
Ex 3 day 04,54,418,-0.0058,1.6944,1.3485,2.83,-293.04,980,756
Ex 3 day 04,54,419,-0.0058,2.0345,1.54,2.83,-351.86,905,831
Ex 3 day 04,54,420,-0.0058,1.9248,1.6094,2.83,-332.89,944,757
Ex 3 day 04,54,421,-0.0058,2.4212,1.7978,2.83,-418.75,913,764
Ex 3 day 04,54,422,-0.0058,1.6573,1.0376,3.77,-286.63,928,762
Ex 3 day 04,55,423,0.1082,2.3576,1.8855,2.83,21.78,790,793
Ex 3 day 04,55,424,0.1082,2.3315,1.8791,3.3,21.54,772,799
Ex 3 day 04,55,425,0.1082,2.7305,1.8431,2.83,25.23,776,760
Ex 3 day 04,55,426,0.1082,1.6761,1.3554,4.71,15.48,748,787
Ex 3 day 04,55,427,0.1082,1.4993,1.0567,4.24,13.85,766,789
Ex 3 day 04,56,428,0.1726,2.6093,2.1577,2.83,15.12,268,827
Ex 3 day 04,56,429,0.1726,2.5751,2.0998,2.83,14.92,286,821
Ex 3 day 04,56,430,0.1726,2.5704,2.178,2.83,14.89,283,786
Ex 3 day 04,56,431,0.1726,1.8526,1.4562,2.83,10.73,294,809
Ex 3 day 04,56,432,0.1726,1.9667,1.6358,2.83,11.39,280,803
Ex 3 day 04,57,433,0.2361,1.6841,1.5435,3.3,7.13,434,808
Ex 3 day 04,57,434,0.2361,2.6215,2.19,2.83,11.1,434,789
Ex 3 day 04,57,435,0.2361,1.917,1.3948,3.77,8.12,417,806
Ex 3 day 04,57,436,0.2361,2.2872,1.5932,2.83,9.69,434,798
Ex 3 day 04,57,437,0.2361,1.8818,1.6923,2.83,7.97,431,830
Ex 3 day 04,57,438,0.2361,2.7052,1.7264,3.77,11.46,409,818
Ex 3 day 04,57,439,0.2361,2.3534,1.9312,2.83,9.97,424,823
Ex 3 day 04,57,440,0.2361,2.1926,1.6587,2.83,9.29,411,834
Ex 3 day 04,57,441,0.2361,2.0964,1.7628,2.83,8.88,444,817
Ex 3 day 04,58,442,0.1479,3.6979,2.8406,2.83,25.0,584,836
Ex 3 day 04,58,443,0.1479,3.9645,3.1017,2.83,26.81,603,834
Ex 3 day 04,58,444,0.1479,2.7834,2.2247,2.83,18.82,614,848
Ex 3 day 04,58,445,0.1479,3.3408,2.607,2.83,22.59,607,860
Ex 3 day 04,58,446,0.1479,2.0309,1.4371,4.24,13.73,617,873
Ex 3 day 04,58,447,0.1479,2.4695,1.4033,3.3,16.7,624,852
Ex 3 day 04,58,448,0.1479,2.0534,1.7622,2.83,13.88,583,851
Ex 3 day 04,58,449,0.1479,2.1246,1.7612,2.83,14.37,633,838
Ex 3 day 04,58,450,0.1479,1.8323,1.437,2.83,12.39,593,865
Ex 3 day 04,58,451,0.1479,1.6743,1.1717,2.83,11.32,617,860
Ex 3 day 04,58,452,0.1479,2.0512,1.6315,2.83,13.87,629,862
Ex 3 day 04,58,453,0.1479,1.1339,1.1048,3.77,7.67,599,851
Ex 3 day 04,60,454,0.0733,3.191,2.2635,2.83,43.54,828,866
Ex 3 day 04,60,455,0.0733,1.8977,1.6397,2.83,25.9,852,885
Ex 3 day 04,60,456,0.0733,2.2826,1.8513,2.83,31.15,832,881
Ex 3 day 04,60,457,0.0733,2.4881,2.0113,2.83,33.95,839,885
Ex 3 day 04,60,458,0.0733,2.4528,2.0954,2.83,33.47,816,867
Ex 3 day 04,60,459,0.0733,1.3874,1.3538,2.83,18.93,825,878
Ex 3 day 04,60,460,0.0733,2.0003,1.576,2.83,27.3,815,852
Ex 3 day 04,60,461,0.0733,2.4292,2.064,2.83,33.15,869,862
Ex 3 day 04,60,462,0.0733,2.7234,2.2462,2.83,37.16,843,899
Ex 3 day 04,60,463,0.0733,2.1213,1.6028,2.83,28.95,813,881
Ex 3 day 04,60,464,0.0733,2.5198,2.0964,2.83,34.39,850,875
Ex 3 day 04,60,465,0.0733,2.8318,2.0518,2.83,38.64,859,842
Ex 3 day 04,60,466,0.0733,2.5263,1.9419,2.83,34.47,847,870
Ex 3 day 04,60,467,0.0733,2.0658,1.5482,2.83,28.19,862,877
Ex 3 day 04,60,468,0.0733,1.3222,1.2971,2.83,18.04,856,870
Ex 3 day 04,60,469,0.0733,1.7981,1.5021,2.83,24.54,826,902
Ex 3 day 04,60,470,0.0733,1.7881,1.2191,2.83,24.4,820,886
Ex 3 day 04,60,471,0.0733,1.5627,1.3496,2.83,21.32,863,859
Ex 3 day 04,60,472,0.0733,2.0441,1.3808,2.83,27.89,830,894
Ex 3 day 04,63,473,0.1025,2.5202,2.2398,2.83,24.6,1095,873
Ex 3 day 04,63,474,0.1025,2.6434,1.3991,5.19,25.8,1090,875
Ex 3 day 04,63,475,0.1025,2.2185,1.3452,4.24,21.65,1102,857
Ex 3 day 04,63,476,0.1025,1.4836,1.1012,2.83,14.48,1098,886
Ex 3 day 04,63,477,0.1025,1.8492,1.3856,3.3,18.05,1081,889
Ex 3 day 04,63,478,0.1025,2.3382,1.4605,2.83,22.82,1056,902
Ex 3 day 04,63,479,0.1025,2.3159,1.2041,5.66,22.6,1111,880
Ex 3 day 04,65,480,0.014,2.1845,1.7886,2.83,155.84,869,880
Ex 3 day 04,65,481,0.014,2.6297,2.2314,3.77,187.6,890,891
Ex 3 day 04,65,482,0.014,2.87,2.0086,2.83,204.74,881,904
Ex 3 day 04,65,483,0.014,2.8094,2.3147,2.83,200.42,893,905
Ex 3 day 04,65,484,0.014,2.1924,1.7709,2.83,156.41,903,859
Ex 3 day 04,65,485,0.014,2.5517,1.7883,3.3,182.04,905,891
Ex 3 day 04,65,486,0.014,2.3093,2.0588,2.83,164.74,896,934
Ex 3 day 04,65,487,0.014,1.5655,1.3176,2.83,111.68,919,863
Ex 3 day 04,65,488,0.014,2.1957,1.6663,2.83,156.64,893,927
Ex 3 day 04,65,489,0.014,1.968,1.4775,3.3,140.39,895,873
Ex 3 day 04,65,490,0.014,1.9061,1.5731,2.83,135.98,881,925
Ex 3 day 04,65,491,0.014,1.2856,0.9483,2.83,91.71,909,866
Ex 3 day 04,66,492,0.0574,2.5866,2.1013,2.83,45.04,1007,862
Ex 3 day 04,66,493,0.0574,2.3991,1.9298,3.77,41.78,1009,911
Ex 3 day 04,66,494,0.0574,2.5461,1.8121,3.77,44.34,989,889
Ex 3 day 04,66,495,0.0574,2.3394,1.5154,3.3,40.74,1026,903
Ex 3 day 04,66,496,0.0574,2.3317,2.0016,2.83,40.6,995,873
Ex 3 day 04,66,497,0.0574,1.8306,1.6044,2.83,31.88,1033,919
Ex 3 day 04,66,498,0.0574,2.1619,1.6373,2.83,37.65,984,897
Ex 3 day 04,66,499,0.0574,2.3822,1.8811,2.83,41.48,1025,872
Ex 3 day 04,66,500,0.0574,1.4108,0.9398,3.3,24.57,1009,873
Ex 3 day 04,66,501,0.0574,1.6808,1.0696,2.83,29.27,978,873
Ex 3 day 04,66,502,0.0574,1.6629,1.4303,2.83,28.96,1019,880
Ex 3 day 04,66,503,0.0574,2.2944,1.8525,2.83,39.96,1031,895
Ex 3 day 04,70,504,0.1603,2.8016,2.2747,2.83,17.48,1177,932
Ex 3 day 04,70,505,0.1603,2.4295,1.963,2.83,15.16,1147,956
Ex 3 day 04,70,506,0.1603,2.4996,1.9561,2.83,15.59,1153,924
Ex 3 day 04,70,507,0.1603,2.1712,1.7449,2.83,13.54,1180,965
Ex 3 day 04,70,508,0.1603,2.305,1.8811,2.83,14.38,1153,932
Ex 3 day 04,70,509,0.1603,2.4067,1.9302,2.83,15.01,1179,956
Ex 3 day 04,70,510,0.1603,2.2147,1.9147,2.83,13.82,1147,965
Ex 3 day 04,70,511,0.1603,2.544,1.8617,2.83,15.87,1167,934
Ex 3 day 04,70,512,0.1603,2.0355,1.5718,2.83,12.7,1166,928
Ex 3 day 04,70,513,0.1603,1.8618,1.3802,2.83,11.61,1185,910
Ex 3 day 04,70,514,0.1603,2.0502,1.7206,2.83,12.79,1164,956
Ex 3 day 04,70,515,0.1603,1.6982,1.3499,2.83,10.59,1171,965
Ex 3 day 04,70,516,0.1603,1.8777,1.5462,2.83,11.71,1156,965
Ex 3 day 04,70,517,0.1603,1.7677,1.3625,2.83,11.03,1163,965
Ex 3 day 04,70,518,0.1603,2.0576,1.8521,2.83,12.84,1175,918
Ex 3 day 04,70,519,0.1603,1.7564,1.3204,2.83,10.96,1156,956
Ex 3 day 04,70,520,0.1603,2.1236,1.7587,2.83,13.25,1176,899
Ex 3 day 04,70,521,0.1603,1.7824,1.286,2.83,11.12,1153,901
Ex 3 day 04,70,522,0.1603,2.0076,1.682,2.83,12.52,1182,898
Ex 3 day 04,70,523,0.1603,2.0199,1.689,2.83,12.6,1171,956
Ex 3 day 04,74,524,0.0429,4.8664,3.6052,2.83,113.52,912,1039
Ex 3 day 04,74,525,0.0429,3.8218,2.9516,2.83,89.15,893,1039
Ex 3 day 04,74,526,0.0429,3.3626,2.7511,2.83,78.44,882,1039
Ex 3 day 04,74,527,0.0429,3.1724,2.3529,2.83,74.0,936,1039
Ex 3 day 04,74,528,0.0429,3.208,1.8936,3.3,74.84,923,1039
Ex 3 day 04,74,529,0.0429,3.1415,2.1075,3.3,73.28,961,995
Ex 3 day 04,74,530,0.0429,2.7579,1.7883,4.24,64.34,1009,961
Ex 3 day 04,74,531,0.0429,3.1569,2.2802,2.83,73.64,937,994
Ex 3 day 04,74,532,0.0429,2.1912,1.6529,4.24,51.11,971,1004
Ex 3 day 04,74,533,0.0429,2.9437,2.0948,3.3,68.67,983,990
Ex 3 day 04,74,534,0.0429,2.4052,1.4803,3.3,56.11,969,969
Ex 3 day 04,74,535,0.0429,1.6955,1.4346,2.83,39.55,939,1030
Ex 3 day 04,74,536,0.0429,2.1789,1.8151,2.83,50.83,979,994
Ex 3 day 04,74,537,0.0429,1.0732,1.1369,3.77,25.04,994,932
Ex 3 day 04,74,538,0.0429,1.5077,1.3303,2.83,35.17,993,971
Ex 3 day 04,74,539,0.0429,2.1385,1.8614,2.83,49.89,990,1012
Ex 3 day 04,75,540,0.0337,3.3777,2.448,2.83,100.09,867,1039
Ex 3 day 04,75,541,0.0337,3.4402,2.7693,2.83,101.95,838,1028
Ex 3 day 04,75,542,0.0337,2.8055,2.3402,2.83,83.14,800,1019
Ex 3 day 04,75,543,0.0337,3.1308,2.4943,2.83,92.78,855,1039
Ex 3 day 04,75,544,0.0337,2.6243,1.9351,2.83,77.77,794,974
Ex 3 day 04,75,545,0.0337,1.4148,0.9498,5.19,41.93,764,981
Ex 3 day 04,75,546,0.0337,1.5205,1.2039,2.83,45.06,796,949
Ex 3 day 04,75,547,0.0337,2.1818,1.8194,2.83,64.66,847,979
Ex 3 day 04,75,548,0.0337,2.1045,1.5294,4.24,62.36,836,968
Ex 3 day 04,75,549,0.0337,2.3542,1.9431,2.83,69.76,804,961
Ex 3 day 04,75,550,0.0337,2.9093,2.3697,2.83,86.21,857,1007
Ex 3 day 04,75,551,0.0337,2.17,1.7146,2.83,64.3,827,1006
Ex 3 day 04,75,552,0.0337,2.2528,1.5879,2.83,66.76,858,984
Ex 3 day 04,75,553,0.0337,2.4252,1.9174,2.83,71.87,785,961
Ex 3 day 04,75,554,0.0337,1.5158,1.2091,3.3,44.92,815,981
Ex 3 day 04,75,555,0.0337,2.2024,1.583,2.83,65.27,854,1019
Ex 3 day 04,75,556,0.0337,2.372,1.9109,2.83,70.29,777,1005
Ex 3 day 04,75,557,0.0337,2.1631,1.4319,3.3,64.1,849,965
Ex 3 day 04,75,558,0.0337,1.7855,1.4063,3.77,52.91,829,995
Ex 3 day 04,75,559,0.0337,1.7638,1.3859,2.83,52.27,793,989
Ex 3 day 04,75,560,0.0337,1.7195,1.4071,2.83,50.96,815,961
Ex 3 day 04,75,561,0.0337,1.6831,1.4406,2.83,49.88,818,995
Ex 3 day 04,75,562,0.0337,2.6816,2.1389,2.83,79.47,842,1013
Ex 3 day 04,75,563,0.0337,1.958,1.5193,2.83,58.02,813,991
Ex 3 day 04,75,564,0.0337,1.7306,1.4188,2.83,51.28,826,1021
Ex 3 day 04,75,565,0.0337,1.7557,1.2847,3.77,52.03,824,980
Ex 3 day 04,75,566,0.0337,2.1197,1.6376,2.83,62.81,863,993
Ex 3 day 04,75,567,0.0337,2.2928,1.8446,2.83,67.94,781,989
Ex 3 day 04,75,568,0.0337,1.9322,1.2577,2.83,57.26,795,996
Ex 3 day 04,75,569,0.0337,2.1693,1.645,2.83,64.28,805,996
Ex 3 day 04,75,570,0.0337,1.9024,1.5401,2.83,56.37,859,1031
Ex 3 day 04,75,571,0.0337,1.3206,1.2222,2.83,39.13,774,969
Ex 3 day 04,75,572,0.0337,2.2456,1.7674,2.83,66.55,802,979
Ex 3 day 04,75,573,0.0337,2.2757,1.7476,2.83,67.44,848,991
Ex 3 day 04,75,574,0.0337,2.2738,1.5819,2.83,67.38,789,1024
Ex 3 day 04,75,575,0.0337,1.7672,1.0928,5.66,52.37,842,1007
Ex 3 day 04,75,576,0.0337,1.4826,1.1532,2.83,43.93,837,979
Ex 3 day 04,75,577,0.0337,1.9651,1.5005,2.83,58.23,785,979
Ex 3 day 04,76,578,0.0478,2.3096,1.7555,3.3,48.35,1374,1032
Ex 3 day 04,76,579,0.0478,3.0575,2.4881,2.83,64.01,1348,1039
Ex 3 day 04,76,580,0.0478,1.9827,1.676,2.83,41.51,1329,1034
Ex 3 day 04,76,581,0.0478,2.4818,2.019,2.83,51.96,1380,1012
Ex 3 day 04,76,582,0.0478,2.4941,2.1501,2.83,52.22,1352,991
Ex 3 day 04,76,583,0.0478,2.3483,1.6577,2.83,49.16,1355,1039
Ex 3 day 04,76,584,0.0478,1.7468,1.5153,2.83,36.57,1382,1026
Ex 3 day 04,76,585,0.0478,1.8369,1.5507,3.77,38.46,1334,996
Ex 3 day 04,76,586,0.0478,1.5299,1.244,2.83,32.03,1353,1028
Ex 3 day 04,76,587,0.0478,2.5422,2.0059,2.83,53.22,1357,999
Ex 3 day 04,76,588,0.0478,2.028,1.2334,2.83,42.46,1379,1039
Ex 3 day 04,76,589,0.0478,1.5955,1.0752,4.24,33.4,1335,1009
Ex 3 day 04,76,590,0.0478,1.9986,1.564,2.83,41.84,1365,1033
Ex 3 day 04,76,591,0.0478,1.3573,0.7635,2.83,28.42,1391,1007
Ex 3 day 04,76,592,0.0478,1.3385,0.9921,2.83,28.02,1357,1021
Ex 3 day 04,76,593,0.0478,1.6637,1.33,2.83,34.83,1318,1021
Ex 3 day 04,77,594,0.0723,3.0968,2.3362,3.77,42.81,716,996
Ex 3 day 04,77,595,0.0723,2.6854,1.9859,3.3,37.12,669,1004
Ex 3 day 04,77,596,0.0723,2.6586,2.0192,3.77,36.75,666,1039
Ex 3 day 04,77,597,0.0723,3.5365,2.7385,2.83,48.89,657,1008
Ex 3 day 04,77,598,0.0723,2.9014,1.8399,3.3,40.11,701,1039
Ex 3 day 04,77,599,0.0723,2.6493,1.6867,4.24,36.62,699,1017
Ex 3 day 04,77,600,0.0723,2.3249,1.9778,2.83,32.14,690,978
Ex 3 day 04,77,601,0.0723,2.1015,1.7191,2.83,29.05,743,1011
Ex 3 day 04,77,602,0.0723,2.3093,1.6981,3.3,31.92,681,1000
Ex 3 day 04,77,603,0.0723,2.6994,2.2451,2.83,37.32,716,1016
Ex 3 day 04,77,604,0.0723,1.9661,1.6103,2.83,27.18,723,984
Ex 3 day 04,77,605,0.0723,1.5765,1.2525,2.83,21.79,689,1027
Ex 3 day 04,77,606,0.0723,2.7527,2.132,2.83,38.05,710,982
Ex 3 day 04,77,607,0.0723,2.1653,1.8656,2.83,29.93,711,1034
Ex 3 day 04,77,608,0.0723,1.9128,1.5231,2.83,26.44,657,1026
Ex 3 day 04,77,609,0.0723,1.9915,1.5142,2.83,27.53,727,996
Ex 3 day 04,77,610,0.0723,2.5756,1.8514,2.83,35.61,715,1010
Ex 3 day 04,77,611,0.0723,1.7313,1.5391,2.83,23.93,672,1021
Ex 3 day 04,77,612,0.0723,1.925,1.4265,2.83,26.61,667,988
Ex 3 day 04,77,613,0.0723,1.9702,1.3923,2.83,27.24,707,1028
Ex 3 day 04,78,614,0.7709,1.3648,0.7693,3.3,1.77,1147,969
Ex 3 day 04,79,615,0.1024,4.6106,3.5508,2.83,45.01,395,1039
Ex 3 day 04,79,616,0.1024,2.3117,1.937,2.83,22.57,394,994
Ex 3 day 04,79,617,0.1024,2.8281,1.8757,3.3,27.61,419,1039
Ex 3 day 04,79,618,0.1024,2.8811,1.763,4.71,28.13,403,1012
Ex 3 day 04,79,619,0.1024,2.3069,1.3832,5.19,22.52,423,1015
Ex 3 day 04,79,620,0.1024,1.8948,1.424,2.83,18.5,429,1029
Ex 3 day 04,79,621,0.1024,2.8431,2.216,2.83,27.75,429,1000
Ex 3 day 04,79,622,0.1024,2.4504,2.1656,2.83,23.92,382,1033
Ex 3 day 04,79,623,0.1024,1.574,1.0667,2.83,15.37,407,1039
Ex 3 day 04,79,624,0.1024,1.5977,1.262,2.83,15.6,360,1016
Ex 3 day 04,79,625,0.1024,1.7474,1.3036,2.83,17.06,392,1027
Ex 3 day 04,79,626,0.1024,2.1723,1.8754,2.83,21.21,388,985
Ex 3 day 04,87,627,0.0432,3.6052,1.8733,4.24,83.55,1083,1039
Ex 3 day 04,87,628,0.0432,3.9406,2.9262,2.83,91.32,1110,1024
Ex 3 day 04,87,629,0.0432,3.0897,2.4791,2.83,71.6,1135,1022
Ex 3 day 04,87,630,0.0432,3.4496,2.2958,2.83,79.94,1133,1039
Ex 3 day 04,87,631,0.0432,3.304,2.1867,2.83,76.57,1103,1039
Ex 3 day 04,87,632,0.0432,2.7823,2.1956,2.83,64.48,1136,1006
Ex 3 day 04,87,633,0.0432,2.4475,1.7764,2.83,56.72,1090,1022
Ex 3 day 04,87,634,0.0432,1.7725,1.3363,3.3,41.08,1111,1039
Ex 3 day 04,87,635,0.0432,2.1793,1.7605,2.83,50.5,1095,1015
Ex 3 day 04,87,636,0.0432,2.4206,1.9471,2.83,56.1,1105,1003
Ex 3 day 04,87,637,0.0432,0.875,1.4453,5.66,20.28,1124,1039
Ex 3 day 04,87,638,0.0432,1.8239,1.4094,2.83,42.27,1150,1017
Ex 3 day 04,87,639,0.0432,2.0027,1.5405,2.83,46.41,1160,1025
Ex 3 day 04,87,640,0.0432,1.6771,1.2117,3.3,38.87,1132,999
Ex 3 day 04,87,641,0.0432,2.5218,1.9164,2.83,58.44,1102,1012
Ex 3 day 04,87,642,0.0432,1.424,0.9381,2.83,33.0,1125,1007
Ex 3 day 04,88,643,0.1912,4.6172,3.5707,2.83,24.15,335,1039
Ex 3 day 04,88,644,0.1912,3.3892,1.8348,4.24,17.73,318,1039
Ex 3 day 04,88,645,0.1912,3.2948,2.6457,2.83,17.23,319,1023
Ex 3 day 04,88,646,0.1912,2.7276,2.2043,2.83,14.27,319,1006
Ex 3 day 04,88,647,0.1912,2.3271,1.5961,2.83,12.17,352,1039
Ex 3 day 04,88,648,0.1912,2.538,2.0805,2.83,13.27,303,1014
Ex 3 day 05,1,1,0.1777,3.77,2.847,2.83,21.22,178,36
Ex 3 day 05,1,2,0.1777,2.0753,1.7185,2.83,11.68,179,23
Ex 3 day 05,1,3,0.1777,2.6113,2.1653,2.83,14.7,191,9
Ex 3 day 05,1,4,0.1777,2.599,2.2378,2.83,14.63,159,29
Ex 3 day 05,1,5,0.1777,2.0656,1.782,2.83,11.63,195,20
Ex 3 day 05,1,6,0.1777,2.7415,2.2239,2.83,15.43,181,11
Ex 3 day 05,1,7,0.1777,2.0136,1.624,2.83,11.33,167,30
Ex 3 day 05,1,8,0.1777,2.4503,2.0718,2.83,13.79,185,55
Ex 3 day 05,1,9,0.1777,1.7608,1.1986,3.3,9.91,204,29
Ex 3 day 05,2,10,0.1257,3.183,2.6282,2.83,25.32,861,14
Ex 3 day 05,2,11,0.1257,2.4214,1.9084,2.83,19.26,840,5
Ex 3 day 05,2,12,0.1257,2.0912,1.8551,2.83,16.63,866,0
Ex 3 day 05,2,13,0.1257,1.087,0.9426,3.77,8.65,852,0
Ex 3 day 05,2,14,0.1257,2.0124,1.5275,2.83,16.01,858,29
Ex 3 day 05,2,15,0.1257,1.8303,1.5715,2.83,14.56,867,34
Ex 3 day 05,2,16,0.1257,2.1178,1.6795,2.83,16.85,844,37
Ex 3 day 05,2,17,0.1257,1.9403,1.3944,2.83,15.43,873,8
Ex 3 day 05,2,18,0.1257,2.1862,1.2906,3.3,17.39,872,26
Ex 3 day 05,2,19,0.1257,2.1027,1.7524,2.83,16.73,865,52
Ex 3 day 05,3,20,0.1316,3.1474,2.4981,2.83,23.92,353,57
Ex 3 day 05,3,21,0.1316,2.403,2.0587,2.83,18.26,335,59
Ex 3 day 05,3,22,0.1316,2.6771,2.2195,2.83,20.35,317,34
Ex 3 day 05,3,23,0.1316,2.5181,2.042,2.83,19.14,350,36
Ex 3 day 05,3,24,0.1316,2.4612,2.0545,2.83,18.71,350,26
Ex 3 day 05,3,25,0.1316,2.1282,1.8208,2.83,16.18,368,66
Ex 3 day 05,3,26,0.1316,2.2509,1.3898,2.83,17.11,346,50
Ex 3 day 05,3,27,0.1316,1.4249,1.1402,2.83,10.83,308,48
Ex 3 day 05,3,28,0.1316,1.8965,1.4314,2.83,14.42,354,45
Ex 3 day 05,3,29,0.1316,1.6847,1.499,2.83,12.8,341,57
Ex 3 day 05,3,30,0.1316,2.1963,1.4108,4.24,16.69,327,44
Ex 3 day 05,3,31,0.1316,2.5124,2.1327,2.83,19.1,345,72
Ex 3 day 05,3,32,0.1316,2.0438,1.6247,2.83,15.53,316,59
Ex 3 day 05,3,33,0.1316,1.8546,1.7941,2.83,14.1,330,64
Ex 3 day 05,3,34,0.1316,1.7179,1.3821,3.77,13.06,339,23
Ex 3 day 05,3,35,0.1316,2.033,1.6483,2.83,15.45,365,59
Ex 3 day 05,4,36,0.1874,3.1764,2.675,2.83,16.95,263,40
Ex 3 day 05,4,37,0.1874,2.7494,2.1005,2.83,14.67,259,46
Ex 3 day 05,4,38,0.1874,3.0884,2.6764,2.83,16.48,274,62
Ex 3 day 05,4,39,0.1874,2.4539,2.0079,2.83,13.09,253,54
Ex 3 day 05,4,40,0.1874,2.5269,2.0167,2.83,13.48,262,62
Ex 3 day 05,4,41,0.1874,2.1473,1.5827,2.83,11.46,275,43
Ex 3 day 05,4,42,0.1874,2.2357,1.9041,2.83,11.93,265,21
Ex 3 day 05,4,43,0.1874,1.9094,1.3767,2.83,10.19,273,36
Ex 3 day 05,5,44,0.1684,2.6627,1.8989,3.3,15.81,1173,62
Ex 3 day 05,5,45,0.1684,3.3682,2.8439,2.83,20.0,1151,55
Ex 3 day 05,5,46,0.1684,2.9363,1.9548,2.83,17.44,1166,44
Ex 3 day 05,5,47,0.1684,2.7897,2.4286,2.83,16.57,1123,59
Ex 3 day 05,5,48,0.1684,2.5788,1.6737,2.83,15.32,1128,86
Ex 3 day 05,5,49,0.1684,2.8982,2.2855,2.83,17.21,1142,31
Ex 3 day 05,5,50,0.1684,1.8251,1.476,2.83,10.84,1130,34
Ex 3 day 05,5,51,0.1684,1.8612,1.5186,2.83,11.05,1141,45
Ex 3 day 05,5,52,0.1684,2.9469,1.9022,2.83,17.5,1135,46
Ex 3 day 05,5,53,0.1684,2.4241,1.8312,3.77,14.4,1155,23
Ex 3 day 05,5,54,0.1684,1.8595,1.4971,2.83,11.04,1139,58
Ex 3 day 05,5,55,0.1684,2.1208,1.8328,2.83,12.6,1115,37
Ex 3 day 05,5,56,0.1684,1.4912,1.2209,2.83,8.86,1176,87
Ex 3 day 05,5,57,0.1684,1.6527,1.3003,2.83,9.82,1134,79
Ex 3 day 05,5,58,0.1684,1.8654,1.4794,3.3,11.08,1119,49
Ex 3 day 05,6,59,0.1132,3.1026,2.3299,3.3,27.4,680,53
Ex 3 day 05,6,60,0.1132,3.2037,1.7121,4.24,28.29,666,70
Ex 3 day 05,6,61,0.1132,2.5878,2.2111,2.83,22.85,667,106
Ex 3 day 05,6,62,0.1132,2.1186,1.5575,3.77,18.71,683,77
Ex 3 day 05,6,63,0.1132,1.7998,1.3173,5.66,15.89,674,88
Ex 3 day 05,6,64,0.1132,2.042,1.6559,2.83,18.03,666,26
Ex 3 day 05,7,65,0.2111,1.9639,1.4891,5.66,9.3,567,64
Ex 3 day 05,7,66,0.2111,1.9814,1.214,5.19,9.39,561,91
Ex 3 day 05,8,67,0.1228,3.4184,2.8615,2.83,27.84,417,112
Ex 3 day 05,8,68,0.1228,3.0052,2.1556,3.3,24.48,403,105
Ex 3 day 05,8,69,0.1228,2.8629,2.1618,3.3,23.32,417,133
Ex 3 day 05,8,70,0.1228,2.6022,2.2568,2.83,21.19,397,93
Ex 3 day 05,8,71,0.1228,2.2042,1.9318,2.83,17.95,403,77
Ex 3 day 05,8,72,0.1228,1.6334,1.5398,2.83,13.3,426,98
Ex 3 day 05,9,73,0.0775,2.8342,2.4046,2.83,36.59,495,126
Ex 3 day 05,9,74,0.0775,2.4557,2.0585,2.83,31.7,490,85
Ex 3 day 05,9,75,0.0775,1.937,1.5794,2.83,25.01,506,103
Ex 3 day 05,9,76,0.0775,2.2254,1.7686,4.71,28.73,530,131
Ex 3 day 05,9,77,0.0775,2.1706,1.7479,2.83,28.02,507,146
Ex 3 day 05,9,78,0.0775,2.0455,1.4616,2.83,26.41,486,122
Ex 3 day 05,9,79,0.0775,2.4833,1.8853,2.83,32.06,531,103
Ex 3 day 05,9,80,0.0775,2.3105,1.5748,2.83,29.83,514,116
Ex 3 day 05,9,81,0.0775,1.2341,1.0847,2.83,15.93,535,110
Ex 3 day 05,9,82,0.0775,2.3582,1.9797,2.83,30.44,483,102
Ex 3 day 05,9,83,0.0775,1.8555,1.4967,2.83,23.95,514,122
Ex 3 day 05,9,84,0.0775,1.9885,1.3218,2.83,25.67,526,116
Ex 3 day 05,9,85,0.0775,2.2126,1.6899,2.83,28.56,481,116
Ex 3 day 05,10,86,0.1772,3.0177,2.1084,3.3,17.03,963,111
Ex 3 day 05,10,87,0.1772,2.6143,2.1355,2.83,14.76,987,135
Ex 3 day 05,10,88,0.1772,2.0889,1.5237,3.3,11.79,991,130
Ex 3 day 05,10,89,0.1772,2.9589,2.4321,2.83,16.7,1000,146
Ex 3 day 05,10,90,0.1772,2.1945,1.5659,3.3,12.39,973,128
Ex 3 day 05,11,91,0.1528,3.621,3.1693,2.83,23.69,893,154
Ex 3 day 05,11,92,0.1528,2.5543,1.8354,3.3,16.71,885,135
Ex 3 day 05,12,93,0.2279,3.2165,2.8357,2.83,14.11,1155,200
Ex 3 day 05,12,94,0.2279,2.2962,1.9298,2.83,10.08,1154,166
Ex 3 day 05,12,95,0.2279,1.7786,1.2186,5.19,7.8,1153,184
Ex 3 day 05,12,96,0.2279,2.4878,2.0247,2.83,10.92,1139,154
Ex 3 day 05,13,97,0.1903,4.1794,2.9408,3.3,21.97,95,194
Ex 3 day 05,13,98,0.1903,2.6405,1.8155,3.3,13.88,130,213
Ex 3 day 05,13,99,0.1903,3.0264,2.3259,2.83,15.91,112,172
Ex 3 day 05,13,100,0.1903,2.5391,1.8333,3.3,13.35,97,212
Ex 3 day 05,13,101,0.1903,2.8993,2.5136,2.83,15.24,116,218
Ex 3 day 05,13,102,0.1903,2.3625,1.9989,2.83,12.42,111,199
Ex 3 day 05,13,103,0.1903,2.4909,1.9095,2.83,13.09,109,162
Ex 3 day 05,14,104,0.1305,2.8262,2.4839,2.83,21.66,869,187
Ex 3 day 05,14,105,0.1305,3.2557,2.5208,2.83,24.95,866,180
Ex 3 day 05,14,106,0.1305,2.8113,1.9591,3.3,21.55,885,205
Ex 3 day 05,14,107,0.1305,2.6908,2.2541,2.83,20.62,848,150
Ex 3 day 05,14,108,0.1305,1.644,1.4279,3.3,12.6,835,174
Ex 3 day 05,14,109,0.1305,1.8677,1.5094,2.83,14.32,857,193
Ex 3 day 05,14,110,0.1305,2.129,1.7343,2.83,16.32,855,164
Ex 3 day 05,14,111,0.1305,2.1079,1.8083,2.83,16.16,855,206
Ex 3 day 05,15,112,0.218,3.3981,2.9724,2.83,15.59,621,216
Ex 3 day 05,15,113,0.218,2.1341,1.8333,2.83,9.79,611,221
Ex 3 day 05,16,114,0.1889,2.3103,1.8915,2.83,12.23,172,223
Ex 3 day 05,16,115,0.1889,2.2324,2.0035,2.83,11.82,165,229
Ex 3 day 05,16,116,0.1889,1.866,1.181,3.3,9.88,163,254
Ex 3 day 05,16,117,0.1889,1.9024,1.4501,3.3,10.07,172,212
Ex 3 day 05,17,118,0.1803,3.0902,2.4588,2.83,17.14,221,230
Ex 3 day 05,17,119,0.1803,2.7685,2.4272,2.83,15.36,230,253
Ex 3 day 05,17,120,0.1803,2.6815,2.1994,2.83,14.87,223,248
Ex 3 day 05,17,121,0.1803,2.7205,2.3366,2.83,15.09,207,287
Ex 3 day 05,17,122,0.1803,2.4846,2.0684,2.83,13.78,246,220
Ex 3 day 05,17,123,0.1803,2.5416,1.7907,2.83,14.1,229,270
Ex 3 day 05,18,124,0.2011,2.9214,2.4625,2.83,14.52,312,252
Ex 3 day 05,18,125,0.2011,3.1061,2.3342,2.83,15.44,306,270
Ex 3 day 05,18,126,0.2011,2.1958,1.74,2.83,10.92,302,289
Ex 3 day 05,18,127,0.2011,2.0777,1.8423,2.83,10.33,338,285
Ex 3 day 05,18,128,0.2011,2.1279,1.5464,2.83,10.58,328,302
Ex 3 day 05,18,129,0.2011,2.0326,1.6844,2.83,10.11,305,277
Ex 3 day 05,18,130,0.2011,2.0936,1.8653,2.83,10.41,318,282
Ex 3 day 05,19,131,0.1844,3.5668,2.4872,3.3,19.34,1180,296
Ex 3 day 05,19,132,0.1844,2.8541,2.1285,3.77,15.48,1205,304
Ex 3 day 05,19,133,0.1844,2.6987,1.9354,3.3,14.63,1197,270
Ex 3 day 05,19,134,0.1844,2.8379,2.1666,3.77,15.39,1211,276
Ex 3 day 05,20,135,0.1061,3.1122,2.6402,2.83,29.33,474,310
Ex 3 day 05,20,136,0.1061,2.6511,2.1886,2.83,24.99,521,344
Ex 3 day 05,20,137,0.1061,2.409,1.8705,2.83,22.7,492,294
Ex 3 day 05,20,138,0.1061,2.1758,1.2801,4.71,20.51,492,308
Ex 3 day 05,20,139,0.1061,2.5666,2.1612,2.83,24.19,502,325
Ex 3 day 05,20,140,0.1061,2.1644,1.5769,2.83,20.4,481,314
Ex 3 day 05,20,141,0.1061,2.4926,1.9075,2.83,23.49,522,309
Ex 3 day 05,20,142,0.1061,2.8948,2.2067,2.83,27.28,479,326
Ex 3 day 05,20,143,0.1061,1.991,1.5901,2.83,18.77,515,325
Ex 3 day 05,20,144,0.1061,2.4404,1.8136,2.83,23.0,450,312
Ex 3 day 05,20,145,0.1061,1.9361,1.5167,2.83,18.25,458,291
Ex 3 day 05,20,146,0.1061,2.1395,1.3776,2.83,20.16,498,282
Ex 3 day 05,20,147,0.1061,1.9425,1.6398,2.83,18.31,477,297
Ex 3 day 05,20,148,0.1061,2.1013,1.6151,2.83,19.8,479,360
Ex 3 day 05,21,149,0.2095,3.0342,2.268,3.3,14.48,1105,276
Ex 3 day 05,21,150,0.2095,2.6795,2.3651,2.83,12.79,1099,315
Ex 3 day 05,21,151,0.2095,1.5023,1.2335,5.19,7.17,1103,299
Ex 3 day 05,21,152,0.2095,1.9196,1.6097,3.77,9.16,1118,309
Ex 3 day 05,21,153,0.2095,1.7217,1.4904,2.83,8.22,1084,279
Ex 3 day 05,22,154,0.165,2.9382,2.1885,2.83,17.8,571,320
Ex 3 day 05,22,155,0.165,2.8384,2.4062,2.83,17.2,587,305
Ex 3 day 05,22,156,0.165,2.406,1.8856,2.83,14.58,560,281
Ex 3 day 05,22,157,0.165,1.9865,1.5639,2.83,12.04,586,316
Ex 3 day 05,22,158,0.165,1.7492,1.3888,2.83,10.6,565,303
Ex 3 day 05,22,159,0.165,1.8951,1.2486,2.83,11.48,578,320
Ex 3 day 05,22,160,0.165,2.0599,1.5827,2.83,12.48,568,294
Ex 3 day 05,22,161,0.165,2.3955,1.9179,2.83,14.51,573,294
Ex 3 day 05,22,162,0.165,2.0406,1.4586,2.83,12.36,592,294
Ex 3 day 05,22,163,0.165,2.0399,1.7313,2.83,12.36,579,288
Ex 3 day 05,22,164,0.165,2.3029,1.455,4.24,13.95,577,336
Ex 3 day 05,22,165,0.165,1.4097,0.9529,3.3,8.54,573,309
Ex 3 day 05,22,166,0.165,2.1172,1.2132,5.66,12.83,597,330
Ex 3 day 05,24,167,0.0621,2.2982,1.6406,3.3,37.02,727,315
Ex 3 day 05,24,168,0.0621,1.6577,1.2645,5.19,26.7,717,359
Ex 3 day 05,24,169,0.0621,2.1496,1.4994,4.71,34.63,713,342
Ex 3 day 05,24,170,0.0621,2.1761,1.685,2.83,35.05,717,321
Ex 3 day 05,24,171,0.0621,2.341,1.8142,2.83,37.71,688,363
Ex 3 day 05,24,172,0.0621,2.229,1.8532,2.83,35.91,692,353
Ex 3 day 05,24,173,0.0621,2.0025,1.6534,2.83,32.26,703,380
Ex 3 day 05,24,174,0.0621,1.27,0.9056,2.83,20.46,697,363
Ex 3 day 05,25,175,0.1786,2.5864,1.9089,3.3,14.48,1004,323
Ex 3 day 05,25,176,0.1786,2.8381,2.5008,2.83,15.89,1024,347
Ex 3 day 05,25,177,0.1786,2.34,2.024,2.83,13.1,1052,327
Ex 3 day 05,25,178,0.1786,2.556,1.5428,4.24,14.31,1033,369
Ex 3 day 05,26,179,0.2639,2.7633,2.3905,2.83,10.47,114,337
Ex 3 day 05,26,180,0.2639,1.7462,1.3565,2.83,6.62,120,349
Ex 3 day 05,26,181,0.2639,1.8623,1.5191,2.83,7.06,114,368
Ex 3 day 05,28,182,0.0927,2.8728,1.7581,4.24,30.98,753,382
Ex 3 day 05,28,183,0.0927,2.299,1.7674,2.83,24.79,719,416
Ex 3 day 05,28,184,0.0927,2.2078,1.9762,2.83,23.81,729,383
Ex 3 day 05,28,185,0.0927,2.1727,1.6761,3.3,23.43,766,407
Ex 3 day 05,28,186,0.0927,2.2041,1.7823,2.83,23.77,724,396
Ex 3 day 05,28,187,0.0927,2.1547,1.9086,2.83,23.24,777,409
Ex 3 day 05,28,188,0.0927,1.9775,1.6609,2.83,21.33,765,382
Ex 3 day 05,28,189,0.0927,1.7212,1.4014,3.77,18.56,754,353
Ex 3 day 05,28,190,0.0927,1.4262,1.0808,5.19,15.38,763,340
Ex 3 day 05,29,191,0.1061,2.6274,1.9816,3.3,24.75,1335,438
Ex 3 day 05,29,192,0.1061,2.5819,1.8092,3.3,24.33,1348,451
Ex 3 day 05,29,193,0.1061,2.3474,2.0711,2.83,22.12,1337,484
Ex 3 day 05,29,194,0.1061,2.4919,2.1733,2.83,23.48,1352,490
Ex 3 day 05,29,195,0.1061,2.3155,1.6889,3.77,21.82,1324,446
Ex 3 day 05,29,196,0.1061,2.6417,2.0167,2.83,24.89,1367,466
Ex 3 day 05,29,197,0.1061,2.2109,1.5429,4.24,20.83,1323,463
Ex 3 day 05,29,198,0.1061,2.3564,1.8702,2.83,22.2,1336,453
Ex 3 day 05,29,199,0.1061,2.3867,1.4022,4.71,22.49,1381,456
Ex 3 day 05,29,200,0.1061,2.1636,1.6069,2.83,20.39,1336,460
Ex 3 day 05,29,201,0.1061,1.8049,1.3756,2.83,17.0,1362,440
Ex 3 day 05,29,202,0.1061,1.4825,1.1297,2.83,13.97,1343,479
Ex 3 day 05,29,203,0.1061,1.975,1.7329,2.83,18.61,1372,443
Ex 3 day 05,29,204,0.1061,1.9961,1.4489,3.77,18.81,1353,479
Ex 3 day 05,29,205,0.1061,1.9327,1.5164,2.83,18.21,1340,466
Ex 3 day 05,30,206,0.1819,3.1024,2.7055,2.83,17.05,396,448
Ex 3 day 05,30,207,0.1819,2.3932,2.0803,2.83,13.16,389,457
Ex 3 day 05,30,208,0.1819,2.6278,2.168,2.83,14.45,379,446
Ex 3 day 05,30,209,0.1819,2.6127,2.0055,2.83,14.36,383,460
Ex 3 day 05,30,210,0.1819,2.1678,1.8106,2.83,11.92,403,463
Ex 3 day 05,30,211,0.1819,2.1384,1.7061,2.83,11.75,402,481
Ex 3 day 05,31,212,0.1178,3.5953,2.9846,2.83,30.53,697,479
Ex 3 day 05,31,213,0.1178,3.1784,2.1421,3.3,26.99,672,478
Ex 3 day 05,31,214,0.1178,2.9349,2.5825,2.83,24.92,696,466
Ex 3 day 05,31,215,0.1178,2.7165,1.6278,4.71,23.07,723,508
Ex 3 day 05,31,216,0.1178,1.9805,1.6578,3.77,16.82,702,509
Ex 3 day 05,31,217,0.1178,1.8424,1.3363,3.3,15.64,708,498
Ex 3 day 05,31,218,0.1178,2.1286,1.6976,3.77,18.07,706,462
Ex 3 day 05,31,219,0.1178,1.932,1.6791,2.83,16.41,690,482
Ex 3 day 05,31,220,0.1178,2.1593,1.8939,2.83,18.34,684,495
Ex 3 day 05,31,221,0.1178,2.3312,1.9547,2.83,19.8,709,477
Ex 3 day 05,31,222,0.1178,1.6148,1.2547,2.83,13.71,681,485
Ex 3 day 05,31,223,0.1178,2.098,1.8422,2.83,17.81,712,490
Ex 3 day 05,32,224,0.1743,2.6753,1.955,4.71,15.35,940,475
Ex 3 day 05,33,225,0.2032,2.6051,2.0241,2.83,12.82,1162,474
Ex 3 day 05,33,226,0.2032,2.1719,1.8642,2.83,10.69,1157,485
Ex 3 day 05,33,227,0.2032,2.2707,1.9886,2.83,11.17,1142,494
Ex 3 day 05,34,228,0.2391,2.3357,1.6322,3.77,9.77,239,526
Ex 3 day 05,35,229,0.189,2.7955,2.2582,2.83,14.79,11,542
Ex 3 day 05,35,230,0.189,3.3244,1.933,2.83,17.59,0,568
Ex 3 day 05,35,231,0.189,2.7139,2.3534,2.83,14.36,20,527
Ex 3 day 05,35,232,0.189,2.2741,1.7803,2.83,12.03,0,556
Ex 3 day 05,35,233,0.189,2.0731,1.6051,2.83,10.97,0,535
Ex 3 day 05,36,234,0.0681,3.9458,3.3926,2.83,57.95,746,573
Ex 3 day 05,36,235,0.0681,2.8437,2.5919,2.83,41.77,744,590
Ex 3 day 05,36,236,0.0681,2.9655,2.1121,3.3,43.56,719,588
Ex 3 day 05,37,237,0.205,2.1673,1.9397,2.83,10.57,960,588
Ex 3 day 05,37,238,0.205,2.3388,1.8135,3.77,11.41,943,567
Ex 3 day 05,37,239,0.205,2.5456,1.7299,2.83,12.41,971,562
Ex 3 day 05,37,240,0.205,2.2447,1.8139,2.83,10.95,924,569
Ex 3 day 05,37,241,0.205,1.8741,1.56,2.83,9.14,956,579
Ex 3 day 05,37,242,0.205,2.3508,2.0208,2.83,11.46,971,588
Ex 3 day 05,37,243,0.205,1.6615,1.3296,2.83,8.1,937,595
Ex 3 day 05,38,244,0.1798,2.5179,2.0396,2.83,14.0,517,596
Ex 3 day 05,38,245,0.1798,2.6017,2.184,2.83,14.47,527,579
Ex 3 day 05,38,246,0.1798,2.1354,1.8765,2.83,11.88,545,610
Ex 3 day 05,38,247,0.1798,2.4704,2.1781,2.83,13.74,563,595
Ex 3 day 05,39,248,0.2124,2.9047,2.1868,4.71,13.67,1134,602
Ex 3 day 05,39,249,0.2124,2.6333,2.2961,2.83,12.4,1141,577
Ex 3 day 05,39,250,0.2124,2.5956,1.8421,3.3,12.22,1150,614
Ex 3 day 05,39,251,0.2124,2.4142,1.8069,3.77,11.37,1153,598
Ex 3 day 05,40,252,0.2303,3.3116,2.0803,4.24,14.38,385,608
Ex 3 day 05,40,253,0.2303,2.1655,1.6799,4.71,9.4,402,609
Ex 3 day 05,40,254,0.2303,2.3563,1.8285,3.3,10.23,358,629
Ex 3 day 05,40,255,0.2303,2.1361,1.6416,3.3,9.27,396,628
Ex 3 day 05,41,256,0.1842,3.088,2.4867,2.83,16.76,75,622
Ex 3 day 05,41,257,0.1842,2.568,1.9409,3.3,13.94,30,623
Ex 3 day 05,41,258,0.1842,2.7731,1.9407,3.3,15.06,61,631
Ex 3 day 05,41,259,0.1842,1.9283,1.6085,2.83,10.47,74,635
Ex 3 day 05,41,260,0.1842,1.6725,1.2562,2.83,9.08,80,610
Ex 3 day 05,41,261,0.1842,2.2588,1.6254,2.83,12.26,44,633
Ex 3 day 05,41,262,0.1842,1.7622,1.3712,2.83,9.57,48,622
Ex 3 day 05,41,263,0.1842,1.9709,1.4808,2.83,10.7,58,650
Ex 3 day 05,41,264,0.1842,2.0941,1.7287,2.83,11.37,71,645
Ex 3 day 05,41,265,0.1842,1.8307,1.4753,2.83,9.94,33,608
Ex 3 day 05,41,266,0.1842,1.5367,1.2938,2.83,8.34,50,612
Ex 3 day 05,42,267,0.1742,3.9335,3.4275,2.83,22.57,973,712
Ex 3 day 05,42,268,0.1742,2.2767,1.7703,2.83,13.07,960,705
Ex 3 day 05,42,269,0.1742,2.102,1.6144,3.3,12.06,953,715
Ex 3 day 05,42,270,0.1742,2.6755,2.3802,2.83,15.35,941,675
Ex 3 day 05,42,271,0.1742,2.4176,2.0291,2.83,13.87,929,687
Ex 3 day 05,42,272,0.1742,2.2342,1.9051,2.83,12.82,969,684
Ex 3 day 05,42,273,0.1742,2.1189,1.852,2.83,12.16,936,709
Ex 3 day 05,43,274,0.2153,2.9028,2.449,2.83,13.48,819,704
Ex 3 day 05,43,275,0.2153,2.9534,2.5261,2.83,13.72,830,685
Ex 3 day 05,43,276,0.2153,2.3632,2.0548,2.83,10.98,831,730
Ex 3 day 05,43,277,0.2153,1.7062,1.3649,4.24,7.93,838,701
Ex 3 day 05,43,278,0.2153,1.7977,1.425,4.71,8.35,856,724
Ex 3 day 05,43,279,0.2153,1.2361,1.0644,2.83,5.74,846,719
Ex 3 day 05,44,280,0.2207,3.3203,2.6858,2.83,15.04,329,735
Ex 3 day 05,44,281,0.2207,3.2232,2.3019,2.83,14.6,328,700
Ex 3 day 05,44,282,0.2207,1.9196,1.4267,3.3,8.7,321,688
Ex 3 day 05,44,283,0.2207,2.3978,1.9977,2.83,10.86,334,684
Ex 3 day 05,44,284,0.2207,2.0468,1.7204,2.83,9.27,315,697
Ex 3 day 05,44,285,0.2207,1.7923,1.4632,2.83,8.12,333,715
Ex 3 day 05,44,286,0.2207,2.5432,1.5396,4.24,11.52,345,714
Ex 3 day 05,44,287,0.2207,2.2956,1.7644,2.83,10.4,315,722
Ex 3 day 05,44,288,0.2207,1.8389,1.4091,2.83,8.33,338,690
Ex 3 day 05,44,289,0.2207,1.9709,1.6847,2.83,8.93,312,683
Ex 3 day 05,44,290,0.2207,1.0851,1.1324,6.13,4.92,321,720
Ex 3 day 05,45,291,0.1514,3.3435,2.3311,2.83,22.08,669,754
Ex 3 day 05,45,292,0.1514,2.7177,2.3305,2.83,17.95,656,751
Ex 3 day 05,45,293,0.1514,3.49,2.7668,2.83,23.05,628,697
Ex 3 day 05,45,294,0.1514,2.9011,2.5218,2.83,19.16,611,711
Ex 3 day 05,45,295,0.1514,2.4301,1.8777,2.83,16.05,598,715
Ex 3 day 05,45,296,0.1514,1.7771,1.4728,2.83,11.73,621,721
Ex 3 day 05,45,297,0.1514,2.6832,1.8764,2.83,17.72,619,730
Ex 3 day 05,45,298,0.1514,2.4012,2.0476,2.83,15.86,628,744
Ex 3 day 05,45,299,0.1514,1.9773,1.5224,3.3,13.06,661,768
Ex 3 day 05,45,300,0.1514,2.225,1.8418,2.83,14.69,627,689
Ex 3 day 05,45,301,0.1514,1.8252,1.4827,2.83,12.05,633,712
Ex 3 day 05,45,302,0.1514,1.7386,1.4561,3.77,11.48,638,761
Ex 3 day 05,45,303,0.1514,2.1014,1.5096,3.3,13.88,637,726
Ex 3 day 05,45,304,0.1514,2.0322,1.5895,2.83,13.42,657,712
Ex 3 day 05,46,305,0.2019,2.5217,2.1903,2.83,12.49,776,708
Ex 3 day 05,46,306,0.2019,2.7623,2.4465,2.83,13.68,736,737
Ex 3 day 05,46,307,0.2019,2.5679,2.2466,2.83,12.72,759,739
Ex 3 day 05,46,308,0.2019,2.4334,2.0496,2.83,12.05,766,740
Ex 3 day 05,46,309,0.2019,2.3071,1.9185,2.83,11.43,729,716
Ex 3 day 05,46,310,0.2019,2.1352,1.6228,4.71,10.58,777,727
Ex 3 day 05,47,311,0.2032,2.919,2.4283,2.83,14.37,81,731
Ex 3 day 05,47,312,0.2032,2.2259,1.8358,2.83,10.95,112,741
Ex 3 day 05,48,313,0.1741,2.8604,2.5148,2.83,16.43,80,813
Ex 3 day 05,48,314,0.1741,0.7485,0.545,2.83,4.3,65,855
Ex 3 day 05,48,315,0.1741,2.77,2.318,2.83,15.91,44,827
Ex 3 day 05,48,316,0.1741,2.4208,2.0381,2.83,13.91,63,827
Ex 3 day 05,48,317,0.1741,1.9827,1.6586,2.83,11.39,57,823
Ex 3 day 05,49,318,0.1675,3.6657,2.4812,3.3,21.89,1108,840
Ex 3 day 05,49,319,0.1675,3.481,2.6588,3.77,20.79,1091,846
Ex 3 day 05,49,320,0.1675,3.0331,2.666,2.83,18.11,1127,846
Ex 3 day 05,49,321,0.1675,2.7558,2.2941,2.83,16.46,1135,828
Ex 3 day 05,49,322,0.1675,2.533,1.8409,3.3,15.13,1098,819
Ex 3 day 05,49,323,0.1675,2.5636,1.8197,3.3,15.31,1111,854
Ex 3 day 05,49,324,0.1675,2.4695,2.1052,2.83,14.75,1121,788
Ex 3 day 05,49,325,0.1675,2.2455,1.1797,5.66,13.41,1123,806
Ex 3 day 05,49,326,0.1675,2.1756,1.4976,3.3,12.99,1110,871
Ex 3 day 05,49,327,0.1675,1.6324,1.1274,3.3,9.75,1119,827
Ex 3 day 05,50,328,0.2339,3.5304,3.0526,2.83,15.1,295,829
Ex 3 day 05,50,329,0.2339,3.4307,2.8155,2.83,14.67,262,812
Ex 3 day 05,50,330,0.2339,2.6784,2.3324,2.83,11.45,271,847
Ex 3 day 05,50,331,0.2339,2.1291,1.6045,3.3,9.1,289,843
Ex 3 day 05,51,332,0.2166,2.6522,2.1047,3.3,12.24,440,845
Ex 3 day 05,51,333,0.2166,2.8401,2.3914,2.83,13.11,413,815
Ex 3 day 05,51,334,0.2166,1.9897,1.5068,3.3,9.19,429,835
Ex 3 day 05,51,335,0.2166,2.7599,2.3267,2.83,12.74,433,817
Ex 3 day 05,51,336,0.2166,2.0107,1.4469,3.3,9.28,400,836
Ex 3 day 05,51,337,0.2166,2.2821,1.5584,2.83,10.54,410,834
Ex 3 day 05,51,338,0.2166,2.0044,1.6126,2.83,9.25,426,815
Ex 3 day 05,53,339,0.2716,2.725,2.1158,3.3,10.03,573,843
Ex 3 day 05,53,340,0.2716,1.646,1.4259,4.24,6.06,581,856
Ex 3 day 05,53,341,0.2716,1.54,1.4283,2.83,5.67,562,836
Ex 3 day 05,53,342,0.2716,2.4574,2.0493,2.83,9.05,597,847
Ex 3 day 05,53,343,0.2716,1.9738,1.5466,2.83,7.27,593,864
Ex 3 day 05,53,344,0.2716,2.1247,1.739,2.83,7.82,618,869
Ex 3 day 05,54,345,0.1863,2.3621,1.9752,2.83,12.68,66,869
Ex 3 day 05,54,346,0.1863,2.6645,1.9589,2.83,14.3,47,912
Ex 3 day 05,54,347,0.1863,1.8014,1.6737,2.83,9.67,67,888
Ex 3 day 05,54,348,0.1863,1.6928,1.437,2.83,9.09,57,889
Ex 3 day 05,54,349,0.1863,1.7826,1.2931,5.66,9.57,83,875
Ex 3 day 05,54,350,0.1863,1.5922,1.3652,2.83,8.55,59,879
Ex 3 day 05,54,351,0.1863,1.9124,1.3919,3.3,10.27,63,897
Ex 3 day 05,54,352,0.1863,1.8065,1.4791,2.83,9.7,54,908
Ex 3 day 05,54,353,0.1863,1.4818,1.0674,4.24,7.96,28,876
Ex 3 day 05,54,354,0.1863,1.9143,1.689,3.77,10.28,48,875
Ex 3 day 05,54,355,0.1863,1.8094,1.2994,2.83,9.71,68,878
Ex 3 day 05,55,356,0.1737,3.7813,3.19,2.83,21.77,197,984
Ex 3 day 05,55,357,0.1737,3.0134,2.0762,3.3,17.35,197,955
Ex 3 day 05,55,358,0.1737,1.7681,1.384,3.3,10.18,188,969
Ex 3 day 05,55,359,0.1737,1.7771,1.4506,4.24,10.23,220,972
Ex 3 day 05,55,360,0.1737,1.4848,1.3306,4.71,8.55,209,964
Ex 3 day 05,56,361,0.2531,3.1154,2.3414,3.3,12.31,968,946
Ex 3 day 05,56,362,0.2531,2.5261,2.1964,2.83,9.98,979,952
Ex 3 day 05,57,363,0.1366,3.486,2.5051,3.3,25.52,109,1001
Ex 3 day 05,57,364,0.1366,2.8052,2.4605,2.83,20.54,141,983
Ex 3 day 05,57,365,0.1366,2.31,1.6412,4.71,16.91,87,962
Ex 3 day 05,57,366,0.1366,1.7959,1.2804,3.3,13.15,113,1027
Ex 3 day 05,57,367,0.1366,1.8211,1.4847,2.83,13.33,114,977
Ex 3 day 06,1,1,0.2281,2.7776,1.8527,3.3,12.18,1237,38
Ex 3 day 06,2,2,0.315,2.6134,1.9643,3.3,8.3,1267,167
Ex 3 day 06,3,3,0.2747,2.5159,2.187,2.83,9.16,589,188
Ex 3 day 06,3,4,0.2747,2.0527,1.7096,3.77,7.47,584,164
Ex 3 day 06,4,5,0.2358,2.2527,1.5431,4.71,9.55,670,333
Ex 3 day 06,5,6,0.1591,2.7857,2.1202,3.77,17.51,610,310
Ex 3 day 06,5,7,0.1591,2.6593,1.9632,3.77,16.71,612,324
Ex 3 day 06,6,8,0.2965,2.977,2.253,3.77,10.04,759,340
Ex 3 day 06,6,9,0.2965,2.6316,1.8547,4.24,8.87,735,335
Ex 3 day 06,7,10,0.2008,3.1328,2.438,3.77,15.6,525,405
Ex 3 day 06,7,11,0.2008,2.4906,1.5909,4.24,12.4,504,402
Ex 3 day 06,7,12,0.2008,2.2627,1.7906,3.77,11.27,522,391
Ex 3 day 06,8,13,0.2754,2.4736,2.1344,2.83,8.98,796,730
Ex 3 day 06,8,14,0.2754,1.7213,1.5382,4.24,6.25,802,744
Ex 3 day 06,9,15,0.3046,2.5155,1.8233,4.24,8.26,910,768
Ex 3 day 06,10,16,0.1426,2.2471,1.6422,3.77,15.76,802,747
Ex 3 day 06,10,17,0.1426,1.6472,1.2601,4.24,11.55,818,759
Ex 3 day 06,10,18,0.1426,2.2985,1.6861,2.83,16.12,782,754
Ex 3 day 06,11,19,0.2125,2.8939,2.1401,3.77,13.62,554,804
Ex 3 day 06,11,20,0.2125,2.8205,1.9713,3.3,13.27,555,783
Ex 3 day 06,11,21,0.2125,2.0184,1.8334,3.77,9.5,568,797
Ex 3 day 06,11,22,0.2125,2.4629,1.7423,3.77,11.59,568,808
Ex 3 day 06,11,23,0.2125,2.6074,1.6722,4.24,12.27,585,802
Ex 3 day 06,11,24,0.2125,2.3968,2.0575,2.83,11.28,574,777
Ex 3 day 06,11,25,0.2125,2.133,1.7377,2.83,10.04,537,810
Ex 3 day 06,12,26,0.2521,2.5113,1.8628,3.77,9.96,686,898
Ex 3 day 06,12,27,0.2521,2.2408,1.8986,2.83,8.89,689,907
Ex 3 day 06,12,28,0.2521,1.9811,1.685,3.77,7.86,714,892
Ex 3 day 06,12,29,0.2521,1.2095,0.8761,3.3,4.8,702,896
Ex 3 day 06,14,30,0.6816,2.4139,1.95,2.83,3.54,1147,956
Ex 3 day 06,14,31,0.6816,2.403,1.4883,3.3,3.53,1148,966
Ex 3 day 06,14,32,0.6816,1.9939,1.586,2.83,2.93,1156,966
Ex 3 day 06,14,33,0.6816,1.8545,1.3417,2.83,2.72,1163,966
Ex 3 day 06,14,34,0.6816,2.0264,1.7002,2.83,2.97,1164,956
Ex 3 day 06,15,35,0.1114,2.2603,1.7887,2.83,20.29,1180,965
Ex 3 day 06,15,36,0.1114,1.8149,1.3351,2.83,16.3,1171,966
Ex 3 day 06,15,37,0.1114,2.4286,1.9382,2.83,21.81,1179,956
Ex 3 day 06,16,38,0.1201,1.6351,1.4176,5.19,13.61,1249,981
Ex 3 day 06,16,39,0.1201,1.6505,1.2121,4.71,13.74,1244,1029
Ex 3 day 06,16,40,0.1201,2.0357,1.4487,4.24,16.94,1248,1001
Ex 3 day 07,1,1,0.1056,2.7132,2.1732,2.83,25.68,826,0
Ex 3 day 07,1,2,0.1056,2.7621,2.059,3.3,26.14,839,0
Ex 3 day 07,1,3,0.1056,2.1191,1.8554,2.83,20.06,847,14
Ex 3 day 07,1,4,0.1056,2.281,1.9168,2.83,21.59,885,16
Ex 3 day 07,1,5,0.1056,2.5185,2.1115,2.83,23.84,871,31
Ex 3 day 07,1,6,0.1056,1.755,1.3367,2.83,16.61,845,27
Ex 3 day 07,1,7,0.1056,2.7755,2.3221,2.83,26.27,859,33
Ex 3 day 07,1,8,0.1056,2.2742,1.8553,2.83,21.53,883,56
Ex 3 day 07,1,9,0.1056,1.8684,1.517,2.83,17.68,892,23
Ex 3 day 07,1,10,0.1056,1.7423,1.1098,4.71,16.49,868,50
Ex 3 day 07,1,11,0.1056,1.606,1.0526,2.83,15.2,872,7
Ex 3 day 07,1,12,0.1056,1.5157,1.1687,2.83,14.35,901,57
Ex 3 day 07,1,13,0.1056,2.1403,1.8108,2.83,20.26,891,42
Ex 3 day 07,2,14,0.1995,2.9746,2.2912,3.77,14.91,1231,33
Ex 3 day 07,2,15,0.1995,2.9178,1.9785,3.3,14.63,1214,0
Ex 3 day 07,2,16,0.1995,2.9039,2.4773,2.83,14.56,1236,4
Ex 3 day 07,2,17,0.1995,2.5892,2.2839,2.83,12.98,1206,28
Ex 3 day 07,2,18,0.1995,2.0052,1.5837,2.83,10.05,1220,8
Ex 3 day 07,2,19,0.1995,2.4927,1.9976,2.83,12.5,1245,0
Ex 3 day 07,2,20,0.1995,1.6245,1.2458,3.3,8.14,1224,16
Ex 3 day 07,3,21,0.1927,2.8637,2.5214,2.83,14.86,485,11
Ex 3 day 07,3,22,0.1927,2.4198,1.7732,2.83,12.56,480,27
Ex 3 day 07,3,23,0.1927,2.1337,1.4727,4.24,11.07,487,55
Ex 3 day 07,3,24,0.1927,2.0241,1.7005,2.83,10.5,504,32
Ex 3 day 07,3,25,0.1927,1.6884,1.7108,4.71,8.76,501,20
Ex 3 day 07,3,26,0.1927,1.9496,1.3256,2.83,10.12,495,34
Ex 3 day 07,3,27,0.1927,1.5862,1.4436,3.3,8.23,480,41
Ex 3 day 07,3,28,0.1927,1.8987,1.4855,3.77,9.85,471,50
Ex 3 day 07,3,29,0.1927,2.1137,1.7466,2.83,10.97,476,39
Ex 3 day 07,4,30,0.1702,3.9189,3.2805,2.83,23.03,1111,55
Ex 3 day 07,4,31,0.1702,2.8748,2.2961,2.83,16.89,1098,77
Ex 3 day 07,4,32,0.1702,2.4216,2.1483,2.83,14.23,1108,63
Ex 3 day 07,4,33,0.1702,2.7093,1.8214,2.83,15.92,1142,86
Ex 3 day 07,4,34,0.1702,1.6107,1.5792,3.77,9.47,1097,48
Ex 3 day 07,4,35,0.1702,2.138,1.8737,2.83,12.56,1111,82
Ex 3 day 07,4,36,0.1702,1.387,1.215,3.77,8.15,1095,35
Ex 3 day 07,4,37,0.1702,2.4688,1.9606,2.83,14.51,1136,60
Ex 3 day 07,4,38,0.1702,1.6113,1.4263,2.83,9.47,1124,100
Ex 3 day 07,5,39,0.1789,3.9442,3.4359,2.83,22.04,637,89
Ex 3 day 07,5,40,0.1789,2.6685,1.9719,3.77,14.91,651,79
Ex 3 day 07,5,41,0.1789,2.6314,2.2474,2.83,14.71,672,83
Ex 3 day 07,5,42,0.1789,1.8813,1.4058,4.24,10.51,678,64
Ex 3 day 07,5,43,0.1789,1.9118,1.5717,2.83,10.68,652,91
Ex 3 day 07,5,44,0.1789,1.7274,1.37,2.83,9.65,664,70
Ex 3 day 07,5,45,0.1789,1.795,1.5161,2.83,10.03,649,65
Ex 3 day 07,6,46,0.1734,2.7445,2.2133,2.83,15.82,791,85
Ex 3 day 07,6,47,0.1734,2.2685,1.9706,2.83,13.08,774,61
Ex 3 day 07,6,48,0.1734,2.4014,2.0361,2.83,13.85,784,80
Ex 3 day 07,6,49,0.1734,2.4765,2.0346,2.83,14.28,762,70
Ex 3 day 07,6,50,0.1734,1.5567,1.4137,3.77,8.98,807,72
Ex 3 day 07,6,51,0.1734,2.3425,1.9628,2.83,13.51,799,74
Ex 3 day 07,6,52,0.1734,2.0978,1.475,3.3,12.1,801,60
Ex 3 day 07,7,53,0.1748,4.2025,3.7186,2.83,24.04,549,125
Ex 3 day 07,7,54,0.1748,1.8424,1.5552,3.77,10.54,559,141
Ex 3 day 07,8,55,0.1822,2.7798,2.1214,2.83,15.25,982,110
Ex 3 day 07,8,56,0.1822,3.2746,2.5582,2.83,17.97,1024,123
Ex 3 day 07,8,57,0.1822,2.4325,1.9723,2.83,13.35,991,143
Ex 3 day 07,8,58,0.1822,2.8733,2.0064,2.83,15.77,996,116
Ex 3 day 07,8,59,0.1822,2.8787,2.1329,2.83,15.8,1009,98
Ex 3 day 07,8,60,0.1822,2.1586,1.4845,2.83,11.84,1004,123
Ex 3 day 07,8,61,0.1822,2.061,1.6125,2.83,11.31,1008,117
Ex 3 day 07,8,62,0.1822,2.9719,2.1323,2.83,16.31,978,140
Ex 3 day 07,8,63,0.1822,2.4912,1.8561,2.83,13.67,990,128
Ex 3 day 07,8,64,0.1822,2.2833,1.836,2.83,12.53,979,123
Ex 3 day 07,8,65,0.1822,1.7048,1.2226,3.3,9.35,1029,113
Ex 3 day 07,8,66,0.1822,2.4641,1.9786,2.83,13.52,1000,145
Ex 3 day 07,8,67,0.1822,2.2642,1.7549,2.83,12.42,1013,111
Ex 3 day 07,8,68,0.1822,1.9153,1.4657,2.83,10.51,984,145
Ex 3 day 07,8,69,0.1822,1.7359,1.5269,2.83,9.53,1007,131
Ex 3 day 07,8,70,0.1822,2.1441,1.6037,2.83,11.76,1019,124
Ex 3 day 07,8,71,0.1822,1.7382,1.2469,2.83,9.54,995,133
Ex 3 day 07,9,72,0.2409,3.1196,2.3135,3.3,12.95,458,132
Ex 3 day 07,9,73,0.2409,2.3449,1.907,2.83,9.73,483,134
Ex 3 day 07,9,74,0.2409,2.0394,1.6953,2.83,8.47,471,147
Ex 3 day 07,9,75,0.2409,2.5664,2.2141,2.83,10.65,474,165
Ex 3 day 07,9,76,0.2409,2.3481,1.8782,2.83,9.75,484,143
Ex 3 day 07,9,77,0.2409,1.9434,1.3527,4.24,8.07,458,156
Ex 3 day 07,10,78,0.1669,3.1836,2.0438,3.3,19.07,937,147
Ex 3 day 07,10,79,0.1669,2.5611,2.1757,3.77,15.34,913,141
Ex 3 day 07,10,80,0.1669,2.3001,2.0036,2.83,13.78,899,161
Ex 3 day 07,10,81,0.1669,2.3218,1.57,3.3,13.91,910,155
Ex 3 day 07,10,82,0.1669,2.3269,1.8044,3.77,13.94,916,165
Ex 3 day 07,10,83,0.1669,2.514,2.2138,2.83,15.06,907,126
Ex 3 day 07,10,84,0.1669,2.2271,1.8438,2.83,13.34,899,143
Ex 3 day 07,10,85,0.1669,2.4268,2.0651,2.83,14.54,918,127
Ex 3 day 07,10,86,0.1669,2.3262,1.9244,2.83,13.94,930,161
Ex 3 day 07,11,87,0.2453,1.8717,1.9987,3.77,7.63,373,176
Ex 3 day 07,11,88,0.2453,2.8049,2.3301,2.83,11.44,396,212
Ex 3 day 07,11,89,0.2453,2.3591,1.914,2.83,9.62,374,202
Ex 3 day 07,11,90,0.2453,1.7196,1.4395,2.83,7.01,383,195
Ex 3 day 07,11,91,0.2453,2.1191,1.8918,2.83,8.64,385,221
Ex 3 day 07,11,92,0.2453,2.2939,1.6538,2.83,9.35,383,186
Ex 3 day 07,11,93,0.2453,2.1306,1.8662,2.83,8.69,389,195
Ex 3 day 07,11,94,0.2453,1.9551,1.6419,2.83,7.97,366,203
Ex 3 day 07,12,95,0.1714,3.1091,2.2847,3.3,18.14,784,211
Ex 3 day 07,12,96,0.1714,1.9077,1.4862,4.71,11.13,795,192
Ex 3 day 07,13,97,0.1664,2.3886,1.8803,2.83,14.36,1062,214
Ex 3 day 07,13,98,0.1664,2.7343,2.0854,2.83,16.43,1060,227
Ex 3 day 07,13,99,0.1664,2.8601,2.0757,2.83,17.19,1062,206
Ex 3 day 07,13,100,0.1664,2.3275,1.876,2.83,13.99,1035,220
Ex 3 day 07,13,101,0.1664,2.6955,2.0795,2.83,16.2,1058,222
Ex 3 day 07,13,102,0.1664,2.8385,1.856,2.83,17.06,1080,210
Ex 3 day 07,13,103,0.1664,2.0997,1.845,2.83,12.62,1045,199
Ex 3 day 07,13,104,0.1664,2.5637,1.9368,2.83,15.41,1087,198
Ex 3 day 07,13,105,0.1664,2.1911,1.8448,2.83,13.17,1072,221
Ex 3 day 07,13,106,0.1664,2.1406,1.6585,2.83,12.87,1030,201
Ex 3 day 07,13,107,0.1664,1.728,1.3229,2.83,10.39,1050,215
Ex 3 day 07,13,108,0.1664,2.1514,1.5349,2.83,12.93,1034,193
Ex 3 day 07,13,109,0.1664,1.9707,1.7415,2.83,11.84,1057,201
Ex 3 day 07,13,110,0.1664,2.0444,1.6116,2.83,12.29,1083,191
Ex 3 day 07,14,111,0.1731,3.3418,2.9434,2.83,19.3,1307,243
Ex 3 day 07,14,112,0.1731,2.5193,2.0306,3.77,14.55,1270,239
Ex 3 day 07,14,113,0.1731,1.8404,1.298,5.19,10.63,1289,245
Ex 3 day 07,14,114,0.1731,1.8091,1.5484,2.83,10.45,1264,222
Ex 3 day 07,15,115,0.1625,4.6092,3.4279,2.83,28.36,555,272
Ex 3 day 07,15,116,0.1625,2.7796,2.1843,2.83,17.1,570,271
Ex 3 day 07,15,117,0.1625,2.6879,2.1566,3.77,16.54,572,258
Ex 3 day 07,15,118,0.1625,1.54,1.5026,3.77,9.48,596,265
Ex 3 day 07,15,119,0.1625,1.9337,1.6814,2.83,11.9,563,291
Ex 3 day 07,15,120,0.1625,1.9313,1.3005,2.83,11.88,582,250
Ex 3 day 07,15,121,0.1625,2.367,1.7234,2.83,14.57,577,275
Ex 3 day 07,15,122,0.1625,2.2326,1.5797,2.83,13.74,558,256
Ex 3 day 07,15,123,0.1625,1.7381,1.2717,2.83,10.7,582,268
Ex 3 day 07,16,124,0.0994,3.4305,2.9101,2.83,34.52,811,267
Ex 3 day 07,16,125,0.0994,2.6746,2.2107,2.83,26.91,818,262
Ex 3 day 07,16,126,0.0994,2.4364,2.0495,2.83,24.51,830,271
Ex 3 day 07,16,127,0.0994,2.2757,1.9621,2.83,22.9,829,243
Ex 3 day 07,16,128,0.0994,2.52,2.0195,2.83,25.36,844,250
Ex 3 day 07,16,129,0.0994,2.1206,1.7276,2.83,21.34,829,284
Ex 3 day 07,16,130,0.0994,1.8883,1.6436,2.83,19.0,843,270
Ex 3 day 07,16,131,0.0994,2.253,1.8127,2.83,22.67,817,282
Ex 3 day 07,17,132,0.1842,3.2854,2.6853,2.83,17.84,757,288
Ex 3 day 07,17,133,0.1842,3.1516,2.6096,2.83,17.11,714,277
Ex 3 day 07,17,134,0.1842,2.3595,1.8017,2.83,12.81,742,284
Ex 3 day 07,17,135,0.1842,1.9325,1.786,2.83,10.49,751,280
Ex 3 day 07,17,136,0.1842,2.6692,2.2501,2.83,14.49,734,264
Ex 3 day 07,17,137,0.1842,2.4015,1.8766,2.83,13.04,693,266
Ex 3 day 07,17,138,0.1842,1.6724,1.4779,4.71,9.08,727,297
Ex 3 day 07,17,139,0.1842,1.8839,1.6444,2.83,10.23,711,285
Ex 3 day 07,17,140,0.1842,2.1756,1.748,2.83,11.81,713,298
Ex 3 day 07,17,141,0.1842,1.5071,0.9378,4.24,8.18,728,283
Ex 3 day 07,17,142,0.1842,1.9646,1.3483,2.83,10.67,717,288
Ex 3 day 07,18,143,0.1597,3.1908,2.7896,2.83,19.98,1003,288
Ex 3 day 07,18,144,0.1597,3.3517,2.7207,2.83,20.99,988,286
Ex 3 day 07,18,145,0.1597,2.7827,1.8468,3.3,17.43,988,269
Ex 3 day 07,18,146,0.1597,2.8334,2.182,2.83,17.75,957,284
Ex 3 day 07,18,147,0.1597,2.0654,1.7689,2.83,12.94,987,304
Ex 3 day 07,18,148,0.1597,2.2464,1.8941,2.83,14.07,977,265
Ex 3 day 07,18,149,0.1597,2.188,1.535,2.83,13.7,973,280
Ex 3 day 07,18,150,0.1597,2.2934,1.9694,2.83,14.36,982,310
Ex 3 day 07,18,151,0.1597,2.3322,1.9527,2.83,14.61,1002,305
Ex 3 day 07,18,152,0.1597,1.9429,1.7488,2.83,12.17,958,261
Ex 3 day 07,19,153,0.084,3.0198,1.7541,3.3,35.96,1315,328
Ex 3 day 07,19,154,0.084,2.2836,1.7974,3.3,27.19,1320,300
Ex 3 day 07,19,155,0.084,2.3393,1.8945,2.83,27.86,1292,282
Ex 3 day 07,19,156,0.084,2.4324,2.1214,2.83,28.96,1302,326
Ex 3 day 07,19,157,0.084,2.9799,1.7448,2.83,35.48,1296,298
Ex 3 day 07,19,158,0.084,2.5735,2.2649,2.83,30.65,1267,312
Ex 3 day 07,19,159,0.084,2.1433,1.5383,2.83,25.52,1303,297
Ex 3 day 07,19,160,0.084,1.6982,1.491,2.83,20.22,1313,300
Ex 3 day 07,19,161,0.084,1.4963,1.4349,4.24,17.82,1282,309
Ex 3 day 07,19,162,0.084,2.3761,1.9803,2.83,28.29,1297,336
Ex 3 day 07,19,163,0.084,2.628,2.1975,2.83,31.29,1259,303
Ex 3 day 07,19,164,0.084,2.4565,2.1013,2.83,29.25,1299,313
Ex 3 day 07,19,165,0.084,2.7945,2.1761,2.83,33.28,1279,290
Ex 3 day 07,19,166,0.084,2.7116,2.0502,2.83,32.29,1265,298
Ex 3 day 07,19,167,0.084,2.1656,1.8292,2.83,25.79,1309,338
Ex 3 day 07,19,168,0.084,1.9821,1.5358,2.83,23.6,1272,331
Ex 3 day 07,19,169,0.084,1.8205,1.3553,2.83,21.68,1291,334
Ex 3 day 07,19,170,0.084,1.8053,1.4719,2.83,21.5,1254,310
Ex 3 day 07,19,171,0.084,1.6387,1.317,2.83,19.51,1289,323
Ex 3 day 07,20,172,0.2862,2.9568,2.4866,2.83,10.33,155,365
Ex 3 day 07,21,173,0.0893,3.2079,2.6038,2.83,35.91,694,386
Ex 3 day 07,21,174,0.0893,2.3414,1.8308,2.83,26.21,692,361
Ex 3 day 07,21,175,0.0893,3.4194,2.3389,2.83,38.27,680,362
Ex 3 day 07,21,176,0.0893,2.2706,1.7061,2.83,25.41,679,384
Ex 3 day 07,21,177,0.0893,1.6972,1.2664,2.83,19.0,683,407
Ex 3 day 07,21,178,0.0893,2.8961,2.2013,2.83,32.42,700,348
Ex 3 day 07,21,179,0.0893,1.8959,1.4427,2.83,21.22,676,355
Ex 3 day 07,21,180,0.0893,2.2113,1.6901,2.83,24.75,704,380
Ex 3 day 07,21,181,0.0893,2.3645,1.7253,2.83,26.47,715,400
Ex 3 day 07,21,182,0.0893,1.5124,1.2177,2.83,16.93,667,375
Ex 3 day 07,21,183,0.0893,1.5857,1.2604,2.83,17.75,685,371
Ex 3 day 07,21,184,0.0893,1.822,1.4704,2.83,20.39,669,367
Ex 3 day 07,22,185,0.1776,3.2462,2.2996,2.83,18.28,886,366
Ex 3 day 07,22,186,0.1776,2.7965,2.3813,2.83,15.74,876,370
Ex 3 day 07,22,187,0.1776,2.6299,1.629,3.3,14.81,881,384
Ex 3 day 07,22,188,0.1776,2.2662,1.8374,2.83,12.76,882,357
Ex 3 day 07,23,189,0.2315,3.2534,2.7863,2.83,14.05,458,391
Ex 3 day 07,23,190,0.2315,2.1339,1.2571,3.3,9.22,474,385
Ex 3 day 07,23,191,0.2315,1.8782,1.4526,2.83,8.11,462,380
Ex 3 day 07,23,192,0.2315,1.958,1.735,2.83,8.46,483,390
Ex 3 day 07,23,193,0.2315,1.9428,1.6163,2.83,8.39,474,373
Ex 3 day 07,24,194,0.1212,2.9619,2.5182,2.83,24.44,632,393
Ex 3 day 07,24,195,0.1212,3.278,2.6971,2.83,27.05,654,411
Ex 3 day 07,24,196,0.1212,3.0213,2.3318,2.83,24.93,655,384
Ex 3 day 07,24,197,0.1212,2.6038,2.1349,2.83,21.49,651,442
Ex 3 day 07,24,198,0.1212,2.791,2.2941,2.83,23.03,652,422
Ex 3 day 07,24,199,0.1212,2.1907,1.7854,2.83,18.08,658,376
Ex 3 day 07,24,200,0.1212,2.5663,1.8345,3.77,21.18,628,430
Ex 3 day 07,24,201,0.1212,2.0004,1.7114,2.83,16.51,659,395
Ex 3 day 07,24,202,0.1212,2.0987,1.4814,2.83,17.32,648,392
Ex 3 day 07,24,203,0.1212,1.5586,1.1715,2.83,12.86,664,390
Ex 3 day 07,25,204,0.2147,2.7231,2.15,2.83,12.68,1275,389
Ex 3 day 07,25,205,0.2147,2.4643,2.1068,2.83,11.48,1299,413
Ex 3 day 07,25,206,0.2147,2.4234,1.864,2.83,11.29,1322,407
Ex 3 day 07,25,207,0.2147,1.9952,1.6366,2.83,9.29,1286,405
Ex 3 day 07,25,208,0.2147,2.6437,2.1314,2.83,12.31,1289,396
Ex 3 day 07,25,209,0.2147,2.6744,1.8568,2.83,12.46,1277,400
Ex 3 day 07,25,210,0.2147,2.528,1.8487,2.83,11.77,1306,419
Ex 3 day 07,25,211,0.2147,2.1393,1.6483,2.83,9.96,1275,416
Ex 3 day 07,25,212,0.2147,1.3931,1.3287,2.83,6.49,1303,402
Ex 3 day 07,25,213,0.2147,1.811,1.3487,2.83,8.43,1311,412
Ex 3 day 07,25,214,0.2147,2.1676,1.7167,2.83,10.1,1291,383
Ex 3 day 07,25,215,0.2147,1.8896,1.3867,2.83,8.8,1295,418
Ex 3 day 07,25,216,0.2147,1.8872,1.6825,2.83,8.79,1287,413
Ex 3 day 07,25,217,0.2147,1.7789,1.514,2.83,8.29,1255,405
Ex 3 day 07,25,218,0.2147,2.1439,1.5028,2.83,9.99,1278,405
Ex 3 day 07,26,219,0.0184,2.5223,1.7993,3.3,136.99,860,517
Ex 3 day 07,26,220,0.0184,3.8373,2.7133,2.83,208.41,883,494
Ex 3 day 07,26,221,0.0184,2.7963,1.979,2.83,151.87,888,522
Ex 3 day 07,26,222,0.0184,2.6259,2.0313,2.83,142.62,838,456
Ex 3 day 07,26,223,0.0184,2.8277,2.1778,2.83,153.57,855,496
Ex 3 day 07,26,224,0.0184,2.4448,1.9794,2.83,132.78,878,439
Ex 3 day 07,26,225,0.0184,2.1979,1.8347,3.3,119.37,877,498
Ex 3 day 07,26,226,0.0184,2.7452,2.0688,2.83,149.09,841,518
Ex 3 day 07,26,227,0.0184,3.0158,2.4905,2.83,163.79,872,451
Ex 3 day 07,26,228,0.0184,2.2199,1.6846,2.83,120.57,858,507
Ex 3 day 07,26,229,0.0184,1.9181,1.6215,2.83,104.17,886,515
Ex 3 day 07,26,230,0.0184,2.0198,1.4037,2.83,109.7,894,527
Ex 3 day 07,26,231,0.0184,2.4901,1.7969,3.3,135.24,896,468
Ex 3 day 07,26,232,0.0184,2.5357,1.9108,2.83,137.72,880,469
Ex 3 day 07,26,233,0.0184,1.8969,1.1438,2.83,103.03,864,490
Ex 3 day 07,26,234,0.0184,2.6371,2.0517,2.83,143.23,884,456
Ex 3 day 07,26,235,0.0184,2.2521,1.7355,2.83,122.31,838,415
Ex 3 day 07,26,236,0.0184,2.3761,1.8221,2.83,129.05,854,485
Ex 3 day 07,26,237,0.0184,2.234,1.9022,2.83,121.33,859,482
Ex 3 day 07,26,238,0.0184,1.6868,1.2552,3.3,91.61,839,420
Ex 3 day 07,26,239,0.0184,1.6073,1.3192,2.83,87.3,904,507
Ex 3 day 07,26,240,0.0184,1.2763,1.0083,2.83,69.32,910,496
Ex 3 day 07,26,241,0.0184,2.1014,1.6165,2.83,114.13,867,530
Ex 3 day 07,27,242,0.2925,2.6527,1.8391,3.77,9.07,192,461
Ex 3 day 07,28,243,0.3346,1.9596,1.6481,3.3,5.86,72,450
Ex 3 day 07,28,244,0.3346,2.514,2.3143,2.83,7.51,57,464
Ex 3 day 07,28,245,0.3346,2.5289,2.1064,2.83,7.56,53,475
Ex 3 day 07,28,246,0.3346,2.0005,1.5846,3.77,5.98,72,463
Ex 3 day 07,28,247,0.3346,2.0395,1.4786,3.3,6.09,62,448
Ex 3 day 07,29,248,0.149,3.6541,2.7561,2.83,24.52,1115,476
Ex 3 day 07,29,249,0.149,2.5069,1.7752,3.3,16.82,1107,483
Ex 3 day 07,29,250,0.149,1.8814,1.7815,2.83,12.63,1092,472
Ex 3 day 07,29,251,0.149,2.4447,2.0787,2.83,16.41,1099,459
Ex 3 day 07,29,252,0.149,2.7928,2.3694,2.83,18.74,1137,484
Ex 3 day 07,29,253,0.149,2.7777,1.996,2.83,18.64,1084,470
Ex 3 day 07,30,254,0.0974,2.5893,1.809,3.3,26.59,567,491
Ex 3 day 07,30,255,0.0974,2.2664,1.8539,2.83,23.28,591,483
Ex 3 day 07,30,256,0.0974,2.2646,1.7734,2.83,23.26,572,503
Ex 3 day 07,30,257,0.0974,2.1583,1.7358,2.83,22.17,603,473
Ex 3 day 07,30,258,0.0974,2.592,2.1297,2.83,26.62,593,463
Ex 3 day 07,30,259,0.0974,2.2798,1.8355,2.83,23.41,587,467
Ex 3 day 07,30,260,0.0974,2.1175,1.6212,2.83,21.75,582,467
Ex 3 day 07,30,261,0.0974,1.9741,1.2577,4.71,20.27,586,497
Ex 3 day 07,30,262,0.0974,1.8995,1.6575,2.83,19.51,594,490
Ex 3 day 07,31,263,0.174,4.1436,3.4874,2.83,23.81,416,491
Ex 3 day 07,31,264,0.174,2.2204,1.7862,2.83,12.76,427,500
Ex 3 day 07,32,265,0.0264,3.1186,2.603,3.77,118.09,500,490
Ex 3 day 07,32,266,0.0264,3.4123,3.019,2.83,129.21,483,499
Ex 3 day 07,32,267,0.0264,2.495,2.0112,2.83,94.48,515,514
Ex 3 day 07,32,268,0.0264,2.7517,2.1416,2.83,104.2,496,520
Ex 3 day 07,32,269,0.0264,3.0094,2.5374,2.83,113.95,505,466
Ex 3 day 07,32,270,0.0264,3.2308,2.2548,2.83,122.34,544,506
Ex 3 day 07,32,271,0.0264,2.3048,1.9412,2.83,87.27,536,541
Ex 3 day 07,32,272,0.0264,1.9958,1.7595,2.83,75.57,540,523
Ex 3 day 07,32,273,0.0264,1.9872,1.4147,3.3,75.25,533,512
Ex 3 day 07,32,274,0.0264,1.8807,1.5052,2.83,71.21,529,496
Ex 3 day 07,32,275,0.0264,2.4883,2.0223,2.83,94.22,539,512
Ex 3 day 07,32,276,0.0264,1.9249,1.5235,2.83,72.89,528,523
Ex 3 day 07,32,277,0.0264,2.0663,1.8377,2.83,78.24,478,522
Ex 3 day 07,32,278,0.0264,1.9038,1.3097,3.77,72.09,536,524
Ex 3 day 07,32,279,0.0264,2.0325,1.3455,2.83,76.96,558,490
Ex 3 day 07,32,280,0.0264,1.8826,1.5315,2.83,71.28,492,504
Ex 3 day 07,32,281,0.0264,1.7967,1.4646,2.83,68.03,517,475
Ex 3 day 07,32,282,0.0264,1.6972,1.3002,2.83,64.27,525,507
Ex 3 day 07,32,283,0.0264,1.9003,1.4816,2.83,71.96,494,537
Ex 3 day 07,32,284,0.0264,2.1621,1.5164,2.83,81.87,518,535
Ex 3 day 07,32,285,0.0264,1.7461,1.2139,2.83,66.12,555,514
Ex 3 day 07,32,286,0.0264,1.9637,1.6482,2.83,74.36,501,529
Ex 3 day 07,32,287,0.0264,1.8785,1.5957,2.83,71.13,557,532
Ex 3 day 07,32,288,0.0264,1.6549,1.4806,2.83,62.66,485,514
Ex 3 day 07,32,289,0.0264,1.3635,1.0033,2.83,51.63,483,531
Ex 3 day 07,32,290,0.0264,1.5542,1.4578,2.83,58.85,523,522
Ex 3 day 07,32,291,0.0264,1.6966,1.5096,2.83,64.24,501,508
Ex 3 day 07,32,292,0.0264,1.7195,1.2586,2.83,65.11,548,487
Ex 3 day 07,32,293,0.0264,2.0232,1.6797,2.83,76.61,472,504
Ex 3 day 07,32,294,0.0264,2.0692,1.469,2.83,78.35,464,506
Ex 3 day 07,33,295,0.0816,3.8847,2.8034,2.83,47.61,1366,486
Ex 3 day 07,33,296,0.0816,3.0125,2.4567,2.83,36.92,1351,495
Ex 3 day 07,33,297,0.0816,3.0932,2.1539,3.3,37.91,1357,526
Ex 3 day 07,33,298,0.0816,2.9929,2.4618,2.83,36.68,1371,526
Ex 3 day 07,33,299,0.0816,2.662,2.1572,2.83,32.62,1379,514
Ex 3 day 07,33,300,0.0816,2.8729,2.4694,2.83,35.21,1333,503
Ex 3 day 07,33,301,0.0816,2.5009,2.0961,2.83,30.65,1368,513
Ex 3 day 07,33,302,0.0816,2.3659,1.4772,4.24,28.99,1344,517
Ex 3 day 07,33,303,0.0816,2.2682,1.9289,2.83,27.8,1377,499
Ex 3 day 07,33,304,0.0816,3.1561,2.2378,2.83,38.68,1362,494
Ex 3 day 07,33,305,0.0816,2.7175,2.0791,2.83,33.3,1339,498
Ex 3 day 07,33,306,0.0816,2.7458,2.1176,2.83,33.65,1370,544
Ex 3 day 07,33,307,0.0816,2.7464,1.9791,2.83,33.66,1388,485
Ex 3 day 07,33,308,0.0816,2.0269,1.7171,2.83,24.84,1365,527
Ex 3 day 07,33,309,0.0816,2.307,1.8416,2.83,28.27,1376,480
Ex 3 day 07,33,310,0.0816,1.8385,1.3289,2.83,22.53,1381,492
Ex 3 day 07,33,311,0.0816,1.5246,1.3767,2.83,18.68,1348,533
Ex 3 day 07,33,312,0.0816,2.9714,1.8982,2.83,36.41,1391,510
Ex 3 day 07,33,313,0.0816,1.9623,1.5121,2.83,24.05,1331,521
Ex 3 day 07,34,314,0.1569,2.7153,1.9457,3.77,17.31,640,537
Ex 3 day 07,34,315,0.1569,2.4668,1.8228,2.83,15.72,680,538
Ex 3 day 07,34,316,0.1569,2.151,1.7441,3.77,13.71,655,547
Ex 3 day 07,34,317,0.1569,2.1518,1.6751,3.77,13.71,667,536
Ex 3 day 07,34,318,0.1569,1.3758,1.2167,2.83,8.77,632,544
Ex 3 day 07,34,319,0.1569,1.8751,1.4121,3.77,11.95,652,532
Ex 3 day 07,35,320,0.1697,4.8644,3.852,2.83,28.67,125,539
Ex 3 day 07,35,321,0.1697,3.3725,2.8735,2.83,19.88,97,531
Ex 3 day 07,35,322,0.1697,3.0591,2.4821,2.83,18.03,101,545
Ex 3 day 07,35,323,0.1697,2.8699,2.2172,2.83,16.92,118,551
Ex 3 day 07,35,324,0.1697,2.6338,2.2341,2.83,15.52,97,554
Ex 3 day 07,35,325,0.1697,2.6879,2.1206,2.83,15.84,108,522
Ex 3 day 07,35,326,0.1697,2.3095,1.7082,2.83,13.61,112,538
Ex 3 day 07,35,327,0.1697,2.3126,1.9079,2.83,13.63,114,568
Ex 3 day 07,35,328,0.1697,1.9561,1.5173,2.83,11.53,117,520
Ex 3 day 07,35,329,0.1697,2.0136,1.6998,2.83,11.87,132,550
Ex 3 day 07,36,330,0.0712,2.7604,2.3988,2.83,38.76,560,571
Ex 3 day 07,36,331,0.0712,2.6074,1.9953,2.83,36.61,558,558
Ex 3 day 07,36,332,0.0712,1.66,0.933,3.3,23.31,540,575
Ex 3 day 07,37,333,0.077,2.5127,2.0857,2.83,32.65,887,578
Ex 3 day 07,37,334,0.077,2.5236,1.6486,3.3,32.79,867,570
Ex 3 day 07,37,335,0.077,1.5284,1.0618,2.83,19.86,894,540
Ex 3 day 07,37,336,0.077,2.2218,1.6533,4.24,28.87,911,579
Ex 3 day 07,37,337,0.077,1.6263,1.3184,3.77,21.13,915,551
Ex 3 day 07,37,338,0.077,2.1411,1.6196,2.83,27.82,869,548
Ex 3 day 07,37,339,0.077,1.8829,1.0936,5.19,24.47,891,564
Ex 3 day 07,38,340,0.1342,3.2956,2.5222,3.3,24.56,1302,581
Ex 3 day 07,38,341,0.1342,2.7191,2.3011,2.83,20.26,1340,603
Ex 3 day 07,38,342,0.1342,2.1971,1.8834,2.83,16.37,1326,582
Ex 3 day 07,38,343,0.1342,2.3858,1.7264,3.3,17.78,1333,616
Ex 3 day 07,38,344,0.1342,2.0885,1.85,2.83,15.56,1313,613
Ex 3 day 07,38,345,0.1342,2.7542,2.2668,2.83,20.52,1323,566
Ex 3 day 07,38,346,0.1342,2.4067,1.5748,2.83,17.93,1302,590
Ex 3 day 07,38,347,0.1342,1.5347,1.5319,2.83,11.44,1335,580
Ex 3 day 07,38,348,0.1342,2.223,1.8551,2.83,16.56,1314,584
Ex 3 day 07,38,349,0.1342,2.1371,1.4811,3.3,15.92,1347,583
Ex 3 day 07,38,350,0.1342,2.1857,1.5539,2.83,16.29,1300,560
Ex 3 day 07,38,351,0.1342,1.6802,1.3623,3.77,12.52,1319,595
Ex 3 day 07,38,352,0.1342,2.1019,1.69,2.83,15.66,1307,596
Ex 3 day 07,39,353,0.136,3.8041,2.8319,2.83,27.98,1075,608
Ex 3 day 07,39,354,0.136,3.0621,2.2374,2.83,22.52,1064,578
Ex 3 day 07,39,355,0.136,2.8452,2.3493,2.83,20.93,1052,584
Ex 3 day 07,39,356,0.136,2.8179,2.3284,2.83,20.72,1077,567
Ex 3 day 07,39,357,0.136,2.308,1.8026,2.83,16.97,1054,595
Ex 3 day 07,39,358,0.136,1.8377,1.2316,4.24,13.52,1092,583
Ex 3 day 07,39,359,0.136,1.7848,1.6401,3.77,13.13,1051,609
Ex 3 day 07,39,360,0.136,1.9945,1.7051,2.83,14.67,1087,595
Ex 3 day 07,39,361,0.136,2.2699,1.815,2.83,16.69,1054,573
Ex 3 day 07,39,362,0.136,2.5717,1.7243,3.3,18.91,1076,587
Ex 3 day 07,39,363,0.136,2.2217,1.3834,3.3,16.34,1041,572
Ex 3 day 07,40,364,0.1888,2.5871,2.0329,2.83,13.7,744,592
Ex 3 day 07,40,365,0.1888,2.7817,2.357,2.83,14.73,758,592
Ex 3 day 07,40,366,0.1888,1.7255,1.4595,2.83,9.14,727,593
Ex 3 day 07,40,367,0.1888,1.9797,1.3914,2.83,10.48,735,598
Ex 3 day 07,40,368,0.1888,2.2225,1.6661,2.83,11.77,716,598
Ex 3 day 07,40,369,0.1888,1.492,1.12,2.83,7.9,741,603
Ex 3 day 07,41,370,0.2372,2.5968,1.7592,3.77,10.95,1180,596
Ex 3 day 07,41,371,0.2372,2.68,2.2924,2.83,11.3,1200,609
Ex 3 day 07,41,372,0.2372,2.1611,1.2998,5.19,9.11,1162,586
Ex 3 day 07,41,373,0.2372,2.2617,1.6847,2.83,9.53,1199,584
Ex 3 day 07,41,374,0.2372,2.1306,1.8199,2.83,8.98,1199,601
Ex 3 day 07,42,375,0.2723,2.8813,2.2807,2.83,10.58,21,592
Ex 3 day 07,42,376,0.2723,2.4721,2.0727,2.83,9.08,23,620
Ex 3 day 07,42,377,0.2723,2.4506,2.0,2.83,9.0,48,585
Ex 3 day 07,42,378,0.2723,1.8599,1.6092,4.71,6.83,53,610
Ex 3 day 07,43,379,0.0555,2.9141,2.3359,2.83,52.51,549,582
Ex 3 day 07,43,380,0.0555,2.4553,1.7685,3.3,44.24,546,598
Ex 3 day 07,43,381,0.0555,0.8641,0.6271,2.83,15.57,525,578
Ex 3 day 07,44,382,0.1241,3.151,2.6491,2.83,25.38,578,638
Ex 3 day 07,44,383,0.1241,3.081,2.187,3.3,24.82,601,620
Ex 3 day 07,44,384,0.1241,2.118,1.3526,4.71,17.06,599,648
Ex 3 day 07,44,385,0.1241,2.0146,1.7291,2.83,16.23,602,660
Ex 3 day 07,45,386,0.0584,2.8513,2.2757,2.83,48.83,929,610
Ex 3 day 07,45,387,0.0584,3.4144,2.881,2.83,58.47,949,653
Ex 3 day 07,45,388,0.0584,2.5447,2.0611,2.83,43.58,958,627
Ex 3 day 07,45,389,0.0584,2.7392,1.9325,2.83,46.91,946,666
Ex 3 day 07,45,390,0.0584,2.6753,2.141,2.83,45.81,937,662
Ex 3 day 07,45,391,0.0584,2.1825,1.7636,2.83,37.37,939,651
Ex 3 day 07,45,392,0.0584,2.5239,1.7432,3.3,43.22,929,641
Ex 3 day 07,45,393,0.0584,2.4967,1.7751,2.83,42.75,904,627
Ex 3 day 07,45,394,0.0584,2.4082,2.0194,2.83,41.24,901,621
Ex 3 day 07,45,395,0.0584,2.2132,1.7433,2.83,37.9,964,638
Ex 3 day 07,45,396,0.0584,2.2427,1.6281,3.3,38.41,903,639
Ex 3 day 07,45,397,0.0584,1.9781,1.3994,2.83,33.88,915,610
Ex 3 day 07,45,398,0.0584,2.3459,1.5951,2.83,40.17,946,632
Ex 3 day 07,45,399,0.0584,2.0901,1.5879,2.83,35.79,941,621
Ex 3 day 07,45,400,0.0584,2.2215,1.7171,2.83,38.04,916,639
Ex 3 day 07,45,401,0.0584,2.0685,1.7252,2.83,35.42,949,621
Ex 3 day 07,45,402,0.0584,1.8659,1.5109,2.83,31.95,918,619
Ex 3 day 07,45,403,0.0584,2.2855,1.5655,2.83,39.14,955,640
Ex 3 day 07,45,404,0.0584,2.1221,1.8326,2.83,36.34,911,643
Ex 3 day 07,45,405,0.0584,2.2184,1.7535,2.83,37.99,963,651
Ex 3 day 07,45,406,0.0584,1.9158,1.4257,2.83,32.81,920,605
Ex 3 day 07,45,407,0.0584,1.6331,1.2944,2.83,27.97,907,608
Ex 3 day 07,45,408,0.0584,1.5951,1.3077,2.83,27.32,920,655
Ex 3 day 07,46,409,0.0801,1.7289,1.3625,2.83,21.57,1391,653
Ex 3 day 07,46,410,0.0801,3.0011,2.5163,2.83,37.45,1365,657
Ex 3 day 07,46,411,0.0801,2.3373,2.0542,2.83,29.17,1381,639
Ex 3 day 07,46,412,0.0801,2.2022,1.857,2.83,27.48,1374,646
Ex 3 day 07,46,413,0.0801,2.4436,1.8443,2.83,30.49,1378,657
Ex 3 day 07,46,414,0.0801,1.3044,1.1281,3.3,16.28,1391,606
Ex 3 day 07,46,415,0.0801,1.764,1.3932,2.83,22.01,1363,669
Ex 3 day 07,47,416,0.2403,2.293,1.9462,2.83,9.54,95,653
Ex 3 day 07,47,417,0.2403,2.1114,1.7332,2.83,8.79,84,675
Ex 3 day 07,47,418,0.2403,1.8654,1.7573,3.3,7.76,85,680
Ex 3 day 07,47,419,0.2403,1.9736,1.5568,2.83,8.21,75,683
Ex 3 day 07,47,420,0.2403,1.2897,1.0168,2.83,5.37,96,675
Ex 3 day 07,47,421,0.2403,1.8777,1.644,2.83,7.81,91,646
Ex 3 day 07,47,422,0.2403,2.3831,1.5911,4.24,9.92,69,648
Ex 3 day 07,47,423,0.2403,2.0734,1.3559,3.77,8.63,64,667
Ex 3 day 07,47,424,0.2403,1.8256,1.491,2.83,7.6,97,685
Ex 3 day 07,48,425,0.1316,2.7387,2.4135,2.83,20.82,835,670
Ex 3 day 07,48,426,0.1316,2.4453,2.1224,2.83,18.59,841,689
Ex 3 day 07,48,427,0.1316,2.7104,1.8939,3.3,20.6,858,689
Ex 3 day 07,48,428,0.1316,2.8166,2.4377,2.83,21.41,827,684
Ex 3 day 07,48,429,0.1316,2.0861,1.9102,2.83,15.86,822,669
Ex 3 day 07,49,430,0.2172,2.6728,2.3478,2.83,12.31,340,701
Ex 3 day 07,49,431,0.2172,2.8134,2.1251,2.83,12.95,341,692
Ex 3 day 07,49,432,0.2172,2.5398,2.027,2.83,11.69,329,713
Ex 3 day 07,49,433,0.2172,2.4149,1.6938,2.83,11.12,350,686
Ex 3 day 07,49,434,0.2172,2.5729,2.087,2.83,11.85,324,720
Ex 3 day 07,49,435,0.2172,2.2252,1.8999,2.83,10.24,369,680
Ex 3 day 07,49,436,0.2172,1.9739,1.365,3.3,9.09,341,710
Ex 3 day 07,49,437,0.2172,2.0062,1.643,2.83,9.24,329,689
Ex 3 day 07,49,438,0.2172,1.9488,1.5266,3.77,8.97,343,660
Ex 3 day 07,49,439,0.2172,1.9316,1.3617,3.3,8.89,360,680
Ex 3 day 07,49,440,0.2172,2.1811,1.6351,2.83,10.04,336,686
Ex 3 day 07,49,441,0.2172,2.1005,1.6182,2.83,9.67,350,698
Ex 3 day 07,50,442,0.1792,3.3297,2.7521,2.83,18.58,231,695
Ex 3 day 07,50,443,0.1792,3.3173,2.6418,2.83,18.51,222,673
Ex 3 day 07,50,444,0.1792,2.6367,2.0125,3.3,14.72,254,686
Ex 3 day 07,50,445,0.1792,2.5005,2.0648,2.83,13.96,242,709
Ex 3 day 07,50,446,0.1792,2.5927,2.1703,2.83,14.47,239,671
Ex 3 day 07,50,447,0.1792,2.2018,1.9241,2.83,12.29,219,688
Ex 3 day 07,50,448,0.1792,2.1034,1.7102,2.83,11.74,238,682
Ex 3 day 07,50,449,0.1792,2.2498,1.6927,2.83,12.56,243,685
Ex 3 day 07,50,450,0.1792,2.973,2.0212,2.83,16.59,236,714
Ex 3 day 07,50,451,0.1792,2.3761,1.9246,2.83,13.26,259,702
Ex 3 day 07,50,452,0.1792,2.5138,1.7056,2.83,14.03,251,706
Ex 3 day 07,50,453,0.1792,2.024,1.777,2.83,11.3,221,705
Ex 3 day 07,50,454,0.1792,1.6277,1.3186,2.83,9.08,245,701
Ex 3 day 07,50,455,0.1792,2.1311,1.853,2.83,11.89,248,667
Ex 3 day 07,50,456,0.1792,1.8735,1.5729,2.83,10.46,257,673
Ex 3 day 07,51,457,0.1391,2.6232,1.855,2.83,18.86,964,678
Ex 3 day 07,51,458,0.1391,1.6708,1.1936,4.24,12.01,1007,708
Ex 3 day 07,51,459,0.1391,2.2902,1.9018,2.83,16.46,986,672
Ex 3 day 07,51,460,0.1391,2.4274,1.9969,2.83,17.45,991,693
Ex 3 day 07,51,461,0.1391,1.9585,1.5639,2.83,14.08,1003,709
Ex 3 day 07,51,462,0.1391,1.8162,1.2226,2.83,13.05,1016,714
Ex 3 day 07,51,463,0.1391,1.8983,1.7813,2.83,13.64,990,712
Ex 3 day 07,52,464,0.1447,1.5706,1.5365,4.71,10.86,1104,690
Ex 3 day 07,52,465,0.1447,2.2636,1.7482,2.83,15.65,1088,703
Ex 3 day 07,52,466,0.1447,1.9108,1.7876,2.83,13.21,1108,703
Ex 3 day 07,52,467,0.1447,2.6066,1.7986,3.3,18.02,1092,671
Ex 3 day 07,52,468,0.1447,2.5869,2.1387,2.83,17.88,1122,689
Ex 3 day 07,52,469,0.1447,2.1196,1.7074,2.83,14.65,1102,708
Ex 3 day 07,52,470,0.1447,2.5889,1.8792,2.83,17.89,1106,680
Ex 3 day 07,52,471,0.1447,1.8864,1.2147,3.3,13.04,1078,673
Ex 3 day 07,52,472,0.1447,2.7079,2.2616,2.83,18.72,1065,692
Ex 3 day 07,52,473,0.1447,1.8707,1.5418,2.83,12.93,1079,706
Ex 3 day 07,53,474,0.1961,2.3652,2.0202,2.83,12.06,1325,719
Ex 3 day 07,54,475,0.0926,3.241,2.7294,2.83,34.99,1054,710
Ex 3 day 07,54,476,0.0926,2.8596,2.2598,2.83,30.87,1034,761
Ex 3 day 07,54,477,0.0926,2.7552,1.7336,3.77,29.74,1043,724
Ex 3 day 07,54,478,0.0926,1.9721,1.4972,2.83,21.29,1054,726
Ex 3 day 07,54,479,0.0926,2.4948,2.0161,2.83,26.93,1029,725
Ex 3 day 07,54,480,0.0926,2.7498,2.3141,2.83,29.69,1049,771
Ex 3 day 07,54,481,0.0926,2.1561,1.6928,2.83,23.28,1069,783
Ex 3 day 07,54,482,0.0926,2.0879,1.8449,2.83,22.54,1074,751
Ex 3 day 07,54,483,0.0926,2.7999,2.156,2.83,30.23,1032,738
Ex 3 day 07,54,484,0.0926,1.7866,1.4276,2.83,19.29,1060,766
Ex 3 day 07,54,485,0.0926,2.0954,1.9611,2.83,22.62,1055,742
Ex 3 day 07,54,486,0.0926,2.0464,1.3098,3.3,22.09,1025,736
Ex 3 day 07,54,487,0.0926,2.3722,2.0453,2.83,25.61,1037,743
Ex 3 day 07,54,488,0.0926,1.493,1.0838,2.83,16.12,1024,746
Ex 3 day 07,54,489,0.0926,1.934,1.5361,2.83,20.88,1024,754
Ex 3 day 07,54,490,0.0926,1.8172,1.6699,2.83,19.62,1078,744
Ex 3 day 07,54,491,0.0926,1.712,1.4,2.83,18.48,1055,753
Ex 3 day 07,57,492,0.2232,2.5781,2.2617,2.83,11.55,47,768
Ex 3 day 07,57,493,0.2232,2.7549,2.2145,2.83,12.34,65,777
Ex 3 day 07,57,494,0.2232,2.5542,1.9453,2.83,11.44,61,784
Ex 3 day 07,57,495,0.2232,1.8371,1.4863,2.83,8.23,74,761
Ex 3 day 07,57,496,0.2232,2.5431,1.8854,2.83,11.39,81,766
Ex 3 day 07,57,497,0.2232,2.144,1.5104,2.83,9.6,74,755
Ex 3 day 07,57,498,0.2232,2.0728,1.8054,2.83,9.29,76,743
Ex 3 day 07,57,499,0.2232,2.507,1.567,3.3,11.23,56,740
Ex 3 day 07,58,500,0.1458,2.5464,2.265,2.83,17.47,490,789
Ex 3 day 07,58,501,0.1458,2.4556,1.9834,2.83,16.85,507,778
Ex 3 day 07,58,502,0.1458,1.9721,1.6711,3.3,13.53,494,776
Ex 3 day 07,58,503,0.1458,1.8295,1.465,2.83,12.55,503,789
Ex 3 day 07,59,504,0.2062,3.3713,2.1813,2.83,16.35,535,792
Ex 3 day 07,59,505,0.2062,2.6937,1.961,2.83,13.06,543,776
Ex 3 day 07,59,506,0.2062,2.3436,1.858,2.83,11.37,545,814
Ex 3 day 07,59,507,0.2062,2.4287,2.0805,2.83,11.78,548,824
Ex 3 day 07,60,508,0.1257,2.8521,2.2315,2.83,22.68,963,827
Ex 3 day 07,60,509,0.1257,2.6163,2.2428,2.83,20.81,972,788
Ex 3 day 07,60,510,0.1257,2.3168,2.1337,2.83,18.43,976,787
Ex 3 day 07,60,511,0.1257,2.0781,1.6976,2.83,16.53,954,842
Ex 3 day 07,60,512,0.1257,1.7905,1.5248,2.83,14.24,965,815
Ex 3 day 07,61,513,0.1899,3.498,2.5436,2.83,18.42,232,848
Ex 3 day 07,61,514,0.1899,2.9138,2.3436,2.83,15.34,239,813
Ex 3 day 07,61,515,0.1899,1.6839,1.2315,3.77,8.87,219,826
Ex 3 day 07,61,516,0.1899,1.6569,1.6683,3.77,8.72,253,802
Ex 3 day 07,61,517,0.1899,2.2068,1.8406,2.83,11.62,258,802
Ex 3 day 07,61,518,0.1899,1.9284,1.3804,2.83,10.15,251,826
Ex 3 day 07,61,519,0.1899,2.3495,1.7139,3.3,12.37,268,811
Ex 3 day 07,61,520,0.1899,1.929,1.5591,2.83,10.16,256,843
Ex 3 day 07,61,521,0.1899,2.1323,1.99,2.83,11.23,246,843
Ex 3 day 07,61,522,0.1899,1.6201,1.1919,4.71,8.53,235,826
Ex 3 day 07,62,523,0.069,3.2803,2.4638,3.3,47.52,1028,889
Ex 3 day 07,62,524,0.069,2.9938,2.2861,2.83,43.37,1009,862
Ex 3 day 07,62,525,0.069,2.9958,2.507,2.83,43.4,1034,833
Ex 3 day 07,62,526,0.069,2.5124,1.9591,2.83,36.39,1023,823
Ex 3 day 07,62,527,0.069,2.75,1.9629,2.83,39.83,1028,844
Ex 3 day 07,62,528,0.069,2.4308,1.6203,3.3,35.21,1015,850
Ex 3 day 07,62,529,0.069,1.5746,1.1084,4.24,22.81,1047,881
Ex 3 day 07,62,530,0.069,2.0477,1.7052,2.83,29.66,1039,856
Ex 3 day 07,62,531,0.069,1.9537,1.3178,2.83,28.3,1024,852
Ex 3 day 07,62,532,0.069,1.6121,1.3255,2.83,23.35,1027,860
Ex 3 day 07,62,533,0.069,2.171,1.6926,2.83,31.45,1032,852
Ex 3 day 07,62,534,0.069,1.5114,1.0438,2.83,21.89,1041,891
Ex 3 day 07,62,535,0.069,2.3761,1.8958,2.83,34.42,1012,834
Ex 3 day 07,62,536,0.069,2.4248,1.9911,2.83,35.12,1023,871
Ex 3 day 07,63,537,0.2649,2.8042,2.3067,2.83,10.59,66,877
Ex 3 day 07,63,538,0.2649,2.1734,1.7701,3.77,8.2,46,895
Ex 3 day 07,63,539,0.2649,2.308,1.623,3.77,8.71,70,893
Ex 3 day 07,63,540,0.2649,1.7567,1.4668,2.83,6.63,78,875
Ex 3 day 07,64,541,0.0834,3.3168,2.5102,2.83,39.79,1087,904
Ex 3 day 07,64,542,0.0834,3.7458,2.4971,2.83,44.93,1070,880
Ex 3 day 07,64,543,0.0834,2.7689,2.3395,2.83,33.21,1061,866
Ex 3 day 07,64,544,0.0834,2.3929,1.921,2.83,28.7,1067,898
Ex 3 day 07,64,545,0.0834,2.6757,1.8954,2.83,32.1,1054,919
Ex 3 day 07,64,546,0.0834,2.2934,1.6955,2.83,27.51,1093,898
Ex 3 day 07,64,547,0.0834,2.3461,1.5952,2.83,28.14,1050,908
Ex 3 day 07,64,548,0.0834,2.3521,1.8339,2.83,28.21,1085,874
Ex 3 day 07,64,549,0.0834,2.9205,2.089,2.83,35.03,1070,864
Ex 3 day 07,64,550,0.0834,2.2553,1.8991,2.83,27.05,1074,902
Ex 3 day 07,64,551,0.0834,1.7792,1.5061,2.83,21.34,1057,857
Ex 3 day 07,64,552,0.0834,2.3082,1.8194,2.83,27.69,1081,909
Ex 3 day 07,64,553,0.0834,1.581,0.9794,3.3,18.96,1051,897
Ex 3 day 07,64,554,0.0834,1.327,1.5288,3.77,15.92,1081,884
Ex 3 day 07,64,555,0.0834,1.8449,1.524,2.83,22.13,1089,883
Ex 3 day 07,64,556,0.0834,2.3081,1.7073,2.83,27.69,1055,902
Ex 3 day 07,64,557,0.0834,1.7434,1.2821,2.83,20.91,1071,907
Ex 3 day 07,64,558,0.0834,1.4296,1.2158,2.83,17.15,1064,913
Ex 3 day 07,64,559,0.0834,1.6235,1.5724,2.83,19.47,1064,885
Ex 3 day 07,65,560,0.2044,4.07,3.3892,2.83,19.91,125,882
Ex 3 day 07,65,561,0.2044,1.9121,1.6111,3.77,9.36,123,901
Ex 3 day 07,65,562,0.2044,2.5551,2.0604,2.83,12.5,119,866
Ex 3 day 07,66,563,0.179,2.8695,2.2832,2.83,16.03,1155,924
Ex 3 day 07,66,564,0.179,2.4353,2.0037,2.83,13.61,1168,933
Ex 3 day 07,66,565,0.179,2.385,1.9676,2.83,13.33,1175,933
Ex 3 day 07,66,566,0.179,2.2208,1.8362,3.77,12.41,1151,896
Ex 3 day 07,66,567,0.179,2.0909,1.5644,2.83,11.68,1157,910
Ex 3 day 07,66,568,0.179,1.7838,1.4744,2.83,9.97,1161,903
Ex 3 day 07,67,569,0.2152,3.1926,2.2411,3.3,14.84,315,925
Ex 3 day 07,67,570,0.2152,2.3877,1.8925,2.83,11.1,301,924
Ex 3 day 07,67,571,0.2152,2.3174,1.7011,3.3,10.77,287,896
Ex 3 day 07,67,572,0.2152,1.5437,1.3022,5.19,7.17,293,909
Ex 3 day 07,67,573,0.2152,2.0605,1.6017,2.83,9.58,302,912
Ex 3 day 07,67,574,0.2152,2.0141,1.2406,4.24,9.36,311,907
Ex 3 day 07,68,575,0.258,3.7397,2.6578,3.3,14.5,532,919
Ex 3 day 07,68,576,0.258,2.202,1.8779,2.83,8.54,549,912
Ex 3 day 07,68,577,0.258,2.5315,1.8952,3.3,9.81,522,932
Ex 3 day 07,68,578,0.258,1.7912,1.4681,3.3,6.94,543,935
Ex 3 day 07,68,579,0.258,2.2578,1.8605,3.3,8.75,552,950
Ex 3 day 07,69,580,0.1886,3.7735,3.1983,2.83,20.01,285,1026
Ex 3 day 07,69,581,0.1886,3.2049,2.7831,2.83,17.0,271,1003
Ex 3 day 07,69,582,0.1886,2.7456,2.4041,2.83,14.56,249,1009
Ex 3 day 07,69,583,0.1886,2.4075,1.7509,2.83,12.77,256,1014
Ex 3 day 07,69,584,0.1886,2.5663,2.1003,2.83,13.61,286,1036
Ex 3 day 07,69,585,0.1886,1.2566,1.1006,4.24,6.66,271,1039
Ex 3 day 07,70,586,0.1587,3.5929,2.3129,3.77,22.63,1138,1039
Ex 3 day 07,70,587,0.1587,3.5133,2.7702,2.83,22.13,1120,1039
Ex 3 day 07,70,588,0.1587,1.6769,1.4034,2.83,10.56,1126,1024
Ex 3 day 07,70,589,0.1587,3.0002,2.4935,2.83,18.9,1135,1022
Ex 3 day 07,70,590,0.1587,2.0768,1.7721,2.83,13.08,1157,1033
Ex 3 day 07,70,591,0.1587,2.589,2.2796,2.83,16.31,1137,1005
Ex 3 day 07,70,592,0.1587,1.9286,1.2708,4.24,12.15,1103,1039
Ex 3 day 07,70,593,0.1587,2.2651,1.8631,2.83,14.27,1145,1021
Ex 3 day 07,70,594,0.1587,1.7698,1.4033,2.83,11.15,1151,1037
Ex 3 day 07,70,595,0.1587,2.3066,1.1271,5.19,14.53,1112,1023
Ex 3 day 08,1,1,0.1131,2.3599,1.7797,2.83,20.86,403,11
Ex 3 day 08,1,2,0.1131,1.9071,1.7338,4.24,16.86,417,0
Ex 3 day 08,1,3,0.1131,3.2374,2.3797,2.83,28.62,345,0
Ex 3 day 08,1,4,0.1131,2.626,1.5739,4.71,23.21,378,30
Ex 3 day 08,1,5,0.1131,2.5709,1.9448,2.83,22.73,417,16
Ex 3 day 08,1,6,0.1131,1.7688,1.3228,2.83,15.64,385,18
Ex 3 day 08,2,7,0.0339,3.1737,2.1434,3.3,93.49,595,118
Ex 3 day 08,2,8,0.0339,2.5059,1.6948,3.3,73.81,525,71
Ex 3 day 08,2,9,0.0339,2.4025,1.6471,5.19,70.77,544,85
Ex 3 day 08,2,10,0.0339,2.7325,2.3564,2.83,80.49,526,113
Ex 3 day 08,2,11,0.0339,2.214,1.5986,2.83,65.22,520,13
Ex 3 day 08,2,12,0.0339,2.7783,2.4218,2.83,81.84,475,139
Ex 3 day 08,2,13,0.0339,2.6257,2.233,2.83,77.34,530,119
Ex 3 day 08,2,14,0.0339,2.0408,1.7039,2.83,60.11,492,35
Ex 3 day 08,2,15,0.0339,2.0817,1.6363,2.83,61.32,464,113
Ex 3 day 08,2,16,0.0339,2.6197,2.1487,2.83,77.17,483,144
Ex 3 day 08,2,17,0.0339,1.9858,1.4287,2.83,58.5,484,88
Ex 3 day 08,2,18,0.0339,1.6545,1.2671,3.77,48.74,485,110
Ex 3 day 08,2,19,0.0339,2.221,1.9334,2.83,65.42,545,58
Ex 3 day 08,2,20,0.0339,2.0843,1.6461,3.3,61.4,573,90
Ex 3 day 08,2,21,0.0339,2.3045,1.6888,4.24,67.88,637,91
Ex 3 day 08,2,22,0.0339,2.0316,1.7416,2.83,59.84,487,19
Ex 3 day 08,2,23,0.0339,2.2636,1.9012,2.83,66.68,579,102
Ex 3 day 08,2,24,0.0339,1.6334,1.2803,3.77,48.12,482,98
Ex 3 day 08,2,25,0.0339,1.6688,1.1375,2.83,49.16,497,144
Ex 3 day 08,2,26,0.0339,1.893,1.277,4.24,55.76,523,95
Ex 3 day 08,2,27,0.0339,1.9296,1.7039,2.83,56.84,543,147
Ex 3 day 08,3,28,0.2352,2.4741,1.5029,4.24,10.52,230,60
Ex 3 day 08,3,29,0.2352,2.2865,1.5754,5.66,9.72,213,47
Ex 3 day 08,4,30,0.1981,1.87,1.578,2.83,9.44,1081,63
Ex 3 day 08,4,31,0.1981,2.231,1.0971,5.66,11.26,1066,70
Ex 3 day 08,4,32,0.1981,2.9757,2.1437,2.83,15.02,1098,46
Ex 3 day 08,5,33,0.135,3.2268,2.647,2.83,23.91,772,52
Ex 3 day 08,5,34,0.135,2.8823,2.2177,2.83,21.35,748,56
Ex 3 day 08,5,35,0.135,2.1416,1.8896,2.83,15.87,751,65
Ex 3 day 08,5,36,0.135,2.6303,1.7478,3.3,19.49,771,64
Ex 3 day 08,5,37,0.135,2.0432,1.5835,2.83,15.14,743,65
Ex 3 day 08,5,38,0.135,1.5858,1.171,3.3,11.75,734,92
Ex 3 day 08,5,39,0.135,1.6894,1.2795,2.83,12.52,755,84
Ex 3 day 08,5,40,0.135,1.3876,1.0609,2.83,10.28,761,91
Ex 3 day 08,5,41,0.135,1.853,1.3377,2.83,13.73,762,61
Ex 3 day 08,5,42,0.135,1.6705,1.3517,2.83,12.38,757,72
Ex 3 day 08,6,43,0.1197,3.8241,3.1932,2.83,31.95,1386,77
Ex 3 day 08,6,44,0.1197,3.3116,2.9266,2.83,27.67,1349,110
Ex 3 day 08,6,45,0.1197,2.6916,1.9116,3.3,22.49,1344,126
Ex 3 day 08,6,46,0.1197,3.0089,2.6009,2.83,25.14,1324,90
Ex 3 day 08,6,47,0.1197,3.1366,2.0907,3.3,26.21,1355,72
Ex 3 day 08,6,48,0.1197,2.1142,1.7955,2.83,17.67,1327,127
Ex 3 day 08,6,49,0.1197,1.474,1.2817,2.83,12.32,1340,83
Ex 3 day 08,6,50,0.1197,2.057,1.7867,2.83,17.19,1345,89
Ex 3 day 08,6,51,0.1197,1.7217,1.5491,2.83,14.39,1355,94
Ex 3 day 08,6,52,0.1197,2.3545,1.7722,2.83,19.67,1359,128
Ex 3 day 08,6,53,0.1197,2.1348,1.7417,3.77,17.84,1323,138
Ex 3 day 08,6,54,0.1197,1.2722,1.0425,2.83,10.63,1387,109
Ex 3 day 08,8,55,0.148,3.256,2.4319,3.3,22.0,1043,112
Ex 3 day 08,8,56,0.148,2.4495,1.8861,3.77,16.55,1043,137
Ex 3 day 08,8,57,0.148,3.2207,2.2707,3.3,21.76,1019,104
Ex 3 day 08,8,58,0.148,2.8669,2.4807,2.83,19.37,1087,103
Ex 3 day 08,8,59,0.148,2.3924,2.0584,2.83,16.17,1035,85
Ex 3 day 08,8,60,0.148,2.967,2.3283,2.83,20.05,1062,110
Ex 3 day 08,8,61,0.148,2.8325,1.9816,3.3,19.14,1059,99
Ex 3 day 08,8,62,0.148,2.4069,1.3825,5.19,16.26,1017,132
Ex 3 day 08,8,63,0.148,2.4616,2.1603,2.83,16.63,1030,155
Ex 3 day 08,9,64,0.0788,3.646,3.1725,2.83,46.25,685,105
Ex 3 day 08,9,65,0.0788,2.7174,2.2017,2.83,34.47,718,120
Ex 3 day 08,9,66,0.0788,2.1789,1.5329,3.3,27.64,708,107
Ex 3 day 08,12,67,0.1978,4.3396,3.6956,2.83,21.94,887,169
Ex 3 day 08,12,68,0.1978,2.4399,1.6445,4.71,12.33,847,151
Ex 3 day 08,12,69,0.1978,1.8521,1.568,3.77,9.36,883,187
Ex 3 day 08,12,70,0.1978,2.076,1.6028,3.77,10.49,871,186
Ex 3 day 08,12,71,0.1978,2.3233,1.783,3.3,11.75,869,158
Ex 3 day 08,13,72,0.1277,3.3024,2.9296,2.83,25.86,1387,160
Ex 3 day 08,13,73,0.1277,2.739,2.2926,2.83,21.45,1372,185
Ex 3 day 08,13,74,0.1277,2.0976,1.5713,2.83,16.43,1391,175
Ex 3 day 08,13,75,0.1277,2.7115,1.9803,3.3,21.23,1377,209
Ex 3 day 08,13,76,0.1277,2.1779,1.5631,4.24,17.05,1391,197
Ex 3 day 08,13,77,0.1277,2.2313,1.7742,2.83,17.47,1374,164
Ex 3 day 08,14,78,0.1271,3.5662,2.3984,4.24,28.07,670,233
Ex 3 day 08,14,79,0.1271,3.9926,3.0974,2.83,31.42,625,236
Ex 3 day 08,14,80,0.1271,2.3612,1.5676,3.3,18.58,623,225
Ex 3 day 08,14,81,0.1271,2.4123,1.3279,4.24,18.99,643,248
Ex 3 day 08,14,82,0.1271,1.9876,1.6158,2.83,15.64,644,260
Ex 3 day 08,15,83,0.1661,3.3036,2.0833,4.24,19.89,1060,272
Ex 3 day 08,15,84,0.1661,3.3047,2.4798,3.77,19.89,1031,290
Ex 3 day 08,15,85,0.1661,3.1797,2.0399,3.3,19.14,1040,272
Ex 3 day 08,15,86,0.1661,2.0931,1.4556,4.24,12.6,1045,249
Ex 3 day 08,15,87,0.1661,2.4654,2.1532,2.83,14.84,1032,241
Ex 3 day 08,15,88,0.1661,1.9341,1.2335,3.3,11.64,1050,262
Ex 3 day 08,15,89,0.1661,2.1488,1.7722,2.83,12.94,1045,282
Ex 3 day 08,15,90,0.1661,2.0465,1.7865,2.83,12.32,1031,259
Ex 3 day 08,16,91,0.1685,2.4495,1.8672,3.3,14.54,949,253
Ex 3 day 08,16,92,0.1685,2.5233,1.7476,3.3,14.98,963,253
Ex 3 day 08,16,93,0.1685,2.4781,1.9766,3.77,14.71,950,279
Ex 3 day 08,17,94,0.1604,4.643,3.9206,2.83,28.95,322,293
Ex 3 day 08,17,95,0.1604,2.6256,1.8517,3.3,16.37,316,275
Ex 3 day 08,17,96,0.1604,2.1179,1.1461,6.13,13.21,373,295
Ex 3 day 08,17,97,0.1604,2.0427,1.8273,2.83,12.74,348,303
Ex 3 day 08,18,98,0.1801,2.3717,1.9411,2.83,13.17,543,310
Ex 3 day 08,18,99,0.1801,3.1057,2.4183,2.83,17.24,529,268
Ex 3 day 08,18,100,0.1801,2.1117,1.4221,3.3,11.72,530,313
Ex 3 day 08,18,101,0.1801,1.7049,1.5269,3.77,9.47,513,312
Ex 3 day 08,18,102,0.1801,2.167,1.7972,2.83,12.03,553,312
Ex 3 day 08,18,103,0.1801,2.0147,1.518,4.71,11.19,547,298
Ex 3 day 08,18,104,0.1801,2.3973,2.0064,2.83,13.31,512,278
Ex 3 day 08,18,105,0.1801,1.5384,1.083,2.83,8.54,540,277
Ex 3 day 08,18,106,0.1801,2.0147,1.5771,4.24,11.19,530,289
Ex 3 day 08,18,107,0.1801,1.6239,1.067,2.83,9.02,527,305
Ex 3 day 08,18,108,0.1801,1.5131,1.2157,2.83,8.4,538,268
Ex 3 day 08,19,109,0.2159,3.4613,2.8447,2.83,16.03,446,305
Ex 3 day 08,19,110,0.2159,2.9973,2.0977,3.3,13.88,440,321
Ex 3 day 08,19,111,0.2159,2.4559,2.1367,2.83,11.37,459,316
Ex 3 day 08,19,112,0.2159,2.4697,2.1161,2.83,11.44,468,320
Ex 3 day 08,20,113,0.1837,3.5081,3.1131,2.83,19.1,1208,316
Ex 3 day 08,20,114,0.1837,2.8261,2.5159,2.83,15.39,1187,357
Ex 3 day 08,20,115,0.1837,2.5693,2.1804,2.83,13.99,1197,345
Ex 3 day 08,20,116,0.1837,2.555,2.1831,2.83,13.91,1218,335
Ex 3 day 08,20,117,0.1837,1.9029,1.5073,2.83,10.36,1193,325
Ex 3 day 08,20,118,0.1837,2.5502,2.2146,2.83,13.88,1181,381
Ex 3 day 08,20,119,0.1837,2.1641,1.6508,2.83,11.78,1176,332
Ex 3 day 08,20,120,0.1837,2.052,1.4497,3.77,11.17,1163,375
Ex 3 day 08,20,121,0.1837,1.9138,1.3983,2.83,10.42,1187,319
Ex 3 day 08,20,122,0.1837,2.5379,1.4978,3.77,13.82,1155,360
Ex 3 day 08,20,123,0.1837,1.8104,1.4676,2.83,9.86,1201,329
Ex 3 day 08,21,124,0.2022,3.1804,2.5797,2.83,15.73,756,382
Ex 3 day 08,21,125,0.2022,2.3313,1.8043,3.77,11.53,743,327
Ex 3 day 08,21,126,0.2022,2.3559,1.9202,2.83,11.65,755,360
Ex 3 day 08,21,127,0.2022,2.3974,1.4464,4.24,11.85,709,382
Ex 3 day 08,21,128,0.2022,2.5461,1.9425,2.83,12.59,756,368
Ex 3 day 08,21,129,0.2022,1.9957,1.747,2.83,9.87,747,373
Ex 3 day 08,22,130,0.3044,2.519,2.2833,2.83,8.27,1297,386
Ex 3 day 08,23,131,0.2077,3.3018,1.9817,3.3,15.9,964,456
Ex 3 day 08,23,132,0.2077,2.0457,1.6625,2.83,9.85,963,435
Ex 3 day 08,23,133,0.2077,2.5066,2.2087,2.83,12.07,977,465
Ex 3 day 08,23,134,0.2077,2.0055,1.5922,4.24,9.65,974,441
Ex 3 day 08,23,135,0.2077,1.9074,1.6906,4.71,9.18,946,420
Ex 3 day 08,23,136,0.2077,1.8358,1.3002,5.19,8.84,965,422
Ex 3 day 08,23,137,0.2077,2.4761,2.0356,2.83,11.92,966,406
Ex 3 day 08,24,138,0.2093,3.6527,2.703,3.77,17.45,287,462
Ex 3 day 08,24,139,0.2093,2.8355,2.0684,3.3,13.55,256,448
Ex 3 day 08,24,140,0.2093,2.1777,1.5396,3.3,10.4,269,454
Ex 3 day 08,24,141,0.2093,2.4848,1.7627,3.3,11.87,263,430
Ex 3 day 08,24,142,0.2093,2.389,1.6282,3.77,11.41,283,440
Ex 3 day 08,25,143,0.1216,5.0143,3.3762,3.3,41.24,767,470
Ex 3 day 08,25,144,0.1216,3.9948,3.467,2.83,32.86,765,506
Ex 3 day 08,25,145,0.1216,4.0183,2.7088,3.3,33.05,804,481
Ex 3 day 08,25,146,0.1216,1.9857,1.6528,4.24,16.33,783,452
Ex 3 day 08,25,147,0.1216,2.9888,1.8402,4.24,24.58,748,474
Ex 3 day 08,25,148,0.1216,2.139,1.4442,5.19,17.59,801,456
Ex 3 day 08,25,149,0.1216,2.0216,1.3816,3.3,16.63,789,468
Ex 3 day 08,25,150,0.1216,2.1323,1.8109,2.83,17.54,774,452
Ex 3 day 08,26,151,0.1227,4.1618,2.8191,3.3,33.91,1201,533
Ex 3 day 08,26,152,0.1227,3.7833,2.6889,3.3,30.83,1185,527
Ex 3 day 08,26,153,0.1227,3.3903,2.8726,2.83,27.63,1186,539
Ex 3 day 08,26,154,0.1227,3.5167,3.0155,2.83,28.66,1189,552
Ex 3 day 08,26,155,0.1227,2.8265,2.3951,2.83,23.03,1216,540
Ex 3 day 08,26,156,0.1227,3.1495,2.6842,2.83,25.66,1158,504
Ex 3 day 08,26,157,0.1227,2.3448,1.8144,2.83,19.11,1215,518
Ex 3 day 08,26,158,0.1227,2.5669,1.7575,3.3,20.92,1219,554
Ex 3 day 08,26,159,0.1227,2.4057,1.957,2.83,19.6,1171,512
Ex 3 day 08,26,160,0.1227,2.4371,1.8486,3.77,19.86,1228,539
Ex 3 day 08,26,161,0.1227,2.0704,1.6217,2.83,16.87,1206,555
Ex 3 day 08,27,162,0.2061,3.4932,2.9596,2.83,16.95,652,514
Ex 3 day 08,27,163,0.2061,3.1451,2.2041,3.3,15.26,634,487
Ex 3 day 08,27,164,0.2061,2.4509,1.8537,3.3,11.89,642,501
Ex 3 day 08,27,165,0.2061,2.6427,2.225,2.83,12.82,664,539
Ex 3 day 08,27,166,0.2061,1.18,1.4355,4.71,5.73,669,513
Ex 3 day 08,27,167,0.2061,2.1413,1.4363,2.83,10.39,648,494
Ex 3 day 08,27,168,0.2061,2.0622,1.6396,2.83,10.01,621,530
Ex 3 day 08,28,169,0.1267,3.7589,2.4278,4.24,29.68,510,525
Ex 3 day 08,28,170,0.1267,2.7809,2.1297,3.3,21.96,499,547
Ex 3 day 08,28,171,0.1267,2.0654,1.698,3.77,16.31,489,531
Ex 3 day 08,28,172,0.1267,2.8138,2.1387,2.83,22.22,472,534
Ex 3 day 08,28,173,0.1267,2.1617,1.6978,2.83,17.07,486,542
Ex 3 day 08,28,174,0.1267,1.8217,1.4635,2.83,14.38,483,522
Ex 3 day 08,29,175,0.2301,4.0806,2.8637,3.3,17.74,1271,569
Ex 3 day 08,29,176,0.2301,1.8419,1.7228,4.71,8.01,1281,546
Ex 3 day 08,30,177,0.1614,2.9931,2.6151,2.83,18.54,922,553
Ex 3 day 08,30,178,0.1614,2.9078,2.473,2.83,18.01,897,580
Ex 3 day 08,30,179,0.1614,2.6299,2.1928,2.83,16.29,934,554
Ex 3 day 08,30,180,0.1614,2.2743,1.3011,4.24,14.09,930,569
Ex 3 day 08,30,181,0.1614,1.6677,1.2502,4.24,10.33,916,569
Ex 3 day 08,30,182,0.1614,1.6931,1.3481,5.19,10.49,921,585
Ex 3 day 08,31,183,0.2676,3.1041,2.3992,2.83,11.6,1066,608
Ex 3 day 08,31,184,0.2676,2.2724,1.917,2.83,8.49,1078,625
Ex 3 day 08,31,185,0.2676,2.2523,1.721,2.83,8.42,1085,620
Ex 3 day 08,32,186,0.2227,1.9205,1.5767,2.83,8.62,592,641
Ex 3 day 08,33,187,0.1725,3.4241,2.5123,3.77,19.85,656,711
Ex 3 day 08,33,188,0.1725,1.7557,1.4985,2.83,10.18,670,677
Ex 3 day 08,33,189,0.1725,0.625,1.4624,5.19,3.62,646,674
Ex 3 day 08,33,190,0.1725,2.0081,1.673,2.83,11.64,658,681
Ex 3 day 08,33,191,0.1725,2.4519,1.9038,3.77,14.22,629,698
Ex 3 day 08,33,192,0.1725,2.3176,1.3355,3.3,13.44,660,662
Ex 3 day 08,33,193,0.1725,1.76,1.3986,4.71,10.21,671,659
Ex 3 day 08,33,194,0.1725,2.0129,1.7355,2.83,11.67,670,665
Ex 3 day 08,33,195,0.1725,1.6832,1.3898,5.66,9.76,646,646
Ex 3 day 08,34,196,0.2161,3.3038,2.7355,2.83,15.29,395,685
Ex 3 day 08,34,197,0.2161,3.1149,2.2643,3.3,14.41,416,678
Ex 3 day 08,34,198,0.2161,2.3953,1.6874,2.83,11.08,400,689
Ex 3 day 08,34,199,0.2161,1.398,1.3548,4.71,6.47,391,699
Ex 3 day 08,34,200,0.2161,2.0994,1.5856,2.83,9.72,403,675
Ex 3 day 08,35,201,0.2056,3.3678,2.5353,2.83,16.38,1278,696
Ex 3 day 08,35,202,0.2056,2.5127,1.4114,4.24,12.22,1281,679
Ex 3 day 08,35,203,0.2056,2.3232,1.9954,2.83,11.3,1312,681
Ex 3 day 08,35,204,0.2056,2.5102,2.0514,2.83,12.21,1271,662
Ex 3 day 08,35,205,0.2056,1.8062,1.4959,2.83,8.78,1307,690
Ex 3 day 08,36,206,0.1474,2.5159,1.7446,4.24,17.07,1126,672
Ex 3 day 08,36,207,0.1474,2.8931,2.4589,2.83,19.63,1157,679
Ex 3 day 08,36,208,0.1474,2.0783,1.7292,2.83,14.1,1174,694
Ex 3 day 08,36,209,0.1474,2.6575,2.2337,2.83,18.03,1176,677
Ex 3 day 08,36,210,0.1474,2.4412,2.0259,2.83,16.56,1151,719
Ex 3 day 08,36,211,0.1474,1.0093,1.1962,3.77,6.85,1144,680
Ex 3 day 08,36,212,0.1474,1.7045,1.5013,2.83,11.56,1143,670
Ex 3 day 08,36,213,0.1474,1.6024,1.3687,4.71,10.87,1155,697
Ex 3 day 08,36,214,0.1474,2.5963,2.1276,2.83,17.61,1165,712
Ex 3 day 08,36,215,0.1474,1.452,0.9864,3.3,9.85,1139,699
Ex 3 day 08,36,216,0.1474,1.9381,1.5257,3.77,13.15,1160,672
Ex 3 day 08,37,217,0.1515,3.0487,1.9738,4.24,20.12,503,700
Ex 3 day 08,37,218,0.1515,2.6176,2.2349,2.83,17.28,542,695
Ex 3 day 08,37,219,0.1515,2.5542,2.2236,2.83,16.86,539,705
Ex 3 day 08,37,220,0.1515,2.7149,2.1537,2.83,17.92,519,694
Ex 3 day 08,37,221,0.1515,2.2879,1.7446,2.83,15.1,515,680
Ex 3 day 08,37,222,0.1515,2.3751,1.9323,2.83,15.68,526,701
Ex 3 day 08,38,223,0.2126,2.8714,2.1502,3.3,13.51,879,695
Ex 3 day 08,38,224,0.2126,2.7394,2.3672,2.83,12.89,890,705
Ex 3 day 08,38,225,0.2126,2.5828,1.9078,3.3,12.15,871,717
Ex 3 day 08,38,226,0.2126,2.102,1.666,3.77,9.89,884,721
Ex 3 day 08,38,227,0.2126,2.1746,1.589,3.3,10.23,915,737
Ex 3 day 08,38,228,0.2126,2.3113,1.7084,3.3,10.87,896,718
Ex 3 day 08,38,229,0.2126,2.0039,1.6876,2.83,9.43,871,725
Ex 3 day 08,38,230,0.2126,2.5564,1.8816,3.77,12.02,882,749
Ex 3 day 08,39,231,0.2207,3.1029,2.6873,2.83,14.06,1019,727
Ex 3 day 08,39,232,0.2207,2.2051,1.7723,3.3,9.99,1028,717
Ex 3 day 08,39,233,0.2207,2.7699,2.356,2.83,12.55,1025,758
Ex 3 day 08,39,234,0.2207,1.9752,1.5811,2.83,8.95,1013,744
Ex 3 day 08,39,235,0.2207,2.3278,1.9591,2.83,10.55,1055,715
Ex 3 day 08,39,236,0.2207,1.5931,1.3154,2.83,7.22,1043,709
Ex 3 day 08,40,237,0.2127,2.4721,1.966,3.77,11.62,1175,763
Ex 3 day 08,40,238,0.2127,1.9956,1.7099,3.77,9.38,1200,773
Ex 3 day 08,41,239,0.1882,3.2313,2.6629,2.83,17.17,580,774
Ex 3 day 08,41,240,0.1882,3.3381,2.8715,2.83,17.74,605,796
Ex 3 day 08,41,241,0.1882,2.3648,1.5209,5.19,12.57,618,824
Ex 3 day 08,41,242,0.1882,2.212,1.7337,4.71,11.76,581,801
Ex 3 day 08,41,243,0.1882,1.8222,1.3738,3.77,9.68,595,783
Ex 3 day 08,41,244,0.1882,2.3486,2.0114,2.83,12.48,629,804
Ex 3 day 08,42,245,0.1945,2.4723,1.7832,4.24,12.71,418,840
Ex 3 day 08,42,246,0.1945,2.944,2.4925,2.83,15.14,401,816
Ex 3 day 08,42,247,0.1945,2.3944,2.0171,2.83,12.31,385,803
Ex 3 day 08,42,248,0.1945,1.8297,1.5074,2.83,9.41,404,834
Ex 3 day 08,42,249,0.1945,1.9382,1.5341,4.24,9.96,405,801
Ex 3 day 08,42,250,0.1945,1.848,1.4652,3.3,9.5,396,778
Ex 3 day 08,42,251,0.1945,2.3341,1.6012,3.77,12.0,417,824
Ex 3 day 08,43,252,0.2433,3.111,2.0668,3.77,12.78,1251,829
Ex 3 day 08,43,253,0.2433,2.5474,2.0825,2.83,10.47,1239,834
Ex 3 day 08,43,254,0.2433,2.6135,2.2617,2.83,10.74,1244,813
Ex 3 day 08,43,255,0.2433,1.9461,1.5675,4.71,8.0,1254,851
Ex 3 day 08,43,256,0.2433,2.611,2.1804,2.83,10.73,1243,804
Ex 3 day 08,44,257,0.2325,3.0172,2.6326,2.83,12.98,1041,841
Ex 3 day 08,44,258,0.2325,3.0932,2.5478,2.83,13.3,1039,828
Ex 3 day 08,44,259,0.2325,2.25,1.8069,2.83,9.68,1039,852
Ex 3 day 08,44,260,0.2325,2.0649,1.3858,5.66,8.88,1026,808
Ex 3 day 08,44,261,0.2325,2.117,1.0127,7.07,9.11,1011,827
Ex 3 day 08,45,262,0.1249,2.7124,1.997,3.3,21.71,1125,935
Ex 3 day 08,45,263,0.1249,2.4446,1.9199,2.83,19.57,1109,965
Ex 3 day 08,45,264,0.1249,2.524,2.1416,2.83,20.2,1110,956
Ex 3 day 08,45,265,0.1249,2.4941,2.0112,2.83,19.96,1147,956
Ex 3 day 08,45,266,0.1249,2.6959,2.1567,2.83,21.58,1111,950
Ex 3 day 08,45,267,0.1249,2.1694,1.7553,2.83,17.36,1132,965
Ex 3 day 08,45,268,0.1249,2.0232,1.7928,2.83,16.19,1095,951
Ex 3 day 08,45,269,0.1249,2.178,1.7841,2.83,17.43,1133,954
Ex 3 day 08,45,270,0.1249,2.421,1.9199,2.83,19.38,1130,950
Ex 3 day 08,46,271,0.1927,2.6625,1.7035,3.3,13.82,1301,958
Ex 3 day 08,46,272,0.1927,2.256,1.949,3.77,11.71,1255,946
Ex 3 day 08,46,273,0.1927,1.7486,1.655,3.77,9.08,1285,955
Ex 3 day 08,46,274,0.1927,2.2313,1.7667,2.83,11.58,1259,952
Ex 3 day 08,46,275,0.1927,2.3173,2.0469,2.83,12.03,1276,954
Ex 3 day 08,46,276,0.1927,1.8133,1.5465,2.83,9.41,1298,971
Ex 3 day 08,46,277,0.1927,1.7115,1.3442,2.83,8.88,1274,919
Ex 3 day 08,46,278,0.1927,2.2509,1.7391,2.83,11.68,1259,960
Ex 3 day 08,46,279,0.1927,2.2248,1.5347,2.83,11.55,1270,962
Ex 3 day 08,46,280,0.1927,2.3139,1.8852,2.83,12.01,1264,929
Ex 3 day 08,46,281,0.1927,2.0912,1.7655,2.83,10.85,1271,931
Ex 3 day 08,47,282,0.21,3.2336,2.6902,2.83,15.4,803,939
Ex 3 day 08,47,283,0.21,2.2591,1.836,3.3,10.76,835,962
Ex 3 day 08,47,284,0.21,2.1854,1.565,5.19,10.41,803,971
Ex 3 day 08,47,285,0.21,2.4438,1.827,3.3,11.64,785,953
Ex 3 day 08,47,286,0.21,2.2397,1.8105,2.83,10.67,820,968
Ex 3 day 08,48,287,0.1078,4.6822,3.5728,2.83,43.43,633,1039
Ex 3 day 08,48,288,0.1078,4.9352,3.48,2.83,45.78,657,1008
Ex 3 day 08,48,289,0.1078,3.2182,2.5904,2.83,29.85,617,969
Ex 3 day 08,48,290,0.1078,3.5613,2.723,2.83,33.03,615,1039
Ex 3 day 08,48,291,0.1078,3.2472,2.4148,2.83,30.12,654,991
Ex 3 day 08,48,292,0.1078,2.9878,2.5683,2.83,27.71,623,989
Ex 3 day 08,48,293,0.1078,2.2103,1.6773,2.83,20.5,654,1033
Ex 3 day 08,48,294,0.1078,2.5919,1.9785,2.83,24.04,605,971
Ex 3 day 08,48,295,0.1078,1.9874,1.7158,2.83,18.43,635,1002
Ex 3 day 08,48,296,0.1078,1.9756,1.3167,2.83,18.32,612,988
Ex 3 day 08,48,297,0.1078,2.3172,1.7698,2.83,21.49,643,999
Ex 3 day 08,48,298,0.1078,1.5037,1.3308,5.19,13.95,624,1013
Ex 3 day 08,48,299,0.1078,1.1595,1.1371,3.3,10.75,603,983
Ex 3 day 08,48,300,0.1078,2.8967,2.1582,2.83,26.87,604,1000
Ex 3 day 08,48,301,0.1078,2.0537,1.6926,2.83,19.05,628,965
Ex 3 day 08,48,302,0.1078,1.7085,1.3275,2.83,15.85,583,975
Ex 3 day 08,48,303,0.1078,2.6931,1.8263,2.83,24.98,627,1039
Ex 3 day 08,48,304,0.1078,0.9005,0.7215,3.3,8.35,638,1027
Ex 3 day 08,48,305,0.1078,2.1176,1.5555,2.83,19.64,576,992
Ex 3 day 08,48,306,0.1078,2.1013,1.7186,2.83,19.49,654,964
Ex 3 day 08,48,307,0.1078,1.9437,1.703,2.83,18.03,593,1003
Ex 3 day 08,49,308,0.1173,3.7008,2.8749,3.77,31.55,1015,1015
Ex 3 day 08,49,309,0.1173,2.1292,1.4873,2.83,18.15,977,1039
Ex 3 day 08,49,310,0.1173,1.6254,1.1282,2.83,13.86,1017,1039
Ex 3 day 08,49,311,0.1173,2.2481,1.5957,2.83,19.16,988,1039
Ex 3 day 08,49,312,0.1173,1.8588,1.4895,2.83,15.84,992,1034
Ex 3 day 08,49,313,0.1173,2.0946,1.8891,3.3,17.85,988,1008
Ex 3 day 08,49,314,0.1173,1.599,1.3131,2.83,13.63,999,1022
Ex 3 day 09,1,1,0.1783,3.9213,2.8477,3.3,21.99,401,29
Ex 3 day 09,1,2,0.1783,2.9972,2.1612,3.3,16.81,386,14
Ex 3 day 09,1,3,0.1783,2.7346,2.259,2.83,15.34,440,12
Ex 3 day 09,1,4,0.1783,2.091,1.4423,3.3,11.73,403,11
Ex 3 day 09,1,5,0.1783,2.1541,1.6611,3.77,12.08,406,46
Ex 3 day 09,1,6,0.1783,1.8293,1.4278,2.83,10.26,436,23
Ex 3 day 09,1,7,0.1783,2.2496,1.7719,2.83,12.62,433,38
Ex 3 day 09,1,8,0.1783,1.2378,1.3523,4.71,6.94,422,29
Ex 3 day 09,2,9,0.1816,3.4118,2.6705,2.83,18.79,1097,46
Ex 3 day 09,2,10,0.1816,2.5396,2.328,2.83,13.99,1074,78
Ex 3 day 09,2,11,0.1816,3.1139,2.5373,2.83,17.15,1067,53
Ex 3 day 09,2,12,0.1816,2.7699,2.2497,2.83,15.26,1102,67
Ex 3 day 09,2,13,0.1816,2.937,2.1397,2.83,16.18,1083,70
Ex 3 day 09,2,14,0.1816,2.3825,1.9332,2.83,13.12,1079,55
Ex 3 day 09,2,15,0.1816,2.3488,1.8308,2.83,12.94,1064,92
Ex 3 day 09,2,16,0.1816,0.9583,1.5195,4.24,5.28,1091,84
Ex 3 day 09,2,17,0.1816,2.2798,1.8515,2.83,12.56,1057,65
Ex 3 day 09,2,18,0.1816,1.6732,1.3995,2.83,9.22,1092,67
Ex 3 day 09,3,19,0.1543,3.4399,3.0156,2.83,22.29,761,107
Ex 3 day 09,3,20,0.1543,3.6302,3.1055,2.83,23.53,777,134
Ex 3 day 09,3,21,0.1543,2.8624,2.4745,2.83,18.55,771,119
Ex 3 day 09,3,22,0.1543,2.5229,1.6886,4.71,16.35,778,152
Ex 3 day 09,3,23,0.1543,2.3285,2.0878,2.83,15.09,807,130
Ex 3 day 09,4,24,0.1842,3.1011,2.4359,3.77,16.84,360,196
Ex 3 day 09,4,25,0.1842,2.6821,1.629,4.24,14.56,347,215
Ex 3 day 09,4,26,0.1842,2.2863,1.5356,5.19,12.41,363,222
Ex 3 day 09,4,27,0.1842,1.7702,1.4584,4.71,9.61,342,192
Ex 3 day 09,4,28,0.1842,1.852,1.7603,4.71,10.05,363,175
Ex 3 day 09,4,29,0.1842,1.9164,1.678,2.83,10.4,327,187
Ex 3 day 09,4,30,0.1842,2.1149,1.5104,2.83,11.48,328,196
Ex 3 day 09,5,31,0.1863,2.3783,1.9294,2.83,12.77,1047,198
Ex 3 day 09,5,32,0.1863,2.4732,2.0471,2.83,13.28,1060,210
Ex 3 day 09,5,33,0.1863,1.7908,1.538,2.83,9.61,1047,229
Ex 3 day 09,5,34,0.1863,1.7448,1.3662,3.3,9.37,1056,238
Ex 3 day 09,5,35,0.1863,2.0962,1.7195,2.83,11.25,1059,201
Ex 3 day 09,5,36,0.1863,1.9721,1.4729,2.83,10.59,1058,223
Ex 3 day 09,5,37,0.1863,2.2872,1.8954,2.83,12.28,1046,215
Ex 3 day 09,5,38,0.1863,2.3659,1.6449,3.3,12.7,1028,221
Ex 3 day 09,6,39,0.0184,3.3202,2.5151,2.83,180.53,603,256
Ex 3 day 09,6,40,0.0184,2.4313,2.015,2.83,132.2,633,250
Ex 3 day 09,6,41,0.0184,1.4728,1.1245,2.83,80.08,579,257
Ex 3 day 09,6,42,0.0184,1.8252,1.4104,2.83,99.24,564,265
Ex 3 day 09,6,43,0.0184,2.3455,1.7127,2.83,127.53,591,255
Ex 3 day 09,6,44,0.0184,2.606,1.8207,2.83,141.69,597,262
Ex 3 day 09,6,45,0.0184,2.4453,1.8456,2.83,132.96,553,256
Ex 3 day 09,6,46,0.0184,1.5453,1.1721,2.83,84.02,583,251
Ex 3 day 09,6,47,0.0184,1.3525,1.0738,2.83,73.54,611,259
Ex 3 day 09,6,48,0.0184,1.7594,1.1196,2.83,95.66,622,251
Ex 3 day 09,7,49,0.1125,2.8751,2.5749,2.83,25.55,664,284
Ex 3 day 09,7,50,0.1125,3.1019,2.2777,3.3,27.56,621,269
Ex 3 day 09,7,51,0.1125,2.7382,2.4057,2.83,24.33,636,305
Ex 3 day 09,7,52,0.1125,2.5456,1.9227,4.71,22.62,658,307
Ex 3 day 09,7,53,0.1125,2.7862,2.0616,2.83,24.76,635,291
Ex 3 day 09,7,54,0.1125,2.1542,1.8397,2.83,19.14,643,295
Ex 3 day 09,7,55,0.1125,2.2173,1.784,3.3,19.7,604,282
Ex 3 day 09,7,56,0.1125,3.0771,2.2664,2.83,27.34,604,290
Ex 3 day 09,7,57,0.1125,2.1371,1.7988,2.83,18.99,618,286
Ex 3 day 09,7,58,0.1125,1.7304,1.5187,2.83,15.38,651,292
Ex 3 day 09,7,59,0.1125,2.0012,1.5939,2.83,17.78,650,269
Ex 3 day 09,7,60,0.1125,1.8687,1.5056,2.83,16.61,635,274
Ex 3 day 09,7,61,0.1125,2.2913,1.7966,2.83,20.36,625,297
Ex 3 day 09,7,62,0.1125,1.2905,1.3094,4.24,11.47,650,276
Ex 3 day 09,7,63,0.1125,2.0278,1.7331,2.83,18.02,673,284
Ex 3 day 09,7,64,0.1125,1.2573,1.2438,3.3,11.17,647,260
Ex 3 day 09,8,65,0.1326,3.9163,2.8205,2.83,29.53,777,320
Ex 3 day 09,8,66,0.1326,2.5182,2.3431,2.83,18.99,790,330
Ex 3 day 09,8,67,0.1326,3.0671,2.6081,2.83,23.12,782,297
Ex 3 day 09,8,68,0.1326,1.5913,1.4683,4.24,12.0,770,288
Ex 3 day 09,8,69,0.1326,2.1917,1.5704,2.83,16.52,759,333
Ex 3 day 09,8,70,0.1326,2.2861,1.6406,3.3,17.24,771,307
Ex 3 day 09,8,71,0.1326,2.2887,1.8436,2.83,17.26,794,286
Ex 3 day 09,8,72,0.1326,2.2136,1.7163,2.83,16.69,806,294
Ex 3 day 09,8,73,0.1326,1.6677,1.1934,2.83,12.57,765,339
Ex 3 day 09,8,74,0.1326,2.3942,1.9027,2.83,18.05,777,277
Ex 3 day 09,8,75,0.1326,2.1575,1.7769,2.83,16.27,793,318
Ex 3 day 09,8,76,0.1326,1.7811,1.2062,3.3,13.43,762,304
Ex 3 day 09,8,77,0.1326,1.464,1.359,3.77,11.04,799,312
Ex 3 day 09,8,78,0.1326,1.6099,1.2786,2.83,12.14,793,300
Ex 3 day 09,8,79,0.1326,1.6867,1.3257,2.83,12.72,773,301
Ex 3 day 09,9,80,0.1062,3.9236,3.0062,2.83,36.93,468,330
Ex 3 day 09,9,81,0.1062,3.5985,2.3145,4.24,33.87,523,345
Ex 3 day 09,9,82,0.1062,2.9147,2.4059,2.83,27.43,497,329
Ex 3 day 09,9,83,0.1062,2.2191,1.6859,2.83,20.89,482,338
Ex 3 day 09,9,84,0.1062,2.4019,1.9284,2.83,22.61,480,324
Ex 3 day 09,9,85,0.1062,2.1225,1.5567,2.83,19.98,500,337
Ex 3 day 09,9,86,0.1062,1.533,1.1641,2.83,14.43,490,345
Ex 3 day 09,9,87,0.1062,2.0151,1.715,2.83,18.97,494,361
Ex 3 day 09,9,88,0.1062,2.1385,1.526,2.83,20.13,509,362
Ex 3 day 09,9,89,0.1062,1.6631,1.4141,4.71,15.65,499,325
Ex 3 day 09,10,90,0.0995,3.4683,2.5879,3.77,34.87,443,370
Ex 3 day 09,10,91,0.0995,3.3833,2.5035,3.3,34.01,407,371
Ex 3 day 09,10,92,0.0995,2.7467,2.352,2.83,27.61,408,350
Ex 3 day 09,10,93,0.0995,3.0112,1.7948,4.71,30.27,422,400
Ex 3 day 09,10,94,0.0995,2.5696,2.0781,2.83,25.83,427,372
Ex 3 day 09,10,95,0.0995,2.5563,2.1795,2.83,25.7,389,389
Ex 3 day 09,10,96,0.0995,2.528,2.108,2.83,25.42,387,360
Ex 3 day 09,10,97,0.0995,2.112,1.7518,2.83,21.23,391,376
Ex 3 day 09,10,98,0.0995,2.0471,1.6894,3.77,20.58,443,405
Ex 3 day 09,10,99,0.0995,1.9795,1.6013,2.83,19.9,410,399
Ex 3 day 09,10,100,0.0995,2.2464,1.5456,3.3,22.58,449,384
Ex 3 day 09,12,101,0.0328,4.3165,2.9772,3.3,131.5,775,412
Ex 3 day 09,12,102,0.0328,4.3861,3.7947,2.83,133.62,806,429
Ex 3 day 09,12,103,0.0328,3.0583,2.6192,2.83,93.17,831,425
Ex 3 day 09,12,104,0.0328,2.7901,1.9085,3.77,85.0,797,407
Ex 3 day 09,12,105,0.0328,2.6888,2.2906,2.83,81.91,822,413
Ex 3 day 09,12,106,0.0328,1.7795,1.4844,2.83,54.21,810,410
Ex 3 day 09,12,107,0.0328,2.2962,1.6663,3.3,69.95,793,445
Ex 3 day 09,12,108,0.0328,2.3102,1.9247,2.83,70.38,776,428
Ex 3 day 09,12,109,0.0328,1.9556,1.6167,2.83,59.58,810,395
Ex 3 day 09,13,110,0.0907,3.8951,3.3281,2.83,42.94,1092,406
Ex 3 day 09,13,111,0.0907,2.8874,2.5186,2.83,31.83,1092,415
Ex 3 day 09,13,112,0.0907,2.65,1.9283,3.3,29.21,1078,417
Ex 3 day 09,13,113,0.0907,2.896,2.4755,2.83,31.92,1111,437
Ex 3 day 09,13,114,0.0907,2.663,2.0995,3.3,29.35,1096,442
Ex 3 day 09,13,115,0.0907,2.4665,2.0778,2.83,27.19,1091,427
Ex 3 day 09,13,116,0.0907,2.5161,1.7048,3.3,27.73,1069,438
Ex 3 day 09,13,117,0.0907,2.1825,1.7778,3.77,24.06,1099,453
Ex 3 day 09,13,118,0.0907,2.1891,1.9356,2.83,24.13,1120,433
Ex 3 day 09,14,119,0.1274,2.3283,1.7108,3.3,18.27,976,455
Ex 3 day 09,14,120,0.1274,2.2887,1.9485,2.83,17.96,948,421
Ex 3 day 09,14,121,0.1274,1.6583,1.2619,3.3,13.02,973,426
Ex 3 day 09,15,122,0.089,4.1465,3.3728,2.83,46.59,647,494
Ex 3 day 09,15,123,0.089,3.0116,2.074,3.3,33.84,627,494
Ex 3 day 09,15,124,0.089,2.7723,2.4372,2.83,31.15,640,433
Ex 3 day 09,15,125,0.089,2.5907,1.8058,3.3,29.11,608,428
Ex 3 day 09,15,126,0.089,2.5181,2.292,2.83,28.29,624,466
Ex 3 day 09,15,127,0.089,2.6221,1.9288,3.3,29.46,654,433
Ex 3 day 09,15,128,0.089,2.1721,1.6302,3.3,24.41,624,444
Ex 3 day 09,15,129,0.089,1.681,1.0988,3.3,18.89,633,483
Ex 3 day 09,15,130,0.089,1.7747,1.5916,2.83,19.94,639,477
Ex 3 day 09,15,131,0.089,2.4921,1.7084,3.77,28.0,623,476
Ex 3 day 09,15,132,0.089,2.2338,1.5697,2.83,25.1,608,498
Ex 3 day 09,15,133,0.089,1.3936,1.2415,2.83,15.66,659,452
Ex 3 day 09,15,134,0.089,2.268,1.7938,2.83,25.48,639,474
Ex 3 day 09,15,135,0.089,1.6268,1.308,2.83,18.28,607,443
Ex 3 day 09,15,136,0.089,2.1578,1.7276,2.83,24.25,654,472
Ex 3 day 09,16,137,0.2214,2.4587,1.936,2.83,11.11,1391,469
Ex 3 day 09,16,138,0.2214,2.3576,1.5886,4.24,10.65,1379,463
Ex 3 day 09,16,139,0.2214,1.5217,1.1543,3.3,6.87,1387,449
Ex 3 day 09,17,140,0.1147,3.2785,2.471,2.83,28.57,760,528
Ex 3 day 09,17,141,0.1147,3.9133,2.9707,2.83,34.11,794,520
Ex 3 day 09,17,142,0.1147,3.1527,2.6552,2.83,27.48,771,506
Ex 3 day 09,17,143,0.1147,1.9858,1.9253,2.83,17.31,750,531
Ex 3 day 09,17,144,0.1147,2.2988,1.5234,4.24,20.03,760,547
Ex 3 day 09,17,145,0.1147,2.5806,1.5614,3.3,22.49,774,519
Ex 3 day 09,17,146,0.1147,2.5257,1.5323,3.3,22.01,782,550
Ex 3 day 09,17,147,0.1147,1.2011,1.5243,4.71,10.47,779,536
Ex 3 day 09,17,148,0.1147,2.2108,1.887,2.83,19.27,763,502
Ex 3 day 09,17,149,0.1147,1.6807,1.3197,2.83,14.65,796,500
Ex 3 day 09,17,150,0.1147,1.9287,1.6545,2.83,16.81,772,485
Ex 3 day 09,17,151,0.1147,1.9581,1.5617,2.83,17.07,787,518
Ex 3 day 09,17,152,0.1147,1.6789,1.3875,3.77,14.63,738,524
Ex 3 day 09,19,153,0.1665,3.0753,2.2662,2.83,18.47,98,530
Ex 3 day 09,19,154,0.1665,2.8652,2.2925,2.83,17.21,83,525
Ex 3 day 09,19,155,0.1665,2.4976,1.7774,3.3,15.0,67,566
Ex 3 day 09,19,156,0.1665,2.4175,1.9696,2.83,14.52,81,550
Ex 3 day 09,19,157,0.1665,2.3777,1.9453,2.83,14.28,49,538
Ex 3 day 09,19,158,0.1665,2.1194,1.6696,2.83,12.73,79,564
Ex 3 day 09,19,159,0.1665,1.7152,1.5076,4.24,10.3,90,562
Ex 3 day 09,19,160,0.1665,1.6365,1.356,2.83,9.83,89,531
Ex 3 day 09,19,161,0.1665,1.894,1.7508,2.83,11.38,52,556
Ex 3 day 09,19,162,0.1665,1.6244,1.4866,3.77,9.76,61,550
Ex 3 day 09,19,163,0.1665,0.845,0.9456,4.71,5.08,84,540
Ex 3 day 09,19,164,0.1665,1.023,1.077,5.19,6.14,99,545
Ex 3 day 09,20,165,0.1498,2.7784,2.2422,2.83,18.55,960,552
Ex 3 day 09,20,166,0.1498,2.9777,2.4564,2.83,19.88,984,570
Ex 3 day 09,20,167,0.1498,2.6822,1.7992,3.77,17.91,964,578
Ex 3 day 09,20,168,0.1498,2.413,1.7655,2.83,16.11,975,580
Ex 3 day 09,20,169,0.1498,2.8383,2.2144,2.83,18.95,964,563
Ex 3 day 09,20,170,0.1498,1.793,1.6202,2.83,11.97,975,546
Ex 3 day 09,20,171,0.1498,1.8258,1.3453,2.83,12.19,953,571
Ex 3 day 09,20,172,0.1498,1.9981,1.3536,2.83,13.34,992,558
Ex 3 day 09,20,173,0.1498,2.2233,1.4093,4.24,14.85,981,533
Ex 3 day 09,20,174,0.1498,1.7928,1.3999,2.83,11.97,992,551
Ex 3 day 09,20,175,0.1498,2.4207,1.8645,2.83,16.16,993,582
Ex 3 day 09,20,176,0.1498,1.6723,1.2367,3.3,11.17,978,559
Ex 3 day 09,20,177,0.1498,1.4593,1.3962,3.77,9.74,996,568
Ex 3 day 09,20,178,0.1498,2.5224,2.046,2.83,16.84,999,551
Ex 3 day 09,20,179,0.1498,1.3835,1.3042,3.3,9.24,968,540
Ex 3 day 09,21,180,0.1737,2.7284,2.239,3.77,15.71,678,618
Ex 3 day 09,21,181,0.1737,2.8321,2.4613,2.83,16.31,681,602
Ex 3 day 09,21,182,0.1737,2.5819,1.898,2.83,14.87,659,622
Ex 3 day 09,21,183,0.1737,1.9094,1.4611,3.77,11.0,691,614
Ex 3 day 09,21,184,0.1737,1.6293,1.3606,2.83,9.38,680,641
Ex 3 day 09,21,185,0.1737,1.967,1.584,2.83,11.33,654,636
Ex 3 day 09,21,186,0.1737,1.9643,1.5781,2.83,11.31,649,648
Ex 3 day 09,21,187,0.1737,1.6679,1.3541,2.83,9.6,688,625
Ex 3 day 09,21,188,0.1737,1.9835,1.4433,2.83,11.42,669,600
Ex 3 day 09,22,189,0.1771,4.7457,3.4825,2.83,26.8,284,632
Ex 3 day 09,22,190,0.1771,2.5847,1.9288,2.83,14.6,283,643
Ex 3 day 09,22,191,0.1771,2.3519,1.9993,2.83,13.28,308,643
Ex 3 day 09,22,192,0.1771,1.917,1.5972,2.83,10.83,289,655
Ex 3 day 09,22,193,0.1771,2.5812,2.0482,2.83,14.58,278,620
Ex 3 day 09,22,194,0.1771,2.3519,1.7729,2.83,13.28,284,660
Ex 3 day 09,22,195,0.1771,2.3341,1.8396,2.83,13.18,294,631
Ex 3 day 09,22,196,0.1771,2.0322,1.7592,2.83,11.48,271,641
Ex 3 day 09,22,197,0.1771,1.7564,1.4897,2.83,9.92,263,619
Ex 3 day 09,23,198,0.1614,3.4957,2.9454,2.83,21.65,257,739
Ex 3 day 09,23,199,0.1614,4.1764,3.267,2.83,25.87,255,722
Ex 3 day 09,23,200,0.1614,2.4821,2.1286,2.83,15.37,231,707
Ex 3 day 09,23,201,0.1614,2.6931,2.207,2.83,16.68,241,716
Ex 3 day 09,23,202,0.1614,2.3312,2.0094,2.83,14.44,235,691
Ex 3 day 09,23,203,0.1614,2.3177,1.6839,3.77,14.36,270,737
Ex 3 day 09,23,204,0.1614,1.8038,1.4398,2.83,11.17,244,706
Ex 3 day 09,23,205,0.1614,1.7995,1.4578,2.83,11.15,243,724
Ex 3 day 09,23,206,0.1614,1.5888,1.1213,2.83,9.84,265,721
Ex 3 day 09,23,207,0.1614,1.9357,1.7678,2.83,11.99,269,706
Ex 3 day 09,23,208,0.1614,1.4128,1.1732,4.71,8.75,247,702
Ex 3 day 09,23,209,0.1614,2.0444,1.4915,2.83,12.66,256,705
Ex 3 day 09,23,210,0.1614,0.9715,1.1575,4.71,6.02,277,748
Ex 3 day 09,23,211,0.1614,1.7403,1.3996,2.83,10.78,265,711
Ex 3 day 09,23,212,0.1614,2.1587,1.5663,2.83,13.37,260,694
Ex 3 day 09,24,213,0.1823,3.0719,2.2314,3.3,16.85,908,742
Ex 3 day 09,24,214,0.1823,3.037,2.2536,2.83,16.66,893,704
Ex 3 day 09,24,215,0.1823,2.5885,1.876,2.83,14.2,899,710
Ex 3 day 09,24,216,0.1823,2.6987,2.039,2.83,14.8,915,720
Ex 3 day 09,24,217,0.1823,2.3199,1.5288,4.24,12.72,870,726
Ex 3 day 09,24,218,0.1823,2.1507,1.7758,2.83,11.8,900,732
Ex 3 day 09,24,219,0.1823,2.1944,1.8413,2.83,12.04,885,727
Ex 3 day 09,24,220,0.1823,1.9176,1.4505,2.83,10.52,878,736
Ex 3 day 09,24,221,0.1823,1.2896,1.1959,5.19,7.07,879,707
Ex 3 day 09,24,222,0.1823,1.8935,1.4949,2.83,10.39,907,715
Ex 3 day 09,24,223,0.1823,1.7472,1.1684,3.77,9.58,911,704
Ex 3 day 09,24,224,0.1823,1.9557,1.4735,2.83,10.73,888,710
Ex 3 day 09,24,225,0.1823,1.9369,1.4217,2.83,10.62,921,692
Ex 3 day 09,25,226,0.157,3.9765,3.1326,2.83,25.32,1027,782
Ex 3 day 09,25,227,0.157,3.2172,2.5272,2.83,20.49,1019,763
Ex 3 day 09,25,228,0.157,3.0237,2.578,2.83,19.25,998,785
Ex 3 day 09,25,229,0.157,2.4926,1.8463,3.3,15.87,1003,772
Ex 3 day 09,25,230,0.157,1.9848,1.706,2.83,12.64,988,768
Ex 3 day 09,25,231,0.157,2.0697,1.8682,2.83,13.18,1003,741
Ex 3 day 09,25,232,0.157,2.2604,1.7988,2.83,14.39,1009,779
Ex 3 day 09,25,233,0.157,1.9626,1.4184,3.3,12.5,992,755
Ex 3 day 09,25,234,0.157,2.2943,1.5336,2.83,14.61,1009,752
Ex 3 day 09,25,235,0.157,2.0446,1.5447,2.83,13.02,1004,762
Ex 3 day 09,26,236,0.1541,4.7556,3.6436,2.83,30.87,422,782
Ex 3 day 09,26,237,0.1541,4.3925,3.4104,2.83,28.51,389,772
Ex 3 day 09,26,238,0.1541,2.2358,1.6031,2.83,14.51,408,786
Ex 3 day 09,26,239,0.1541,2.4207,1.9918,2.83,15.71,415,799
Ex 3 day 09,26,240,0.1541,2.5767,1.9305,2.83,16.72,419,806
Ex 3 day 09,26,241,0.1541,1.9358,1.4933,2.83,12.56,401,821
Ex 3 day 09,26,242,0.1541,2.3565,1.5625,3.3,15.29,380,803
Ex 3 day 09,26,243,0.1541,2.1736,1.1046,4.24,14.11,392,792
Ex 3 day 09,26,244,0.1541,2.5112,1.8063,2.83,16.3,434,799
Ex 3 day 09,26,245,0.1541,1.9072,1.5923,2.83,12.38,433,791
Ex 3 day 09,26,246,0.1541,2.1359,1.7441,2.83,13.86,393,803
Ex 3 day 09,26,247,0.1541,2.3523,1.841,2.83,15.27,409,798
Ex 3 day 09,26,248,0.1541,2.1045,1.6873,2.83,13.66,431,809
Ex 3 day 09,26,249,0.1541,1.7891,1.3593,2.83,11.61,378,776
Ex 3 day 09,27,250,0.1339,2.9595,2.3939,3.77,22.11,564,785
Ex 3 day 09,27,251,0.1339,2.7068,2.3238,2.83,20.22,564,801
Ex 3 day 09,27,252,0.1339,2.8885,1.9409,3.3,21.58,598,813
Ex 3 day 09,27,253,0.1339,2.5292,1.9616,3.3,18.89,582,799
Ex 3 day 09,27,254,0.1339,2.8822,2.5363,2.83,21.53,616,830
Ex 3 day 09,27,255,0.1339,2.6655,2.3494,2.83,19.91,599,795
Ex 3 day 09,27,256,0.1339,2.4343,1.7493,3.3,18.19,605,845
Ex 3 day 09,27,257,0.1339,2.4305,1.7421,3.3,18.16,548,789
Ex 3 day 09,27,258,0.1339,2.5473,1.9796,2.83,19.03,589,818
Ex 3 day 09,27,259,0.1339,2.3186,1.8899,2.83,17.32,561,810
Ex 3 day 09,28,260,0.1477,3.4126,2.7125,2.83,23.1,1113,788
Ex 3 day 09,28,261,0.1477,3.1527,2.5928,2.83,21.34,1126,812
Ex 3 day 09,28,262,0.1477,2.1494,1.7351,2.83,14.55,1127,826
Ex 3 day 09,28,263,0.1477,2.1904,1.7067,2.83,14.83,1150,812
Ex 3 day 09,28,264,0.1477,2.0562,1.5896,3.77,13.92,1142,791
Ex 3 day 09,28,265,0.1477,1.8432,1.378,4.24,12.48,1113,812
Ex 3 day 09,28,266,0.1477,1.9524,1.6628,2.83,13.22,1101,799
Ex 3 day 09,28,267,0.1477,2.298,1.8551,2.83,15.55,1129,834
Ex 3 day 09,28,268,0.1477,1.6955,1.417,2.83,11.48,1139,799
Ex 3 day 09,28,269,0.1477,1.9457,1.6796,2.83,13.17,1147,835
Ex 3 day 09,28,270,0.1477,1.8168,1.3223,4.71,12.3,1125,779
Ex 3 day 09,29,271,0.1757,2.8749,1.9057,3.3,16.36,277,846
Ex 3 day 09,29,272,0.1757,3.1788,2.3531,2.83,18.09,292,853
Ex 3 day 09,29,273,0.1757,2.8491,1.8228,2.83,16.21,305,830
Ex 3 day 09,29,274,0.1757,2.6021,1.9237,3.77,14.81,272,834
Ex 3 day 09,29,275,0.1757,2.3436,1.923,2.83,13.34,261,825
Ex 3 day 09,29,276,0.1757,2.4828,2.0145,2.83,14.13,289,872
Ex 3 day 09,29,277,0.1757,2.0995,1.5913,2.83,11.95,278,865
Ex 3 day 09,29,278,0.1757,2.0714,1.7473,2.83,11.79,305,853
Ex 3 day 09,29,279,0.1757,2.0544,1.627,2.83,11.69,287,857
Ex 3 day 09,30,280,0.1399,3.2256,2.6604,2.83,23.06,1160,929
Ex 3 day 09,30,281,0.1399,2.658,1.8244,2.83,19.0,1170,914
Ex 3 day 09,30,282,0.1399,2.2852,1.6309,2.83,16.34,1186,935
Ex 3 day 09,30,283,0.1399,1.878,1.5843,2.83,13.42,1177,909
Ex 3 day 09,30,284,0.1399,2.4185,1.9421,2.83,17.29,1179,956
Ex 3 day 09,30,285,0.1399,2.3599,1.9624,2.83,16.87,1169,927
Ex 3 day 09,30,286,0.1399,2.0605,1.7287,2.83,14.73,1164,956
Ex 3 day 09,30,287,0.1399,2.356,1.8214,2.83,16.84,1185,919
Ex 3 day 09,30,288,0.1399,2.1785,1.6324,2.83,15.57,1156,914
Ex 3 day 09,30,289,0.1399,2.157,1.4569,2.83,15.42,1178,941
Ex 3 day 09,30,290,0.1399,2.4673,1.8174,2.83,17.64,1192,942
Ex 3 day 09,30,291,0.1399,1.7714,1.3382,2.83,12.66,1156,956
Ex 3 day 09,30,292,0.1399,2.0825,1.6551,2.83,14.89,1180,963
Ex 3 day 09,30,293,0.1399,1.8171,1.5448,2.83,12.99,1153,901
Ex 3 day 09,30,294,0.1399,2.031,1.6987,2.83,14.52,1171,956
Ex 3 day 09,31,295,0.1782,2.5045,1.8387,4.24,14.06,485,959
Ex 3 day 09,31,296,0.1782,1.9591,1.1201,3.3,11.0,495,952
Ex 3 day 09,31,297,0.1782,2.2857,1.6179,3.3,12.83,517,949
Ex 3 day 09,31,298,0.1782,2.4647,1.9721,2.83,13.83,485,940
Ex 3 day 09,31,299,0.1782,2.1019,1.7571,2.83,11.8,517,936
Ex 3 day 09,31,300,0.1782,2.0435,1.7025,2.83,11.47,519,967
Ex 3 day 09,31,301,0.1782,1.8652,1.3788,2.83,10.47,504,958
Ex 3 day 09,31,302,0.1782,2.1084,1.7323,2.83,11.83,523,961
Ex 3 day 09,31,303,0.1782,1.7528,1.503,2.83,9.84,503,931
Ex 3 day 09,31,304,0.1782,1.7441,1.5221,2.83,9.79,493,941
Ex 3 day 09,32,305,0.1781,3.255,2.5398,3.77,18.27,667,992
Ex 3 day 09,32,306,0.1781,3.4795,2.5621,2.83,19.53,657,1008
Ex 3 day 09,32,307,0.1781,2.7875,2.328,2.83,15.65,643,998
Ex 3 day 09,32,308,0.1781,2.5527,2.0343,2.83,14.33,665,1006
Ex 3 day 09,32,309,0.1781,2.3758,1.724,2.83,13.34,660,956
Ex 3 day 09,32,310,0.1781,2.2216,1.9419,2.83,12.47,634,960
Ex 3 day 09,32,311,0.1781,2.834,2.1667,2.83,15.91,658,978
Ex 3 day 09,32,312,0.1781,2.1258,1.5901,2.83,11.93,647,960
Ex 3 day 09,32,313,0.1781,2.4685,2.0578,2.83,13.86,638,982
Ex 3 day 18,1,1,0.1044,3.928,2.7883,3.3,37.61,372,108
Ex 3 day 18,1,2,0.1044,3.5481,3.1046,2.83,33.97,377,130
Ex 3 day 18,1,3,0.1044,3.0395,2.1292,3.3,29.1,391,126
Ex 3 day 18,1,4,0.1044,2.3864,1.7446,4.24,22.85,363,132
Ex 3 day 18,1,5,0.1044,2.4419,2.1811,2.83,23.38,319,107
Ex 3 day 18,1,6,0.1044,2.1556,1.4972,3.77,20.64,352,107
Ex 3 day 18,2,7,0.1227,4.0192,3.4302,2.83,32.75,370,150
Ex 3 day 18,2,8,0.1227,3.8987,3.1961,2.83,31.77,328,170
Ex 3 day 18,2,9,0.1227,3.8082,2.6868,3.3,31.03,319,186
Ex 3 day 18,2,10,0.1227,3.8703,2.6061,3.3,31.54,359,196
Ex 3 day 18,2,11,0.1227,3.1646,2.565,2.83,25.79,338,144
Ex 3 day 18,2,12,0.1227,3.4514,2.3514,3.3,28.12,324,146
Ex 3 day 18,2,13,0.1227,3.1429,2.6074,2.83,25.61,380,164
Ex 3 day 18,2,14,0.1227,3.1699,2.2198,3.3,25.83,354,211
Ex 3 day 18,2,15,0.1227,2.8945,2.0466,3.3,23.59,365,170
Ex 3 day 18,2,16,0.1227,2.4952,1.7761,3.3,20.33,358,144
Ex 3 day 18,2,17,0.1227,1.9545,1.4319,3.77,15.93,349,185
Ex 3 day 18,2,18,0.1227,2.5879,1.8047,3.3,21.09,335,190
Ex 3 day 18,2,19,0.1227,2.1083,1.3864,3.3,17.18,357,162
Ex 3 day 18,2,20,0.1227,2.5841,2.1239,2.83,21.06,373,166
Ex 3 day 18,2,21,0.1227,2.2107,1.9258,2.83,18.01,375,145
Ex 3 day 18,2,22,0.1227,1.7987,1.215,3.3,14.66,340,167
Ex 3 day 18,3,23,-0.0283,2.9658,2.4108,3.77,-104.97,1011,207
Ex 3 day 18,3,24,-0.0283,2.5003,1.9139,3.77,-88.49,1016,241
Ex 3 day 18,3,25,-0.0283,3.284,2.1088,4.24,-116.23,982,242
Ex 3 day 18,3,26,-0.0283,3.1169,2.5798,2.83,-110.31,1021,268
Ex 3 day 18,3,27,-0.0283,2.4266,1.641,3.3,-85.88,998,233
Ex 3 day 18,3,28,-0.0283,3.2249,2.3408,3.3,-114.13,1030,223
Ex 3 day 18,3,29,-0.0283,2.5784,1.875,2.83,-91.26,1008,304
Ex 3 day 18,3,30,-0.0283,2.5486,2.1584,2.83,-90.2,1036,279
Ex 3 day 18,3,31,-0.0283,2.1897,1.8185,2.83,-77.5,1039,236
Ex 3 day 18,3,32,-0.0283,2.3116,1.7216,2.83,-81.81,1015,305
Ex 3 day 18,3,33,-0.0283,2.2174,1.5841,3.77,-78.48,1021,254
Ex 3 day 18,3,34,-0.0283,2.6183,1.6839,3.3,-92.67,1042,262
Ex 3 day 18,3,35,-0.0283,2.242,1.5127,2.83,-79.35,1054,290
Ex 3 day 18,3,36,-0.0283,1.9234,1.34,3.3,-68.07,1035,266
Ex 3 day 18,3,37,-0.0283,2.2433,1.5113,2.83,-79.4,961,262
Ex 3 day 18,3,38,-0.0283,2.0973,1.4271,3.3,-74.23,1004,219
Ex 3 day 18,3,39,-0.0283,2.0991,1.5478,2.83,-74.29,1039,298
Ex 3 day 18,3,40,-0.0283,2.1537,1.7372,2.83,-76.22,1039,301
Ex 3 day 18,3,41,-0.0283,1.7928,1.2227,3.3,-63.45,1021,226
Ex 3 day 18,3,42,-0.0283,1.8322,1.4438,2.83,-64.85,1002,308
Ex 3 day 18,3,43,-0.0283,1.9872,1.4136,3.3,-70.33,1054,253
Ex 3 day 18,3,44,-0.0283,1.67,1.278,3.77,-59.1,1024,197
Ex 3 day 18,3,45,-0.0283,2.0061,1.3948,5.19,-71.0,1007,269
Ex 3 day 18,4,46,0.0214,4.6151,3.1523,3.3,216.14,1296,391
Ex 3 day 18,4,47,0.0214,4.2754,3.1348,3.77,200.23,1269,408
Ex 3 day 18,4,48,0.0214,4.251,3.0289,3.3,199.09,1233,422
Ex 3 day 18,4,49,0.0214,3.8635,3.0108,3.77,180.94,1305,360
Ex 3 day 18,4,50,0.0214,3.7735,2.9498,3.77,176.72,1181,433
Ex 3 day 18,4,51,0.0214,3.9882,2.8234,3.3,186.78,1244,327
Ex 3 day 18,4,52,0.0214,3.6189,2.3934,3.3,169.48,1298,403
Ex 3 day 18,4,53,0.0214,3.4132,2.3657,3.3,159.85,1274,381
Ex 3 day 18,4,54,0.0214,3.6585,2.7159,3.77,171.34,1191,328
Ex 3 day 18,4,55,0.0214,3.4376,2.4482,3.77,161.0,1196,345
Ex 3 day 18,4,56,0.0214,3.2712,2.4236,3.3,153.2,1253,465
Ex 3 day 18,4,57,0.0214,2.4492,1.7174,3.3,114.7,1224,394
Ex 3 day 18,4,58,0.0214,2.8578,2.0887,4.71,133.84,1214,451
Ex 3 day 18,4,59,0.0214,2.697,1.6789,3.3,126.31,1259,452
Ex 3 day 18,4,60,0.0214,2.7241,1.6129,4.24,127.58,1259,349
Ex 3 day 18,4,61,0.0214,2.9071,2.3862,2.83,136.15,1227,350
Ex 3 day 18,4,62,0.0214,2.9121,2.061,3.3,136.38,1270,437
Ex 3 day 18,4,63,0.0214,2.6742,2.2036,2.83,125.24,1292,373
Ex 3 day 18,4,64,0.0214,3.0358,2.1387,3.3,142.18,1241,396
Ex 3 day 18,4,65,0.0214,2.3358,1.7378,4.24,109.39,1247,370
Ex 3 day 18,4,66,0.0214,2.1979,1.7195,2.83,102.93,1213,395
Ex 3 day 18,4,67,0.0214,2.4241,1.918,3.77,113.53,1235,369
Ex 3 day 18,4,68,0.0214,1.8483,1.6076,3.77,86.56,1214,420
Ex 3 day 18,4,69,0.0214,1.9762,1.5876,4.71,92.55,1190,392
Ex 3 day 18,4,70,0.0214,1.631,1.2055,2.83,76.38,1184,414
Ex 3 day 18,4,71,0.0214,2.4486,2.0279,2.83,114.68,1272,470
Ex 3 day 18,4,72,0.0214,2.0493,1.7428,2.83,95.97,1214,372
Ex 3 day 18,4,73,0.0214,2.2107,1.7895,2.83,103.54,1213,383
Ex 3 day 18,4,74,0.0214,2.2991,2.0125,2.83,107.67,1209,381
Ex 3 day 18,4,75,0.0214,1.9619,1.4194,3.3,91.88,1202,396
Ex 3 day 18,4,76,0.0214,2.3906,1.7364,2.83,111.96,1192,448
Ex 3 day 18,4,77,0.0214,2.1775,1.7874,2.83,101.98,1155,441
Ex 3 day 18,4,78,0.0214,1.46,1.0423,5.19,68.38,1200,415
Ex 3 day 18,4,79,0.0214,1.8323,1.4714,2.83,85.81,1208,415
Ex 3 day 18,4,80,0.0214,2.0489,1.6938,2.83,95.95,1172,413
Ex 3 day 18,4,81,0.0214,2.0005,1.6336,2.83,93.69,1215,406
Ex 3 day 18,4,82,0.0214,2.065,1.515,3.3,96.71,1264,438
Ex 3 day 18,4,83,0.0214,1.8798,1.2914,3.77,88.04,1252,411
Ex 3 day 18,4,84,0.0214,1.9416,1.5227,2.83,90.93,1230,338
Ex 3 day 18,4,85,0.0214,1.6362,1.3562,2.83,76.63,1199,448
Ex 3 day 18,4,86,0.0214,1.4678,1.1674,2.83,68.74,1200,357
Ex 3 day 18,4,87,0.0214,2.1332,1.7493,2.83,99.9,1211,430
Ex 3 day 18,4,88,0.0214,1.2898,1.0373,3.77,60.4,1268,334
Ex 3 day 18,4,89,0.0214,1.7436,1.1896,4.24,81.66,1295,441
Ex 3 day 18,5,90,-0.0111,4.6351,3.2047,3.3,-416.61,370,609
Ex 3 day 18,5,91,-0.0111,4.4253,3.869,2.83,-397.74,387,699
Ex 3 day 18,5,92,-0.0111,4.3866,3.16,3.3,-394.26,295,599
Ex 3 day 18,5,93,-0.0111,4.2725,3.019,3.3,-384.01,337,621
Ex 3 day 18,5,94,-0.0111,4.0404,2.9323,3.3,-363.15,443,714
Ex 3 day 18,5,95,-0.0111,3.8535,2.8778,3.77,-346.35,313,651
Ex 3 day 18,5,96,-0.0111,4.248,2.9804,3.3,-381.81,458,698
Ex 3 day 18,5,97,-0.0111,3.9438,2.9426,3.77,-354.47,330,696
Ex 3 day 18,5,98,-0.0111,4.0972,2.7636,3.3,-368.25,360,664
Ex 3 day 18,5,99,-0.0111,3.4774,2.6096,3.77,-312.55,315,635
Ex 3 day 18,5,100,-0.0111,3.7042,2.623,3.3,-332.93,374,672
Ex 3 day 18,5,101,-0.0111,3.732,2.5297,3.3,-335.44,428,602
Ex 3 day 18,5,102,-0.0111,3.6032,2.9557,2.83,-323.86,332,726
Ex 3 day 18,5,103,-0.0111,3.3095,2.3663,4.71,-297.45,278,586
Ex 3 day 18,5,104,-0.0111,3.6326,2.6362,3.3,-326.5,450,649
Ex 3 day 18,5,105,-0.0111,3.1,2.6252,2.83,-278.63,297,682
Ex 3 day 18,5,106,-0.0111,2.9848,2.627,2.83,-268.27,382,641
Ex 3 day 18,5,107,-0.0111,2.6492,2.1944,4.24,-238.11,429,652
Ex 3 day 18,5,108,-0.0111,2.6177,2.1339,2.83,-235.28,375,592
Ex 3 day 18,5,109,-0.0111,3.0035,2.3706,3.77,-269.96,353,638
Ex 3 day 18,5,110,-0.0111,2.8805,2.0301,3.3,-258.9,425,713
Ex 3 day 18,5,111,-0.0111,2.7444,2.1148,3.77,-246.66,363,560
Ex 3 day 18,5,112,-0.0111,2.1539,1.8334,4.71,-193.59,445,629
Ex 3 day 18,5,113,-0.0111,2.5162,1.8628,3.77,-226.16,409,613
Ex 3 day 18,5,114,-0.0111,2.7406,2.0018,3.3,-246.33,390,675
Ex 3 day 18,5,115,-0.0111,2.0256,1.5085,2.83,-182.06,401,627
Ex 3 day 18,5,116,-0.0111,2.3833,2.0398,2.83,-214.21,426,631
Ex 3 day 18,5,117,-0.0111,2.6867,2.0423,3.3,-241.48,368,709
Ex 3 day 18,5,118,-0.0111,2.5041,2.1074,2.83,-225.07,359,706
Ex 3 day 18,5,119,-0.0111,2.3725,1.6569,3.3,-213.24,325,611
Ex 3 day 18,5,120,-0.0111,2.6108,2.2493,2.83,-234.66,352,712
Ex 3 day 18,5,121,-0.0111,2.1749,1.3656,3.3,-195.48,384,611
Ex 3 day 18,5,122,-0.0111,1.6453,1.3088,7.07,-147.88,409,691
Ex 3 day 18,5,123,-0.0111,2.0122,1.6517,2.83,-180.85,310,607
Ex 3 day 18,5,124,-0.0111,2.2599,1.5328,4.71,-203.12,413,598
Ex 3 day 18,5,125,-0.0111,1.9384,1.1289,4.24,-174.22,413,651
Ex 3 day 18,5,126,-0.0111,2.154,1.6714,3.77,-193.6,390,595
Ex 3 day 18,5,127,-0.0111,1.6115,1.0256,3.3,-144.84,278,609
Ex 3 day 18,5,128,-0.0111,2.5209,2.057,2.83,-226.58,290,655
Ex 3 day 18,5,129,-0.0111,2.387,2.0405,2.83,-214.55,376,638
Ex 3 day 18,5,130,-0.0111,2.0822,1.3258,5.66,-187.15,364,585
Ex 3 day 18,5,131,-0.0111,1.1732,1.1551,6.13,-105.45,428,577
Ex 3 day 18,5,132,-0.0111,2.2026,1.538,4.71,-197.97,346,601
Ex 3 day 18,5,133,-0.0111,1.3041,1.1765,4.71,-117.21,340,672
Ex 3 day 18,5,134,-0.0111,1.6783,1.4158,2.83,-150.85,265,635
Ex 3 day 18,5,135,-0.0111,1.7246,1.5385,2.83,-155.01,335,737
Ex 3 day 18,5,136,-0.0111,1.7952,1.4782,2.83,-161.35,402,647
Ex 3 day 18,5,137,-0.0111,2.0787,1.6088,2.83,-186.83,350,622
Ex 3 day 18,5,138,-0.0111,1.7108,1.4053,2.83,-153.76,309,616
Ex 3 day 18,6,139,0.0127,4.4928,3.1167,3.3,354.12,294,787
Ex 3 day 18,6,140,0.0127,4.5147,3.2235,3.3,355.85,327,825
Ex 3 day 18,6,141,0.0127,4.4457,3.0593,3.3,350.41,369,818
Ex 3 day 18,6,142,0.0127,4.0394,2.7846,3.3,318.39,331,806
Ex 3 day 18,6,143,0.0127,4.1906,2.9231,3.3,330.31,368,949
Ex 3 day 18,6,144,0.0127,4.4842,3.7391,2.83,353.45,260,834
Ex 3 day 18,6,145,0.0127,4.3877,2.7989,3.3,345.84,334,784
Ex 3 day 18,6,146,0.0127,3.9357,2.6336,3.3,310.22,260,787
Ex 3 day 18,6,147,0.0127,3.8942,2.7514,3.3,306.94,288,903
Ex 3 day 18,6,148,0.0127,3.4626,2.9573,2.83,272.92,349,792
Ex 3 day 18,6,149,0.0127,3.1784,2.1376,4.24,250.52,315,872
Ex 3 day 18,6,150,0.0127,3.6292,2.5227,3.3,286.05,262,887
Ex 3 day 18,6,151,0.0127,3.3661,2.2843,3.3,265.31,315,760
Ex 3 day 18,6,152,0.0127,3.4493,2.8604,2.83,271.87,328,760
Ex 3 day 18,6,153,0.0127,2.7274,1.8137,4.24,214.97,304,819
Ex 3 day 18,6,154,0.0127,2.6808,1.8401,3.3,211.3,369,851
Ex 3 day 18,6,155,0.0127,2.6301,1.8948,3.3,207.3,318,846
Ex 3 day 18,6,156,0.0127,2.9816,2.0933,3.77,235.01,340,768
Ex 3 day 18,6,157,0.0127,3.1745,2.1677,3.3,250.21,366,931
Ex 3 day 18,6,158,0.0127,3.641,2.7344,2.83,286.98,346,828
Ex 3 day 18,6,159,0.0127,3.2959,2.8788,2.83,259.78,282,819
Ex 3 day 18,6,160,0.0127,3.0067,2.3676,2.83,236.99,306,844
Ex 3 day 18,6,161,0.0127,2.4473,2.1216,2.83,192.9,354,841
Ex 3 day 18,6,162,0.0127,2.0744,1.6068,2.83,163.5,366,836
Ex 3 day 18,6,163,0.0127,2.7195,2.1939,2.83,214.35,370,895
Ex 3 day 18,6,164,0.0127,2.7515,2.4471,2.83,216.87,356,785
Ex 3 day 18,6,165,0.0127,2.3962,2.0008,2.83,188.87,342,897
Ex 3 day 18,6,166,0.0127,2.7605,2.3745,2.83,217.59,259,853
Ex 3 day 18,6,167,0.0127,2.3427,1.6755,2.83,184.65,330,857
Ex 3 day 18,6,168,0.0127,2.8653,2.0893,2.83,225.84,387,745
Ex 3 day 18,6,169,0.0127,2.0662,1.4835,3.3,162.86,253,810
Ex 3 day 18,6,170,0.0127,1.9756,1.7741,2.83,155.71,328,883
Ex 3 day 18,6,171,0.0127,2.2501,1.8425,2.83,177.36,286,875
Ex 3 day 18,6,172,0.0127,2.4563,1.9151,2.83,193.61,384,772
Ex 3 day 18,6,173,0.0127,2.4517,2.0312,2.83,193.24,358,904
Ex 3 day 18,6,174,0.0127,1.4706,1.2526,2.83,115.92,380,744
Ex 3 day 18,6,175,0.0127,2.1925,1.7583,2.83,172.81,336,903
Ex 3 day 18,6,176,0.0127,2.2621,1.77,2.83,178.3,308,906
Ex 3 day 18,6,177,0.0127,2.0603,1.542,2.83,162.39,309,777
Ex 3 day 18,6,178,0.0127,2.3624,1.9909,2.83,186.2,349,891
Ex 3 day 18,6,179,0.0127,2.3424,1.9102,2.83,184.63,284,868
Ex 3 day 18,6,180,0.0127,1.5707,1.2157,2.83,123.8,300,744
Ex 3 day 18,6,181,0.0127,2.3139,1.7679,2.83,182.39,331,897
Ex 3 day 18,6,182,0.0127,2.1934,1.5845,3.3,172.88,288,860
Ex 3 day 18,6,183,0.0127,2.0337,1.4019,3.3,160.3,356,866
Ex 3 day 18,6,184,0.0127,2.1269,1.6021,2.83,167.64,294,884
Ex 3 day 18,6,185,0.0127,0.2018,1.1178,5.19,15.91,334,848
Ex 3 day 18,6,186,0.0127,2.4256,1.9519,2.83,191.19,390,779
Ex 3 day 18,6,187,0.0127,2.0993,1.7585,2.83,165.47,304,909
Ex 3 day 18,6,188,0.0127,2.0906,1.8667,2.83,164.78,351,876
Ex 3 day 18,6,189,0.0127,2.1844,1.8231,2.83,172.18,308,798
Ex 3 day 18,6,190,0.0127,1.4023,1.1261,2.83,110.53,374,796
Ex 3 day 18,6,191,0.0127,2.314,1.6695,3.3,182.39,250,835
Ex 3 day 18,6,192,0.0127,1.2501,0.8096,2.83,98.53,268,867
Ex 3 day 18,6,193,0.0127,1.8562,1.4637,2.83,146.31,382,785
Ex 3 day 18,6,194,0.0127,2.2544,1.7846,2.83,177.69,256,866
Ex 3 day 18,6,195,0.0127,1.9893,1.4665,2.83,156.8,348,916
Ex 3 day 18,6,196,0.0127,2.0405,1.763,2.83,160.83,319,906
Ex 3 day 18,6,197,0.0127,1.8497,1.0931,2.83,145.79,346,744
Ex 3 day 18,6,198,0.0127,1.735,1.349,3.3,136.75,339,914
Ex 3 day 18,6,199,0.0127,1.6017,1.1633,3.3,126.24,346,946
Ex 3 day 18,6,200,0.0127,0.9497,1.133,6.6,74.85,367,767
Ex 3 day 18,6,201,0.0127,1.7897,1.5299,2.83,141.07,281,795
Ex 3 day 18,6,202,0.0127,1.7153,1.2288,2.83,135.2,339,750
Ex 3 day 18,6,203,0.0127,1.6906,1.324,2.83,133.25,385,759
Ex 3 day 18,6,204,0.0127,1.8166,1.4892,2.83,143.18,357,922
Ex 3 day 18,6,205,0.0127,1.6587,1.1239,3.77,130.74,349,805
Ex 3 day 18,6,206,0.0127,1.8196,1.4733,3.77,143.42,345,888
Ex 3 day 18,6,207,0.0127,1.473,0.8498,2.83,116.11,313,744
Ex 3 day 18,6,208,0.0127,1.9247,1.6182,2.83,151.71,365,908
Ex 3 day 18,6,209,0.0127,2.2079,1.2505,4.24,174.02,367,875
Ex 3 day 18,6,210,0.0127,2.0282,1.8179,2.83,159.86,315,791
Ex 3 day 18,6,211,0.0127,1.5979,1.3909,3.77,125.95,332,870
Ex 3 day 18,6,212,0.0127,1.7917,1.3871,2.83,141.22,331,926
Ex 3 day 18,7,213,0.0144,4.5822,3.6729,2.83,317.59,421,858
Ex 3 day 18,7,214,0.0144,4.6515,3.2515,3.3,322.39,441,815
Ex 3 day 18,7,215,0.0144,4.3502,2.9873,3.3,301.51,386,884
Ex 3 day 18,7,216,0.0144,4.0622,3.0907,3.77,281.55,393,845
Ex 3 day 18,7,217,0.0144,4.2601,3.0588,3.3,295.26,438,922
Ex 3 day 18,7,218,0.0144,3.7742,3.2651,2.83,261.59,443,873
Ex 3 day 18,7,219,0.0144,3.7426,2.5891,3.3,259.4,454,934
Ex 3 day 18,7,220,0.0144,3.5228,3.0453,2.83,244.16,416,843
Ex 3 day 18,7,221,0.0144,3.5508,2.9827,2.83,246.11,454,902
Ex 3 day 18,7,222,0.0144,2.7601,2.286,2.83,191.3,393,793
Ex 3 day 18,7,223,0.0144,3.0424,2.6774,2.83,210.86,403,806
Ex 3 day 18,7,224,0.0144,3.519,2.975,2.83,243.9,417,960
Ex 3 day 18,7,225,0.0144,3.0008,2.1764,3.3,207.98,411,829
Ex 3 day 18,7,226,0.0144,3.0995,2.1906,3.3,214.82,414,938
Ex 3 day 18,7,227,0.0144,3.0847,2.1427,3.3,213.8,394,897
Ex 3 day 18,7,228,0.0144,2.6132,2.0969,3.77,181.12,415,885
Ex 3 day 18,7,229,0.0144,2.7032,2.3374,2.83,187.36,466,833
Ex 3 day 18,7,230,0.0144,2.8229,2.3949,2.83,195.65,444,831
Ex 3 day 18,7,231,0.0144,3.0433,2.6116,2.83,210.93,464,854
Ex 3 day 18,7,232,0.0144,2.2519,1.7764,2.83,156.08,384,936
Ex 3 day 18,7,233,0.0144,2.3806,2.0339,2.83,165.0,397,914
Ex 3 day 18,7,234,0.0144,1.9117,1.4955,2.83,132.5,440,892
Ex 3 day 18,7,235,0.0144,2.5452,2.1326,2.83,176.4,388,945
Ex 3 day 18,7,236,0.0144,1.8942,1.3627,3.3,131.29,435,847
Ex 3 day 18,7,237,0.0144,1.4868,1.214,2.83,103.05,377,857
Ex 3 day 18,7,238,0.0144,2.2892,1.4312,3.77,158.66,418,816
Ex 3 day 18,7,239,0.0144,1.9986,1.3551,3.3,138.52,387,821
Ex 3 day 18,7,240,0.0144,1.9938,1.616,2.83,138.19,435,859
Ex 3 day 18,7,241,0.0144,2.6418,1.8329,3.3,183.1,474,895
Ex 3 day 18,7,242,0.0144,2.2635,1.6963,2.83,156.88,397,933
Ex 3 day 18,7,243,0.0144,1.8448,1.5772,2.83,127.86,404,868
Ex 3 day 18,7,244,0.0144,2.2645,1.9305,2.83,156.95,382,870
Ex 3 day 18,7,245,0.0144,1.3571,0.7669,3.3,94.06,416,909
Ex 3 day 18,7,246,0.0144,1.7258,1.3599,2.83,119.61,379,913
Ex 3 day 18,7,247,0.0144,0.9194,1.026,4.24,63.72,423,918
Ex 3 day 18,7,248,0.0144,1.7903,1.487,2.83,124.08,396,828
Ex 3 day 18,7,249,0.0144,2.1355,1.6174,2.83,148.01,411,809
Ex 3 day 18,7,250,0.0144,1.8752,1.3645,3.77,129.97,445,845
Ex 3 day 181,1,1,-0.0061,3.6023,2.361,4.24,-590.28,996,284
Ex 3 day 181,1,2,-0.0061,3.1229,2.2722,3.3,-511.71,1000,261
Ex 3 day 181,1,3,-0.0061,2.8585,2.2193,4.71,-468.4,1066,284
Ex 3 day 181,1,4,-0.0061,3.1355,2.6183,2.83,-513.79,1014,246
Ex 3 day 181,1,5,-0.0061,2.6637,1.8941,3.77,-436.48,1053,261
Ex 3 day 181,1,6,-0.0061,1.7134,1.4577,2.83,-280.75,975,266
Ex 3 day 181,1,7,-0.0061,2.6283,2.0907,2.83,-430.68,1055,232
Ex 3 day 181,1,8,-0.0061,1.1492,1.1584,3.77,-188.31,1045,276
Ex 3 day 181,1,9,-0.0061,1.9395,1.3736,3.77,-317.81,984,225
Ex 3 day 181,1,10,-0.0061,1.6402,1.3064,2.83,-268.77,1017,257
Ex 3 day 181,4,11,0.0366,4.146,3.4914,2.83,113.23,338,392
Ex 3 day 181,4,12,0.0366,3.8149,2.8266,3.77,104.18,337,315
Ex 3 day 181,4,13,0.0366,4.0345,2.8017,3.3,110.18,267,296
Ex 3 day 181,4,14,0.0366,4.1529,2.8415,3.3,113.41,290,293
Ex 3 day 181,4,15,0.0366,3.4977,2.4988,3.77,95.52,262,314
Ex 3 day 181,4,16,0.0366,3.5295,2.4956,3.3,96.39,313,288
Ex 3 day 181,4,17,0.0366,3.5666,2.0513,4.24,97.4,242,315
Ex 3 day 181,4,18,0.0366,3.5194,3.0568,2.83,96.11,287,306
Ex 3 day 181,4,19,0.0366,3.1665,2.3279,3.77,86.48,284,376
Ex 3 day 181,4,20,0.0366,3.458,2.9319,2.83,94.44,307,321
Ex 3 day 181,4,21,0.0366,3.1937,2.457,3.3,87.22,323,389
Ex 3 day 181,4,22,0.0366,3.2935,2.7279,2.83,89.94,254,373
Ex 3 day 181,4,23,0.0366,3.1573,2.2529,3.77,86.22,272,359
Ex 3 day 181,4,24,0.0366,2.9774,2.1631,3.77,81.31,272,384
Ex 3 day 181,4,25,0.0366,3.35,2.428,3.77,91.49,313,367
Ex 3 day 181,4,26,0.0366,2.9071,2.0503,4.24,79.39,306,343
Ex 3 day 181,4,27,0.0366,2.6732,2.301,2.83,73.0,297,381
Ex 3 day 181,4,28,0.0366,3.0549,2.5371,2.83,83.43,290,392
Ex 3 day 181,4,29,0.0366,2.5214,2.0402,2.83,68.86,278,397
Ex 3 day 181,4,30,0.0366,2.8455,1.8884,4.24,77.71,261,350
Ex 3 day 181,4,31,0.0366,2.873,2.2966,2.83,78.46,328,296
Ex 3 day 181,4,32,0.0366,2.249,2.0056,2.83,61.42,341,349
Ex 3 day 181,4,33,0.0366,2.323,2.0182,2.83,63.44,348,355
Ex 3 day 181,4,34,0.0366,2.3281,1.888,2.83,63.58,333,368
Ex 3 day 181,4,35,0.0366,2.2765,1.9488,2.83,62.17,260,336
Ex 3 day 181,4,36,0.0366,2.0833,1.5673,3.3,56.89,270,333
Ex 3 day 181,4,37,0.0366,2.1702,1.7786,2.83,59.27,326,301
Ex 3 day 181,4,38,0.0366,1.552,1.333,2.83,42.38,316,299
Ex 3 day 181,4,39,0.0366,1.6669,1.3219,2.83,45.52,269,411
Ex 3 day 181,4,40,0.0366,1.6962,1.3478,4.71,46.32,283,339
Ex 3 day 181,4,41,0.0366,2.3541,2.0683,2.83,64.29,331,332
Ex 3 day 181,4,42,0.0366,1.4786,1.0966,2.83,40.38,319,306
Ex 3 day 181,4,43,0.0366,1.5131,1.303,2.83,41.32,302,316
Ex 3 day 181,4,44,0.0366,1.7755,1.5966,2.83,48.49,259,396
Ex 3 day 181,5,45,0.0381,4.3888,2.879,3.3,115.34,888,522
Ex 3 day 181,5,46,0.0381,2.9361,2.3125,2.83,77.16,897,500
Ex 3 day 181,5,47,0.0381,2.495,1.5097,2.83,65.57,918,528
Ex 3 day 181,5,48,0.0381,2.0853,1.507,3.3,54.8,915,497
Ex 3 day 181,5,49,0.0381,2.2812,1.8995,2.83,59.95,911,533
Ex 3 day 181,5,50,0.0381,2.4193,1.8436,2.83,63.58,923,504
Ex 3 day 181,5,51,0.0381,1.9482,1.4597,2.83,51.2,928,506
Ex 3 day 181,6,52,-0.0197,3.1705,2.7179,2.83,-161.1,948,535
Ex 3 day 181,6,53,-0.0197,3.1648,2.134,4.24,-160.81,976,543
Ex 3 day 181,6,54,-0.0197,2.2563,1.4799,3.3,-114.64,1001,517
Ex 3 day 181,6,55,-0.0197,1.7551,1.3158,2.83,-89.18,962,534
Ex 3 day 181,6,56,-0.0197,1.6567,1.245,3.77,-84.18,968,518
Ex 3 day 181,7,57,0.0781,4.7931,3.957,2.83,61.36,470,646
Ex 3 day 181,7,58,0.0781,4.0374,3.464,2.83,51.69,469,571
Ex 3 day 181,7,59,0.0781,4.2429,3.6602,2.83,54.32,491,638
Ex 3 day 181,7,60,0.0781,3.4513,2.9659,2.83,44.18,495,586
Ex 3 day 181,7,61,0.0781,3.369,2.5294,3.77,43.13,492,623
Ex 3 day 181,7,62,0.0781,3.534,3.1454,2.83,45.24,475,601
Ex 3 day 181,7,63,0.0781,3.089,2.4663,2.83,39.55,438,593
Ex 3 day 181,7,64,0.0781,3.1401,2.2841,3.3,40.2,444,652
Ex 3 day 181,7,65,0.0781,2.4846,2.2337,2.83,31.81,441,618
Ex 3 day 181,7,66,0.0781,2.7589,2.1415,3.3,35.32,516,613
Ex 3 day 181,7,67,0.0781,2.1672,1.8133,2.83,27.74,478,634
Ex 3 day 181,7,68,0.0781,1.9177,1.6627,2.83,24.55,460,606
Ex 3 day 181,7,69,0.0781,2.3827,2.0978,2.83,30.5,447,560
Ex 3 day 181,7,70,0.0781,2.3863,1.3543,3.3,30.55,447,572
Ex 3 day 181,7,71,0.0781,2.4362,2.171,2.83,31.19,403,607
Ex 3 day 181,7,72,0.0781,2.0975,1.7379,2.83,26.85,410,585
Ex 3 day 181,7,73,0.0781,2.0478,1.5662,2.83,26.22,461,559
Ex 3 day 181,7,74,0.0781,1.8693,1.4706,2.83,23.93,416,607
Ex 3 day 181,7,75,0.0781,2.0256,1.1655,4.24,25.93,453,587
Ex 3 day 181,7,76,0.0781,2.2853,1.4898,4.24,29.26,486,562
Ex 3 day 181,7,77,0.0781,1.71,1.3569,2.83,21.89,457,570
Ex 3 day 181,7,78,0.0781,2.2436,2.0021,2.83,28.72,435,580
Ex 3 day 181,7,79,0.0781,2.4942,2.222,2.83,31.93,429,579
Ex 3 day 181,7,80,0.0781,2.4433,2.0087,2.83,31.28,495,604
Ex 3 day 181,7,81,0.0781,1.8031,1.4135,2.83,23.08,489,571
Ex 3 day 181,7,82,0.0781,1.1902,0.942,2.83,15.24,465,631
Ex 3 day 181,8,83,0.0616,4.2965,3.171,3.3,69.78,340,701
Ex 3 day 181,8,84,0.0616,4.4504,2.9867,3.3,72.28,390,681
Ex 3 day 181,8,85,0.0616,4.4802,3.123,2.83,72.77,347,744
Ex 3 day 181,8,86,0.0616,3.893,2.8342,3.3,63.23,304,687
Ex 3 day 181,8,87,0.0616,3.6633,2.7155,3.77,59.5,339,668
Ex 3 day 181,8,88,0.0616,3.3239,2.3313,3.3,53.99,409,688
Ex 3 day 181,8,89,0.0616,2.6944,2.3437,2.83,43.76,401,717
Ex 3 day 181,8,90,0.0616,2.1305,1.7904,2.83,34.6,374,717
Ex 3 day 181,8,91,0.0616,2.7407,2.1645,2.83,44.51,339,681
Ex 3 day 181,8,92,0.0616,2.3582,1.5044,3.3,38.3,362,735
Ex 3 day 181,8,93,0.0616,2.474,1.8707,2.83,40.18,396,703
Ex 3 day 181,8,94,0.0616,2.7263,1.9025,3.3,44.28,407,673
Ex 3 day 181,8,95,0.0616,1.9692,1.3226,2.83,31.98,371,650
Ex 3 day 181,8,96,0.0616,2.685,1.9687,2.83,43.61,324,710
Ex 3 day 181,8,97,0.0616,0.7938,1.2674,3.77,12.89,406,704
Ex 3 day 181,8,98,0.0616,2.2575,1.4035,3.77,36.67,347,722
Ex 3 day 181,8,99,0.0616,2.2092,1.6908,2.83,35.88,361,701
Ex 3 day 181,8,100,0.0616,1.8361,1.4326,3.3,29.82,386,758
Ex 3 day 181,8,101,0.0616,1.2729,1.2128,2.83,20.67,386,746
Ex 3 day 181,8,102,0.0616,1.5824,1.1516,4.71,25.7,371,745
Ex 3 day 181,8,103,0.0616,1.8104,1.3878,2.83,29.4,320,719
Ex 3 day 181,8,104,0.0616,2.6346,2.0314,2.83,42.79,385,716
Ex 3 day 181,8,105,0.0616,1.9079,1.543,2.83,30.99,329,728
Ex 3 day 181,8,106,0.0616,2.0455,1.4723,3.77,33.22,360,685
Ex 3 day 181,8,107,0.0616,1.852,1.3957,2.83,30.08,369,683
Ex 3 day 181,8,108,0.0616,1.0799,0.8834,3.3,17.54,372,727
Ex 3 day 181,8,109,0.0616,1.9215,1.6546,2.83,31.21,357,692
Ex 3 day 181,8,110,0.0616,1.9313,1.445,2.83,31.37,357,749
Ex 3 day 181,8,111,0.0616,1.6421,0.9573,4.24,26.67,356,715
Ex 3 day 181,8,112,0.0616,2.0337,1.0298,5.19,33.03,378,698
Ex 3 day 181,8,113,0.0616,1.5652,1.1687,2.83,25.42,328,715
Ex 3 day 181,8,114,0.0616,1.8541,1.4512,2.83,30.11,366,674
Ex 3 day 181,8,115,0.0616,2.2289,1.3444,2.83,36.2,349,738
Ex 3 day 181,11,116,0.0495,3.4957,2.7383,2.83,70.67,781,924
Ex 3 day 181,11,117,0.0495,2.7947,2.1688,2.83,56.5,786,903
Ex 3 day 181,11,118,0.0495,2.8959,2.1661,3.77,58.54,814,917
Ex 3 day 181,11,119,0.0495,1.9695,1.5176,5.19,39.81,787,879
Ex 3 day 181,11,120,0.0495,1.9001,1.4378,2.83,38.41,817,877
Ex 3 day 181,11,121,0.0495,2.0626,1.7059,2.83,41.7,813,867
Ex 3 day 181,11,122,0.0495,2.5341,1.6652,3.77,51.23,802,888
Ex 3 day 181,11,123,0.0495,2.6442,1.8612,3.3,53.45,836,881
Ex 3 day 181,11,124,0.0495,2.2413,1.8972,2.83,45.31,800,912
Ex 3 day 181,11,125,0.0495,1.0718,1.3831,4.24,21.67,800,920
Ex 3 day 181,11,126,0.0495,2.337,2.0935,2.83,47.24,841,889
Ex 3 day 181,11,127,0.0495,2.5478,2.0379,2.83,51.51,816,924
Ex 3 day 181,11,128,0.0495,1.9809,1.5915,2.83,40.05,768,900
Ex 3 day 181,11,129,0.0495,1.9978,1.6735,3.3,40.39,827,864
Ex 3 day 181,11,130,0.0495,1.9224,1.4662,2.83,38.86,811,882
Ex 3 day 181,11,131,0.0495,1.8549,1.5084,2.83,37.5,777,912
Ex 3 day 181,11,132,0.0495,1.8862,1.5757,2.83,38.13,804,924
Ex 3 day 181,12,133,0.7196,2.4153,2.0377,2.83,3.36,1148,966
Ex 3 day 181,12,134,0.7196,2.4259,1.9589,2.83,3.37,1147,956
Ex 3 day 181,12,135,0.7196,1.1935,0.9256,3.77,1.66,1181,965
Ex 3 day 181,12,136,0.7196,1.978,1.5752,2.83,2.75,1156,966
Ex 3 day 181,12,137,0.7196,1.8196,1.3532,2.83,2.53,1171,966
Ex 3 day 181,12,138,0.7196,1.8475,1.3405,2.83,2.57,1163,966
Ex 3 day 1810,1,1,-0.0029,5.3646,4.2972,2.83,-1851.55,746,48
Ex 3 day 1810,1,2,-0.0029,4.9535,4.254,2.83,-1709.67,690,93
Ex 3 day 1810,1,3,-0.0029,3.9829,2.8566,3.3,-1374.66,702,159
Ex 3 day 1810,1,4,-0.0029,3.5564,2.6513,3.77,-1227.45,745,142
Ex 3 day 1810,1,5,-0.0029,3.4865,2.5845,3.77,-1203.32,773,125
Ex 3 day 1810,1,6,-0.0029,3.1097,2.7046,2.83,-1073.28,732,157
Ex 3 day 1810,1,7,-0.0029,3.218,2.2743,4.24,-1110.67,739,98
Ex 3 day 1810,1,8,-0.0029,2.7462,2.3617,2.83,-947.84,744,62
Ex 3 day 1810,1,9,-0.0029,3.2847,2.0435,3.3,-1133.69,729,140
Ex 3 day 1810,1,10,-0.0029,3.0358,2.1092,4.71,-1047.77,657,77
Ex 3 day 1810,1,11,-0.0029,3.1534,2.4351,3.3,-1088.37,774,79
Ex 3 day 1810,1,12,-0.0029,3.1432,2.7052,2.83,-1084.85,778,61
Ex 3 day 1810,1,13,-0.0029,2.7807,1.9569,3.3,-959.73,782,109
Ex 3 day 1810,1,14,-0.0029,3.2527,2.8049,2.83,-1122.63,758,150
Ex 3 day 1810,1,15,-0.0029,3.0563,2.018,3.3,-1054.86,761,123
Ex 3 day 1810,1,16,-0.0029,2.5789,1.9896,2.83,-890.09,748,80
Ex 3 day 1810,1,17,-0.0029,2.1724,1.7954,2.83,-749.77,678,69
Ex 3 day 1810,1,18,-0.0029,3.2388,2.3619,3.3,-1117.83,680,148
Ex 3 day 1810,1,19,-0.0029,2.2662,1.8184,2.83,-782.16,771,49
Ex 3 day 1810,1,20,-0.0029,2.7335,2.4414,2.83,-943.44,716,99
Ex 3 day 1810,1,21,-0.0029,2.3329,1.8387,2.83,-805.16,751,66
Ex 3 day 1810,1,22,-0.0029,2.1004,1.6297,4.24,-724.94,717,63
Ex 3 day 1810,1,23,-0.0029,1.6865,1.2798,4.24,-582.07,680,56
Ex 3 day 1810,1,24,-0.0029,2.8793,2.5113,2.83,-993.78,659,109
Ex 3 day 1810,1,25,-0.0029,1.5601,1.2179,3.3,-538.46,759,60
Ex 3 day 1810,1,26,-0.0029,1.9916,1.6037,2.83,-687.39,738,114
Ex 3 day 1810,1,27,-0.0029,1.6333,1.289,2.83,-563.72,702,188
Ex 3 day 1810,1,28,-0.0029,1.8064,1.0839,3.3,-623.47,671,83
Ex 3 day 1810,1,29,-0.0029,2.5258,1.7048,2.83,-871.74,731,116
Ex 3 day 1810,1,30,-0.0029,1.5912,1.1243,2.83,-549.18,657,172
Ex 3 day 1810,1,31,-0.0029,2.1735,1.7724,2.83,-750.18,648,100
Ex 3 day 1810,1,32,-0.0029,1.7914,1.5422,2.83,-618.3,731,178
Ex 3 day 1810,1,33,-0.0029,1.1909,1.1272,5.19,-411.04,700,44
Ex 3 day 1810,1,34,-0.0029,1.7229,1.3951,2.83,-594.66,714,78
Ex 3 day 1810,1,35,-0.0029,2.0296,1.6195,2.83,-700.49,734,128
Ex 3 day 1810,1,36,-0.0029,2.3714,1.6963,3.3,-818.47,644,128
Ex 3 day 1810,1,37,-0.0029,1.5525,1.1591,2.83,-535.83,679,177
Ex 3 day 1810,2,38,0.0384,3.447,2.9934,2.83,89.66,623,63
Ex 3 day 1810,2,39,0.0384,3.2324,2.8036,2.83,84.08,601,82
Ex 3 day 1810,2,40,0.0384,2.9808,2.0715,3.3,77.54,585,97
Ex 3 day 1810,2,41,0.0384,3.3671,2.9755,2.83,87.59,629,97
Ex 3 day 1810,2,42,0.0384,2.9504,2.4138,2.83,76.74,579,151
Ex 3 day 1810,2,43,0.0384,1.8467,1.3753,3.77,48.04,611,165
Ex 3 day 1810,2,44,0.0384,1.6988,1.5674,5.66,44.19,613,83
Ex 3 day 1810,2,45,0.0384,2.3952,2.1185,2.83,62.3,586,128
Ex 3 day 1810,2,46,0.0384,2.0731,1.177,4.24,53.93,592,152
Ex 3 day 1810,2,47,0.0384,1.7496,1.2923,3.77,45.51,594,124
Ex 3 day 1810,4,48,0.0314,4.651,4.0755,2.83,148.15,798,330
Ex 3 day 1810,4,49,0.0314,4.522,3.0312,3.3,144.04,812,314
Ex 3 day 1810,4,50,0.0314,4.586,3.8372,2.83,146.08,874,298
Ex 3 day 1810,4,51,0.0314,4.0631,2.6289,3.3,129.42,781,336
Ex 3 day 1810,4,52,0.0314,4.3396,3.0398,3.77,138.23,756,266
Ex 3 day 1810,4,53,0.0314,4.1211,3.4051,2.83,131.27,757,339
Ex 3 day 1810,4,54,0.0314,3.7793,2.8076,3.77,120.39,778,381
Ex 3 day 1810,4,55,0.0314,3.9511,2.6861,3.3,125.86,872,319
Ex 3 day 1810,4,56,0.0314,4.0146,3.4337,2.83,127.88,764,393
Ex 3 day 1810,4,57,0.0314,3.7683,3.2722,2.83,120.04,743,369
Ex 3 day 1810,4,58,0.0314,3.5992,2.3716,4.24,114.65,812,279
Ex 3 day 1810,4,59,0.0314,3.5408,2.4193,4.24,112.79,773,316
Ex 3 day 1810,4,60,0.0314,3.2542,2.8498,2.83,103.66,804,252
Ex 3 day 1810,4,61,0.0314,3.2105,2.5816,3.77,102.27,741,288
Ex 3 day 1810,4,62,0.0314,3.3323,3.0045,2.83,106.15,717,338
Ex 3 day 1810,4,63,0.0314,3.4838,3.033,2.83,110.97,768,233
Ex 3 day 1810,4,64,0.0314,3.2406,2.463,3.77,103.23,755,287
Ex 3 day 1810,4,65,0.0314,3.3463,2.5283,3.77,106.59,857,269
Ex 3 day 1810,4,66,0.0314,3.266,2.3899,3.77,104.03,807,374
Ex 3 day 1810,4,67,0.0314,2.9977,2.3939,3.77,95.49,845,356
Ex 3 day 1810,4,68,0.0314,2.9652,2.3279,2.83,94.45,815,224
Ex 3 day 1810,4,69,0.0314,3.0077,2.6617,2.83,95.81,797,415
Ex 3 day 1810,4,70,0.0314,3.4698,2.7248,2.83,110.53,800,354
Ex 3 day 1810,4,71,0.0314,3.0519,2.0939,3.3,97.21,773,295
Ex 3 day 1810,4,72,0.0314,3.4144,2.9089,2.83,108.76,836,294
Ex 3 day 1810,4,73,0.0314,2.8883,1.8174,3.3,92.0,857,323
Ex 3 day 1810,4,74,0.0314,3.2328,2.8502,2.83,102.98,777,365
Ex 3 day 1810,4,75,0.0314,2.3466,1.8593,2.83,74.75,746,250
Ex 3 day 1810,4,76,0.0314,2.9907,2.091,3.3,95.26,767,284
Ex 3 day 1810,4,77,0.0314,3.0006,2.5096,2.83,95.58,828,232
Ex 3 day 1810,4,78,0.0314,2.9201,2.2803,3.77,93.02,875,351
Ex 3 day 1810,4,79,0.0314,2.7367,1.6981,3.3,87.18,781,247
Ex 3 day 1810,4,80,0.0314,2.6471,1.8551,3.3,84.32,755,219
Ex 3 day 1810,4,81,0.0314,2.8456,2.3947,2.83,90.64,798,275
Ex 3 day 1810,4,82,0.0314,2.7624,1.7508,3.3,87.99,832,313
Ex 3 day 1810,4,83,0.0314,2.8027,2.3865,2.83,89.28,778,214
Ex 3 day 1810,4,84,0.0314,1.9701,1.6928,4.71,62.75,731,340
Ex 3 day 1810,4,85,0.0314,2.4214,1.8305,2.83,77.13,743,326
Ex 3 day 1810,4,86,0.0314,2.1904,1.9387,2.83,69.77,743,337
Ex 3 day 1810,4,87,0.0314,2.7585,2.0191,2.83,87.87,807,404
Ex 3 day 1810,4,88,0.0314,2.3275,2.0372,2.83,74.14,854,248
Ex 3 day 1810,4,89,0.0314,2.7027,2.4131,2.83,86.09,791,276
Ex 3 day 1810,4,90,0.0314,2.574,1.8473,3.3,81.99,767,411
Ex 3 day 1810,4,91,0.0314,2.3293,1.9197,2.83,74.2,754,242
Ex 3 day 1810,4,92,0.0314,2.5024,1.3774,4.24,79.71,747,406
Ex 3 day 1810,4,93,0.0314,2.2084,1.836,2.83,70.35,777,413
Ex 3 day 1810,4,94,0.0314,2.6743,2.1635,2.83,85.19,790,205
Ex 3 day 1810,4,95,0.0314,1.9172,1.5103,3.77,61.07,845,306
Ex 3 day 1810,4,96,0.0314,1.8105,1.5443,4.71,57.67,807,208
Ex 3 day 1810,4,97,0.0314,2.2524,1.8196,2.83,71.75,813,299
Ex 3 day 1810,4,98,0.0314,2.7484,2.4303,2.83,87.55,720,278
Ex 3 day 1810,4,99,0.0314,2.0383,1.5464,2.83,64.93,817,296
Ex 3 day 1810,4,100,0.0314,1.7452,1.4786,3.77,55.59,826,207
Ex 3 day 1810,4,101,0.0314,2.0548,1.527,4.71,65.45,726,360
Ex 3 day 1810,4,102,0.0314,2.164,1.8542,2.83,68.93,803,234
Ex 3 day 1810,4,103,0.0314,1.8669,1.6386,2.83,59.47,819,258
Ex 3 day 1810,4,104,0.0314,2.3898,1.9399,2.83,76.12,858,311
Ex 3 day 1810,4,105,0.0314,1.5223,1.265,3.77,48.49,845,325
Ex 3 day 1810,4,106,0.0314,1.46,1.1154,3.3,46.51,801,342
Ex 3 day 1810,4,107,0.0314,2.0843,1.6555,2.83,66.39,835,209
Ex 3 day 1810,4,108,0.0314,1.6063,1.2247,3.3,51.17,794,387
Ex 3 day 1810,4,109,0.0314,2.307,1.9142,2.83,73.49,828,401
Ex 3 day 1810,4,110,0.0314,1.8009,1.4574,2.83,57.37,861,304
Ex 3 day 1810,4,111,0.0314,1.6112,1.0951,3.3,51.32,734,325
Ex 3 day 1810,4,112,0.0314,2.1424,1.804,2.83,68.25,831,376
Ex 3 day 1810,4,113,0.0314,2.1022,1.7039,2.83,66.96,832,257
Ex 3 day 1810,4,114,0.0314,1.9168,1.3967,2.83,61.06,726,297
Ex 3 day 1810,4,115,0.0314,2.2102,1.8779,2.83,70.4,766,225
Ex 3 day 1810,4,116,0.0314,2.1331,1.5861,2.83,67.95,812,344
Ex 3 day 1810,4,117,0.0314,1.7543,1.4241,2.83,55.88,818,334
Ex 3 day 1810,4,118,0.0314,1.8537,1.5358,2.83,59.05,791,398
Ex 3 day 1810,4,119,0.0314,1.6588,1.3058,2.83,52.84,802,302
Ex 3 day 1810,4,120,0.0314,1.737,1.5769,2.83,55.33,819,342
Ex 3 day 1810,4,121,0.0314,2.489,2.0263,2.83,79.29,742,236
Ex 3 day 1810,4,122,0.0314,1.4634,1.1477,2.83,46.62,760,371
Ex 3 day 1810,4,123,0.0314,2.2567,1.4054,2.83,71.89,743,242
Ex 3 day 1810,4,124,0.0314,1.8583,1.3528,3.3,59.19,823,351
Ex 3 day 1810,4,125,0.0314,1.1522,0.9601,5.19,36.7,729,322
Ex 3 day 1810,4,126,0.0314,1.8557,1.363,2.83,59.11,772,260
Ex 3 day 1810,4,127,0.0314,1.9456,1.6158,2.83,61.97,793,302
Ex 3 day 1810,4,128,0.0314,1.6202,1.2945,2.83,51.61,789,294
Ex 3 day 1810,4,129,0.0314,1.8087,1.6251,2.83,57.62,816,405
Ex 3 day 1810,5,130,0.0808,4.9224,4.2594,2.83,60.91,582,546
Ex 3 day 1810,5,131,0.0808,4.9982,4.1696,2.83,61.84,579,510
Ex 3 day 1810,5,132,0.0808,4.4401,3.7629,2.83,54.94,594,492
Ex 3 day 1810,5,133,0.0808,4.0895,2.8303,3.3,50.6,561,539
Ex 3 day 1810,5,134,0.0808,3.8265,2.7031,3.3,47.35,609,475
Ex 3 day 1810,5,135,0.0808,3.777,3.2918,2.83,46.73,596,459
Ex 3 day 1810,5,136,0.0808,3.4123,2.6078,3.77,42.22,604,528
Ex 3 day 1810,5,137,0.0808,3.6105,3.1332,2.83,44.67,616,462
Ex 3 day 1810,5,138,0.0808,3.0778,2.5998,2.83,38.08,563,525
Ex 3 day 1810,5,139,0.0808,2.4819,2.0589,2.83,30.71,582,523
Ex 3 day 1810,5,140,0.0808,2.993,2.2096,3.77,37.03,570,571
Ex 3 day 1810,5,141,0.0808,2.4073,1.8916,2.83,29.79,597,540
Ex 3 day 1810,5,142,0.0808,2.3891,1.7591,3.3,29.56,568,503
Ex 3 day 1810,5,143,0.0808,2.3552,1.7802,3.77,29.14,612,451
Ex 3 day 1810,5,144,0.0808,2.2826,1.9499,2.83,28.24,550,537
Ex 3 day 1810,5,145,0.0808,2.0764,1.7977,2.83,25.69,601,449
Ex 3 day 1810,6,146,0.1052,4.4137,3.8453,2.83,41.95,651,527
Ex 3 day 1810,6,147,0.1052,3.9261,2.8285,3.3,37.32,627,540
Ex 3 day 1810,6,148,0.1052,3.492,2.9562,2.83,33.19,678,544
Ex 3 day 1810,6,149,0.1052,2.2601,1.5115,3.3,21.48,640,558
Ex 3 day 1810,6,150,0.1052,2.3188,1.9958,2.83,22.04,629,499
Ex 3 day 1810,6,151,0.1052,1.956,1.6274,2.83,18.59,636,544
Ex 3 day 1810,6,152,0.1052,1.0965,0.6908,2.83,10.42,617,508
Ex 3 day 1810,6,153,0.1052,2.4112,2.0587,2.83,22.92,635,506
Ex 3 day 1810,7,154,0.0458,4.7204,4.128,2.83,103.12,872,800
Ex 3 day 1810,7,155,0.0458,4.399,3.1183,3.3,96.1,869,777
Ex 3 day 1810,7,156,0.0458,3.7267,2.4137,3.3,81.41,882,866
Ex 3 day 1810,7,157,0.0458,3.3699,2.7207,2.83,73.62,892,799
Ex 3 day 1810,7,158,0.0458,3.2947,2.814,2.83,71.98,872,881
Ex 3 day 1810,7,159,0.0458,3.5271,3.0739,2.83,77.05,834,888
Ex 3 day 1810,7,160,0.0458,3.3083,2.5396,3.77,72.27,888,832
Ex 3 day 1810,7,161,0.0458,2.9238,2.4668,2.83,63.87,898,822
Ex 3 day 1810,7,162,0.0458,3.1931,2.392,2.83,69.76,848,870
Ex 3 day 1810,7,163,0.0458,2.5321,1.6738,3.3,55.32,902,843
Ex 3 day 1810,7,164,0.0458,2.4825,2.2249,2.83,54.23,867,761
Ex 3 day 1810,7,165,0.0458,2.4844,1.6312,4.71,54.27,857,829
Ex 3 day 1810,7,166,0.0458,3.0201,2.5555,2.83,65.98,816,851
Ex 3 day 1810,7,167,0.0458,2.7499,2.3194,2.83,60.07,881,915
Ex 3 day 1810,7,168,0.0458,2.2825,1.331,4.24,49.86,864,869
Ex 3 day 1810,7,169,0.0458,2.9435,2.5319,2.83,64.3,829,802
Ex 3 day 1810,7,170,0.0458,2.1228,1.5598,2.83,46.37,870,820
Ex 3 day 1810,7,171,0.0458,2.3953,1.7135,3.77,52.33,831,816
Ex 3 day 1810,7,172,0.0458,2.2537,1.679,2.83,49.24,863,858
Ex 3 day 1810,7,173,0.0458,1.9916,1.5394,2.83,43.51,834,845
Ex 3 day 1810,7,174,0.0458,2.5805,1.9055,2.83,56.37,890,884
Ex 3 day 1810,7,175,0.0458,2.5189,2.2503,2.83,55.03,813,858
Ex 3 day 1810,7,176,0.0458,1.9374,1.83,2.83,42.32,852,779
Ex 3 day 1810,7,177,0.0458,1.7056,1.3332,3.77,37.26,834,861
Ex 3 day 1810,7,178,0.0458,1.7926,1.3941,2.83,39.16,839,834
Ex 3 day 1810,7,179,0.0458,2.0345,1.7444,2.83,44.45,874,899
Ex 3 day 1810,7,180,0.0458,1.6417,1.4306,2.83,35.87,829,784
Ex 3 day 1810,7,181,0.0458,1.202,0.862,2.83,26.26,843,849
Ex 3 day 1810,7,182,0.0458,2.3599,2.1314,2.83,51.55,815,842
Ex 3 day 1810,7,183,0.0458,1.7821,1.422,3.77,38.93,883,852
Ex 3 day 1810,7,184,0.0458,1.8133,1.5081,2.83,39.61,847,818
Ex 3 day 1810,7,185,0.0458,2.2737,1.9858,2.83,49.67,896,794
Ex 3 day 1810,7,186,0.0458,1.8352,1.5952,2.83,40.09,902,865
Ex 3 day 1810,7,187,0.0458,1.3699,1.0475,3.3,29.93,864,901
Ex 3 day 1810,7,188,0.0458,2.0994,1.7079,2.83,45.86,854,761
Ex 3 day 1810,8,189,0.1151,3.3545,2.2739,3.3,29.15,909,824
Ex 3 day 1810,8,190,0.1151,3.2717,2.341,3.3,28.43,933,819
Ex 3 day 1810,8,191,0.1151,3.4699,3.0125,2.83,30.16,937,882
Ex 3 day 1810,8,192,0.1151,2.8168,2.3403,2.83,24.48,939,833
Ex 3 day 1810,8,193,0.1151,2.4581,1.8963,2.83,21.36,908,842
Ex 3 day 1810,8,194,0.1151,2.0042,1.6529,4.71,17.42,919,872
Ex 3 day 1810,8,195,0.1151,1.9703,1.7045,2.83,17.12,921,888
Ex 3 day 1810,8,196,0.1151,2.642,1.9863,2.83,22.96,939,854
Ex 3 day 1810,8,197,0.1151,1.4528,1.2058,2.83,12.63,916,851
Ex 3 day 1810,8,198,0.1151,1.659,1.2187,4.71,14.42,921,910
Ex 3 day 1811,1,1,0.0805,4.8148,4.1499,2.83,59.83,170,53
Ex 3 day 1811,1,2,0.0805,4.5076,3.9032,2.83,56.01,151,86
Ex 3 day 1811,1,3,0.0805,3.8028,2.5134,3.3,47.25,137,88
Ex 3 day 1811,1,4,0.0805,3.2364,2.3258,3.3,40.21,164,105
Ex 3 day 1811,1,5,0.0805,2.8223,1.966,3.3,35.07,158,119
Ex 3 day 1811,1,6,0.0805,2.2779,2.0343,2.83,28.3,168,81
Ex 3 day 1811,1,7,0.0805,2.4301,1.6856,2.83,30.2,178,36
Ex 3 day 1811,1,8,0.0805,2.743,2.2763,2.83,34.08,152,68
Ex 3 day 1811,1,9,0.0805,2.6095,1.9332,2.83,32.43,146,72
Ex 3 day 1811,2,10,0.0783,4.1606,2.9221,3.3,53.13,209,73
Ex 3 day 1811,2,11,0.0783,4.3616,3.0178,3.3,55.7,189,46
Ex 3 day 1811,2,12,0.0783,4.2379,2.9411,3.3,54.12,218,151
Ex 3 day 1811,2,13,0.0783,3.7248,3.1267,2.83,47.57,222,74
Ex 3 day 1811,2,14,0.0783,3.3269,2.2812,3.3,42.49,205,119
Ex 3 day 1811,2,15,0.0783,3.1887,2.4456,3.77,40.72,201,89
Ex 3 day 1811,2,16,0.0783,3.3193,2.2935,3.3,42.39,194,106
Ex 3 day 1811,2,17,0.0783,3.0353,2.6307,2.83,38.76,240,86
Ex 3 day 1811,2,18,0.0783,2.8745,2.2628,3.77,36.71,196,151
Ex 3 day 1811,2,19,0.0783,3.0107,2.1977,3.3,38.45,207,135
Ex 3 day 1811,2,20,0.0783,2.3196,2.1121,2.83,29.62,200,136
Ex 3 day 1811,2,21,0.0783,1.8228,1.1842,2.83,23.28,226,87
Ex 3 day 1811,2,22,0.0783,2.4973,1.8065,3.3,31.89,240,96
Ex 3 day 1811,2,23,0.0783,2.3972,2.0961,2.83,30.61,235,103
Ex 3 day 1811,2,24,0.0783,1.3719,1.1462,5.66,17.52,182,88
Ex 3 day 1811,2,25,0.0783,1.2628,0.9316,3.3,16.13,175,130
Ex 3 day 1811,2,26,0.0783,1.5408,1.235,4.71,19.68,182,70
Ex 3 day 1811,3,27,0.065,4.6419,3.2609,3.3,71.44,523,363
Ex 3 day 1811,3,28,0.065,4.6366,3.956,2.83,71.36,486,317
Ex 3 day 1811,3,29,0.065,4.6145,3.8929,2.83,71.02,522,349
Ex 3 day 1811,3,30,0.065,4.374,3.8469,2.83,67.31,565,363
Ex 3 day 1811,3,31,0.065,4.564,3.0403,3.3,70.24,473,386
Ex 3 day 1811,3,32,0.065,4.469,3.9144,2.83,68.78,518,399
Ex 3 day 1811,3,33,0.065,4.3333,2.9138,3.3,66.69,506,385
Ex 3 day 1811,3,34,0.065,4.1827,2.9283,3.3,64.37,557,346
Ex 3 day 1811,3,35,0.065,4.3974,3.8317,2.83,67.67,476,363
Ex 3 day 1811,3,36,0.065,4.0078,2.7447,3.3,61.68,508,416
Ex 3 day 1811,3,37,0.065,3.5672,2.4846,3.3,54.9,531,383
Ex 3 day 1811,3,38,0.065,4.0002,3.3573,2.83,61.56,564,380
Ex 3 day 1811,3,39,0.065,3.6874,2.6004,3.3,56.75,464,413
Ex 3 day 1811,3,40,0.065,3.5357,3.0682,2.83,54.41,481,337
Ex 3 day 1811,3,41,0.065,3.3449,2.3933,3.3,51.48,542,320
Ex 3 day 1811,3,42,0.065,3.4434,2.5825,2.83,52.99,462,370
Ex 3 day 1811,3,43,0.065,2.916,2.1157,3.3,44.88,473,433
Ex 3 day 1811,3,44,0.065,2.8039,1.9918,3.3,43.15,502,431
Ex 3 day 1811,3,45,0.065,2.8914,1.8277,3.3,44.5,580,338
Ex 3 day 1811,3,46,0.065,2.0713,1.5221,3.3,31.88,466,352
Ex 3 day 1811,3,47,0.065,2.2319,1.9285,2.83,34.35,502,373
Ex 3 day 1811,3,48,0.065,2.4536,2.1169,2.83,37.76,521,305
Ex 3 day 1811,3,49,0.065,2.6088,2.1882,2.83,40.15,501,323
Ex 3 day 1811,3,50,0.065,2.4336,1.455,3.3,37.45,502,336
Ex 3 day 1811,3,51,0.065,2.4618,2.1391,2.83,37.89,471,397
Ex 3 day 1811,3,52,0.065,1.8811,1.644,2.83,28.95,514,329
Ex 3 day 1811,3,53,0.065,2.4096,1.3649,4.71,37.08,494,350
Ex 3 day 1811,3,54,0.065,2.5367,2.1974,2.83,39.04,593,347
Ex 3 day 1811,3,55,0.065,2.0828,1.5281,3.77,32.05,459,433
Ex 3 day 1811,3,56,0.065,2.1251,1.8484,2.83,32.7,441,363
Ex 3 day 1811,3,57,0.065,1.7873,1.393,3.77,27.51,453,350
Ex 3 day 1811,3,58,0.065,2.3778,1.7304,3.77,36.59,503,293
Ex 3 day 1811,3,59,0.065,1.8461,1.4433,2.83,28.41,489,338
Ex 3 day 1811,3,60,0.065,2.1602,1.689,2.83,33.24,540,412
Ex 3 day 1811,3,61,0.065,1.3184,0.8975,3.3,20.29,491,397
Ex 3 day 1811,3,62,0.065,2.4326,2.0457,2.83,37.44,487,414
Ex 3 day 1811,3,63,0.065,1.8021,1.5594,2.83,27.73,533,329
Ex 3 day 1811,3,64,0.065,2.0131,1.7359,2.83,30.98,544,296
Ex 3 day 1811,3,65,0.065,1.072,0.9064,2.83,16.5,499,360
Ex 3 day 1811,3,66,0.065,1.6396,1.2963,4.71,25.23,522,316
Ex 3 day 1811,3,67,0.065,1.6756,1.3592,2.83,25.79,550,369
Ex 3 day 1811,3,68,0.065,1.6145,1.2905,2.83,24.85,474,341
Ex 3 day 1811,3,69,0.065,1.6805,1.0755,3.3,25.86,486,381
Ex 3 day 1811,3,70,0.065,1.5844,1.3377,2.83,24.38,465,330
Ex 3 day 1811,4,71,0.3085,3.5167,2.488,3.3,11.4,492,666
Ex 3 day 1811,4,72,0.3085,3.0953,2.6343,2.83,10.03,491,679
Ex 3 day 1811,4,73,0.3085,3.3773,2.5937,3.3,10.95,479,642
Ex 3 day 1811,4,74,0.3085,2.1465,1.7436,2.83,6.96,453,620
Ex 3 day 1811,4,75,0.3085,2.2274,1.9144,2.83,7.22,456,628
Ex 3 day 1811,5,76,-0.0027,5.5712,4.1304,2.83,-2029.52,720,688
Ex 3 day 1811,5,77,-0.0027,4.3712,3.6658,2.83,-1592.37,659,786
Ex 3 day 1811,5,78,-0.0027,4.5199,3.2491,3.3,-1646.53,730,723
Ex 3 day 1811,5,79,-0.0027,4.5631,3.1727,3.3,-1662.27,714,783
Ex 3 day 1811,5,80,-0.0027,4.4603,3.106,3.3,-1624.81,786,665
Ex 3 day 1811,5,81,-0.0027,4.5452,3.1378,3.3,-1655.76,713,731
Ex 3 day 1811,5,82,-0.0027,4.227,3.0121,3.3,-1539.81,674,658
Ex 3 day 1811,5,83,-0.0027,4.1813,2.8841,3.3,-1523.17,722,640
Ex 3 day 1811,5,84,-0.0027,4.4441,2.9657,3.3,-1618.9,730,804
Ex 3 day 1811,5,85,-0.0027,4.256,2.9092,3.3,-1550.39,769,668
Ex 3 day 1811,5,86,-0.0027,4.0275,2.9508,3.77,-1467.16,647,684
Ex 3 day 1811,5,87,-0.0027,4.0887,3.4635,2.83,-1489.46,614,687
Ex 3 day 1811,5,88,-0.0027,4.0046,2.9429,3.77,-1458.82,774,650
Ex 3 day 1811,5,89,-0.0027,3.9725,2.9448,3.77,-1447.1,712,764
Ex 3 day 1811,5,90,-0.0027,3.9345,2.8817,3.77,-1433.27,571,761
Ex 3 day 1811,5,91,-0.0027,3.9861,3.4964,2.83,-1452.09,731,653
Ex 3 day 1811,5,92,-0.0027,4.0845,2.8118,3.3,-1487.94,700,647
Ex 3 day 1811,5,93,-0.0027,3.6761,2.5751,3.3,-1339.14,760,706
Ex 3 day 1811,5,94,-0.0027,3.6221,2.7472,3.77,-1319.48,684,797
Ex 3 day 1811,5,95,-0.0027,4.2723,3.4666,2.83,-1556.34,731,760
Ex 3 day 1811,5,96,-0.0027,3.7626,3.3622,2.83,-1370.65,777,726
Ex 3 day 1811,5,97,-0.0027,2.8875,2.5332,2.83,-1051.87,646,703
Ex 3 day 1811,5,98,-0.0027,3.6568,2.5437,3.3,-1332.11,682,751
Ex 3 day 1811,5,99,-0.0027,3.1114,2.289,3.3,-1133.45,638,760
Ex 3 day 1811,5,100,-0.0027,3.4047,2.3913,3.3,-1240.29,538,707
Ex 3 day 1811,5,101,-0.0027,3.669,3.1085,2.83,-1336.57,595,738
Ex 3 day 1811,5,102,-0.0027,3.3933,2.3503,3.3,-1236.13,527,722
Ex 3 day 1811,5,103,-0.0027,3.5978,2.5463,3.3,-1310.6,768,752
Ex 3 day 1811,5,104,-0.0027,3.4413,2.6193,3.77,-1253.62,615,747
Ex 3 day 1811,5,105,-0.0027,2.5564,1.9698,3.77,-931.26,695,723
Ex 3 day 1811,5,106,-0.0027,3.3719,2.8376,2.83,-1228.34,790,709
Ex 3 day 1811,5,107,-0.0027,3.1197,2.1756,3.3,-1136.45,670,771
Ex 3 day 1811,5,108,-0.0027,2.6558,1.9917,3.77,-967.47,751,682
Ex 3 day 1811,5,109,-0.0027,3.0539,2.3533,3.3,-1112.5,585,695
Ex 3 day 1811,5,110,-0.0027,2.8749,2.5684,2.83,-1047.3,690,628
Ex 3 day 1811,5,111,-0.0027,2.8409,2.5137,2.83,-1034.89,753,632
Ex 3 day 1811,5,112,-0.0027,2.077,1.6021,4.24,-756.61,695,821
Ex 3 day 1811,5,113,-0.0027,2.2564,1.4002,3.3,-821.96,635,738
Ex 3 day 1811,5,114,-0.0027,2.5726,1.7509,4.24,-937.15,547,689
Ex 3 day 1811,5,115,-0.0027,2.2894,1.5631,3.3,-833.98,701,678
Ex 3 day 1811,5,116,-0.0027,2.7728,2.4096,2.83,-1010.11,761,776
Ex 3 day 1811,5,117,-0.0027,2.8881,2.4359,2.83,-1052.1,711,666
Ex 3 day 1811,5,118,-0.0027,2.1176,1.7303,2.83,-771.4,776,763
Ex 3 day 1811,5,119,-0.0027,2.0308,1.3106,4.24,-739.8,714,709
Ex 3 day 1811,5,120,-0.0027,2.497,1.8927,2.83,-909.62,658,750
Ex 3 day 1811,5,121,-0.0027,3.0808,2.1267,3.3,-1122.28,694,698
Ex 3 day 1811,5,122,-0.0027,2.0122,1.6761,4.71,-733.03,578,741
Ex 3 day 1811,5,123,-0.0027,2.5732,2.1509,2.83,-937.39,583,762
Ex 3 day 1811,5,124,-0.0027,1.9097,1.5616,2.83,-695.67,683,641
Ex 3 day 1811,5,125,-0.0027,2.3791,1.7925,2.83,-866.66,623,790
Ex 3 day 1811,5,126,-0.0027,1.746,1.5124,2.83,-636.04,780,707
Ex 3 day 1811,5,127,-0.0027,2.0468,1.4303,4.71,-745.61,687,770
Ex 3 day 1811,5,128,-0.0027,2.3808,2.0137,2.83,-867.28,549,772
Ex 3 day 1811,5,129,-0.0027,2.2444,1.2298,4.24,-817.59,600,717
Ex 3 day 1811,5,130,-0.0027,1.7771,1.5341,2.83,-647.36,657,725
Ex 3 day 1811,5,131,-0.0027,2.3404,1.843,2.83,-852.57,795,757
Ex 3 day 1811,5,132,-0.0027,2.1716,1.8195,2.83,-791.06,733,683
Ex 3 day 1811,5,133,-0.0027,2.7176,2.3722,2.83,-989.99,528,701
Ex 3 day 1811,5,134,-0.0027,1.9644,1.5732,2.83,-715.59,772,691
Ex 3 day 1811,5,135,-0.0027,2.0095,1.4153,3.77,-732.03,755,735
Ex 3 day 1811,5,136,-0.0027,1.4338,1.2004,2.83,-522.31,785,765
Ex 3 day 1811,5,137,-0.0027,2.042,1.1753,4.24,-743.88,676,694
Ex 3 day 1811,5,138,-0.0027,2.2465,1.4743,3.77,-818.35,698,744
Ex 3 day 1811,5,139,-0.0027,2.3253,2.0024,2.83,-847.08,571,727
Ex 3 day 1811,5,140,-0.0027,1.928,1.6169,2.83,-702.32,743,747
Ex 3 day 1811,5,141,-0.0027,1.879,1.2756,2.83,-684.51,650,775
Ex 3 day 1811,5,142,-0.0027,1.6671,1.0834,3.3,-607.3,628,695
Ex 3 day 1811,5,143,-0.0027,1.7979,1.3283,2.83,-654.96,791,735
Ex 3 day 1811,5,144,-0.0027,2.6417,2.1987,2.83,-962.33,649,744
Ex 3 day 1811,5,145,-0.0027,1.5549,1.1211,3.3,-566.42,652,761
Ex 3 day 1811,5,146,-0.0027,2.8127,2.4009,2.83,-1024.61,606,658
Ex 3 day 1811,5,147,-0.0027,1.4665,1.3179,2.83,-534.23,568,745
Ex 3 day 1811,5,148,-0.0027,2.4264,2.1549,2.83,-883.91,666,715
Ex 3 day 1811,5,149,-0.0027,2.1823,1.8185,2.83,-794.99,598,658
Ex 3 day 1811,5,150,-0.0027,1.6714,1.346,2.83,-608.88,785,739
Ex 3 day 1811,5,151,-0.0027,1.6967,1.2189,2.83,-618.08,693,810
Ex 3 day 1811,5,152,-0.0027,2.0272,1.7812,3.77,-738.48,546,727
Ex 3 day 1811,5,153,-0.0027,1.6929,1.2089,3.3,-616.69,743,794
Ex 3 day 1811,5,154,-0.0027,1.9092,1.4898,2.83,-695.48,653,710
Ex 3 day 1811,5,155,-0.0027,1.7155,1.4004,3.77,-624.92,669,760
Ex 3 day 1811,5,156,-0.0027,2.2024,1.8554,2.83,-802.31,720,825
Ex 3 day 1811,5,157,-0.0027,1.3499,0.9554,7.07,-491.76,559,702
Ex 3 day 1811,5,158,-0.0027,1.9156,1.4457,3.3,-697.84,636,778
Ex 3 day 1811,5,159,-0.0027,2.4361,1.3222,5.66,-887.43,617,716
Ex 3 day 1811,5,160,-0.0027,1.1948,1.0086,4.71,-435.23,634,716
Ex 3 day 1811,5,161,-0.0027,1.1288,0.9792,5.66,-411.21,751,659
Ex 3 day 1811,5,162,-0.0027,1.8826,1.3011,3.3,-685.8,553,706
Ex 3 day 1811,5,163,-0.0027,1.6059,1.0227,3.3,-585.02,683,722
Ex 3 day 1811,5,164,-0.0027,2.2881,2.0015,2.83,-833.54,609,750
Ex 3 day 1811,5,165,-0.0027,1.5994,0.9728,3.3,-582.64,751,694
Ex 3 day 1811,5,166,-0.0027,1.7942,1.4831,4.71,-653.61,642,669
Ex 3 day 1811,5,167,-0.0027,1.8466,1.3471,5.66,-672.67,655,810
Ex 3 day 1811,5,168,-0.0027,1.0721,0.8,3.3,-390.55,663,674
Ex 3 day 1811,5,169,-0.0027,1.5478,1.2708,2.83,-563.83,696,660
Ex 3 day 1811,6,170,0.0195,4.5053,3.1735,3.3,231.04,449,893
Ex 3 day 1811,6,171,0.0195,4.3135,3.0579,3.3,221.2,529,810
Ex 3 day 1811,6,172,0.0195,4.1021,3.0348,3.77,210.36,482,876
Ex 3 day 1811,6,173,0.0195,4.2747,3.7141,2.83,219.21,472,788
Ex 3 day 1811,6,174,0.0195,4.0929,3.0095,3.3,209.89,515,894
Ex 3 day 1811,6,175,0.0195,4.2709,2.97,3.3,219.02,436,921
Ex 3 day 1811,6,176,0.0195,3.8506,2.5234,4.24,197.46,488,859
Ex 3 day 1811,6,177,0.0195,3.9382,2.9048,3.77,201.95,519,934
Ex 3 day 1811,6,178,0.0195,3.8003,2.97,2.83,194.89,485,838
Ex 3 day 1811,6,179,0.0195,3.848,2.6509,3.3,197.33,467,902
Ex 3 day 1811,6,180,0.0195,3.8706,2.955,3.77,198.49,452,833
Ex 3 day 1811,6,181,0.0195,3.7402,3.206,2.83,191.8,425,846
Ex 3 day 1811,6,182,0.0195,3.5755,2.4784,3.3,183.35,463,926
Ex 3 day 1811,6,183,0.0195,3.2143,2.7728,2.83,164.83,553,829
Ex 3 day 1811,6,184,0.0195,3.0163,2.0653,3.3,154.68,558,813
Ex 3 day 1811,6,185,0.0195,3.4084,2.521,2.83,174.79,543,844
Ex 3 day 1811,6,186,0.0195,3.4962,2.9211,2.83,179.29,479,900
Ex 3 day 1811,6,187,0.0195,2.9434,2.0499,4.24,150.94,569,857
Ex 3 day 1811,6,188,0.0195,2.8866,2.0338,3.3,148.03,562,908
Ex 3 day 1811,6,189,0.0195,2.4331,2.0507,2.83,124.77,557,867
Ex 3 day 1811,6,190,0.0195,3.0009,2.5169,2.83,153.89,504,827
Ex 3 day 1811,6,191,0.0195,2.5253,2.0919,2.83,129.5,557,842
Ex 3 day 1811,6,192,0.0195,2.6608,2.2021,2.83,136.45,504,915
Ex 3 day 1811,6,193,0.0195,2.6075,2.0528,2.83,133.72,509,844
Ex 3 day 1811,6,194,0.0195,2.3854,1.6514,3.3,122.33,435,903
Ex 3 day 1811,6,195,0.0195,2.3188,1.9693,2.83,118.91,554,855
Ex 3 day 1811,6,196,0.0195,2.5103,1.9504,2.83,128.73,506,816
Ex 3 day 1811,6,197,0.0195,2.5103,2.0876,2.83,128.73,475,803
Ex 3 day 1811,6,198,0.0195,2.0488,1.485,3.3,105.06,494,795
Ex 3 day 1811,6,199,0.0195,2.4411,2.0287,2.83,125.18,497,815
Ex 3 day 1811,6,200,0.0195,2.7416,2.3002,2.83,140.59,521,857
Ex 3 day 1811,6,201,0.0195,2.179,1.768,2.83,111.74,532,903
Ex 3 day 1811,6,202,0.0195,2.4766,1.8969,3.77,127.0,571,899
Ex 3 day 1811,6,203,0.0195,1.6859,1.2229,2.83,86.46,538,838
Ex 3 day 1811,6,204,0.0195,1.5224,1.0302,3.3,78.07,539,879
Ex 3 day 1811,6,205,0.0195,1.6274,1.3842,2.83,83.45,525,909
Ex 3 day 1811,6,206,0.0195,1.559,1.0899,2.83,79.95,500,878
Ex 3 day 1811,6,207,0.0195,2.2396,1.6133,2.83,114.85,543,870
Ex 3 day 1811,6,208,0.0195,1.4473,1.2287,2.83,74.22,444,861
Ex 3 day 1811,6,209,0.0195,2.2098,1.6969,2.83,113.32,537,847
Ex 3 day 1811,6,210,0.0195,1.4962,1.246,3.77,76.73,491,928
Ex 3 day 1811,6,211,0.0195,2.2713,1.9041,2.83,116.48,512,870
Ex 3 day 1811,6,212,0.0195,1.7793,1.4577,2.83,91.24,476,923
Ex 3 day 1811,6,213,0.0195,1.5032,0.8788,4.24,77.09,462,812
Ex 3 day 1811,6,214,0.0195,1.6535,1.2596,2.83,84.79,438,855
Ex 3 day 1811,6,215,0.0195,1.7294,1.468,2.83,88.69,560,886
Ex 3 day 1811,6,216,0.0195,1.831,1.4569,2.83,93.9,501,787
Ex 3 day 1811,6,217,0.0195,2.0706,1.8279,2.83,106.18,417,845
Ex 3 day 1811,6,218,0.0195,2.1854,1.7576,2.83,112.07,552,884
Ex 3 day 1811,6,219,0.0195,1.4436,1.0058,2.83,74.03,512,806
Ex 3 day 1811,6,220,0.0195,1.6891,1.0998,3.77,86.62,531,891
Ex 3 day 1811,6,221,0.0195,1.7542,1.4528,2.83,89.96,523,842
Ex 3 day 1811,6,222,0.0195,1.7289,1.2069,3.3,88.66,481,772
Ex 3 day 1811,6,223,0.0195,1.5521,1.3479,2.83,79.59,493,908
Ex 3 day 1811,7,224,0.0499,4.5893,3.1117,3.3,92.03,1179,899
Ex 3 day 1811,7,225,0.0499,4.6892,4.004,2.83,94.03,1132,836
Ex 3 day 1811,7,226,0.0499,4.4497,3.5798,2.83,89.23,1148,838
Ex 3 day 1811,7,227,0.0499,4.0114,3.4743,2.83,80.44,1156,788
Ex 3 day 1811,7,228,0.0499,4.0201,3.5064,2.83,80.61,1137,821
Ex 3 day 1811,7,229,0.0499,3.9272,2.7423,3.3,78.75,1181,825
Ex 3 day 1811,7,230,0.0499,3.4487,2.4656,3.3,69.16,1199,873
Ex 3 day 1811,7,231,0.0499,3.7639,3.2742,2.83,75.48,1166,895
Ex 3 day 1811,7,232,0.0499,3.4381,3.0327,2.83,68.94,1133,878
Ex 3 day 1811,7,233,0.0499,3.2553,2.7026,2.83,65.28,1147,868
Ex 3 day 1811,7,234,0.0499,3.3339,2.2817,3.3,66.85,1112,861
Ex 3 day 1811,7,235,0.0499,3.2264,2.8545,2.83,64.7,1155,871
Ex 3 day 1811,7,236,0.0499,3.1477,2.7133,2.83,63.12,1221,872
Ex 3 day 1811,7,237,0.0499,1.9573,1.5433,2.83,39.25,1147,892
Ex 3 day 1811,7,238,0.0499,2.7522,2.2445,2.83,55.19,1151,851
Ex 3 day 1811,7,239,0.0499,2.5091,2.1222,2.83,50.32,1174,919
Ex 3 day 1811,7,240,0.0499,2.9138,2.1377,2.83,58.43,1173,866
Ex 3 day 1811,7,241,0.0499,1.6202,1.4591,3.77,32.49,1135,859
Ex 3 day 1811,7,242,0.0499,2.0673,1.2576,4.24,41.46,1157,815
Ex 3 day 1811,7,243,0.0499,1.8502,1.3825,3.3,37.1,1155,830
Ex 3 day 1811,7,244,0.0499,2.3571,1.5457,3.3,47.27,1191,918
Ex 3 day 1811,7,245,0.0499,2.0422,1.4709,3.3,40.95,1145,902
Ex 3 day 1811,7,246,0.0499,2.2515,1.5342,3.3,45.15,1154,916
Ex 3 day 1811,7,247,0.0499,1.7137,1.4639,2.83,34.36,1202,859
Ex 3 day 1811,7,248,0.0499,2.1874,1.8362,2.83,43.86,1122,811
Ex 3 day 1811,7,249,0.0499,2.3424,1.9476,2.83,46.97,1175,859
Ex 3 day 1812,1,1,-0.0103,4.4246,3.1676,3.3,-427.62,534,95
Ex 3 day 1812,1,2,-0.0103,4.2522,3.0562,3.3,-410.96,656,161
Ex 3 day 1812,1,3,-0.0103,4.2912,3.1527,3.3,-414.73,552,199
Ex 3 day 1812,1,4,-0.0103,4.092,3.1195,3.77,-395.48,543,66
Ex 3 day 1812,1,5,-0.0103,4.2324,3.0554,3.3,-409.05,631,108
Ex 3 day 1812,1,6,-0.0103,4.356,3.0804,3.3,-420.99,625,137
Ex 3 day 1812,1,7,-0.0103,4.0958,2.9268,3.3,-395.84,587,129
Ex 3 day 1812,1,8,-0.0103,4.0116,3.0016,3.77,-387.71,548,113
Ex 3 day 1812,1,9,-0.0103,4.0263,2.9848,3.3,-389.13,645,30
Ex 3 day 1812,1,10,-0.0103,4.094,3.0261,3.77,-395.67,599,179
Ex 3 day 1812,1,11,-0.0103,4.3563,3.618,2.83,-421.02,681,86
Ex 3 day 1812,1,12,-0.0103,4.422,3.81,2.83,-427.37,566,29
Ex 3 day 1812,1,13,-0.0103,4.0515,2.9149,3.77,-391.56,524,82
Ex 3 day 1812,1,14,-0.0103,3.9844,2.6736,3.3,-385.08,570,145
Ex 3 day 1812,1,15,-0.0103,4.0856,2.9961,2.83,-394.86,660,80
Ex 3 day 1812,1,16,-0.0103,3.7202,2.7492,3.3,-359.55,599,75
Ex 3 day 1812,1,17,-0.0103,3.8575,2.892,3.77,-372.82,686,37
Ex 3 day 1812,1,18,-0.0103,3.1189,2.5367,3.77,-301.43,653,176
Ex 3 day 1812,1,19,-0.0103,3.6611,2.8617,2.83,-353.83,645,200
Ex 3 day 1812,1,20,-0.0103,3.9333,3.2453,2.83,-380.14,702,50
Ex 3 day 1812,1,21,-0.0103,3.0232,2.2563,2.83,-292.19,680,54
Ex 3 day 1812,1,22,-0.0103,3.2488,2.3343,3.77,-313.98,533,164
Ex 3 day 1812,1,23,-0.0103,3.3022,2.7772,2.83,-319.15,678,185
Ex 3 day 1812,1,24,-0.0103,2.8818,2.1354,2.83,-278.52,636,88
Ex 3 day 1812,1,25,-0.0103,3.0073,2.4024,2.83,-290.65,573,183
Ex 3 day 1812,1,26,-0.0103,2.9709,2.5041,2.83,-287.13,674,223
Ex 3 day 1812,1,27,-0.0103,3.2932,2.0831,3.3,-318.28,556,150
Ex 3 day 1812,1,28,-0.0103,2.8777,2.4795,2.83,-278.12,688,187
Ex 3 day 1812,1,29,-0.0103,3.1022,2.6563,2.83,-299.82,685,136
Ex 3 day 1812,1,30,-0.0103,2.8707,2.0246,3.77,-277.44,659,133
Ex 3 day 1812,1,31,-0.0103,2.5445,2.0528,2.83,-245.92,648,189
Ex 3 day 1812,1,32,-0.0103,2.6053,2.1953,2.83,-251.8,550,32
Ex 3 day 1812,1,33,-0.0103,2.3076,1.8975,2.83,-223.03,660,0
Ex 3 day 1812,1,34,-0.0103,2.9191,2.0856,3.77,-282.12,666,49
Ex 3 day 1812,1,35,-0.0103,2.5026,2.0551,2.83,-241.87,601,111
Ex 3 day 1812,1,36,-0.0103,2.5026,1.8026,3.3,-241.87,628,208
Ex 3 day 1812,1,37,-0.0103,2.9444,2.2186,2.83,-284.56,709,84
Ex 3 day 1812,1,38,-0.0103,2.6617,2.171,2.83,-257.24,671,111
Ex 3 day 1812,1,39,-0.0103,2.556,1.7045,3.3,-247.03,603,24
Ex 3 day 1812,1,40,-0.0103,2.7126,1.9205,3.77,-262.17,598,217
Ex 3 day 1812,1,41,-0.0103,2.8891,1.9364,3.77,-279.22,638,150
Ex 3 day 1812,1,42,-0.0103,2.4624,2.0481,3.77,-237.98,678,144
Ex 3 day 1812,1,43,-0.0103,2.0143,1.7984,2.83,-194.68,601,202
Ex 3 day 1812,1,44,-0.0103,2.8282,2.4401,2.83,-273.34,581,143
Ex 3 day 1812,1,45,-0.0103,2.3566,1.7346,2.83,-227.76,616,207
Ex 3 day 1812,1,46,-0.0103,2.688,1.5393,5.19,-259.78,663,202
Ex 3 day 1812,1,47,-0.0103,2.5059,2.0001,2.83,-242.19,717,85
Ex 3 day 1812,1,48,-0.0103,2.407,1.9052,2.83,-232.63,697,185
Ex 3 day 1812,1,49,-0.0103,2.5472,2.2462,2.83,-246.18,607,38
Ex 3 day 1812,1,50,-0.0103,1.8714,1.4905,2.83,-180.87,666,104
Ex 3 day 1812,1,51,-0.0103,2.3705,1.677,2.83,-229.1,658,110
Ex 3 day 1812,1,52,-0.0103,2.4548,1.8416,2.83,-237.24,672,120
Ex 3 day 1812,1,53,-0.0103,2.093,1.8594,2.83,-202.28,664,20
Ex 3 day 1812,1,54,-0.0103,2.0107,1.4424,4.24,-194.33,619,220
Ex 3 day 1812,1,55,-0.0103,2.3039,1.7831,2.83,-222.66,615,94
Ex 3 day 1812,1,56,-0.0103,2.5424,1.9736,2.83,-245.72,652,94
Ex 3 day 1812,1,57,-0.0103,2.9209,2.1079,2.83,-282.29,541,172
Ex 3 day 1812,1,58,-0.0103,2.1744,1.537,2.83,-210.15,605,126
Ex 3 day 1812,1,59,-0.0103,1.744,1.2584,2.83,-168.55,570,83
Ex 3 day 1812,1,60,-0.0103,1.776,1.3524,2.83,-171.64,707,96
Ex 3 day 1812,1,61,-0.0103,1.9909,1.6849,2.83,-192.41,639,42
Ex 3 day 1812,1,62,-0.0103,2.9154,1.932,2.83,-281.76,583,172
Ex 3 day 1812,1,63,-0.0103,2.1409,1.4908,2.83,-206.91,603,58
Ex 3 day 1812,1,64,-0.0103,2.031,1.4365,2.83,-196.29,640,2
Ex 3 day 1812,1,65,-0.0103,2.7607,2.1358,2.83,-266.81,698,86
Ex 3 day 1812,1,66,-0.0103,1.4091,0.8447,4.24,-136.18,672,0
Ex 3 day 1812,1,67,-0.0103,1.8849,1.6681,2.83,-182.17,543,132
Ex 3 day 1812,1,68,-0.0103,2.0174,1.6173,2.83,-194.98,535,151
Ex 3 day 1812,1,69,-0.0103,2.5891,1.947,2.83,-250.22,675,166
Ex 3 day 1812,1,70,-0.0103,1.8337,1.437,2.83,-177.22,669,65
Ex 3 day 1812,1,71,-0.0103,2.4643,2.0463,2.83,-238.16,615,53
Ex 3 day 1812,1,72,-0.0103,2.4255,1.8194,2.83,-234.42,582,36
Ex 3 day 1812,1,73,-0.0103,1.2867,1.0275,3.77,-124.36,606,6
Ex 3 day 1812,1,74,-0.0103,2.2487,1.9493,2.83,-217.33,701,59
Ex 3 day 1812,1,75,-0.0103,2.049,1.8376,2.83,-198.03,683,22
Ex 3 day 1812,1,76,-0.0103,1.5625,1.2679,2.83,-151.01,609,225
Ex 3 day 1812,1,77,-0.0103,1.6991,1.1087,2.83,-164.21,555,184
Ex 3 day 1812,1,78,-0.0103,1.8909,1.6533,2.83,-182.75,603,149
Ex 3 day 1812,1,79,-0.0103,2.144,1.3339,2.83,-207.21,574,116
Ex 3 day 1812,1,80,-0.0103,1.8359,1.6537,2.83,-177.44,582,53
Ex 3 day 1812,1,81,-0.0103,2.4111,2.0456,2.83,-233.03,713,41
Ex 3 day 1812,1,82,-0.0103,1.8417,1.4726,2.83,-177.99,594,37
Ex 3 day 1812,1,83,-0.0103,1.6195,1.4619,3.77,-156.52,624,79
Ex 3 day 1812,1,84,-0.0103,2.0642,1.5737,2.83,-199.5,640,55
Ex 3 day 1812,1,85,-0.0103,2.3484,1.8442,2.83,-226.96,593,90
Ex 3 day 1812,1,86,-0.0103,2.8876,2.0829,2.83,-279.08,588,100
Ex 3 day 1812,1,87,-0.0103,1.6136,1.4051,4.24,-155.95,660,225
Ex 3 day 1812,1,88,-0.0103,1.4423,1.1422,2.83,-139.39,592,114
Ex 3 day 1812,1,89,-0.0103,1.5543,1.135,2.83,-150.22,673,31
Ex 3 day 1812,1,90,-0.0103,1.8202,1.5552,2.83,-175.92,580,200
Ex 3 day 1812,1,91,-0.0103,1.4476,0.9897,6.13,-139.91,623,0
Ex 3 day 1812,1,92,-0.0103,2.1514,1.4188,2.83,-207.93,721,56
Ex 3 day 1812,1,93,-0.0103,2.4558,1.6257,2.83,-237.34,671,216
Ex 3 day 1812,1,94,-0.0103,2.4141,1.6496,2.83,-233.32,580,212
Ex 3 day 1812,1,95,-0.0103,1.4944,1.085,3.3,-144.43,692,121
Ex 3 day 1812,1,96,-0.0103,1.6093,1.216,3.3,-155.53,621,90
Ex 3 day 1812,1,97,-0.0103,2.1113,1.6041,2.83,-204.05,632,222
Ex 3 day 1812,1,98,-0.0103,2.4794,2.0509,2.83,-239.62,711,111
Ex 3 day 1812,1,99,-0.0103,1.9329,1.3022,2.83,-186.81,616,20
Ex 3 day 1812,1,100,-0.0103,1.7574,1.36,2.83,-169.85,645,207
Ex 3 day 1812,1,101,-0.0103,1.5022,1.086,3.77,-145.19,689,107
Ex 3 day 1812,1,102,-0.0103,1.3187,1.1447,3.3,-127.45,568,194
Ex 3 day 1812,1,103,-0.0103,0.7365,1.2006,4.24,-71.18,556,173
Ex 3 day 1812,1,104,-0.0103,1.5792,1.102,3.3,-152.63,669,180
Ex 3 day 1812,1,105,-0.0103,1.881,1.3087,2.83,-181.79,589,19
Ex 3 day 1812,1,106,-0.0103,1.6539,1.0684,2.83,-159.84,547,100
Ex 3 day 1812,1,107,-0.0103,1.7105,1.1664,2.83,-165.32,712,67
Ex 3 day 1812,1,108,-0.0103,1.3362,0.9903,4.24,-129.14,647,115
Ex 3 day 1812,1,109,-0.0103,2.1557,1.5345,3.3,-208.35,693,12
Ex 3 day 1812,1,110,-0.0103,1.6902,1.3148,2.83,-163.36,613,32
Ex 3 day 1812,1,111,-0.0103,1.2741,0.9759,2.83,-123.14,565,43
Ex 3 day 1812,1,112,-0.0103,2.031,1.0607,6.13,-196.29,561,98
Ex 3 day 1812,1,113,-0.0103,1.4897,1.2334,5.19,-143.98,607,97
Ex 3 day 1812,1,114,-0.0103,2.3411,1.877,2.83,-226.26,711,106
Ex 3 day 1812,1,115,-0.0103,2.3433,1.8097,2.83,-226.47,613,150
Ex 3 day 1812,1,116,-0.0103,1.4125,1.0076,2.83,-136.51,608,124
Ex 3 day 1812,1,117,-0.0103,1.7413,1.342,2.83,-168.29,663,121
Ex 3 day 1812,1,118,-0.0103,1.1021,0.9709,2.83,-106.51,699,192
Ex 3 day 1812,1,119,-0.0103,2.0006,1.3942,2.83,-193.35,587,218
Ex 3 day 1812,1,120,-0.0103,1.9379,1.3014,4.71,-187.29,629,34
Ex 3 day 1812,1,121,-0.0103,1.3758,1.1198,3.3,-132.97,674,153
Ex 3 day 1812,1,122,-0.0103,1.0231,0.7545,4.71,-98.88,729,93
Ex 3 day 1812,1,123,-0.0103,1.9474,1.677,2.83,-188.21,625,7
Ex 3 day 1812,1,124,-0.0103,1.8215,1.5258,2.83,-176.04,573,163
Ex 3 day 1812,1,125,-0.0103,2.0629,1.6624,2.83,-199.37,631,168
Ex 3 day 1812,1,126,-0.0103,1.7666,1.3631,2.83,-170.73,630,94
Ex 3 day 1812,1,127,-0.0103,1.3731,1.2645,3.77,-132.71,563,70
Ex 3 day 1812,1,128,-0.0103,2.0311,1.4882,2.83,-196.3,620,44
Ex 3 day 1812,1,129,-0.0103,2.0566,1.5128,2.83,-198.77,703,101
Ex 3 day 1812,1,130,-0.0103,1.861,1.5207,2.83,-179.86,655,219
Ex 3 day 1812,2,131,-0.0084,4.0729,2.7174,3.3,-487.39,1301,240
Ex 3 day 1812,2,132,-0.0084,3.8432,2.9121,3.77,-459.89,1318,246
Ex 3 day 1812,2,133,-0.0084,3.779,2.6779,3.3,-452.21,1319,186
Ex 3 day 1812,2,134,-0.0084,3.5779,2.7291,3.77,-428.15,1348,211
Ex 3 day 1812,2,135,-0.0084,3.2264,2.7312,2.83,-386.09,1376,258
Ex 3 day 1812,2,136,-0.0084,3.5058,2.4289,3.3,-419.52,1301,180
Ex 3 day 1812,2,137,-0.0084,3.5113,3.042,2.83,-420.18,1359,164
Ex 3 day 1812,2,138,-0.0084,2.6832,2.1195,3.77,-321.08,1287,176
Ex 3 day 1812,2,139,-0.0084,2.8074,1.9744,3.3,-335.95,1333,158
Ex 3 day 1812,2,140,-0.0084,2.3782,2.0395,2.83,-284.59,1362,236
Ex 3 day 1812,2,141,-0.0084,2.5911,1.8449,2.83,-310.06,1326,173
Ex 3 day 1812,2,142,-0.0084,2.2287,1.8823,2.83,-266.7,1322,208
Ex 3 day 1812,2,143,-0.0084,2.4702,1.5207,3.3,-295.6,1309,174
Ex 3 day 1812,2,144,-0.0084,2.3018,1.8171,2.83,-275.45,1355,191
Ex 3 day 1812,2,145,-0.0084,2.5594,2.1716,2.83,-306.27,1343,183
Ex 3 day 1812,2,146,-0.0084,2.0135,1.2684,3.3,-240.94,1370,220
Ex 3 day 1812,2,147,-0.0084,2.3413,1.9767,2.83,-280.17,1335,203
Ex 3 day 1812,2,148,-0.0084,1.5425,1.3703,2.83,-184.58,1344,269
Ex 3 day 1812,2,149,-0.0084,2.1209,1.5724,2.83,-253.79,1279,188
Ex 3 day 1812,2,150,-0.0084,2.2823,1.5089,3.3,-273.11,1349,285
Ex 3 day 1812,2,151,-0.0084,1.9992,1.5989,2.83,-239.23,1331,219
Ex 3 day 1812,2,152,-0.0084,1.6121,1.3716,2.83,-192.91,1368,191
Ex 3 day 1812,2,153,-0.0084,1.8442,1.5122,2.83,-220.68,1323,200
Ex 3 day 1812,2,154,-0.0084,1.5785,1.164,2.83,-188.89,1387,189
Ex 3 day 1812,2,155,-0.0084,1.8069,1.5856,2.83,-216.22,1332,231
Ex 3 day 1812,2,156,-0.0084,1.6969,1.4436,3.77,-203.06,1336,171
Ex 3 day 1812,2,157,-0.0084,1.4436,1.3028,4.24,-172.74,1351,262
Ex 3 day 1812,2,158,-0.0084,2.0053,1.3801,2.83,-239.96,1387,226
Ex 3 day 1812,2,159,-0.0084,1.5367,1.2267,2.83,-183.89,1358,290
Ex 3 day 1812,2,160,-0.0084,1.8903,1.4189,3.77,-226.2,1314,261
Ex 3 day 1812,2,161,-0.0084,1.9079,1.492,2.83,-228.31,1305,197
Ex 3 day 1812,2,162,-0.0084,1.712,1.3208,2.83,-204.87,1343,280
Ex 3 day 1812,2,163,-0.0084,1.8186,1.5629,2.83,-217.63,1327,263
Ex 3 day 1812,2,164,-0.0084,2.3611,1.5864,2.83,-282.54,1375,236
Ex 3 day 1812,2,165,-0.0084,1.9249,1.6329,2.83,-230.35,1299,225
Ex 3 day 1812,2,166,-0.0084,1.0245,0.5565,2.83,-122.6,1391,268
Ex 3 day 1812,2,167,-0.0084,1.4013,1.1569,3.77,-167.68,1314,219
Ex 3 day 1812,2,168,-0.0084,1.8092,1.4069,2.83,-216.5,1354,234
Ex 3 day 1812,2,169,-0.0084,2.0597,0.8841,4.24,-246.47,1280,202
Ex 3 day 1812,3,170,0.0376,4.6954,3.0241,3.3,124.72,72,249
Ex 3 day 1812,3,171,0.0376,4.1546,2.9794,3.3,110.35,72,227
Ex 3 day 1812,3,172,0.0376,4.1754,3.7041,2.83,110.9,61,286
Ex 3 day 1812,3,173,0.0376,4.0009,2.6764,3.3,106.27,73,204
Ex 3 day 1812,3,174,0.0376,3.9628,2.8878,3.77,105.26,115,232
Ex 3 day 1812,3,175,0.0376,3.9942,2.7193,3.3,106.09,119,192
Ex 3 day 1812,3,176,0.0376,3.7804,2.3525,4.24,100.41,24,282
Ex 3 day 1812,3,177,0.0376,3.7184,2.7061,3.3,98.76,51,224
Ex 3 day 1812,3,178,0.0376,3.041,1.6067,5.19,80.77,8,268
Ex 3 day 1812,3,179,0.0376,2.8834,2.3831,2.83,76.59,98,222
Ex 3 day 1812,3,180,0.0376,3.5199,2.5676,2.83,93.49,102,252
Ex 3 day 1812,3,181,0.0376,2.3908,1.8358,2.83,63.5,37,268
Ex 3 day 1812,3,182,0.0376,3.1395,2.2235,2.83,83.39,92,244
Ex 3 day 1812,3,183,0.0376,3.0367,2.5923,2.83,80.66,98,174
Ex 3 day 1812,3,184,0.0376,1.9917,1.4909,2.83,52.9,61,270
Ex 3 day 1812,3,185,0.0376,2.0746,1.7903,2.83,55.1,68,238
Ex 3 day 1812,3,186,0.0376,1.814,1.5509,2.83,48.18,32,236
Ex 3 day 1812,3,187,0.0376,2.2102,1.7453,2.83,58.71,85,183
Ex 3 day 1812,3,188,0.0376,1.8721,1.3715,3.3,49.73,55,246
Ex 3 day 1812,3,189,0.0376,2.077,1.5396,2.83,55.17,86,215
Ex 3 day 1812,3,190,0.0376,2.3602,1.8895,2.83,62.69,83,293
Ex 3 day 1812,3,191,0.0376,2.273,1.6968,2.83,60.37,83,228
Ex 3 day 1812,3,192,0.0376,2.7383,2.1139,2.83,72.73,96,237
Ex 3 day 1812,3,193,0.0376,2.0621,1.7087,2.83,54.77,105,190
Ex 3 day 1812,3,194,0.0376,1.7671,1.3016,2.83,46.94,82,175
Ex 3 day 1812,3,195,0.0376,2.1337,1.6123,2.83,56.67,31,247
Ex 3 day 1812,3,196,0.0376,2.0103,1.5909,2.83,53.39,50,272
Ex 3 day 1812,3,197,0.0376,2.2767,1.8896,2.83,60.47,94,215
Ex 3 day 1812,3,198,0.0376,1.7655,1.3813,2.83,46.89,103,234
Ex 3 day 1812,3,199,0.0376,1.8104,1.5212,2.83,48.09,24,265
Ex 3 day 1812,3,200,0.0376,2.1775,1.6049,2.83,57.84,40,248
Ex 3 day 1812,3,201,0.0376,1.6101,1.3081,2.83,42.77,50,259
Ex 3 day 1812,3,202,0.0376,2.1651,1.5305,2.83,57.51,88,202
Ex 3 day 1812,3,203,0.0376,1.5569,1.2521,2.83,41.35,87,270
Ex 3 day 1812,4,204,-0.0088,3.9752,2.6723,3.3,-452.77,1277,296
Ex 3 day 1812,4,205,-0.0088,3.6119,2.6732,2.83,-411.4,1209,336
Ex 3 day 1812,4,206,-0.0088,3.7178,3.2225,2.83,-423.46,1220,250
Ex 3 day 1812,4,207,-0.0088,3.4997,2.9966,2.83,-398.61,1325,297
Ex 3 day 1812,4,208,-0.0088,3.0179,2.2199,3.3,-343.74,1198,279
Ex 3 day 1812,4,209,-0.0088,3.5925,2.621,2.83,-409.18,1185,302
Ex 3 day 1812,4,210,-0.0088,3.1832,2.299,3.77,-362.56,1263,285
Ex 3 day 1812,4,211,-0.0088,3.5412,2.9756,2.83,-403.35,1236,245
Ex 3 day 1812,4,212,-0.0088,2.5494,2.0235,3.77,-290.38,1296,353
Ex 3 day 1812,4,213,-0.0088,2.4967,1.9769,3.77,-284.38,1195,305
Ex 3 day 1812,4,214,-0.0088,3.1722,2.3163,2.83,-361.32,1232,236
Ex 3 day 1812,4,215,-0.0088,2.8763,2.4525,2.83,-327.62,1308,284
Ex 3 day 1812,4,216,-0.0088,2.5104,2.0847,2.83,-285.93,1204,318
Ex 3 day 1812,4,217,-0.0088,2.9798,2.365,2.83,-339.4,1215,309
Ex 3 day 1812,4,218,-0.0088,2.6337,1.9631,3.3,-299.98,1319,282
Ex 3 day 1812,4,219,-0.0088,2.7305,2.2524,2.83,-311.01,1289,284
Ex 3 day 1812,4,220,-0.0088,2.3741,1.7646,2.83,-270.41,1275,354
Ex 3 day 1812,4,221,-0.0088,2.4681,2.1003,2.83,-281.12,1253,345
Ex 3 day 1812,4,222,-0.0088,2.0661,1.6647,2.83,-235.33,1311,349
Ex 3 day 1812,4,223,-0.0088,2.414,1.9287,2.83,-274.95,1304,325
Ex 3 day 1812,4,224,-0.0088,1.6534,1.2723,3.77,-188.33,1185,332
Ex 3 day 1812,4,225,-0.0088,2.2052,1.8009,2.83,-251.18,1213,273
Ex 3 day 1812,4,226,-0.0088,1.7858,1.3093,3.77,-203.41,1252,374
Ex 3 day 1812,4,227,-0.0088,2.449,2.0184,2.83,-278.94,1305,268
Ex 3 day 1812,4,228,-0.0088,2.056,1.739,2.83,-234.18,1196,317
Ex 3 day 1812,4,229,-0.0088,1.9143,1.4033,3.77,-218.04,1227,357
Ex 3 day 1812,4,230,-0.0088,0.8047,1.3596,3.77,-91.65,1206,252
Ex 3 day 1812,4,231,-0.0088,1.277,1.2635,3.77,-145.45,1312,339
Ex 3 day 1812,4,232,-0.0088,1.3296,1.1983,2.83,-151.44,1284,353
Ex 3 day 1812,4,233,-0.0088,1.9199,1.5801,2.83,-218.68,1236,290
Ex 3 day 1812,4,234,-0.0088,2.2743,1.6438,2.83,-259.05,1262,346
Ex 3 day 1812,4,235,-0.0088,2.2946,1.8191,2.83,-261.35,1232,224
Ex 3 day 1812,4,236,-0.0088,2.434,1.937,2.83,-277.23,1243,223
Ex 3 day 1812,4,237,-0.0088,2.0917,1.7109,2.83,-238.24,1344,319
Ex 3 day 1812,4,238,-0.0088,1.6909,1.2391,3.77,-192.59,1221,237
Ex 3 day 1812,4,239,-0.0088,1.465,1.2007,2.83,-166.87,1328,336
Ex 3 day 1812,4,240,-0.0088,1.6159,1.3724,2.83,-184.06,1216,286
Ex 3 day 1812,4,241,-0.0088,1.6418,1.3929,2.83,-187.0,1226,309
Ex 3 day 1812,4,242,-0.0088,1.9972,1.5672,3.3,-227.49,1285,253
Ex 3 day 1812,4,243,-0.0088,1.5722,1.1058,2.83,-179.07,1217,295
Ex 3 day 1812,4,244,-0.0088,1.9595,1.5386,2.83,-223.19,1270,225
Ex 3 day 1812,4,245,-0.0088,1.99,1.7521,2.83,-226.66,1295,255
Ex 3 day 1812,4,246,-0.0088,1.6018,1.3995,2.83,-182.45,1317,329
Ex 3 day 1812,4,247,-0.0088,1.4166,0.9469,4.24,-161.35,1229,331
Ex 3 day 1812,4,248,-0.0088,1.7524,1.456,2.83,-199.6,1302,309
Ex 3 day 1812,4,249,-0.0088,1.6983,1.3097,2.83,-193.44,1283,265
Ex 3 day 1812,4,250,-0.0088,1.9704,1.4105,2.83,-224.43,1225,300
Ex 3 day 1812,4,251,-0.0088,1.9326,1.4513,2.83,-220.13,1277,363
Ex 3 day 1812,4,252,-0.0088,1.5469,1.0878,2.83,-176.19,1337,327
Ex 3 day 1812,4,253,-0.0088,1.9785,1.6844,2.83,-225.35,1293,308
Ex 3 day 1812,4,254,-0.0088,1.982,1.6011,2.83,-225.76,1225,333
Ex 3 day 1812,4,255,-0.0088,1.8838,1.5034,2.83,-214.56,1249,221
Ex 3 day 1812,4,256,-0.0088,1.8797,1.5052,2.83,-214.1,1310,312
Ex 3 day 1812,4,257,-0.0088,1.4427,1.3802,2.83,-164.33,1276,335
Ex 3 day 1812,4,258,-0.0088,1.9063,1.6486,2.83,-217.13,1245,215
Ex 3 day 1812,4,259,-0.0088,1.3642,0.9262,2.83,-155.39,1321,341
Ex 3 day 1812,4,260,-0.0088,1.8793,1.5916,2.83,-214.05,1321,320
Ex 3 day 1812,5,261,0.0462,4.4407,3.1245,3.77,96.09,788,680
Ex 3 day 1812,5,262,0.0462,4.1745,2.9676,3.3,90.33,790,707
Ex 3 day 1812,5,263,0.0462,3.7156,2.6588,3.3,80.4,805,645
Ex 3 day 1812,5,264,0.0462,3.0492,2.3414,4.71,65.98,814,593
Ex 3 day 1812,5,265,0.0462,3.2338,2.2619,3.3,69.98,818,661
Ex 3 day 1812,5,266,0.0462,2.9731,2.5097,2.83,64.34,719,616
Ex 3 day 1812,5,267,0.0462,3.281,2.3994,3.3,71.0,843,718
Ex 3 day 1812,5,268,0.0462,2.9141,2.5246,2.83,63.06,821,651
Ex 3 day 1812,5,269,0.0462,2.4141,1.8691,3.77,52.24,803,614
Ex 3 day 1812,5,270,0.0462,2.8106,2.3721,2.83,60.82,793,625
Ex 3 day 1812,5,271,0.0462,2.8708,2.1528,3.3,62.12,836,681
Ex 3 day 1812,5,272,0.0462,2.8758,2.0912,3.3,62.23,778,598
Ex 3 day 1812,5,273,0.0462,3.1375,2.1822,3.3,67.89,844,618
Ex 3 day 1812,5,274,0.0462,2.4313,2.1152,3.77,52.61,856,688
Ex 3 day 1812,5,275,0.0462,2.4247,1.7539,2.83,52.47,832,706
Ex 3 day 1812,5,276,0.0462,2.8028,2.4832,2.83,60.65,727,597
Ex 3 day 1812,5,277,0.0462,2.692,2.0117,2.83,58.25,851,708
Ex 3 day 1812,5,278,0.0462,2.1615,1.887,2.83,46.77,869,684
Ex 3 day 1812,5,279,0.0462,2.0142,1.0537,3.3,43.59,818,701
Ex 3 day 1812,5,280,0.0462,1.7994,1.3662,2.83,38.94,731,672
Ex 3 day 1812,5,281,0.0462,2.4731,2.1322,2.83,53.52,751,668
Ex 3 day 1812,5,282,0.0462,1.5519,1.0241,5.19,33.58,752,636
Ex 3 day 1812,5,283,0.0462,1.7555,1.372,2.83,37.99,763,672
Ex 3 day 1812,5,284,0.0462,1.9018,1.5547,2.83,41.15,729,660
Ex 3 day 1812,5,285,0.0462,2.6261,1.2936,4.71,56.83,732,632
Ex 3 day 1812,5,286,0.0462,2.5658,1.5179,3.77,55.52,771,610
Ex 3 day 1812,5,287,0.0462,2.0569,1.5267,2.83,44.51,745,614
Ex 3 day 1812,5,288,0.0462,1.6431,1.4131,2.83,35.56,771,687
Ex 3 day 1812,5,289,0.0462,1.8639,1.4809,3.77,40.33,816,714
Ex 3 day 1812,5,290,0.0462,2.1156,1.6064,2.83,45.78,753,655
Ex 3 day 1812,5,291,0.0462,1.4247,1.2031,4.24,30.83,826,615
Ex 3 day 1812,5,292,0.0462,1.7421,1.2565,3.3,37.7,806,663
Ex 3 day 1812,5,293,0.0462,1.8171,1.0082,4.24,39.32,759,656
Ex 3 day 1812,5,294,0.0462,2.011,1.3363,2.83,43.52,746,654
Ex 3 day 1812,5,295,0.0462,1.4452,1.0233,2.83,31.27,716,654
Ex 3 day 1812,5,296,0.0462,1.6011,1.3349,2.83,34.65,771,649
Ex 3 day 1812,6,297,0.0552,5.094,4.095,2.83,92.24,221,758
Ex 3 day 1812,6,298,0.0552,4.451,3.7732,2.83,80.6,332,755
Ex 3 day 1812,6,299,0.0552,3.522,2.9541,2.83,63.77,268,855
Ex 3 day 1812,6,300,0.0552,4.3377,3.3005,2.83,78.54,227,774
Ex 3 day 1812,6,301,0.0552,3.3864,2.3644,3.3,61.32,298,819
Ex 3 day 1812,6,302,0.0552,3.9662,3.0458,2.83,71.82,206,768
Ex 3 day 1812,6,303,0.0552,3.9976,2.9816,2.83,72.39,248,788
Ex 3 day 1812,6,304,0.0552,3.1743,2.4422,2.83,57.48,217,798
Ex 3 day 1812,6,305,0.0552,3.2924,2.826,2.83,59.62,246,814
Ex 3 day 1812,6,306,0.0552,3.2276,2.4754,2.83,58.44,296,782
Ex 3 day 1812,6,307,0.0552,2.8479,2.1486,2.83,51.57,317,780
Ex 3 day 1812,6,308,0.0552,2.5852,1.682,3.3,46.81,217,809
Ex 3 day 1812,6,309,0.0552,2.2263,1.6698,4.24,40.31,265,828
Ex 3 day 1812,6,310,0.0552,2.7908,2.3452,2.83,50.53,284,845
Ex 3 day 1812,6,311,0.0552,3.0905,2.6149,2.83,55.96,201,780
Ex 3 day 1812,6,312,0.0552,2.9732,2.5527,2.83,53.84,284,825
Ex 3 day 1812,6,313,0.0552,2.9396,2.0581,3.3,53.23,312,757
Ex 3 day 1812,6,314,0.0552,3.1813,2.4443,2.83,57.6,321,838
Ex 3 day 1812,6,315,0.0552,2.9643,2.6239,2.83,53.68,336,844
Ex 3 day 1812,6,316,0.0552,3.0756,2.1195,3.3,55.69,230,840
Ex 3 day 1812,6,317,0.0552,2.8882,2.1081,3.77,52.3,301,799
Ex 3 day 1812,6,318,0.0552,1.984,1.8921,2.83,35.92,237,744
Ex 3 day 1812,6,319,0.0552,3.078,2.4616,2.83,55.73,293,774
Ex 3 day 1812,6,320,0.0552,2.2625,1.831,2.83,40.97,339,773
Ex 3 day 1812,6,321,0.0552,2.5889,1.9534,2.83,46.88,309,787
Ex 3 day 1812,6,322,0.0552,2.4941,2.1108,2.83,45.16,350,841
Ex 3 day 1812,6,323,0.0552,2.807,2.4176,2.83,50.83,375,837
Ex 3 day 1812,6,324,0.0552,1.8211,1.6293,3.77,32.98,240,760
Ex 3 day 1812,6,325,0.0552,2.2503,1.8805,2.83,40.75,237,829
Ex 3 day 1812,6,326,0.0552,2.0718,1.6775,2.83,37.52,276,798
Ex 3 day 1812,6,327,0.0552,2.0863,1.8121,2.83,37.78,254,832
Ex 3 day 1812,6,328,0.0552,2.2129,1.6948,2.83,40.07,284,794
Ex 3 day 1812,6,329,0.0552,2.2863,1.7614,3.77,41.4,268,767
Ex 3 day 1812,6,330,0.0552,2.2301,1.8412,2.83,40.38,309,818
Ex 3 day 1812,6,331,0.0552,2.5514,2.1527,2.83,46.2,252,783
Ex 3 day 1812,6,332,0.0552,2.2657,1.6581,3.3,41.03,202,817
Ex 3 day 1812,6,333,0.0552,2.4428,1.8661,2.83,44.23,323,822
Ex 3 day 1812,6,334,0.0552,2.1838,1.7765,2.83,39.54,324,774
Ex 3 day 1812,6,335,0.0552,2.634,2.1751,2.83,47.69,346,801
Ex 3 day 1812,6,336,0.0552,2.362,1.3827,4.24,42.77,312,731
Ex 3 day 1812,6,337,0.0552,2.3255,1.85,2.83,42.11,280,777
Ex 3 day 1812,6,338,0.0552,1.8372,1.2549,4.71,33.27,248,842
Ex 3 day 1812,6,339,0.0552,1.8377,1.278,3.3,33.28,244,776
Ex 3 day 1812,6,340,0.0552,2.298,1.4193,4.24,41.61,279,812
Ex 3 day 1812,6,341,0.0552,1.9826,1.5496,2.83,35.9,337,783
Ex 3 day 1812,6,342,0.0552,2.0794,1.4044,3.3,37.65,292,855
Ex 3 day 1812,6,343,0.0552,2.4894,1.7805,3.3,45.08,353,828
Ex 3 day 1812,6,344,0.0552,2.626,2.1632,2.83,47.55,303,845
Ex 3 day 1812,6,345,0.0552,2.1052,1.63,3.3,38.12,334,738
Ex 3 day 1812,6,346,0.0552,2.2347,1.8512,2.83,40.46,354,760
Ex 3 day 1812,6,347,0.0552,1.8146,1.41,3.77,32.86,272,737
Ex 3 day 1812,6,348,0.0552,1.4866,1.1532,2.83,26.92,301,749
Ex 3 day 1812,6,349,0.0552,2.8578,2.1484,2.83,51.75,360,798
Ex 3 day 1812,6,350,0.0552,2.1245,1.6141,2.83,38.47,329,828
Ex 3 day 1812,6,351,0.0552,1.7864,1.2703,2.83,32.35,319,812
Ex 3 day 1812,6,352,0.0552,2.7708,1.7656,2.83,50.17,236,788
Ex 3 day 1812,6,353,0.0552,1.8659,1.5122,2.83,33.79,330,799
Ex 3 day 1812,6,354,0.0552,2.0914,1.7276,2.83,37.87,284,781
Ex 3 day 1812,6,355,0.0552,1.3728,1.1793,2.83,24.86,310,767
Ex 3 day 1812,6,356,0.0552,1.5627,1.22,2.83,28.3,370,852
Ex 3 day 1812,6,357,0.0552,2.1129,1.7025,2.83,38.26,338,816
Ex 3 day 1812,6,358,0.0552,1.5256,1.3791,2.83,27.62,286,811
Ex 3 day 1812,6,359,0.0552,2.2103,1.6793,2.83,40.02,324,742
Ex 3 day 1812,6,360,0.0552,2.0531,1.6847,2.83,37.18,246,803
Ex 3 day 1812,6,361,0.0552,1.3765,1.0144,2.83,24.92,323,804
Ex 3 day 1812,6,362,0.0552,1.4931,1.0958,2.83,27.04,305,833
Ex 3 day 1812,6,363,0.0552,2.1067,1.7217,2.83,38.15,245,858
Ex 3 day 1812,6,364,0.0552,1.4882,1.406,4.71,26.95,315,865
Ex 3 day 1812,6,365,0.0552,1.7963,1.5101,2.83,32.53,325,783
Ex 3 day 1812,6,366,0.0552,2.1889,1.9109,2.83,39.64,361,779
Ex 3 day 1812,6,367,0.0552,1.9008,1.5375,2.83,34.42,321,767
Ex 3 day 1812,6,368,0.0552,2.135,1.7155,2.83,38.66,346,745
Ex 3 day 1812,6,369,0.0552,2.1972,1.9497,2.83,39.78,231,848
Ex 3 day 1812,6,370,0.0552,1.3458,1.1177,2.83,24.37,335,825
Ex 3 day 1812,6,371,0.0552,1.0914,0.7479,2.83,19.76,347,791
Ex 3 day 1812,6,372,0.0552,2.174,1.7554,2.83,39.37,391,831
Ex 3 day 1812,6,373,0.0552,1.275,1.217,4.71,23.09,265,807
Ex 3 day 1812,6,374,0.0552,2.0726,1.6518,2.83,37.53,206,794
Ex 3 day 1812,6,375,0.0552,2.1197,1.7611,2.83,38.38,333,811
Ex 3 day 1812,6,376,0.0552,1.699,1.2477,2.83,30.77,273,838
Ex 3 day 1812,6,377,0.0552,1.6677,1.2656,2.83,30.2,310,850
Ex 3 day 1812,6,378,0.0552,2.0246,1.6498,3.77,36.66,260,756
Ex 3 day 1812,6,379,0.0552,1.2922,1.1011,2.83,23.4,296,841
Ex 3 day 1812,6,380,0.0552,1.4628,1.2042,2.83,26.49,343,783
Ex 3 day 1812,6,381,0.0552,1.5934,1.2839,2.83,28.85,311,803
Ex 3 day 1812,6,382,0.0552,2.0363,1.4035,2.83,36.87,314,834
Ex 3 day 1812,6,383,0.0552,1.5705,1.0268,3.3,28.44,263,845
Ex 3 day 1812,6,384,0.0552,1.3127,1.1203,2.83,23.77,199,798
Ex 3 day 1812,6,385,0.0552,1.7522,1.2201,3.3,31.73,355,807
Ex 3 day 1812,7,386,0.0389,3.8338,3.0104,3.77,98.45,715,911
Ex 3 day 1812,7,387,0.0389,3.8721,2.9987,3.77,99.44,804,903
Ex 3 day 1812,7,388,0.0389,3.8378,2.7751,3.77,98.55,725,1007
Ex 3 day 1812,7,389,0.0389,3.4028,2.5262,3.3,87.38,719,933
Ex 3 day 1812,7,390,0.0389,3.8739,2.9106,3.77,99.48,812,928
Ex 3 day 1812,7,391,0.0389,3.7863,3.1251,2.83,97.23,778,894
Ex 3 day 1812,7,392,0.0389,3.8166,2.8377,3.77,98.01,726,958
Ex 3 day 1812,7,393,0.0389,3.9024,2.6558,3.3,100.21,752,1023
Ex 3 day 1812,7,394,0.0389,3.5823,2.7038,3.77,91.99,719,1025
Ex 3 day 1812,7,395,0.0389,3.4964,2.5973,3.77,89.79,752,984
Ex 3 day 1812,7,396,0.0389,3.5318,3.0444,2.83,90.7,699,897
Ex 3 day 1812,7,397,0.0389,3.3451,2.2391,4.24,85.9,747,905
Ex 3 day 1812,7,398,0.0389,3.4338,2.4549,3.77,88.18,697,968
Ex 3 day 1812,7,399,0.0389,3.4634,2.6337,2.83,88.94,719,978
Ex 3 day 1812,7,400,0.0389,3.9198,3.0504,2.83,100.66,714,862
Ex 3 day 1812,7,401,0.0389,3.223,2.3955,3.77,82.77,739,859
Ex 3 day 1812,7,402,0.0389,3.2995,2.2618,3.77,84.73,704,956
Ex 3 day 1812,7,403,0.0389,2.4785,1.9501,3.77,63.65,746,888
Ex 3 day 1812,7,404,0.0389,3.1897,2.1546,3.77,81.91,685,976
Ex 3 day 1812,7,405,0.0389,3.0415,1.7801,5.19,78.11,755,955
Ex 3 day 1812,7,406,0.0389,3.5522,2.8073,2.83,91.22,712,896
Ex 3 day 1812,7,407,0.0389,3.4034,2.7226,2.83,87.4,732,938
Ex 3 day 1812,7,408,0.0389,2.6201,2.1552,4.71,67.28,771,980
Ex 3 day 1812,7,409,0.0389,2.7151,2.1331,3.3,69.72,777,884
Ex 3 day 1812,7,410,0.0389,2.7209,2.0576,3.77,69.87,680,989
Ex 3 day 1812,7,411,0.0389,2.9123,2.5574,2.83,74.79,812,886
Ex 3 day 1812,7,412,0.0389,2.4314,2.0865,2.83,62.44,734,885
Ex 3 day 1812,7,413,0.0389,2.8456,2.0889,2.83,73.07,796,921
Ex 3 day 1812,7,414,0.0389,2.4145,1.6733,4.24,62.0,768,1026
Ex 3 day 1812,7,415,0.0389,2.2969,1.591,3.77,58.98,757,883
Ex 3 day 1812,7,416,0.0389,2.8568,2.2003,2.83,73.36,748,920
Ex 3 day 1812,7,417,0.0389,2.4393,2.0716,2.83,62.64,795,861
Ex 3 day 1812,7,418,0.0389,1.8968,1.6282,3.77,48.71,725,993
Ex 3 day 1812,7,419,0.0389,2.2695,1.8372,2.83,58.28,739,995
Ex 3 day 1812,7,420,0.0389,2.3283,2.0394,2.83,59.79,762,898
Ex 3 day 1812,7,421,0.0389,2.3806,1.7075,3.3,61.13,833,949
Ex 3 day 1812,7,422,0.0389,2.1073,1.3963,3.3,54.12,748,973
Ex 3 day 1812,7,423,0.0389,2.6319,2.1205,2.83,67.59,710,993
Ex 3 day 1812,7,424,0.0389,2.0479,1.279,4.24,52.59,754,871
Ex 3 day 1812,7,425,0.0389,1.9878,1.578,2.83,51.05,704,986
Ex 3 day 1812,7,426,0.0389,1.9251,1.6616,3.3,49.44,792,928
Ex 3 day 1812,7,427,0.0389,2.1028,1.8727,2.83,54.0,759,1004
Ex 3 day 1812,7,428,0.0389,1.9735,1.6432,2.83,50.68,739,1017
Ex 3 day 1812,7,429,0.0389,2.3492,1.5958,3.77,60.33,793,996
Ex 3 day 1812,7,430,0.0389,2.6057,2.0881,2.83,66.91,696,918
Ex 3 day 1812,7,431,0.0389,1.7334,1.5116,2.83,44.51,691,1003
Ex 3 day 1812,7,432,0.0389,1.8549,1.5119,2.83,47.64,795,941
Ex 3 day 1812,7,433,0.0389,1.5866,1.3447,2.83,40.74,699,1006
Ex 3 day 1812,7,434,0.0389,2.0661,1.7651,2.83,53.06,762,939
Ex 3 day 1812,7,435,0.0389,1.646,1.1149,2.83,42.27,737,921
Ex 3 day 1812,7,436,0.0389,2.246,1.8147,2.83,57.68,801,973
Ex 3 day 1812,7,437,0.0389,2.1139,1.7733,2.83,54.29,831,926
Ex 3 day 1812,7,438,0.0389,1.9283,1.3843,2.83,49.52,738,1009
Ex 3 day 1812,7,439,0.0389,2.0756,1.0558,4.24,53.3,774,957
Ex 3 day 1812,7,440,0.0389,2.1997,1.7823,2.83,56.49,799,961
Ex 3 day 1812,7,441,0.0389,2.0459,1.7316,2.83,52.54,813,964
Ex 3 day 1812,7,442,0.0389,1.4406,1.078,4.24,37.0,721,881
Ex 3 day 1812,7,443,0.0389,1.5616,1.1903,3.77,40.1,781,949
Ex 3 day 1812,7,444,0.0389,1.4223,1.3724,3.77,36.52,764,922
Ex 3 day 1812,7,445,0.0389,1.9158,1.3611,3.3,49.2,787,875
Ex 3 day 1812,7,446,0.0389,1.526,0.8936,4.24,39.19,730,918
Ex 3 day 1812,7,447,0.0389,1.8024,1.2001,2.83,46.29,735,910
Ex 3 day 1812,7,448,0.0389,1.4369,1.1601,2.83,36.9,700,939
Ex 3 day 1812,7,449,0.0389,0.7563,1.0411,3.77,19.42,695,928
Ex 3 day 1812,7,450,0.0389,2.0193,1.6289,2.83,51.86,798,870
Ex 3 day 1812,7,451,0.0389,1.5144,1.2327,2.83,38.89,734,891
Ex 3 day 1812,8,452,0.0412,3.6299,2.8125,2.83,88.03,1304,1039
Ex 3 day 1812,8,453,0.0412,3.0345,2.6041,2.83,73.59,1351,992
Ex 3 day 1812,8,454,0.0412,3.3681,2.8681,2.83,81.68,1314,960
Ex 3 day 1812,8,455,0.0412,2.7804,2.428,2.83,67.43,1365,1010
Ex 3 day 1812,8,456,0.0412,3.2358,2.7664,2.83,78.47,1286,972
Ex 3 day 1812,8,457,0.0412,3.228,2.7776,2.83,78.28,1370,995
Ex 3 day 1812,8,458,0.0412,2.5528,1.4598,3.3,61.91,1280,1039
Ex 3 day 1812,8,459,0.0412,2.0968,1.6063,3.3,50.85,1279,986
Ex 3 day 1812,8,460,0.0412,3.0043,2.298,2.83,72.86,1304,1004
Ex 3 day 1812,8,461,0.0412,2.6088,2.1942,2.83,63.27,1318,1008
Ex 3 day 1812,8,462,0.0412,1.74,1.4839,5.19,42.2,1249,981
Ex 3 day 1812,8,463,0.0412,2.522,2.2023,2.83,61.16,1310,999
Ex 3 day 1812,8,464,0.0412,2.1013,1.4643,3.3,50.96,1269,963
Ex 3 day 1812,8,465,0.0412,1.4343,0.9712,4.71,34.78,1348,1004
Ex 3 day 1812,8,466,0.0412,1.777,1.2213,3.3,43.09,1243,1002
Ex 3 day 1812,8,467,0.0412,1.6464,0.9988,4.24,39.93,1307,1022
Ex 3 day 1812,8,468,0.0412,1.5361,1.3052,3.77,37.25,1289,1011
Ex 3 day 1812,8,469,0.0412,1.6556,1.3917,2.83,40.15,1347,962
Ex 3 day 1813,1,1,0.0438,4.3221,3.0182,3.3,98.58,805,170
Ex 3 day 1813,1,2,0.0438,4.1641,2.8633,3.3,94.98,830,166
Ex 3 day 1813,1,3,0.0438,3.5494,2.7439,3.77,80.95,849,152
Ex 3 day 1813,1,4,0.0438,3.7276,2.7714,3.77,85.02,833,206
Ex 3 day 1813,1,5,0.0438,3.8406,2.7756,3.77,87.6,856,186
Ex 3 day 1813,1,6,0.0438,3.5558,2.4804,3.3,81.1,800,207
Ex 3 day 1813,1,7,0.0438,3.4473,2.4643,3.3,78.63,813,188
Ex 3 day 1813,1,8,0.0438,3.2697,2.645,3.77,74.58,826,182
Ex 3 day 1813,1,9,0.0438,3.7368,2.7466,3.3,85.23,811,132
Ex 3 day 1813,1,10,0.0438,3.381,2.2812,3.3,77.11,809,119
Ex 3 day 1813,1,11,0.0438,3.3919,2.6102,3.77,77.36,818,213
Ex 3 day 1813,1,12,0.0438,2.903,2.1382,3.3,66.21,796,150
Ex 3 day 1813,1,13,0.0438,3.1885,2.3499,3.77,72.72,844,111
Ex 3 day 1813,1,14,0.0438,2.6714,1.9453,3.77,60.93,858,172
Ex 3 day 1813,1,15,0.0438,2.3321,1.6636,3.3,53.19,840,138
Ex 3 day 1813,1,16,0.0438,2.6725,1.9758,3.3,60.95,874,157
Ex 3 day 1813,1,17,0.0438,2.4141,1.713,3.3,55.06,877,145
Ex 3 day 1813,1,18,0.0438,1.8178,1.2078,4.24,41.46,833,225
Ex 3 day 1813,1,19,0.0438,1.9845,1.4721,3.3,45.26,806,194
Ex 3 day 1813,1,20,0.0438,2.0074,1.7438,2.83,45.78,849,126
Ex 3 day 1813,1,21,0.0438,2.3354,1.6999,3.3,53.27,870,195
Ex 3 day 1813,1,22,0.0438,1.8829,1.1599,3.3,42.94,819,157
Ex 3 day 1813,1,23,0.0438,2.1142,1.7965,2.83,48.22,862,206
Ex 3 day 1813,1,24,0.0438,1.7003,1.3199,4.71,38.78,792,178
Ex 3 day 1813,1,25,0.0438,1.7777,1.2503,3.3,40.55,799,159
Ex 3 day 1813,1,26,0.0438,1.9481,1.5226,3.77,44.43,780,154
Ex 3 day 1813,2,27,0.0307,4.4589,3.2308,3.77,145.43,288,296
Ex 3 day 1813,2,28,0.0307,4.0602,3.0838,3.77,132.42,350,232
Ex 3 day 1813,2,29,0.0307,3.8406,2.9235,3.77,125.26,256,272
Ex 3 day 1813,2,30,0.0307,3.9824,2.9654,3.77,129.89,322,272
Ex 3 day 1813,2,31,0.0307,3.8203,2.8032,3.3,124.6,302,245
Ex 3 day 1813,2,32,0.0307,3.9251,2.9837,3.77,128.01,297,195
Ex 3 day 1813,2,33,0.0307,3.8535,2.6786,3.3,125.68,324,285
Ex 3 day 1813,2,34,0.0307,3.9184,2.7989,3.3,127.8,289,226
Ex 3 day 1813,2,35,0.0307,3.5792,2.4626,3.3,116.73,238,235
Ex 3 day 1813,2,36,0.0307,3.8842,2.8572,3.3,126.68,302,310
Ex 3 day 1813,2,37,0.0307,3.5508,2.6681,3.77,115.81,209,209
Ex 3 day 1813,2,38,0.0307,3.8072,2.784,3.77,124.17,224,225
Ex 3 day 1813,2,39,0.0307,3.5008,2.7431,3.77,114.18,260,288
Ex 3 day 1813,2,40,0.0307,3.4887,2.591,3.77,113.78,295,162
Ex 3 day 1813,2,41,0.0307,3.1607,2.3494,3.77,103.09,205,283
Ex 3 day 1813,2,42,0.0307,2.9688,2.3299,3.77,96.83,260,244
Ex 3 day 1813,2,43,0.0307,3.0288,2.211,3.77,98.78,322,218
Ex 3 day 1813,2,44,0.0307,3.3518,2.1456,4.24,109.32,299,264
Ex 3 day 1813,2,45,0.0307,3.3547,2.5151,3.3,109.41,272,241
Ex 3 day 1813,2,46,0.0307,3.2746,2.1814,4.24,106.8,252,224
Ex 3 day 1813,2,47,0.0307,3.172,2.4448,3.77,103.45,227,204
Ex 3 day 1813,2,48,0.0307,2.7596,1.9603,4.71,90.01,216,273
Ex 3 day 1813,2,49,0.0307,3.013,2.2567,3.77,98.27,228,259
Ex 3 day 1813,2,50,0.0307,2.6685,1.7699,4.24,87.03,331,207
Ex 3 day 1813,2,51,0.0307,2.8234,2.1196,3.3,92.09,226,297
Ex 3 day 1813,2,52,0.0307,2.7334,1.8573,3.3,89.15,279,184
Ex 3 day 1813,2,53,0.0307,2.3796,1.8601,3.77,77.61,324,300
Ex 3 day 1813,2,54,0.0307,2.3668,1.9102,3.77,77.19,210,247
Ex 3 day 1813,2,55,0.0307,2.334,1.8876,2.83,76.12,279,281
Ex 3 day 1813,2,56,0.0307,2.4163,1.8961,3.77,78.81,348,196
Ex 3 day 1813,2,57,0.0307,2.4868,1.7884,3.3,81.1,217,292
Ex 3 day 1813,2,58,0.0307,2.0665,1.8556,2.83,67.4,323,232
Ex 3 day 1813,2,59,0.0307,2.2718,1.4934,3.3,74.09,255,257
Ex 3 day 1813,2,60,0.0307,2.1119,1.5086,3.3,68.88,273,172
Ex 3 day 1813,2,61,0.0307,1.9969,1.431,2.83,65.13,273,260
Ex 3 day 1813,2,62,0.0307,2.2978,1.4604,3.3,74.94,348,262
Ex 3 day 1813,2,63,0.0307,1.5591,0.9837,3.3,50.85,292,177
Ex 3 day 1813,2,64,0.0307,2.1847,1.7527,2.83,71.25,339,188
Ex 3 day 1813,2,65,0.0307,1.5712,1.2039,4.24,51.24,318,173
Ex 3 day 1813,2,66,0.0307,1.5781,1.2345,2.83,51.47,339,267
Ex 3 day 1813,2,67,0.0307,1.3836,1.1979,3.77,45.13,321,184
Ex 3 day 1813,2,68,0.0307,1.8676,1.3056,2.83,60.91,239,182
Ex 3 day 1813,3,69,0.0371,3.8314,2.402,4.24,103.39,665,368
Ex 3 day 1813,3,70,0.0371,3.7061,2.7446,3.3,100.01,673,385
Ex 3 day 1813,3,71,0.0371,3.346,2.4685,4.24,90.29,700,397
Ex 3 day 1813,3,72,0.0371,3.6558,2.884,3.77,98.65,694,371
Ex 3 day 1813,3,73,0.0371,3.6498,2.7614,3.77,98.49,644,337
Ex 3 day 1813,3,74,0.0371,3.8499,2.8114,3.3,103.89,685,432
Ex 3 day 1813,3,75,0.0371,3.7219,2.7853,3.77,100.43,728,416
Ex 3 day 1813,3,76,0.0371,3.4237,2.4342,3.3,92.39,686,404
Ex 3 day 1813,3,77,0.0371,3.1088,2.4274,3.77,83.89,713,384
Ex 3 day 1813,3,78,0.0371,2.8489,2.1874,3.77,76.88,709,417
Ex 3 day 1813,3,79,0.0371,2.8914,2.1771,3.77,78.02,617,397
Ex 3 day 1813,3,80,0.0371,3.0005,2.2854,3.77,80.97,664,353
Ex 3 day 1813,3,81,0.0371,2.6525,1.9806,3.77,71.58,698,358
Ex 3 day 1813,3,82,0.0371,2.6127,1.9193,3.3,70.5,641,360
Ex 3 day 1813,3,83,0.0371,2.6634,1.8526,3.3,71.87,649,397
Ex 3 day 1813,3,84,0.0371,2.5168,1.7122,4.24,67.91,612,371
Ex 3 day 1813,3,85,0.0371,2.1824,1.1802,6.6,58.89,770,432
Ex 3 day 1813,3,86,0.0371,2.2512,1.3115,4.24,60.75,762,392
Ex 3 day 1813,3,87,0.0371,2.1413,1.4706,3.3,57.78,676,407
Ex 3 day 1813,3,88,0.0371,1.9176,1.3653,3.3,51.75,633,346
Ex 3 day 1813,3,89,0.0371,2.0354,1.3028,4.71,54.92,744,392
Ex 3 day 1813,3,90,0.0371,1.8348,1.3165,3.77,49.51,709,371
Ex 3 day 1813,4,91,0.0143,3.9977,3.0357,3.77,279.41,970,435
Ex 3 day 1813,4,92,0.0143,3.991,2.9285,3.77,278.94,1036,403
Ex 3 day 1813,4,93,0.0143,3.9337,3.0324,3.77,274.93,997,465
Ex 3 day 1813,4,94,0.0143,3.7242,2.7615,3.3,260.29,1049,460
Ex 3 day 1813,4,95,0.0143,4.007,3.0436,3.77,280.06,1012,399
Ex 3 day 1813,4,96,0.0143,3.5833,2.6794,3.77,250.44,972,503
Ex 3 day 1813,4,97,0.0143,3.3523,2.3709,3.3,234.3,1025,548
Ex 3 day 1813,4,98,0.0143,3.2801,2.58,3.77,229.25,957,463
Ex 3 day 1813,4,99,0.0143,3.4531,2.6554,3.77,241.34,982,397
Ex 3 day 1813,4,100,0.0143,2.7536,1.8859,5.19,192.45,954,490
Ex 3 day 1813,4,101,0.0143,2.9904,2.1559,3.3,209.0,964,405
Ex 3 day 1813,4,102,0.0143,3.0804,2.262,3.77,215.29,1050,495
Ex 3 day 1813,4,103,0.0143,3.0124,2.0713,3.3,210.54,1019,486
Ex 3 day 1813,4,104,0.0143,2.8588,1.7862,5.19,199.81,1009,502
Ex 3 day 1813,4,105,0.0143,2.8523,2.1342,3.77,199.35,1065,518
Ex 3 day 1813,4,106,0.0143,2.4391,1.8221,2.83,170.47,984,488
Ex 3 day 1813,4,107,0.0143,2.3052,2.0036,2.83,161.12,953,442
Ex 3 day 1813,4,108,0.0143,2.3176,1.8753,3.77,161.98,941,441
Ex 3 day 1813,4,109,0.0143,2.3125,1.6167,3.3,161.63,1047,515
Ex 3 day 1813,4,110,0.0143,2.1291,1.5255,3.3,148.81,1020,520
Ex 3 day 1813,4,111,0.0143,2.2663,1.5885,3.3,158.39,951,397
Ex 3 day 1813,4,112,0.0143,2.0216,1.5432,3.77,141.29,957,375
Ex 3 day 1813,4,113,0.0143,2.2609,1.5789,5.66,158.01,1067,486
Ex 3 day 1813,4,114,0.0143,1.4579,0.9746,3.77,101.9,1034,458
Ex 3 day 1813,4,115,0.0143,1.8158,1.4877,4.71,126.91,993,379
Ex 3 day 1813,4,116,0.0143,1.8871,1.1993,3.3,131.89,1020,460
Ex 3 day 1813,4,117,0.0143,1.6198,1.3568,4.24,113.21,1029,433
Ex 3 day 1813,4,118,0.0143,1.8154,1.3869,3.77,126.88,1061,501
Ex 3 day 1813,4,119,0.0143,1.6024,1.3722,2.83,112.0,946,410
Ex 3 day 1813,4,120,0.0143,1.8471,1.4315,2.83,129.1,1028,421
Ex 3 day 1813,4,121,0.0143,1.8355,1.5689,2.83,128.29,1039,513
Ex 3 day 1813,4,122,0.0143,1.7354,1.493,2.83,121.29,957,413
Ex 3 day 1813,4,123,0.0143,1.8574,1.4574,3.3,129.82,1075,459
Ex 3 day 1813,4,124,0.0143,1.9498,1.4305,3.3,136.28,1013,477
Ex 3 day 1813,4,125,0.0143,2.1095,1.0431,4.24,147.44,967,450
Ex 3 day 1813,5,126,0.0722,4.2797,3.2168,3.77,59.27,919,683
Ex 3 day 1813,5,127,0.0722,4.1791,2.8683,3.3,57.87,871,725
Ex 3 day 1813,5,128,0.0722,4.0308,2.7741,3.3,55.82,877,746
Ex 3 day 1813,5,129,0.0722,3.5749,2.7237,3.77,49.51,925,732
Ex 3 day 1813,5,130,0.0722,3.5181,2.7704,3.77,48.72,875,764
Ex 3 day 1813,5,131,0.0722,3.6485,2.7333,3.77,50.53,878,790
Ex 3 day 1813,5,132,0.0722,3.5918,2.6726,3.77,49.74,841,678
Ex 3 day 1813,5,133,0.0722,3.8406,2.6182,3.3,53.19,940,790
Ex 3 day 1813,5,134,0.0722,3.1698,2.2186,3.3,43.9,931,773
Ex 3 day 1813,5,135,0.0722,2.7563,2.1309,3.77,38.17,851,707
Ex 3 day 1813,5,136,0.0722,3.5154,2.53,3.77,48.68,888,716
Ex 3 day 1813,5,137,0.0722,3.219,2.4356,3.77,44.58,900,791
Ex 3 day 1813,5,138,0.0722,3.1638,2.3077,3.3,43.81,866,807
Ex 3 day 1813,5,139,0.0722,2.6739,2.2964,2.83,37.03,874,709
Ex 3 day 1813,5,140,0.0722,2.6547,1.9633,4.24,36.76,885,685
Ex 3 day 1813,5,141,0.0722,2.8568,1.9639,3.3,39.56,890,743
Ex 3 day 1813,5,142,0.0722,3.1238,2.3667,3.77,43.26,911,759
Ex 3 day 1813,5,143,0.0722,3.1208,2.722,2.83,43.22,837,765
Ex 3 day 1813,5,144,0.0722,2.893,2.1854,3.77,40.06,867,678
Ex 3 day 1813,5,145,0.0722,2.8142,2.1465,3.77,38.97,860,743
Ex 3 day 1813,5,146,0.0722,2.9633,1.9596,3.3,41.04,940,762
Ex 3 day 1813,5,147,0.0722,2.6411,1.7676,4.24,36.58,849,721
Ex 3 day 1813,5,148,0.0722,2.9846,2.1097,3.77,41.33,882,664
Ex 3 day 1813,5,149,0.0722,2.9079,1.916,3.3,40.27,854,680
Ex 3 day 1813,5,150,0.0722,2.993,2.1747,3.3,41.45,885,701
Ex 3 day 1813,5,151,0.0722,2.5555,1.9318,3.77,35.39,940,649
Ex 3 day 1813,5,152,0.0722,2.9466,2.1553,3.3,40.81,847,779
Ex 3 day 1813,5,153,0.0722,2.8932,2.1435,3.77,40.07,826,748
Ex 3 day 1813,5,154,0.0722,2.7394,2.0346,3.3,37.94,926,708
Ex 3 day 1813,5,155,0.0722,2.4915,1.7864,3.3,34.5,910,707
Ex 3 day 1813,5,156,0.0722,2.361,1.8156,3.77,32.7,853,656
Ex 3 day 1813,5,157,0.0722,2.5399,1.7167,3.3,35.17,920,745
Ex 3 day 1813,5,158,0.0722,2.7531,1.8515,3.3,38.13,887,766
Ex 3 day 1813,5,159,0.0722,2.5767,1.7004,3.3,35.68,840,691
Ex 3 day 1813,5,160,0.0722,2.505,1.8916,3.77,34.69,921,628
Ex 3 day 1813,5,161,0.0722,2.4056,1.7424,3.3,33.31,924,794
Ex 3 day 1813,5,162,0.0722,2.8538,2.0884,3.3,39.52,866,651
Ex 3 day 1813,5,163,0.0722,2.6237,1.9954,3.77,36.33,917,643
Ex 3 day 1813,5,164,0.0722,2.5406,1.7784,4.24,35.18,823,701
Ex 3 day 1813,5,165,0.0722,2.4633,1.751,3.3,34.11,928,645
Ex 3 day 1813,5,166,0.0722,2.4,1.7219,3.3,33.24,913,803
Ex 3 day 1813,5,167,0.0722,1.9615,1.3732,3.77,27.16,839,751
Ex 3 day 1813,5,168,0.0722,2.1346,1.5019,3.3,29.56,831,713
Ex 3 day 1813,5,169,0.0722,2.4578,2.1627,2.83,34.04,919,713
Ex 3 day 1813,5,170,0.0722,2.4346,1.8838,3.77,33.72,946,717
Ex 3 day 1813,5,171,0.0722,2.3605,1.9826,2.83,32.69,901,694
Ex 3 day 1813,5,172,0.0722,2.24,1.3485,4.24,31.02,837,733
Ex 3 day 1813,5,173,0.0722,1.4627,0.9854,3.3,20.26,902,732
Ex 3 day 1813,5,174,0.0722,1.8635,1.4834,3.77,25.81,921,760
Ex 3 day 1813,5,175,0.0722,2.1311,1.5832,3.3,29.51,884,807
Ex 3 day 1813,5,176,0.0722,2.1828,1.5215,3.77,30.23,954,649
Ex 3 day 1813,5,177,0.0722,2.2011,1.5696,3.3,30.48,904,632
Ex 3 day 1813,5,178,0.0722,2.1601,1.6147,3.77,29.91,897,654
Ex 3 day 1813,5,179,0.0722,1.6192,1.2819,3.77,22.42,914,667
Ex 3 day 1813,5,180,0.0722,1.9285,1.5786,2.83,26.71,871,699
Ex 3 day 1813,5,181,0.0722,2.1499,1.5647,3.3,29.77,952,691
Ex 3 day 1813,5,182,0.0722,2.0368,1.4002,3.3,28.21,965,676
Ex 3 day 1813,5,183,0.0722,1.9469,1.7158,2.83,26.96,834,773
Ex 3 day 1813,6,184,0.0349,4.0098,2.991,3.77,114.76,275,843
Ex 3 day 1813,6,185,0.0349,3.6671,2.6431,3.3,104.95,280,900
Ex 3 day 1813,6,186,0.0349,3.4422,2.3871,3.3,98.51,293,894
Ex 3 day 1813,6,187,0.0349,3.3969,2.4921,3.3,97.22,297,865
Ex 3 day 1813,6,188,0.0349,3.8999,2.7709,3.3,111.61,204,897
Ex 3 day 1813,6,189,0.0349,3.6356,2.6739,3.77,104.05,306,923
Ex 3 day 1813,6,190,0.0349,3.434,2.1635,4.24,98.28,348,822
Ex 3 day 1813,6,191,0.0349,3.2403,2.3471,3.3,92.73,283,824
Ex 3 day 1813,6,192,0.0349,3.1957,2.2961,4.24,91.46,336,883
Ex 3 day 1813,6,193,0.0349,2.9467,2.019,3.3,84.33,286,883
Ex 3 day 1813,6,194,0.0349,3.1325,2.4157,3.3,89.65,300,834
Ex 3 day 1813,6,195,0.0349,3.0694,2.1663,3.3,87.84,246,857
Ex 3 day 1813,6,196,0.0349,2.7728,2.0869,3.77,79.36,365,918
Ex 3 day 1813,6,197,0.0349,2.5412,2.0272,3.77,72.73,379,896
Ex 3 day 1813,6,198,0.0349,2.4884,1.8434,3.3,71.22,255,898
Ex 3 day 1813,6,199,0.0349,2.6577,1.8162,4.24,76.06,342,924
Ex 3 day 1813,6,200,0.0349,2.4506,1.6931,3.3,70.13,296,882
Ex 3 day 1813,6,201,0.0349,2.4705,1.7811,3.3,70.7,202,928
Ex 3 day 1813,6,202,0.0349,2.5424,1.8132,4.71,72.76,225,871
Ex 3 day 1813,6,203,0.0349,2.3362,1.7454,3.77,66.86,360,899
Ex 3 day 1813,6,204,0.0349,2.083,1.3881,4.24,59.61,326,806
Ex 3 day 1813,6,205,0.0349,2.5225,2.1558,2.83,72.19,289,867
Ex 3 day 1813,6,206,0.0349,2.616,2.2563,2.83,74.87,271,884
Ex 3 day 1813,6,207,0.0349,2.5602,1.7493,3.3,73.27,308,802
Ex 3 day 1813,6,208,0.0349,2.2365,1.5405,3.3,64.01,354,889
Ex 3 day 1813,6,209,0.0349,2.0142,1.6794,2.83,57.64,249,841
Ex 3 day 1813,6,210,0.0349,2.015,1.35,3.3,57.67,228,946
Ex 3 day 1813,6,211,0.0349,2.1245,1.3963,4.24,60.8,363,837
Ex 3 day 1813,6,212,0.0349,2.2351,1.9702,2.83,63.97,349,845
Ex 3 day 1813,6,213,0.0349,1.9817,1.4422,3.3,56.71,237,938
Ex 3 day 1813,6,214,0.0349,2.0019,1.3379,4.24,57.29,384,852
Ex 3 day 1813,6,215,0.0349,1.7256,1.3731,4.71,49.38,330,902
Ex 3 day 1813,6,216,0.0349,2.1551,1.5703,3.3,61.68,281,863
Ex 3 day 1813,6,217,0.0349,2.2141,1.4695,3.3,63.37,257,828
Ex 3 day 1813,6,218,0.0349,1.9347,1.3681,3.3,55.37,263,817
Ex 3 day 1813,6,219,0.0349,1.9312,1.4705,3.3,55.27,304,901
Ex 3 day 1813,6,220,0.0349,1.9467,1.2908,3.3,55.71,383,911
Ex 3 day 1813,6,221,0.0349,1.9834,1.6642,2.83,56.76,340,866
Ex 3 day 1813,6,222,0.0349,2.1275,1.9121,2.83,60.89,337,853
Ex 3 day 1813,7,223,-0.0074,3.9258,2.9423,2.83,-527.96,752,812
Ex 3 day 1813,7,224,-0.0074,3.0736,2.4746,2.83,-413.35,774,832
Ex 3 day 1813,7,225,-0.0074,2.555,1.796,3.3,-343.61,805,817
Ex 3 day 1813,7,226,-0.0074,1.7895,1.3982,2.83,-240.66,794,842
Ex 3 day 1813,7,227,-0.0074,2.3786,1.5319,4.24,-319.88,780,813
Ex 3 day 1813,7,228,-0.0074,1.7497,1.3765,2.83,-235.31,758,795
Ex 3 day 1813,7,229,-0.0074,1.5766,1.3688,2.83,-212.03,761,839
Ex 3 day 1814,1,1,0.0263,4.3903,3.108,3.3,166.81,853,211
Ex 3 day 1814,1,2,0.0263,3.9629,2.8873,3.77,150.57,872,198
Ex 3 day 1814,1,3,0.0263,3.6406,2.4449,4.24,138.32,790,174
Ex 3 day 1814,1,4,0.0263,3.5341,2.7956,3.77,134.28,774,161
Ex 3 day 1814,1,5,0.0263,3.644,2.752,3.77,138.45,835,150
Ex 3 day 1814,1,6,0.0263,3.7974,2.8632,3.77,144.28,808,214
Ex 3 day 1814,1,7,0.0263,3.5253,2.698,3.77,133.94,892,175
Ex 3 day 1814,1,8,0.0263,3.39,2.3354,4.24,128.8,833,215
Ex 3 day 1814,1,9,0.0263,3.6366,2.6479,3.77,138.17,882,212
Ex 3 day 1814,1,10,0.0263,3.706,2.6968,3.3,140.81,782,231
Ex 3 day 1814,1,11,0.0263,3.5163,2.3865,3.3,133.6,828,240
Ex 3 day 1814,1,12,0.0263,3.1932,2.411,3.77,121.32,877,152
Ex 3 day 1814,1,13,0.0263,2.8788,1.8863,4.24,109.38,807,184
Ex 3 day 1814,1,14,0.0263,3.1096,2.361,3.77,118.15,836,165
Ex 3 day 1814,1,15,0.0263,3.0343,2.0065,4.24,115.28,751,216
Ex 3 day 1814,1,16,0.0263,2.8423,1.873,4.24,107.99,855,238
Ex 3 day 1814,1,17,0.0263,2.3005,1.9217,2.83,87.4,813,198
Ex 3 day 1814,1,18,0.0263,2.3538,1.9527,2.83,89.43,831,199
Ex 3 day 1814,1,19,0.0263,1.5642,1.2829,3.77,59.43,847,180
Ex 3 day 1814,1,20,0.0263,1.7878,1.5848,2.83,67.92,777,188
Ex 3 day 1814,1,21,0.0263,1.8305,1.2069,4.24,69.55,863,163
Ex 3 day 1814,1,22,0.0263,1.2961,1.0932,3.77,49.24,772,197
Ex 3 day 1814,1,23,0.0263,2.1607,1.8058,2.83,82.09,818,170
Ex 3 day 1814,2,24,0.0333,4.237,3.0295,3.3,127.38,164,405
Ex 3 day 1814,2,25,0.0333,4.0594,2.9074,3.3,122.04,138,375
Ex 3 day 1814,2,26,0.0333,3.835,2.686,3.3,115.3,215,403
Ex 3 day 1814,2,27,0.0333,3.1507,1.9444,5.19,94.72,172,323
Ex 3 day 1814,2,28,0.0333,3.468,2.3922,3.77,104.26,242,416
Ex 3 day 1814,2,29,0.0333,3.4463,2.7171,3.77,103.61,143,422
Ex 3 day 1814,2,30,0.0333,3.5352,2.5198,3.77,106.28,169,358
Ex 3 day 1814,2,31,0.0333,3.0182,2.2563,3.77,90.74,182,374
Ex 3 day 1814,2,32,0.0333,2.636,1.9245,3.3,79.25,151,368
Ex 3 day 1814,2,33,0.0333,3.1746,2.2767,3.77,95.44,122,402
Ex 3 day 1814,2,34,0.0333,3.1833,2.275,3.3,95.7,191,350
Ex 3 day 1814,2,35,0.0333,3.1037,2.3075,3.3,93.31,123,460
Ex 3 day 1814,2,36,0.0333,2.9785,1.9993,3.3,89.55,136,362
Ex 3 day 1814,2,37,0.0333,2.8616,2.1447,3.77,86.03,235,346
Ex 3 day 1814,2,38,0.0333,3.081,2.1932,3.3,92.63,194,379
Ex 3 day 1814,2,39,0.0333,2.9545,2.2491,3.77,88.83,170,424
Ex 3 day 1814,2,40,0.0333,2.3696,1.7614,5.19,71.24,235,430
Ex 3 day 1814,2,41,0.0333,2.5043,1.7573,3.3,75.29,156,444
Ex 3 day 1814,2,42,0.0333,2.9389,1.8822,4.24,88.36,258,411
Ex 3 day 1814,2,43,0.0333,2.8605,1.9927,3.3,86.0,259,437
Ex 3 day 1814,2,44,0.0333,3.2244,1.987,3.3,96.94,224,362
Ex 3 day 1814,2,45,0.0333,2.451,1.7339,3.77,73.69,210,386
Ex 3 day 1814,2,46,0.0333,2.1063,1.6451,3.77,63.32,175,388
Ex 3 day 1814,2,47,0.0333,2.056,1.6438,3.77,61.81,246,356
Ex 3 day 1814,2,48,0.0333,2.3997,1.9667,3.77,72.15,194,398
Ex 3 day 1814,2,49,0.0333,2.0584,1.59,4.71,61.88,245,385
Ex 3 day 1814,2,50,0.0333,2.0445,1.6553,3.77,61.47,256,467
Ex 3 day 1814,2,51,0.0333,2.547,1.6998,3.3,76.57,228,460
Ex 3 day 1814,2,52,0.0333,1.9254,1.3793,3.77,57.89,138,442
Ex 3 day 1814,2,53,0.0333,1.7536,1.2473,3.3,52.72,156,425
Ex 3 day 1814,2,54,0.0333,1.9513,1.6044,3.77,58.66,164,433
Ex 3 day 1814,2,55,0.0333,2.0139,1.2875,3.3,60.55,234,454
Ex 3 day 1814,2,56,0.0333,1.5536,1.128,3.3,46.71,184,405
Ex 3 day 1814,2,57,0.0333,1.8829,1.3107,3.3,56.61,228,403
Ex 3 day 1814,2,58,0.0333,2.1725,1.8873,2.83,65.31,199,391
Ex 3 day 1814,2,59,0.0333,1.9067,1.6368,2.83,57.32,131,389
Ex 3 day 1814,2,60,0.0333,2.3712,1.6217,2.83,71.29,242,398
Ex 3 day 1814,2,61,0.0333,1.8863,1.3464,3.77,56.71,185,362
Ex 3 day 1814,2,62,0.0333,1.9083,1.0965,4.24,57.37,219,338
Ex 3 day 1814,2,63,0.0333,1.2738,0.9532,3.3,38.3,223,439
Ex 3 day 1814,3,64,0.0185,4.2505,3.1154,3.77,230.25,992,551
Ex 3 day 1814,3,65,0.0185,3.9141,2.9701,3.77,212.03,1072,418
Ex 3 day 1814,3,66,0.0185,3.6647,2.452,4.24,198.52,1025,520
Ex 3 day 1814,3,67,0.0185,3.548,2.3806,4.24,192.2,1044,452
Ex 3 day 1814,3,68,0.0185,3.1962,2.1416,3.3,173.14,998,480
Ex 3 day 1814,3,69,0.0185,3.3608,2.2843,3.3,182.06,1095,437
Ex 3 day 1814,3,70,0.0185,3.0095,1.9023,4.24,163.02,1018,440
Ex 3 day 1814,3,71,0.0185,2.8625,2.1472,3.77,155.06,1028,495
Ex 3 day 1814,3,72,0.0185,3.1549,2.2474,4.71,170.9,1062,495
Ex 3 day 1814,3,73,0.0185,2.6197,1.9328,3.77,141.91,968,505
Ex 3 day 1814,3,74,0.0185,2.7147,1.9479,3.77,147.06,996,444
Ex 3 day 1814,3,75,0.0185,2.2319,1.7788,3.3,120.9,1088,506
Ex 3 day 1814,3,76,0.0185,2.3747,1.7936,3.3,128.64,990,471
Ex 3 day 1814,3,77,0.0185,2.4255,1.6697,4.24,131.39,1011,462
Ex 3 day 1814,3,78,0.0185,1.9727,1.3501,3.3,106.86,1093,518
Ex 3 day 1814,3,79,0.0185,2.2109,1.4711,3.3,119.76,1055,425
Ex 3 day 1814,3,80,0.0185,1.987,1.5917,2.83,107.64,1061,559
Ex 3 day 1814,3,81,0.0185,2.3309,1.8578,2.83,126.26,1019,586
Ex 3 day 1814,3,82,0.0185,1.8402,1.3833,4.71,99.68,1048,550
Ex 3 day 1814,3,83,0.0185,2.5216,1.8518,3.77,136.6,1044,477
Ex 3 day 1814,3,84,0.0185,2.114,1.361,3.3,114.52,1096,530
Ex 3 day 1814,3,85,0.0185,1.9113,1.2358,4.71,103.54,1078,516
Ex 3 day 1814,3,86,0.0185,1.7071,1.292,3.77,92.47,1080,536
Ex 3 day 1814,3,87,0.0185,1.4216,1.2221,2.83,77.01,1033,587
Ex 3 day 1814,3,88,0.0185,1.8454,1.5705,2.83,99.97,991,492
Ex 3 day 1814,3,89,0.0185,1.5977,1.3527,2.83,86.55,1116,497
Ex 3 day 1814,3,90,0.0185,1.9763,1.7064,2.83,107.06,1089,427
Ex 3 day 1814,3,91,0.0185,1.9658,1.2907,3.77,106.49,1064,536
Ex 3 day 1814,4,92,0.0545,4.2465,3.0101,3.3,77.88,830,712
Ex 3 day 1814,4,93,0.0545,3.3791,2.5484,3.77,61.97,741,754
Ex 3 day 1814,4,94,0.0545,3.1803,2.4897,3.77,58.32,786,771
Ex 3 day 1814,4,95,0.0545,3.5021,2.5024,3.3,64.23,795,799
Ex 3 day 1814,4,96,0.0545,3.2485,2.4247,3.77,59.58,753,752
Ex 3 day 1814,4,97,0.0545,3.4535,2.6059,3.3,63.34,786,712
Ex 3 day 1814,4,98,0.0545,3.2657,2.0543,4.24,59.89,762,665
Ex 3 day 1814,4,99,0.0545,2.8907,2.2001,3.77,53.01,745,695
Ex 3 day 1814,4,100,0.0545,3.0027,2.1121,3.3,55.07,808,710
Ex 3 day 1814,4,101,0.0545,2.8786,2.158,3.77,52.79,821,688
Ex 3 day 1814,4,102,0.0545,2.64,2.0299,3.77,48.42,774,813
Ex 3 day 1814,4,103,0.0545,3.0263,2.2526,2.83,55.5,775,760
Ex 3 day 1814,4,104,0.0545,2.5022,2.0789,3.77,45.89,726,788
Ex 3 day 1814,4,105,0.0545,2.3361,2.0054,2.83,42.84,817,740
Ex 3 day 1814,4,106,0.0545,2.5034,1.868,3.3,45.91,775,741
Ex 3 day 1814,4,107,0.0545,2.3455,1.8146,3.77,43.02,800,652
Ex 3 day 1814,4,108,0.0545,1.9563,1.3591,4.24,35.88,841,694
Ex 3 day 1814,4,109,0.0545,1.8818,1.4977,3.77,34.51,798,764
Ex 3 day 1814,4,110,0.0545,2.0372,1.806,2.83,37.36,799,704
Ex 3 day 1814,4,111,0.0545,2.2503,1.6607,3.77,41.27,736,710
Ex 3 day 1814,4,112,0.0545,2.0815,1.5554,3.3,38.17,816,716
Ex 3 day 1814,4,113,0.0545,2.016,1.694,2.83,36.97,767,727
Ex 3 day 1814,4,114,0.0545,1.7042,1.2532,2.83,31.25,778,728
Ex 3 day 1814,4,115,0.0545,1.7694,1.5273,2.83,32.45,828,744
Ex 3 day 1814,4,116,0.0545,2.3446,1.8599,2.83,43.0,764,692
Ex 3 day 1814,4,117,0.0545,1.5203,1.0124,3.3,27.88,757,652
Ex 3 day 1814,4,118,0.0545,1.8268,1.3653,3.77,33.5,816,768
Ex 3 day 1815,1,1,0.1944,2.4261,2.1076,2.83,12.48,1013,133
Ex 3 day 1815,1,2,0.1944,2.2518,1.6706,3.3,11.58,1046,137
Ex 3 day 1815,2,3,0.0662,3.1123,2.2221,4.71,46.98,204,186
Ex 3 day 1815,2,4,0.0662,3.1032,2.6878,2.83,46.84,278,243
Ex 3 day 1815,2,5,0.0662,2.7256,2.1369,4.71,41.14,249,273
Ex 3 day 1815,2,6,0.0662,2.9085,2.2293,2.83,43.9,256,253
Ex 3 day 1815,2,7,0.0662,2.9601,1.8775,5.19,44.68,201,265
Ex 3 day 1815,2,8,0.0662,2.7488,2.0925,2.83,41.49,195,286
Ex 3 day 1815,2,9,0.0662,3.0434,1.844,5.19,45.94,215,214
Ex 3 day 1815,2,10,0.0662,2.1213,1.6726,2.83,32.02,259,218
Ex 3 day 1815,2,11,0.0662,1.859,1.4669,2.83,28.06,263,244
Ex 3 day 1815,2,12,0.0662,2.803,1.6121,5.66,42.31,237,198
Ex 3 day 1815,2,13,0.0662,2.3007,1.6046,4.71,34.73,188,215
Ex 3 day 1815,2,14,0.0662,2.1327,1.6899,2.83,32.19,224,298
Ex 3 day 1815,2,15,0.0662,2.4075,2.0263,2.83,36.34,191,300
Ex 3 day 1815,2,16,0.0662,2.7677,1.9443,3.3,41.78,206,296
Ex 3 day 1815,2,17,0.0662,2.7382,1.8205,4.71,41.33,294,255
Ex 3 day 1815,2,18,0.0662,2.4518,2.1306,2.83,37.01,230,245
Ex 3 day 1815,2,19,0.0662,2.2199,2.0493,2.83,33.51,268,280
Ex 3 day 1815,2,20,0.0662,1.9286,1.5021,2.83,29.11,236,258
Ex 3 day 1815,2,21,0.0662,2.1099,1.574,2.83,31.85,241,220
Ex 3 day 1815,2,22,0.0662,2.4398,1.5801,5.19,36.83,260,311
Ex 3 day 1815,2,23,0.0662,2.0075,1.6166,2.83,30.3,263,204
Ex 3 day 1815,2,24,0.0662,1.7494,1.3778,2.83,26.41,195,230
Ex 3 day 1815,2,25,0.0662,1.0393,0.8828,2.83,15.69,230,310
Ex 3 day 1815,2,26,0.0662,2.1711,1.5635,2.83,32.77,240,236
Ex 3 day 1815,2,27,0.0662,2.3981,1.6138,2.83,36.2,208,246
Ex 3 day 1815,2,28,0.0662,1.8506,1.5415,2.83,27.93,230,251
Ex 3 day 1815,2,29,0.0662,1.6933,1.4057,2.83,25.56,247,231
Ex 3 day 1815,2,30,0.0662,2.3658,1.8233,2.83,35.71,248,224
Ex 3 day 1815,2,31,0.0662,1.3612,0.8876,2.83,20.55,229,271
Ex 3 day 1815,2,32,0.0662,1.8429,1.4709,2.83,27.82,243,259
Ex 3 day 1815,2,33,0.0662,1.6768,1.2645,2.83,25.31,230,285
Ex 3 day 1815,2,34,0.0662,1.7778,1.4373,2.83,26.84,242,251
Ex 3 day 1815,3,35,0.0564,3.5882,2.6675,3.3,63.63,377,589
Ex 3 day 1815,3,36,0.0564,3.1202,2.4977,2.83,55.33,334,564
Ex 3 day 1815,3,37,0.0564,3.5661,2.8992,2.83,63.24,424,503
Ex 3 day 1815,3,38,0.0564,3.1342,2.3613,3.3,55.58,433,533
Ex 3 day 1815,3,39,0.0564,2.8096,1.8661,4.24,49.82,316,548
Ex 3 day 1815,3,40,0.0564,2.9966,1.9026,4.24,53.14,330,513
Ex 3 day 1815,3,41,0.0564,2.249,1.715,4.24,39.88,427,564
Ex 3 day 1815,3,42,0.0564,2.165,1.6526,5.66,38.39,384,512
Ex 3 day 1815,3,43,0.0564,2.7115,1.7731,4.71,48.08,402,609
Ex 3 day 1815,3,44,0.0564,2.3075,1.6622,3.77,40.92,411,477
Ex 3 day 1815,3,45,0.0564,2.6839,1.7973,4.24,47.59,393,551
Ex 3 day 1815,3,46,0.0564,2.3595,1.5536,5.19,41.84,414,586
Ex 3 day 1815,3,47,0.0564,2.2539,1.7306,2.83,39.97,380,606
Ex 3 day 1815,3,48,0.0564,2.7049,2.0956,2.83,47.96,414,518
Ex 3 day 1815,3,49,0.0564,1.9266,1.5754,2.83,34.16,400,536
Ex 3 day 1815,3,50,0.0564,2.4872,2.1631,2.83,44.1,309,585
Ex 3 day 1815,3,51,0.0564,2.5234,2.1507,2.83,44.75,352,615
Ex 3 day 1815,3,52,0.0564,1.9546,1.3623,3.77,34.66,357,572
Ex 3 day 1815,3,53,0.0564,1.7447,1.4303,2.83,30.94,392,583
Ex 3 day 1815,3,54,0.0564,2.0573,1.541,3.3,36.48,379,618
Ex 3 day 1815,3,55,0.0564,1.9114,1.6192,2.83,33.89,388,536
Ex 3 day 1815,3,56,0.0564,1.374,1.1099,2.83,24.36,340,592
Ex 3 day 1815,3,57,0.0564,1.5108,1.193,2.83,26.79,337,581
Ex 3 day 1815,3,58,0.0564,2.1542,1.4378,4.24,38.2,321,601
Ex 3 day 1815,3,59,0.0564,1.9658,1.6199,2.83,34.86,411,553
Ex 3 day 1815,6,60,0.071,3.0122,2.1077,4.71,42.4,486,605
Ex 3 day 1815,6,61,0.071,3.0678,2.0721,4.71,43.18,499,652
Ex 3 day 1815,6,62,0.071,2.5888,2.053,4.71,36.44,506,623
Ex 3 day 1815,6,63,0.071,2.8613,2.0315,4.71,40.27,541,621
Ex 3 day 1815,6,64,0.071,2.6005,1.8142,5.66,36.6,578,700
Ex 3 day 1815,6,65,0.071,2.6705,2.0704,4.71,37.59,515,675
Ex 3 day 1815,6,66,0.071,2.8105,2.1154,2.83,39.56,580,669
Ex 3 day 1815,6,67,0.071,2.7701,1.8721,3.3,38.99,477,650
Ex 3 day 1815,6,68,0.071,2.1033,1.7438,2.83,29.6,518,695
Ex 3 day 1815,6,69,0.071,2.2056,1.9462,2.83,31.04,518,703
Ex 3 day 1815,6,70,0.071,2.2982,1.8526,2.83,32.35,528,635
Ex 3 day 1815,6,71,0.071,1.8541,1.404,2.83,26.1,568,646
Ex 3 day 1815,6,72,0.071,0.6739,0.9992,7.07,9.49,527,650
Ex 3 day 1815,7,73,0.0952,3.535,2.5339,3.3,37.11,881,851
Ex 3 day 1815,7,74,0.0952,3.2773,2.4011,3.77,34.41,894,879
Ex 3 day 1815,7,75,0.0952,2.6922,1.8254,4.71,28.27,861,862
Ex 3 day 1815,7,76,0.0952,2.568,1.4877,5.66,26.96,869,886
Ex 3 day 1815,7,77,0.0952,2.5404,1.8076,3.3,26.67,884,865
Ex 3 day 1815,7,78,0.0952,2.5306,1.8594,4.71,26.57,844,834
Ex 3 day 1815,7,79,0.0952,2.3207,1.5036,4.24,24.36,844,857
Ex 3 day 1815,7,80,0.0952,2.7368,1.7345,4.24,28.73,899,844
Ex 3 day 1815,7,81,0.0952,2.2512,1.9271,2.83,23.64,874,866
Ex 3 day 1815,7,82,0.0952,2.0925,1.8324,2.83,21.97,877,831
Ex 3 day 1815,7,83,0.0952,2.2609,1.5059,4.24,23.74,881,897
Ex 3 day 1815,7,84,0.0952,2.1137,1.4282,4.71,22.19,842,897
Ex 3 day 1815,7,85,0.0952,2.1553,1.5436,3.3,22.63,804,870
Ex 3 day 1815,8,86,0.055,4.2557,2.8505,3.3,77.33,1008,918
Ex 3 day 1815,8,87,0.055,3.0006,1.9163,5.19,54.52,1037,903
Ex 3 day 1815,8,88,0.055,3.1418,2.0551,4.24,57.09,989,913
Ex 3 day 1815,8,89,0.055,2.9505,1.7907,4.24,53.61,998,894
Ex 3 day 1815,8,90,0.055,2.9244,2.2609,3.77,53.14,1090,931
Ex 3 day 1815,8,91,0.055,2.4309,1.3752,6.13,44.17,958,938
Ex 3 day 1815,8,92,0.055,2.2746,1.9784,2.83,41.33,1077,925
Ex 3 day 1815,8,93,0.055,1.8285,1.2471,5.66,33.22,1022,888
Ex 3 day 1816,1,1,-0.0006,4.1465,3.1696,3.77,-7146.28,990,148
Ex 3 day 1816,1,2,-0.0006,4.2453,3.11,3.77,-7316.63,939,104
Ex 3 day 1816,1,3,-0.0006,3.7696,2.8263,3.77,-6496.79,992,66
Ex 3 day 1816,1,4,-0.0006,3.8653,2.4012,4.24,-6661.61,913,53
Ex 3 day 1816,1,5,-0.0006,3.7761,2.6052,3.3,-6507.92,985,170
Ex 3 day 1816,1,6,-0.0006,4.0502,2.9356,3.77,-6980.33,1038,107
Ex 3 day 1816,1,7,-0.0006,3.8577,2.8942,3.77,-6648.6,968,185
Ex 3 day 1816,1,8,-0.0006,3.7911,2.8487,3.77,-6533.79,1004,85
Ex 3 day 1816,1,9,-0.0006,3.1141,2.2727,4.71,-5367.02,956,125
Ex 3 day 1816,1,10,-0.0006,2.9359,2.283,3.77,-5059.89,951,187
Ex 3 day 1816,1,11,-0.0006,2.784,2.2235,3.77,-4798.17,964,163
Ex 3 day 1816,1,12,-0.0006,2.9346,2.1198,3.3,-5057.7,924,39
Ex 3 day 1816,1,13,-0.0006,2.9885,2.0506,4.24,-5150.48,899,96
Ex 3 day 1816,1,14,-0.0006,2.9148,2.1417,3.77,-5023.53,957,80
Ex 3 day 1816,1,15,-0.0006,2.4088,1.6695,4.24,-4151.39,994,113
Ex 3 day 1816,1,16,-0.0006,2.526,1.7142,3.3,-4353.51,1015,68
Ex 3 day 1816,1,17,-0.0006,2.1621,1.5871,4.24,-3726.31,1004,136
Ex 3 day 1816,1,18,-0.0006,2.3796,1.8494,3.77,-4101.07,947,72
Ex 3 day 1816,1,19,-0.0006,2.4434,1.5498,4.24,-4211.14,1026,76
Ex 3 day 1816,1,20,-0.0006,2.1158,1.7101,2.83,-3646.42,957,103
Ex 3 day 1816,1,21,-0.0006,1.9142,1.4555,4.71,-3299.1,911,71
Ex 3 day 1816,1,22,-0.0006,2.0926,1.7386,2.83,-3606.45,1006,63
Ex 3 day 1816,1,23,-0.0006,2.1515,1.6257,3.3,-3708.02,993,177
Ex 3 day 1816,1,24,-0.0006,2.1192,1.4568,3.3,-3652.28,970,103
Ex 3 day 1816,1,25,-0.0006,2.1296,1.3861,3.3,-3670.29,971,88
Ex 3 day 1816,1,26,-0.0006,1.999,1.5877,3.77,-3445.21,945,40
Ex 3 day 1816,1,27,-0.0006,1.8951,1.4804,4.71,-3266.15,970,115
Ex 3 day 1816,1,28,-0.0006,1.9357,1.3004,3.77,-3336.03,910,35
Ex 3 day 1816,1,29,-0.0006,2.2189,1.8233,3.77,-3824.19,932,124
Ex 3 day 1816,1,30,-0.0006,1.7746,1.4178,2.83,-3058.46,953,95
Ex 3 day 1816,1,31,-0.0006,1.8031,1.3346,3.77,-3107.64,971,35
Ex 3 day 1816,1,32,-0.0006,1.7434,1.3242,3.3,-3004.68,965,74
Ex 3 day 1816,1,33,-0.0006,2.0098,1.47,3.3,-3463.88,907,81
Ex 3 day 1816,1,34,-0.0006,1.9546,1.6412,2.83,-3368.61,1008,115
Ex 3 day 1816,1,35,-0.0006,1.9623,1.2476,3.3,-3381.99,916,14
Ex 3 day 1816,2,36,0.0388,3.8582,2.9331,3.77,99.56,1209,620
Ex 3 day 1816,2,37,0.0388,3.9761,2.8857,3.77,102.6,1166,668
Ex 3 day 1816,2,38,0.0388,3.6154,2.659,3.77,93.29,1139,594
Ex 3 day 1816,2,39,0.0388,3.5979,2.6743,3.77,92.84,1153,601
Ex 3 day 1816,2,40,0.0388,3.457,2.5861,3.77,89.21,1173,600
Ex 3 day 1816,2,41,0.0388,3.4719,2.2839,4.24,89.59,1211,638
Ex 3 day 1816,2,42,0.0388,3.3241,2.6097,3.77,85.78,1140,576
Ex 3 day 1816,2,43,0.0388,3.5872,2.4689,3.3,92.56,1159,629
Ex 3 day 1816,2,44,0.0388,3.2396,2.5475,3.77,83.6,1184,533
Ex 3 day 1816,2,45,0.0388,3.3476,2.5094,3.77,86.38,1166,554
Ex 3 day 1816,2,46,0.0388,3.0445,2.2846,3.3,78.56,1173,636
Ex 3 day 1816,2,47,0.0388,2.9349,1.9128,4.24,75.73,1231,563
Ex 3 day 1816,2,48,0.0388,3.1416,2.1786,4.71,81.07,1188,596
Ex 3 day 1816,2,49,0.0388,3.0956,2.4463,3.77,79.88,1228,672
Ex 3 day 1816,2,50,0.0388,2.9109,2.1732,3.77,75.11,1163,541
Ex 3 day 1816,2,51,0.0388,2.1858,1.6518,3.77,56.4,1200,572
Ex 3 day 1816,2,52,0.0388,1.8018,1.2796,3.77,46.49,1164,614
Ex 3 day 1816,2,53,0.0388,1.7965,1.2327,4.24,46.36,1182,660
Ex 3 day 1816,2,54,0.0388,1.9625,1.467,3.77,50.64,1168,695
Ex 3 day 1816,2,55,0.0388,1.6666,1.1624,3.3,43.0,1238,638
Ex 3 day 1816,2,56,0.0388,1.6366,1.1902,3.3,42.23,1237,616
Ex 3 day 1816,2,57,0.0388,1.6902,1.3632,3.77,43.61,1221,594
Ex 3 day 1816,2,58,0.0388,1.5216,1.0254,2.83,39.26,1186,626
Ex 3 day 1816,3,59,0.0691,4.1067,2.9552,3.77,59.47,653,628
Ex 3 day 1816,3,60,0.0691,3.7531,2.9426,3.77,54.35,703,665
Ex 3 day 1816,3,61,0.0691,4.0651,2.8484,3.3,58.87,677,681
Ex 3 day 1816,3,62,0.0691,3.8736,2.7602,3.3,56.09,638,612
Ex 3 day 1816,3,63,0.0691,3.4065,2.3865,3.3,49.33,616,659
Ex 3 day 1816,3,64,0.0691,3.8445,3.2515,2.83,55.67,688,726
Ex 3 day 1816,3,65,0.0691,3.713,2.6924,3.77,53.77,647,720
Ex 3 day 1816,3,66,0.0691,3.5107,2.5914,3.77,50.84,715,648
Ex 3 day 1816,3,67,0.0691,3.3349,2.7677,2.83,48.29,676,610
Ex 3 day 1816,3,68,0.0691,3.5113,2.5507,3.3,50.85,600,702
Ex 3 day 1816,3,69,0.0691,3.0717,2.5975,2.83,44.48,683,657
Ex 3 day 1816,3,70,0.0691,2.9327,2.1419,3.3,42.47,617,725
Ex 3 day 1816,3,71,0.0691,2.7657,2.0347,3.77,40.05,695,702
Ex 3 day 1816,3,72,0.0691,2.6556,1.9977,3.3,38.46,634,653
Ex 3 day 1816,3,73,0.0691,3.2798,2.4702,3.77,47.49,662,696
Ex 3 day 1816,3,74,0.0691,3.0357,2.0083,3.77,43.96,620,713
Ex 3 day 1816,3,75,0.0691,2.7331,1.9978,3.77,39.58,618,609
Ex 3 day 1816,3,76,0.0691,2.9796,2.1718,3.3,43.15,612,596
Ex 3 day 1816,3,77,0.0691,2.8148,2.0979,3.3,40.76,649,592
Ex 3 day 1816,3,78,0.0691,2.6622,1.7764,4.24,38.55,732,642
Ex 3 day 1816,3,79,0.0691,2.6672,1.8482,3.3,38.62,601,653
Ex 3 day 1816,3,80,0.0691,2.8175,2.0367,3.3,40.8,688,622
Ex 3 day 1816,3,81,0.0691,2.6497,1.8324,3.3,38.37,659,719
Ex 3 day 1816,3,82,0.0691,2.8035,2.0788,3.77,40.6,640,705
Ex 3 day 1816,3,83,0.0691,2.7588,2.0789,3.77,39.95,589,639
Ex 3 day 1816,3,84,0.0691,2.5724,1.8631,3.3,37.25,610,647
Ex 3 day 1816,3,85,0.0691,2.7023,1.7978,3.3,39.13,699,686
Ex 3 day 1816,3,86,0.0691,2.2544,1.7366,4.71,32.65,648,667
Ex 3 day 1816,3,87,0.0691,2.2435,1.5296,3.3,32.49,603,629
Ex 3 day 1816,3,88,0.0691,2.647,1.9815,3.77,38.33,668,647
Ex 3 day 1816,3,89,0.0691,2.4171,1.8996,3.3,35.0,599,688
Ex 3 day 1816,3,90,0.0691,2.6728,2.2257,2.83,38.7,691,641
Ex 3 day 1816,3,91,0.0691,2.168,1.8823,2.83,31.4,607,681
Ex 3 day 1816,3,92,0.0691,2.1367,1.8766,2.83,30.94,654,645
Ex 3 day 1816,3,93,0.0691,2.166,1.5055,4.71,31.37,633,667
Ex 3 day 1816,3,94,0.0691,2.052,1.6133,3.77,29.72,620,629
Ex 3 day 1816,3,95,0.0691,2.207,1.4936,3.3,31.96,699,638
Ex 3 day 1816,3,96,0.0691,2.5452,1.9518,3.77,36.86,585,666
Ex 3 day 1816,3,97,0.0691,1.8855,1.5213,2.83,27.3,643,679
Ex 3 day 1816,3,98,0.0691,2.2286,1.593,3.3,32.27,616,687
Ex 3 day 1816,3,99,0.0691,1.904,1.2646,3.77,27.57,672,620
Ex 3 day 1816,3,100,0.0691,2.129,1.4626,3.3,30.83,718,615
Ex 3 day 1816,3,101,0.0691,2.099,1.6952,2.83,30.4,663,612
Ex 3 day 1816,3,102,0.0691,2.4777,2.0617,2.83,35.88,714,684
Ex 3 day 1816,3,103,0.0691,2.453,1.6647,3.3,35.52,692,626
Ex 3 day 1816,3,104,0.0691,1.7359,1.5405,3.77,25.14,634,601
Ex 3 day 1816,3,105,0.0691,1.6911,1.4603,2.83,24.49,660,708
Ex 3 day 1816,3,106,0.0691,1.8254,1.3338,2.83,26.43,628,700
Ex 3 day 1816,3,107,0.0691,1.724,1.4678,2.83,24.97,616,623
Ex 3 day 1816,3,108,0.0691,1.7283,1.5881,2.83,25.03,635,698
Ex 3 day 1816,3,109,0.0691,1.9986,1.7195,2.83,28.94,735,655
Ex 3 day 1816,3,110,0.0691,1.8708,1.3063,3.3,27.09,600,617
Ex 3 day 1816,3,111,0.0691,2.0898,1.6087,2.83,30.26,706,624
Ex 3 day 1816,3,112,0.0691,1.9038,1.3257,4.71,27.57,674,597
Ex 3 day 1816,3,113,0.0691,1.8933,1.553,2.83,27.42,594,622
Ex 3 day 1816,3,114,0.0691,1.6457,1.4153,2.83,23.83,653,693
Ex 3 day 1816,3,115,0.0691,2.1925,1.5115,3.3,31.75,692,689
Ex 3 day 1816,4,116,0.0233,4.3219,3.1945,3.77,185.33,873,677
Ex 3 day 1816,4,117,0.0233,4.0834,3.1273,3.77,175.1,891,656
Ex 3 day 1816,4,118,0.0233,4.0765,3.0484,3.77,174.8,915,684
Ex 3 day 1816,4,119,0.0233,3.1042,2.1865,3.3,133.11,856,659
Ex 3 day 1816,4,120,0.0233,2.5858,2.2248,2.83,110.88,891,635
Ex 3 day 1816,4,121,0.0233,2.3089,1.7807,2.83,99.01,889,678
Ex 3 day 1816,4,122,0.0233,2.1883,2.0338,2.83,93.84,903,721
Ex 3 day 1816,4,123,0.0233,2.418,1.8684,2.83,103.69,895,706
Ex 3 day 1816,4,124,0.0233,2.0627,1.7222,2.83,88.45,911,708
Ex 3 day 1816,4,125,0.0233,1.5362,1.1194,2.83,65.88,897,684
Ex 3 day 1816,5,126,0.1553,3.51,2.3889,4.24,22.6,222,690
Ex 3 day 1816,5,127,0.1553,2.9098,2.2336,4.71,18.73,188,700
Ex 3 day 1816,5,128,0.1553,2.5023,1.9553,3.77,16.11,225,656
Ex 3 day 1816,5,129,0.1553,2.2641,1.6735,4.24,14.58,223,670
Ex 3 day 1816,5,130,0.1553,2.7126,2.1064,3.77,17.46,193,654
Ex 3 day 1816,5,131,0.1553,1.7458,1.3754,4.24,11.24,210,709
Ex 3 day 1816,5,132,0.1553,1.8771,1.3496,4.24,12.08,209,667
Ex 3 day 1816,5,133,0.1553,2.2811,1.6457,4.24,14.69,216,631
Ex 3 day 1816,5,134,0.1553,1.7155,1.3493,2.83,11.04,218,643
Ex 3 day 1816,6,135,-0.0188,4.4588,3.247,3.3,-237.79,909,776
Ex 3 day 1816,6,136,-0.0188,4.3532,3.1671,3.77,-232.17,862,771
Ex 3 day 1816,6,137,-0.0188,4.3037,3.0452,3.3,-229.52,872,788
Ex 3 day 1816,6,138,-0.0188,4.1071,2.9565,3.3,-219.04,868,728
Ex 3 day 1816,6,139,-0.0188,3.7953,2.8471,3.77,-202.41,931,784
Ex 3 day 1816,6,140,-0.0188,3.8163,2.81,3.77,-203.53,910,794
Ex 3 day 1816,6,141,-0.0188,3.6274,2.7078,3.77,-193.46,861,743
Ex 3 day 1816,6,142,-0.0188,2.8922,2.0878,3.3,-154.25,942,787
Ex 3 day 1816,6,143,-0.0188,2.6433,1.8776,3.3,-140.97,940,740
Ex 3 day 1816,6,144,-0.0188,2.4328,1.8898,3.3,-129.75,879,738
Ex 3 day 1816,6,145,-0.0188,2.6054,1.8315,3.3,-138.95,879,769
Ex 3 day 1816,6,146,-0.0188,2.6418,1.7511,3.3,-140.89,921,756
Ex 3 day 1816,6,147,-0.0188,2.0539,1.3781,3.3,-109.54,874,756
Ex 3 day 1816,6,148,-0.0188,1.9551,1.731,2.83,-104.27,889,768
Ex 3 day 1816,6,149,-0.0188,2.1064,1.5417,3.3,-112.34,856,749
Ex 3 day 1816,6,150,-0.0188,1.6984,1.4428,2.83,-90.58,866,815
Ex 3 day 1816,6,151,-0.0188,1.7447,1.4913,2.83,-93.05,836,787
Ex 3 day 1816,7,152,0.0132,3.9998,2.8985,3.3,302.16,823,888
Ex 3 day 1816,7,153,0.0132,3.4663,2.6896,3.77,261.86,826,866
Ex 3 day 1816,7,154,0.0132,3.5251,2.3524,4.24,266.3,839,894
Ex 3 day 1816,7,155,0.0132,3.2766,2.4089,3.77,247.53,840,951
Ex 3 day 1816,7,156,0.0132,2.5105,1.9235,3.77,189.65,847,921
Ex 3 day 1816,7,157,0.0132,2.3776,1.7558,4.71,179.61,871,838
Ex 3 day 1816,7,158,0.0132,2.2971,1.5607,4.71,173.54,797,951
Ex 3 day 1816,7,159,0.0132,1.9567,1.3556,4.24,147.81,822,961
Ex 3 day 1816,7,160,0.0132,1.8982,1.4059,3.77,143.4,808,865
Ex 3 day 1817,1,1,0.0889,3.9151,2.8415,3.77,44.03,210,38
Ex 3 day 1817,1,2,0.0889,3.5284,2.4972,3.3,39.68,182,17
Ex 3 day 1817,1,3,0.0889,3.8517,2.6487,3.77,43.31,258,50
Ex 3 day 1817,1,4,0.0889,3.6094,2.3947,3.3,40.59,228,19
Ex 3 day 1817,1,5,0.0889,3.4016,2.1272,4.24,38.25,258,29
Ex 3 day 1817,1,6,0.0889,3.5556,2.5771,2.83,39.98,290,6
Ex 3 day 1817,1,7,0.0889,2.6932,1.9187,4.24,30.29,280,17
Ex 3 day 1817,1,8,0.0889,3.0493,1.8597,3.3,34.29,248,0
Ex 3 day 1817,1,9,0.0889,2.0489,1.4152,3.3,23.04,262,0
Ex 3 day 1817,1,10,0.0889,2.4366,1.8618,3.77,27.4,239,11
Ex 3 day 1817,1,11,0.0889,1.8336,1.5346,3.77,20.62,246,23
Ex 3 day 1817,1,12,0.0889,2.2897,1.6184,3.3,25.75,192,39
Ex 3 day 1817,1,13,0.0889,2.311,1.8293,3.77,25.99,155,5
Ex 3 day 1817,1,14,0.0889,1.8201,1.5306,2.83,20.47,212,24
Ex 3 day 1817,1,15,0.0889,1.677,1.4745,3.77,18.86,241,48
Ex 3 day 1817,1,16,0.0889,2.203,1.927,2.83,24.77,283,41
Ex 3 day 1817,1,17,0.0889,2.0556,1.6759,2.83,23.12,272,31
Ex 3 day 1817,1,18,0.0889,2.2482,1.7968,2.83,25.28,274,0
Ex 3 day 1817,1,19,0.0889,1.8758,1.5066,3.77,21.09,293,26
Ex 3 day 1817,1,20,0.0889,1.8333,1.3481,3.3,20.62,197,25
Ex 3 day 1817,1,21,0.0889,1.9294,1.367,5.19,21.7,198,0
Ex 3 day 1817,1,22,0.0889,1.9515,1.3079,3.3,21.95,280,31
Ex 3 day 1817,1,23,0.0889,1.8195,1.4224,2.83,20.46,243,36
Ex 3 day 1817,1,24,0.0889,2.3206,1.6107,2.83,26.1,178,36
Ex 3 day 1817,1,25,0.0889,1.7464,1.3886,2.83,19.64,186,0
Ex 3 day 1817,2,26,-0.0077,4.3963,3.1945,3.77,-567.73,710,427
Ex 3 day 1817,2,27,-0.0077,4.1353,3.024,3.77,-534.03,859,397
Ex 3 day 1817,2,28,-0.0077,3.8582,2.8519,3.77,-498.24,780,492
Ex 3 day 1817,2,29,-0.0077,3.8694,2.4752,4.24,-499.69,853,440
Ex 3 day 1817,2,30,-0.0077,3.6153,2.7675,3.77,-466.88,788,465
Ex 3 day 1817,2,31,-0.0077,3.8365,2.583,3.3,-495.44,770,419
Ex 3 day 1817,2,32,-0.0077,3.146,2.0525,3.3,-406.26,782,357
Ex 3 day 1817,2,33,-0.0077,3.4714,2.6164,3.77,-448.29,802,373
Ex 3 day 1817,2,34,-0.0077,3.4491,2.3365,4.24,-445.41,795,483
Ex 3 day 1817,2,35,-0.0077,3.2824,2.3851,3.3,-423.88,814,473
Ex 3 day 1817,2,36,-0.0077,2.7743,1.9474,3.3,-358.27,861,468
Ex 3 day 1817,2,37,-0.0077,3.1729,2.1464,3.3,-409.74,734,438
Ex 3 day 1817,2,38,-0.0077,3.3938,2.278,3.3,-438.26,733,424
Ex 3 day 1817,2,39,-0.0077,3.2101,2.6391,2.83,-414.54,757,503
Ex 3 day 1817,2,40,-0.0077,3.6778,3.0972,2.83,-474.94,822,448
Ex 3 day 1817,2,41,-0.0077,3.2183,2.0497,4.24,-415.6,703,404
Ex 3 day 1817,2,42,-0.0077,3.118,2.0571,3.3,-402.65,775,471
Ex 3 day 1817,2,43,-0.0077,3.0416,2.4313,2.83,-392.79,794,521
Ex 3 day 1817,2,44,-0.0077,3.0664,2.3213,3.77,-395.99,825,473
Ex 3 day 1817,2,45,-0.0077,3.0622,2.2802,3.3,-395.44,749,455
Ex 3 day 1817,2,46,-0.0077,2.4692,1.7054,3.3,-318.86,781,380
Ex 3 day 1817,2,47,-0.0077,3.1911,1.9937,4.24,-412.1,753,387
Ex 3 day 1817,2,48,-0.0077,3.0333,2.2504,3.3,-391.72,819,389
Ex 3 day 1817,2,49,-0.0077,2.4826,1.7144,3.3,-320.6,812,445
Ex 3 day 1817,2,50,-0.0077,2.8155,2.4156,2.83,-363.59,799,400
Ex 3 day 1817,2,51,-0.0077,2.4531,1.8565,3.3,-316.78,856,492
Ex 3 day 1817,2,52,-0.0077,2.8723,2.3335,2.83,-370.93,720,482
Ex 3 day 1817,2,53,-0.0077,2.4425,1.3581,4.24,-315.43,800,450
Ex 3 day 1817,2,54,-0.0077,2.0026,1.7311,3.77,-258.61,845,390
Ex 3 day 1817,2,55,-0.0077,1.65,1.4791,4.71,-213.08,769,356
Ex 3 day 1817,2,56,-0.0077,2.144,1.3094,3.77,-276.87,790,423
Ex 3 day 1817,2,57,-0.0077,2.2164,2.04,2.83,-286.23,869,498
Ex 3 day 1817,2,58,-0.0077,2.0189,1.3516,3.77,-260.72,746,405
Ex 3 day 1817,2,59,-0.0077,2.1721,1.5979,3.3,-280.5,768,406
Ex 3 day 1817,2,60,-0.0077,2.5991,2.2505,2.83,-335.64,791,398
Ex 3 day 1817,2,61,-0.0077,2.1917,1.2337,5.19,-283.03,787,437
Ex 3 day 1817,2,62,-0.0077,1.5768,0.999,3.3,-203.63,752,422
Ex 3 day 1817,2,63,-0.0077,2.2402,1.8837,2.83,-289.3,772,379
Ex 3 day 1817,2,64,-0.0077,2.0166,1.6827,3.3,-260.42,758,364
Ex 3 day 1817,2,65,-0.0077,2.3375,1.759,3.77,-301.86,764,478
Ex 3 day 1817,2,66,-0.0077,2.0779,1.4971,3.77,-268.33,845,423
Ex 3 day 1817,2,67,-0.0077,1.675,1.3461,3.3,-216.3,736,496
Ex 3 day 1817,2,68,-0.0077,1.9453,1.6292,2.83,-251.21,748,505
Ex 3 day 1817,2,69,-0.0077,2.5153,2.0415,2.83,-324.83,732,490
Ex 3 day 1817,2,70,-0.0077,2.3205,1.9603,2.83,-299.66,816,417
Ex 3 day 1817,2,71,-0.0077,1.8836,1.6006,2.83,-243.24,782,435
Ex 3 day 1817,2,72,-0.0077,1.8082,1.3281,2.83,-233.51,692,448
Ex 3 day 1817,2,73,-0.0077,2.2603,1.6742,3.3,-291.89,739,451
Ex 3 day 1817,2,74,-0.0077,1.8649,1.5424,2.83,-240.83,710,443
Ex 3 day 1817,2,75,-0.0077,2.2574,1.8299,2.83,-291.52,778,341
Ex 3 day 1817,2,76,-0.0077,1.9684,1.7004,2.83,-254.19,839,489
Ex 3 day 1817,2,77,-0.0077,1.7079,1.2909,2.83,-220.55,706,457
Ex 3 day 1817,2,78,-0.0077,1.7752,1.25,3.3,-229.25,738,393
Ex 3 day 1817,2,79,-0.0077,2.6693,1.9583,2.83,-344.7,872,452
Ex 3 day 1817,2,80,-0.0077,2.2796,1.6728,2.83,-294.39,847,477
Ex 3 day 1817,2,81,-0.0077,1.9561,1.4521,2.83,-252.61,723,381
Ex 3 day 1817,2,82,-0.0077,1.5526,1.1221,5.19,-200.5,764,432
Ex 3 day 1817,2,83,-0.0077,1.4066,1.0599,2.83,-181.64,805,433
Ex 3 day 1817,4,84,-0.0034,4.8788,3.3095,3.3,-1418.15,866,614
Ex 3 day 1817,4,85,-0.0034,4.4752,3.1675,3.3,-1300.85,825,601
Ex 3 day 1817,4,86,-0.0034,4.3585,3.0963,3.3,-1266.91,853,558
Ex 3 day 1817,4,87,-0.0034,4.0656,2.9608,3.3,-1181.79,831,668
Ex 3 day 1817,4,88,-0.0034,4.1382,3.0653,3.77,-1202.87,774,614
Ex 3 day 1817,4,89,-0.0034,4.0186,3.0224,3.77,-1168.11,832,637
Ex 3 day 1817,4,90,-0.0034,3.9237,3.4122,2.83,-1140.53,805,646
Ex 3 day 1817,4,91,-0.0034,3.7199,2.8385,3.77,-1081.3,887,652
Ex 3 day 1817,4,92,-0.0034,3.5873,2.5693,3.3,-1042.73,790,609
Ex 3 day 1817,4,93,-0.0034,3.6286,2.3455,4.24,-1054.75,876,668
Ex 3 day 1817,4,94,-0.0034,3.1827,2.6926,2.83,-925.13,820,581
Ex 3 day 1817,4,95,-0.0034,3.3845,2.9015,2.83,-983.8,838,682
Ex 3 day 1817,4,96,-0.0034,3.4938,2.5769,3.77,-1015.56,812,551
Ex 3 day 1817,4,97,-0.0034,3.3278,2.1073,4.24,-967.33,849,599
Ex 3 day 1817,4,98,-0.0034,3.0085,2.501,2.83,-874.5,834,583
Ex 3 day 1817,4,99,-0.0034,2.6168,1.7245,3.3,-760.66,831,570
Ex 3 day 1817,4,100,-0.0034,3.1995,2.1437,2.83,-930.01,796,528
Ex 3 day 1817,4,101,-0.0034,2.492,1.7677,3.3,-724.37,814,633
Ex 3 day 1817,4,102,-0.0034,3.3233,2.521,2.83,-966.02,888,632
Ex 3 day 1817,4,103,-0.0034,2.564,2.0373,2.83,-745.3,885,598
Ex 3 day 1817,4,104,-0.0034,2.4227,1.6322,3.3,-704.23,849,624
Ex 3 day 1817,4,105,-0.0034,2.2004,2.0304,2.83,-639.61,798,626
Ex 3 day 1817,4,106,-0.0034,2.6559,1.995,2.83,-772.0,844,656
Ex 3 day 1817,4,107,-0.0034,2.0416,1.635,2.83,-593.45,803,588
Ex 3 day 1817,4,108,-0.0034,2.5746,2.1945,2.83,-748.39,908,611
Ex 3 day 1817,4,109,-0.0034,2.3152,1.6041,2.83,-672.97,868,570
Ex 3 day 1817,4,110,-0.0034,2.3948,2.0492,2.83,-696.12,793,593
Ex 3 day 1817,4,111,-0.0034,2.3004,1.627,3.77,-668.68,788,623
Ex 3 day 1817,4,112,-0.0034,1.8776,1.6576,2.83,-545.79,882,636
Ex 3 day 1817,4,113,-0.0034,1.9723,1.351,2.83,-573.31,860,656
Ex 3 day 1817,4,114,-0.0034,1.9397,1.5993,2.83,-563.82,823,653
Ex 3 day 1817,4,115,-0.0034,2.1004,1.7614,2.83,-610.55,863,631
Ex 3 day 1817,4,116,-0.0034,1.8853,1.1781,5.66,-548.0,891,555
Ex 3 day 1817,4,117,-0.0034,1.5938,1.1359,2.83,-463.28,806,624
Ex 3 day 1817,4,118,-0.0034,1.3516,1.0218,3.77,-392.88,857,576
Ex 3 day 1817,4,119,-0.0034,1.8717,1.1842,4.24,-544.07,870,582
Ex 3 day 1817,4,120,-0.0034,1.481,1.1041,2.83,-430.49,777,591
Ex 3 day 1817,4,121,-0.0034,1.7904,1.3864,2.83,-520.42,784,573
Ex 3 day 1817,4,122,-0.0034,0.8637,0.8239,4.71,-251.05,838,531
Ex 3 day 1817,4,123,-0.0034,1.989,1.5672,2.83,-578.15,809,580
Ex 3 day 1817,4,124,-0.0034,1.8582,1.2154,6.6,-540.13,865,537
Ex 3 day 1817,4,125,-0.0034,1.3653,1.0519,2.83,-396.85,877,561
Ex 3 day 1817,4,126,-0.0034,1.3581,0.9537,2.83,-394.77,804,613
Ex 3 day 1817,4,127,-0.0034,1.7032,1.5009,2.83,-495.08,894,577
Ex 3 day 1817,4,128,-0.0034,1.8009,1.3569,3.3,-523.49,785,559
Ex 3 day 1817,4,129,-0.0034,1.5832,1.1483,2.83,-460.2,896,618
Ex 3 day 1817,5,130,0.0234,4.2354,3.0305,3.3,180.63,1053,674
Ex 3 day 1817,5,131,0.0234,4.0924,2.8507,3.3,174.53,1046,660
Ex 3 day 1817,5,132,0.0234,3.7846,2.8623,3.77,161.41,1014,626
Ex 3 day 1817,5,133,0.0234,3.9593,2.833,3.3,168.86,1094,744
Ex 3 day 1817,5,134,0.0234,4.0647,2.8984,3.3,173.35,1044,626
Ex 3 day 1817,5,135,0.0234,3.9336,2.8869,3.3,167.76,1031,669
Ex 3 day 1817,5,136,0.0234,3.2291,2.1571,3.3,137.71,1030,627
Ex 3 day 1817,5,137,0.0234,3.8191,2.6264,3.3,162.88,1070,701
Ex 3 day 1817,5,138,0.0234,3.0931,2.3716,3.77,131.91,989,636
Ex 3 day 1817,5,139,0.0234,2.4526,1.7726,3.3,104.6,1068,712
Ex 3 day 1817,5,140,0.0234,2.4858,1.583,4.24,106.01,1051,689
Ex 3 day 1817,5,141,0.0234,2.3682,1.6665,3.77,101.0,1063,656
Ex 3 day 1817,5,142,0.0234,2.1907,1.5119,3.3,93.43,1055,714
Ex 3 day 1817,5,143,0.0234,2.0924,1.4652,4.24,89.24,1080,727
Ex 3 day 1817,5,144,0.0234,2.0688,1.1528,4.71,88.23,1039,644
Ex 3 day 1817,5,145,0.0234,1.8614,1.3289,3.3,79.39,1061,723
Ex 3 day 1817,5,146,0.0234,1.7762,1.5769,2.83,75.75,1069,688
Ex 3 day 1817,7,147,0.0845,3.2914,2.4165,3.77,38.96,554,823
Ex 3 day 1817,7,148,0.0845,2.9607,2.0827,3.3,35.05,562,836
Ex 3 day 1817,7,149,0.0845,2.8216,1.9331,3.3,33.4,487,835
Ex 3 day 1817,7,150,0.0845,2.3397,1.7368,4.24,27.7,575,866
Ex 3 day 1817,7,151,0.0845,1.845,1.3054,3.77,21.84,543,845
Ex 3 day 1818,1,1,0.0305,3.6231,2.7843,2.83,118.84,819,242
Ex 3 day 1818,1,2,0.0305,3.5715,2.8842,2.83,117.14,799,234
Ex 3 day 1818,1,3,0.0305,3.537,2.897,2.83,116.01,789,192
Ex 3 day 1818,1,4,0.0305,3.5835,2.702,2.83,117.53,878,236
Ex 3 day 1818,1,5,0.0305,2.8106,2.3375,2.83,92.19,860,230
Ex 3 day 1818,1,6,0.0305,2.9274,1.8609,3.3,96.02,874,225
Ex 3 day 1818,1,7,0.0305,2.6019,2.2128,2.83,85.34,899,108
Ex 3 day 1818,1,8,0.0305,3.4053,2.8406,2.83,111.69,777,62
Ex 3 day 1818,1,9,0.0305,3.1989,2.7503,2.83,104.92,823,46
Ex 3 day 1818,1,10,0.0305,2.2965,1.9874,2.83,75.32,905,212
Ex 3 day 1818,1,11,0.0305,2.707,2.1938,3.77,88.79,875,188
Ex 3 day 1818,1,12,0.0305,2.8369,2.3373,2.83,93.05,841,255
Ex 3 day 1818,1,13,0.0305,2.8823,2.2718,2.83,94.54,802,67
Ex 3 day 1818,1,14,0.0305,3.1944,2.5034,2.83,104.77,774,79
Ex 3 day 1818,1,15,0.0305,2.3704,2.3003,2.83,77.75,872,256
Ex 3 day 1818,1,16,0.0305,1.9191,1.7622,2.83,62.94,782,112
Ex 3 day 1818,1,17,0.0305,3.2524,2.5598,2.83,106.68,815,198
Ex 3 day 1818,1,18,0.0305,2.5355,2.015,2.83,83.16,802,96
Ex 3 day 1818,1,19,0.0305,2.7572,2.1102,2.83,90.43,857,142
Ex 3 day 1818,1,20,0.0305,1.8515,1.5537,2.83,60.73,904,220
Ex 3 day 1818,1,21,0.0305,2.2022,2.0865,2.83,72.23,838,175
Ex 3 day 1818,1,22,0.0305,2.6408,2.0239,2.83,86.62,867,128
Ex 3 day 1818,1,23,0.0305,2.8211,2.2564,2.83,92.53,859,153
Ex 3 day 1818,1,24,0.0305,2.4424,1.872,2.83,80.11,888,231
Ex 3 day 1818,1,25,0.0305,2.9481,2.4275,2.83,96.69,867,155
Ex 3 day 1818,1,26,0.0305,3.1366,2.7352,2.83,102.88,831,135
Ex 3 day 1818,1,27,0.0305,2.6398,2.198,2.83,86.58,817,135
Ex 3 day 1818,1,28,0.0305,2.2945,1.8843,2.83,75.26,887,216
Ex 3 day 1818,1,29,0.0305,3.1349,2.3965,2.83,102.82,862,196
Ex 3 day 1818,1,30,0.0305,2.3125,1.7416,3.3,75.85,794,138
Ex 3 day 1818,1,31,0.0305,2.404,1.9194,2.83,78.85,847,232
Ex 3 day 1818,1,32,0.0305,1.7356,1.5198,2.83,56.93,846,135
Ex 3 day 1818,1,33,0.0305,2.328,1.5743,3.77,76.36,833,230
Ex 3 day 1818,1,34,0.0305,2.3047,1.8501,2.83,75.59,793,44
Ex 3 day 1818,1,35,0.0305,2.6619,2.238,2.83,87.31,775,109
Ex 3 day 1818,1,36,0.0305,2.1965,1.4781,2.83,72.04,776,90
Ex 3 day 1818,1,37,0.0305,2.6386,2.0124,2.83,86.54,773,152
Ex 3 day 1818,1,38,0.0305,2.0845,1.5976,2.83,68.37,819,118
Ex 3 day 1818,1,39,0.0305,1.921,1.5696,3.77,63.01,831,254
Ex 3 day 1818,1,40,0.0305,2.9064,2.1304,2.83,95.33,819,182
Ex 3 day 1818,1,41,0.0305,1.9657,1.444,2.83,64.47,849,264
Ex 3 day 1818,1,42,0.0305,2.0194,1.6931,2.83,66.23,887,98
Ex 3 day 1818,1,43,0.0305,2.0733,1.5825,2.83,68.0,871,93
Ex 3 day 1818,1,44,0.0305,2.1477,1.7837,2.83,70.44,863,162
Ex 3 day 1818,1,45,0.0305,2.5188,1.7568,2.83,82.61,846,150
Ex 3 day 1818,1,46,0.0305,2.2451,1.7623,2.83,73.64,842,205
Ex 3 day 1818,1,47,0.0305,2.6849,2.1592,2.83,88.06,821,222
Ex 3 day 1818,1,48,0.0305,1.6631,1.4375,3.77,54.55,898,229
Ex 3 day 1818,1,49,0.0305,1.9849,1.5628,2.83,65.1,891,153
Ex 3 day 1818,1,50,0.0305,1.8778,1.651,2.83,61.59,822,189
Ex 3 day 1818,1,51,0.0305,2.2511,1.4723,3.3,73.83,850,207
Ex 3 day 1818,1,52,0.0305,1.6188,1.3695,2.83,53.1,807,60
Ex 3 day 1818,1,53,0.0305,2.4131,1.343,5.19,79.15,881,138
Ex 3 day 1818,1,54,0.0305,1.6056,1.2486,3.3,52.66,790,125
Ex 3 day 1818,1,55,0.0305,1.5919,1.1722,2.83,52.21,830,197
Ex 3 day 1818,1,56,0.0305,2.4205,2.0163,2.83,79.39,763,135
Ex 3 day 1818,1,57,0.0305,1.661,1.046,3.3,54.48,812,232
Ex 3 day 1818,1,58,0.0305,2.2099,1.655,2.83,72.48,872,202
Ex 3 day 1818,1,59,0.0305,2.1836,1.5462,2.83,71.62,904,102
Ex 3 day 1818,1,60,0.0305,2.1298,1.5854,2.83,69.86,798,69
Ex 3 day 1818,1,61,0.0305,2.4885,2.0701,2.83,81.62,897,181
Ex 3 day 1818,1,62,0.0305,2.4844,1.8436,2.83,81.49,837,236
Ex 3 day 1818,1,63,0.0305,1.9012,1.5693,2.83,62.36,898,206
Ex 3 day 1818,1,64,0.0305,2.067,1.4392,2.83,67.8,876,62
Ex 3 day 1818,1,65,0.0305,2.055,1.59,2.83,67.4,783,98
Ex 3 day 1818,1,66,0.0305,1.5844,0.9074,3.3,51.97,820,61
Ex 3 day 1818,1,67,0.0305,2.1778,1.5294,2.83,71.43,766,94
Ex 3 day 1818,1,68,0.0305,1.8412,1.411,3.3,60.39,814,96
Ex 3 day 1818,1,69,0.0305,2.3279,1.915,2.83,76.35,789,162
Ex 3 day 1818,1,70,0.0305,1.8005,1.3905,2.83,59.05,832,169
Ex 3 day 1818,1,71,0.0305,1.8779,1.4594,2.83,61.59,906,148
Ex 3 day 1818,1,72,0.0305,2.2122,1.4633,2.83,72.56,846,192
Ex 3 day 1818,1,73,0.0305,1.8785,1.4303,2.83,61.61,866,181
Ex 3 day 1818,1,74,0.0305,2.363,1.8352,2.83,77.5,878,116
Ex 3 day 1818,1,75,0.0305,1.7071,1.3967,2.83,55.99,792,177
Ex 3 day 1818,1,76,0.0305,1.9232,1.5485,2.83,63.08,851,58
Ex 3 day 1818,1,77,0.0305,1.9258,1.4621,2.83,63.16,797,218
Ex 3 day 1818,1,78,0.0305,2.1832,1.3447,2.83,71.61,760,70
Ex 3 day 1818,1,79,0.0305,2.1742,1.4416,2.83,71.31,853,198
Ex 3 day 1818,1,80,0.0305,1.9059,1.575,2.83,62.51,894,191
Ex 3 day 1818,1,81,0.0305,2.2621,1.7698,2.83,74.19,845,29
Ex 3 day 1818,1,82,0.0305,1.7621,1.3811,2.83,57.8,803,42
Ex 3 day 1818,1,83,0.0305,1.906,1.4878,2.83,62.51,792,128
Ex 3 day 1818,1,84,0.0305,2.0297,1.6467,2.83,66.57,830,211
Ex 3 day 1818,1,85,0.0305,2.2176,1.6509,2.83,72.73,869,87
Ex 3 day 1818,1,86,0.0305,1.8807,1.538,2.83,61.68,824,163
Ex 3 day 1818,1,87,0.0305,2.6413,1.8837,2.83,86.63,811,132
Ex 3 day 1818,1,88,0.0305,1.9789,1.5461,2.83,64.91,867,240
Ex 3 day 1818,1,89,0.0305,1.5592,1.4521,2.83,51.14,783,180
Ex 3 day 1818,1,90,0.0305,1.7355,1.3375,2.83,56.92,807,138
Ex 3 day 1818,1,91,0.0305,1.5608,1.3697,2.83,51.19,858,168
Ex 3 day 1818,1,92,0.0305,1.6327,1.404,2.83,53.55,762,106
Ex 3 day 1818,1,93,0.0305,1.5556,1.1728,2.83,51.02,865,222
Ex 3 day 1818,1,94,0.0305,2.2348,1.6032,2.83,73.3,835,192
Ex 3 day 1818,1,95,0.0305,1.7237,1.409,2.83,56.53,879,153
Ex 3 day 1818,1,96,0.0305,2.4817,1.7505,2.83,81.4,861,58
Ex 3 day 1818,1,97,0.0305,1.623,1.3816,2.83,53.23,883,249
Ex 3 day 1818,1,98,0.0305,1.9639,1.6203,2.83,64.41,894,87
Ex 3 day 1818,1,99,0.0305,1.4379,0.6829,3.3,47.16,853,128
Ex 3 day 1818,1,100,0.0305,1.8018,1.425,2.83,59.1,783,54
Ex 3 day 1818,1,101,0.0305,1.9366,1.483,2.83,63.52,880,175
Ex 3 day 1818,1,102,0.0305,2.5619,2.0133,2.83,84.03,897,186
Ex 3 day 1818,1,103,0.0305,1.803,1.5114,2.83,59.14,862,75
Ex 3 day 1818,1,104,0.0305,1.6802,1.4771,2.83,55.11,866,112
Ex 3 day 1818,1,105,0.0305,1.8933,1.3513,2.83,62.1,819,34
Ex 3 day 1818,1,106,0.0305,1.4864,0.9892,3.3,48.75,855,83
Ex 3 day 1818,1,107,0.0305,1.4265,1.1539,2.83,46.79,832,33
Ex 3 day 1818,3,108,0.0808,3.0258,2.676,2.83,37.46,178,252
Ex 3 day 1818,3,109,0.0808,2.2907,1.8657,3.77,28.36,239,273
Ex 3 day 1818,3,110,0.0808,3.4337,3.0291,2.83,42.5,211,209
Ex 3 day 1818,3,111,0.0808,2.7338,2.228,2.83,33.84,223,293
Ex 3 day 1818,3,112,0.0808,2.5573,1.9528,2.83,31.66,208,246
Ex 3 day 1818,3,113,0.0808,2.9118,2.0031,2.83,36.04,259,216
Ex 3 day 1818,3,114,0.0808,1.9644,1.5208,5.19,24.32,244,197
Ex 3 day 1818,3,115,0.0808,1.7506,1.5211,2.83,21.67,212,238
Ex 3 day 1818,3,116,0.0808,2.085,1.4038,5.66,25.81,261,276
Ex 3 day 1818,3,117,0.0808,1.7327,1.2649,3.3,21.45,227,270
Ex 3 day 1818,3,118,0.0808,1.9584,1.45,4.71,24.24,193,203
Ex 3 day 1818,3,119,0.0808,2.11,1.6999,2.83,26.12,247,255
Ex 3 day 1818,3,120,0.0808,2.5347,2.1551,2.83,31.38,230,244
Ex 3 day 1818,3,121,0.0808,1.8664,1.675,2.83,23.1,205,266
Ex 3 day 1818,3,122,0.0808,2.3884,2.0034,2.83,29.57,263,243
Ex 3 day 1818,3,123,0.0808,1.9477,1.741,2.83,24.11,257,238
Ex 3 day 1818,3,124,0.0808,1.6226,1.4748,2.83,20.09,194,229
Ex 3 day 1818,3,125,0.0808,2.2503,1.5901,2.83,27.86,231,292
Ex 3 day 1818,3,126,0.0808,1.6396,1.3964,2.83,20.3,228,197
Ex 3 day 1818,3,127,0.0808,2.252,1.8892,2.83,27.88,198,247
Ex 3 day 1818,3,128,0.0808,1.7071,1.3717,2.83,21.13,269,267
Ex 3 day 1818,5,129,0.051,3.1922,2.3676,2.83,62.56,905,714
Ex 3 day 1818,5,130,0.051,3.2183,2.6658,2.83,63.07,891,681
Ex 3 day 1818,5,131,0.051,2.8947,2.2738,2.83,56.73,943,700
Ex 3 day 1818,5,132,0.051,2.4936,1.9475,2.83,48.87,856,615
Ex 3 day 1818,5,133,0.051,2.6972,2.3995,2.83,52.86,856,665
Ex 3 day 1818,5,134,0.051,2.6529,2.1717,2.83,51.99,893,637
Ex 3 day 1818,5,135,0.051,2.564,1.7516,3.3,50.25,903,625
Ex 3 day 1818,5,136,0.051,2.4087,1.9688,2.83,47.21,905,667
Ex 3 day 1818,5,137,0.051,2.2943,1.8535,2.83,44.96,921,648
Ex 3 day 1818,5,138,0.051,2.9465,2.405,2.83,57.75,956,619
Ex 3 day 1818,5,139,0.051,2.9109,2.3619,2.83,57.05,965,634
Ex 3 day 1818,5,140,0.051,2.585,1.3076,3.3,50.66,874,682
Ex 3 day 1818,5,141,0.051,1.87,1.5808,2.83,36.65,898,692
Ex 3 day 1818,5,142,0.051,2.7225,2.0613,2.83,53.36,933,678
Ex 3 day 1818,5,143,0.051,2.5348,2.0304,2.83,49.68,897,599
Ex 3 day 1818,5,144,0.051,2.2386,1.7005,2.83,43.87,888,610
Ex 3 day 1818,5,145,0.051,2.9752,1.8257,2.83,58.31,894,670
Ex 3 day 1818,5,146,0.051,2.2508,1.7577,2.83,44.11,912,589
Ex 3 day 1818,5,147,0.051,1.9983,1.6665,2.83,39.16,874,614
Ex 3 day 1818,5,148,0.051,2.2242,1.7986,2.83,43.59,894,587
Ex 3 day 1818,5,149,0.051,2.2783,1.6758,2.83,44.65,898,580
Ex 3 day 1818,5,150,0.051,2.0352,1.354,4.71,39.89,852,651
Ex 3 day 1818,5,151,0.051,2.0887,1.7719,2.83,40.94,845,631
Ex 3 day 1818,5,152,0.051,1.9576,1.4486,2.83,38.37,928,668
Ex 3 day 1818,5,153,0.051,2.5068,2.18,2.83,49.13,920,706
Ex 3 day 1818,5,154,0.051,2.0581,1.7964,2.83,40.34,943,666
Ex 3 day 1818,5,155,0.051,2.4435,1.7172,2.83,47.89,919,640
Ex 3 day 1818,5,156,0.051,2.5948,1.8747,2.83,50.85,876,694
Ex 3 day 1818,5,157,0.051,1.7407,1.3571,2.83,34.12,953,633
Ex 3 day 1818,5,158,0.051,1.7771,1.4769,2.83,34.83,939,650
Ex 3 day 1818,5,159,0.051,1.6064,1.1677,2.83,31.48,881,588
Ex 3 day 1818,5,160,0.051,1.6666,1.2495,3.3,32.66,872,585
Ex 3 day 1818,5,161,0.051,1.794,1.2919,2.83,35.16,890,700
Ex 3 day 1818,5,162,0.051,2.5277,1.965,2.83,49.54,910,685
Ex 3 day 1818,5,163,0.051,0.7167,0.7708,4.24,14.05,869,652
Ex 3 day 1818,5,164,0.051,1.8562,1.4363,2.83,36.38,939,672
Ex 3 day 1818,5,165,0.051,2.3407,1.7583,2.83,45.87,869,666
Ex 3 day 1818,5,166,0.051,1.8179,1.4937,2.83,35.63,889,645
Ex 3 day 1818,5,167,0.051,1.9756,1.4514,2.83,38.72,915,628
Ex 3 day 1818,6,168,0.014,3.8309,2.8127,2.83,274.03,261,764
Ex 3 day 1818,6,169,0.014,3.065,2.6107,2.83,219.24,215,779
Ex 3 day 1818,6,170,0.014,3.0201,2.4018,2.83,216.03,313,719
Ex 3 day 1818,6,171,0.014,2.6405,2.2136,2.83,188.88,286,786
Ex 3 day 1818,6,172,0.014,2.836,2.2678,2.83,202.86,236,715
Ex 3 day 1818,6,173,0.014,2.5663,1.9687,2.83,183.57,253,711
Ex 3 day 1818,6,174,0.014,2.4383,1.9344,2.83,174.41,324,741
Ex 3 day 1818,6,175,0.014,3.1088,2.3579,2.83,222.38,265,712
Ex 3 day 1818,6,176,0.014,2.0624,1.5724,2.83,147.53,297,736
Ex 3 day 1818,6,177,0.014,2.636,2.0021,3.77,188.56,240,767
Ex 3 day 1818,6,178,0.014,1.8968,1.5696,2.83,135.68,317,697
Ex 3 day 1818,6,179,0.014,2.3636,1.9044,2.83,169.07,288,689
Ex 3 day 1818,6,180,0.014,2.3488,1.7157,2.83,168.01,254,779
Ex 3 day 1818,6,181,0.014,1.858,1.2953,2.83,132.91,282,696
Ex 3 day 1818,6,182,0.014,2.0332,1.6209,2.83,145.44,264,723
Ex 3 day 1818,6,183,0.014,2.3672,1.8605,2.83,169.33,334,684
Ex 3 day 1818,6,184,0.014,2.2836,1.6114,2.83,163.35,247,746
Ex 3 day 1818,6,185,0.014,1.9131,1.2413,2.83,136.85,317,730
Ex 3 day 1818,6,186,0.014,2.1462,1.7108,2.83,153.52,307,692
Ex 3 day 1818,6,187,0.014,2.1465,1.3874,6.6,153.54,295,763
Ex 3 day 1818,6,188,0.014,2.6618,2.1705,2.83,190.4,240,700
Ex 3 day 1818,6,189,0.014,1.6899,1.192,2.83,120.88,327,727
Ex 3 day 1818,6,190,0.014,2.5807,1.9123,2.83,184.6,265,701
Ex 3 day 1818,6,191,0.014,2.094,1.5274,2.83,149.79,325,719
Ex 3 day 1818,6,192,0.014,1.5481,1.365,2.83,110.74,337,716
Ex 3 day 1818,6,193,0.014,1.7476,1.3471,4.24,125.0,269,737
Ex 3 day 1818,6,194,0.014,1.5366,1.1323,2.83,109.91,241,756
Ex 3 day 1818,6,195,0.014,1.9824,1.6401,2.83,141.81,235,733
Ex 3 day 1818,6,196,0.014,2.0016,1.4694,2.83,143.17,298,716
Ex 3 day 1818,6,197,0.014,1.8788,1.4507,2.83,134.39,241,734
Ex 3 day 1818,6,198,0.014,1.6956,1.1767,2.83,121.28,252,725
Ex 3 day 1818,7,199,0.017,3.3828,2.5533,2.83,198.88,393,890
Ex 3 day 1818,7,200,0.017,3.1173,2.5265,2.83,183.27,315,839
Ex 3 day 1818,7,201,0.017,3.0139,2.5913,2.83,177.19,313,875
Ex 3 day 1818,7,202,0.017,2.9463,2.3523,2.83,173.22,365,893
Ex 3 day 1818,7,203,0.017,2.6252,2.1198,2.83,154.34,375,905
Ex 3 day 1818,7,204,0.017,2.3873,1.8077,2.83,140.35,367,850
Ex 3 day 1818,7,205,0.017,2.1742,1.736,2.83,127.82,334,785
Ex 3 day 1818,7,206,0.017,2.3169,1.8083,2.83,136.21,328,871
Ex 3 day 1818,7,207,0.017,2.0801,1.8534,2.83,122.29,345,890
Ex 3 day 1818,7,208,0.017,2.2143,1.6891,2.83,130.18,339,822
Ex 3 day 1818,7,209,0.017,2.0597,1.6075,2.83,121.09,348,871
Ex 3 day 1818,7,210,0.017,1.5983,1.5798,2.83,93.97,375,882
Ex 3 day 1818,7,211,0.017,3.2478,1.1684,4.71,190.94,392,872
Ex 3 day 1818,7,212,0.017,2.4402,1.9863,2.83,143.46,405,854
Ex 3 day 1818,7,213,0.017,2.1706,1.8735,2.83,127.61,327,812
Ex 3 day 1818,7,214,0.017,2.3205,1.7928,2.83,136.43,385,855
Ex 3 day 1818,7,215,0.017,2.0869,1.6691,2.83,122.69,332,887
Ex 3 day 1818,7,216,0.017,1.6763,1.3627,2.83,98.55,385,892
Ex 3 day 1818,7,217,0.017,2.2081,1.3176,5.19,129.81,334,836
Ex 3 day 1818,7,218,0.017,2.7066,2.0701,2.83,159.12,318,812
Ex 3 day 1818,7,219,0.017,1.9983,1.4075,2.83,117.48,348,860
Ex 3 day 1818,7,220,0.017,2.1906,1.7247,2.83,128.79,341,865
Ex 3 day 1818,7,221,0.017,2.2179,1.1196,5.19,130.39,301,803
Ex 3 day 1818,7,222,0.017,1.8011,1.4937,2.83,105.89,256,848
Ex 3 day 1818,7,223,0.017,1.437,1.3227,5.19,84.48,369,868
Ex 3 day 1818,7,224,0.017,1.7532,1.2687,2.83,103.07,280,866
Ex 3 day 1818,7,225,0.017,1.8391,1.453,2.83,108.12,360,865
Ex 3 day 1818,7,226,0.017,2.2571,1.8236,2.83,132.69,399,855
Ex 3 day 1818,7,227,0.017,1.5861,1.3782,3.3,93.25,268,814
Ex 3 day 1818,7,228,0.017,2.0275,1.5751,2.83,119.2,297,840
Ex 3 day 1818,7,229,0.017,1.4928,0.9766,2.83,87.77,393,844
Ex 3 day 1818,7,230,0.017,2.3234,1.924,2.83,136.59,279,848
Ex 3 day 1818,7,231,0.017,1.7119,1.3065,2.83,100.64,297,814
Ex 3 day 1818,7,232,0.017,1.8182,1.5239,2.83,106.89,322,865
Ex 3 day 1818,7,233,0.017,1.8757,1.244,4.24,110.27,262,827
Ex 3 day 1818,9,234,0.1158,2.771,2.2061,2.83,23.92,905,863
Ex 3 day 1818,9,235,0.1158,2.1307,1.489,2.83,18.4,917,862
Ex 3 day 1818,9,236,0.1158,2.4738,2.0375,2.83,21.36,908,886
Ex 3 day 1818,9,237,0.1158,2.9137,1.673,4.24,25.16,922,848
Ex 3 day 1818,9,238,0.1158,2.174,1.6065,2.83,18.77,912,852
Ex 3 day 1818,9,239,0.1158,2.2796,1.6853,2.83,19.68,909,874
Ex 3 day 1819,1,1,0.0585,4.7547,3.296,3.3,81.27,1260,25
Ex 3 day 1819,1,2,0.0585,3.9062,2.7046,3.3,66.76,1255,59
Ex 3 day 1819,1,3,0.0585,3.588,2.5631,3.3,61.33,1275,31
Ex 3 day 1819,1,4,0.0585,3.7516,2.6931,3.3,64.12,1229,42
Ex 3 day 1819,1,5,0.0585,3.5119,2.5228,3.3,60.03,1281,85
Ex 3 day 1819,1,6,0.0585,3.1627,2.3428,3.77,54.06,1268,44
Ex 3 day 1819,1,7,0.0585,3.1393,2.2411,3.3,53.66,1235,65
Ex 3 day 1819,1,8,0.0585,2.8556,2.1708,3.77,48.81,1303,79
Ex 3 day 1819,1,9,0.0585,3.2189,2.4339,3.77,55.02,1307,53
Ex 3 day 1819,1,10,0.0585,3.0822,2.3626,3.77,52.68,1277,59
Ex 3 day 1819,1,11,0.0585,2.5842,2.0323,3.77,44.17,1252,70
Ex 3 day 1819,1,12,0.0585,2.2173,1.9083,2.83,37.9,1285,38
Ex 3 day 1819,1,13,0.0585,2.2837,2.0196,2.83,39.03,1274,79
Ex 3 day 1819,1,14,0.0585,2.0204,1.4453,3.3,34.53,1290,28
Ex 3 day 1819,2,15,0.0105,4.7084,3.9779,2.83,450.51,332,216
Ex 3 day 1819,2,16,0.0105,4.4783,3.2304,3.3,428.5,438,137
Ex 3 day 1819,2,17,0.0105,4.3369,3.1249,3.3,414.96,460,180
Ex 3 day 1819,2,18,0.0105,4.4659,3.042,3.3,427.31,407,154
Ex 3 day 1819,2,19,0.0105,4.1648,3.1091,3.77,398.5,367,203
Ex 3 day 1819,2,20,0.0105,4.2327,3.1157,3.77,404.99,421,206
Ex 3 day 1819,2,21,0.0105,4.2781,3.6998,2.83,409.34,503,246
Ex 3 day 1819,2,22,0.0105,3.8461,2.9189,3.77,368.0,462,76
Ex 3 day 1819,2,23,0.0105,4.2281,2.9837,3.3,404.55,483,259
Ex 3 day 1819,2,24,0.0105,4.3826,2.9467,3.3,419.34,344,236
Ex 3 day 1819,2,25,0.0105,3.9491,2.8893,3.77,377.86,490,235
Ex 3 day 1819,2,26,0.0105,3.8224,2.4842,4.24,365.73,460,118
Ex 3 day 1819,2,27,0.0105,4.2702,2.8211,3.3,408.58,412,184
Ex 3 day 1819,2,28,0.0105,3.8661,2.7939,3.3,369.92,520,129
Ex 3 day 1819,2,29,0.0105,4.1091,3.5656,2.83,393.17,487,52
Ex 3 day 1819,2,30,0.0105,4.0522,2.8343,3.3,387.72,437,249
Ex 3 day 1819,2,31,0.0105,3.9394,2.8109,3.77,376.93,498,67
Ex 3 day 1819,2,32,0.0105,4.1242,2.7122,3.3,394.62,509,220
Ex 3 day 1819,2,33,0.0105,3.8081,2.8523,3.77,364.37,480,201
Ex 3 day 1819,2,34,0.0105,3.3751,2.9799,2.83,322.94,557,160
Ex 3 day 1819,2,35,0.0105,3.82,2.6276,3.3,365.51,534,121
Ex 3 day 1819,2,36,0.0105,3.6401,2.5926,3.3,348.29,474,162
Ex 3 day 1819,2,37,0.0105,3.3506,2.3575,3.3,320.6,484,94
Ex 3 day 1819,2,38,0.0105,3.4898,2.7274,3.77,333.91,330,185
Ex 3 day 1819,2,39,0.0105,3.649,2.3605,4.24,349.15,493,118
Ex 3 day 1819,2,40,0.0105,3.3717,2.2189,3.3,322.61,462,164
Ex 3 day 1819,2,41,0.0105,3.4105,2.7434,3.77,326.33,425,70
Ex 3 day 1819,2,42,0.0105,3.497,2.5752,3.3,334.6,355,145
Ex 3 day 1819,2,43,0.0105,2.9792,2.3507,2.83,285.06,425,158
Ex 3 day 1819,2,44,0.0105,3.6052,2.4823,3.3,344.95,537,135
Ex 3 day 1819,2,45,0.0105,3.5791,3.0006,2.83,342.45,451,250
Ex 3 day 1819,2,46,0.0105,3.348,2.8772,2.83,320.35,432,235
Ex 3 day 1819,2,47,0.0105,2.8698,2.2771,3.77,274.59,495,149
Ex 3 day 1819,2,48,0.0105,2.8758,2.4793,2.83,275.17,348,201
Ex 3 day 1819,2,49,0.0105,3.2138,2.8021,2.83,307.51,437,228
Ex 3 day 1819,2,50,0.0105,2.6218,2.0658,2.83,250.86,407,134
Ex 3 day 1819,2,51,0.0105,3.1377,2.3993,3.3,300.23,397,241
Ex 3 day 1819,2,52,0.0105,2.5384,1.7134,3.77,242.88,477,236
Ex 3 day 1819,2,53,0.0105,2.9858,2.6093,2.83,285.69,379,152
Ex 3 day 1819,2,54,0.0105,3.3325,2.6108,2.83,318.86,455,232
Ex 3 day 1819,2,55,0.0105,3.2068,2.5981,2.83,306.83,392,207
Ex 3 day 1819,2,56,0.0105,2.2317,1.4357,3.3,213.54,523,105
Ex 3 day 1819,2,57,0.0105,2.528,2.08,2.83,241.89,532,152
Ex 3 day 1819,2,58,0.0105,2.2085,1.9131,2.83,211.32,385,196
Ex 3 day 1819,2,59,0.0105,2.7519,2.2609,2.83,263.31,512,191
Ex 3 day 1819,2,60,0.0105,1.9675,1.6248,3.3,188.26,401,122
Ex 3 day 1819,2,61,0.0105,2.9225,2.0886,3.3,279.64,392,83
Ex 3 day 1819,2,62,0.0105,2.4535,1.8604,3.3,234.75,385,240
Ex 3 day 1819,2,63,0.0105,2.7387,1.9909,2.83,262.04,384,186
Ex 3 day 1819,2,64,0.0105,2.9617,2.3707,2.83,283.38,383,134
Ex 3 day 1819,2,65,0.0105,2.3944,2.0045,2.83,229.1,513,115
Ex 3 day 1819,2,66,0.0105,3.0251,2.4461,2.83,289.45,522,175
Ex 3 day 1819,2,67,0.0105,2.1277,1.5835,3.77,203.58,358,170
Ex 3 day 1819,2,68,0.0105,3.0246,2.15,2.83,289.4,453,142
Ex 3 day 1819,2,69,0.0105,2.6139,1.8461,3.3,250.11,515,229
Ex 3 day 1819,2,70,0.0105,2.5241,1.7158,3.3,241.51,399,257
Ex 3 day 1819,2,71,0.0105,2.2877,1.9234,2.83,218.89,350,184
Ex 3 day 1819,2,72,0.0105,2.2319,1.9604,2.83,213.55,482,71
Ex 3 day 1819,2,73,0.0105,2.3488,1.7206,2.83,224.74,354,256
Ex 3 day 1819,2,74,0.0105,2.4525,1.9743,2.83,234.66,425,128
Ex 3 day 1819,2,75,0.0105,2.3761,1.8111,2.83,227.36,403,228
Ex 3 day 1819,2,76,0.0105,2.627,2.2153,2.83,251.36,441,165
Ex 3 day 1819,2,77,0.0105,2.2827,1.5284,2.83,218.42,358,237
Ex 3 day 1819,2,78,0.0105,2.6613,1.7279,2.83,254.64,496,174
Ex 3 day 1819,2,79,0.0105,2.7887,2.2475,2.83,266.83,412,104
Ex 3 day 1819,2,80,0.0105,2.4853,1.973,2.83,237.8,532,169
Ex 3 day 1819,2,81,0.0105,2.4537,1.5112,3.3,234.77,369,125
Ex 3 day 1819,2,82,0.0105,1.8743,1.5161,2.83,179.34,510,201
Ex 3 day 1819,2,83,0.0105,2.2832,1.6064,2.83,218.46,433,178
Ex 3 day 1819,2,84,0.0105,2.1085,1.5119,3.3,201.75,471,153
Ex 3 day 1819,2,85,0.0105,1.9021,1.1637,3.3,182.0,360,218
Ex 3 day 1819,2,86,0.0105,1.8946,1.5008,2.83,181.28,481,103
Ex 3 day 1819,2,87,0.0105,1.9691,1.6343,2.83,188.41,392,97
Ex 3 day 1819,2,88,0.0105,1.8276,1.1252,4.24,174.87,519,155
Ex 3 day 1819,2,89,0.0105,2.3825,1.9106,2.83,227.96,441,204
Ex 3 day 1819,2,90,0.0105,1.9676,1.4691,3.77,188.26,424,252
Ex 3 day 1819,2,91,0.0105,1.3784,1.1624,4.24,131.89,379,167
Ex 3 day 1819,2,92,0.0105,1.9431,1.5802,2.83,185.92,506,171
Ex 3 day 1819,2,93,0.0105,2.054,1.666,2.83,196.53,391,151
Ex 3 day 1819,2,94,0.0105,2.1146,1.6543,2.83,202.33,470,52
Ex 3 day 1819,2,95,0.0105,1.6881,1.0681,3.3,161.52,498,163
Ex 3 day 1819,2,96,0.0105,1.5911,1.3087,3.3,152.24,374,136
Ex 3 day 1819,2,97,0.0105,1.8043,1.4777,2.83,172.64,546,165
Ex 3 day 1819,2,98,0.0105,1.6978,1.1984,4.24,162.45,499,88
Ex 3 day 1819,2,99,0.0105,1.6875,1.3178,2.83,161.47,396,140
Ex 3 day 1819,2,100,0.0105,1.8695,1.2988,3.77,178.87,392,120
Ex 3 day 1819,2,101,0.0105,1.6025,1.2032,2.83,153.33,505,180
Ex 3 day 1819,2,102,0.0105,1.786,1.4612,2.83,170.89,446,88
Ex 3 day 1819,2,103,0.0105,1.8028,1.5345,2.83,172.5,442,181
Ex 3 day 1819,2,104,0.0105,1.6796,1.0528,2.83,160.71,374,178
Ex 3 day 1819,2,105,0.0105,1.9237,1.513,2.83,184.06,392,194
Ex 3 day 1819,2,106,0.0105,2.1324,1.6293,2.83,204.03,342,224
Ex 3 day 1819,2,107,0.0105,2.0637,1.7629,2.83,197.46,335,168
Ex 3 day 1819,2,108,0.0105,2.3664,1.8951,2.83,226.43,362,229
Ex 3 day 1819,2,109,0.0105,1.9483,1.2015,2.83,186.41,428,112
Ex 3 day 1819,2,110,0.0105,1.8921,1.3829,2.83,181.04,519,163
Ex 3 day 1819,2,111,0.0105,2.0182,1.5951,2.83,193.11,342,145
Ex 3 day 1819,2,112,0.0105,2.1349,1.7091,2.83,204.28,541,172
Ex 3 day 1819,2,113,0.0105,1.577,1.3809,3.77,150.89,370,187
Ex 3 day 1819,2,114,0.0105,2.0566,1.6592,2.83,196.78,475,85
Ex 3 day 1819,2,115,0.0105,1.4103,1.2056,2.83,134.94,445,91
Ex 3 day 1819,2,116,0.0105,1.6502,1.3633,2.83,157.89,445,172
Ex 3 day 1819,2,117,0.0105,1.9462,1.6729,2.83,186.21,370,250
Ex 3 day 1819,2,118,0.0105,1.9379,1.5449,2.83,185.42,421,107
Ex 3 day 1819,2,119,0.0105,1.3421,1.2434,4.24,128.42,365,226
Ex 3 day 1819,2,120,0.0105,1.4313,1.25,2.83,136.95,475,108
Ex 3 day 1819,2,121,0.0105,1.4693,1.0537,2.83,140.58,396,221
Ex 3 day 1819,2,122,0.0105,1.2051,0.823,2.83,115.3,474,225
Ex 3 day 1819,2,123,0.0105,1.9819,1.5641,2.83,189.63,495,192
Ex 3 day 1819,2,124,0.0105,1.6872,1.1456,2.83,161.43,348,173
Ex 3 day 1819,2,125,0.0105,2.3455,1.6767,2.83,224.42,363,234
Ex 3 day 1819,2,126,0.0105,2.034,1.6294,2.83,194.62,469,266
Ex 3 day 1819,2,127,0.0105,1.3733,1.4196,3.77,131.4,469,93
Ex 3 day 1819,2,128,0.0105,1.7725,1.3883,2.83,169.59,446,110
Ex 3 day 1819,2,129,0.0105,2.1355,1.7125,2.83,204.33,437,190
Ex 3 day 1819,2,130,0.0105,1.5414,1.3433,2.83,147.49,412,234
Ex 3 day 1819,2,131,0.0105,1.6685,1.2525,2.83,159.65,364,264
Ex 3 day 1819,2,132,0.0105,1.9965,1.7221,2.83,191.03,366,255
Ex 3 day 1819,2,133,0.0105,1.5445,1.1829,2.83,147.78,422,95
Ex 3 day 1819,2,134,0.0105,1.8492,1.508,2.83,176.93,389,107
Ex 3 day 1819,2,135,0.0105,1.5377,1.2021,2.83,147.13,444,219
Ex 3 day 1819,2,136,0.0105,1.443,1.0574,2.83,138.07,471,246
Ex 3 day 1819,2,137,0.0105,1.3165,1.1484,2.83,125.97,370,165
Ex 3 day 1819,2,138,0.0105,1.494,1.3176,2.83,142.95,376,267
Ex 3 day 1819,2,139,0.0105,1.4673,1.175,2.83,140.4,469,136
Ex 3 day 1819,2,140,0.0105,1.7445,1.2411,2.83,166.92,444,78
Ex 3 day 1819,2,141,0.0105,1.9332,1.603,2.83,184.97,463,215
Ex 3 day 1819,2,142,0.0105,1.604,1.339,2.83,153.47,426,171
Ex 3 day 1819,2,143,0.0105,1.3882,1.17,2.83,132.83,509,137
Ex 3 day 1819,2,144,0.0105,2.0252,1.7468,2.83,193.78,441,99
Ex 3 day 1819,2,145,0.0105,2.0494,1.7964,2.83,196.09,358,137
Ex 3 day 1819,3,146,-0.0211,3.8791,2.7319,3.3,-183.44,1309,94
Ex 3 day 1819,3,147,-0.0211,2.7212,2.0943,3.77,-128.68,1292,105
Ex 3 day 1819,3,148,-0.0211,2.4439,1.9766,2.83,-115.57,1369,147
Ex 3 day 1819,3,149,-0.0211,2.1689,1.6004,2.83,-102.57,1321,156
Ex 3 day 1819,3,150,-0.0211,2.4656,1.9933,2.83,-116.6,1332,127
Ex 3 day 1819,3,151,-0.0211,1.7634,1.3539,2.83,-83.39,1328,160
Ex 3 day 1819,4,152,0.0206,4.4383,3.0924,3.3,215.51,1274,708
Ex 3 day 1819,4,153,0.0206,4.3018,3.2321,3.3,208.88,1260,722
Ex 3 day 1819,4,154,0.0206,4.1675,2.9678,3.3,202.36,1243,725
Ex 3 day 1819,4,155,0.0206,4.0685,3.023,3.77,197.56,1234,698
Ex 3 day 1819,4,156,0.0206,4.0123,2.7297,3.3,194.82,1302,752
Ex 3 day 1819,4,157,0.0206,3.7416,2.5708,3.3,181.68,1255,673
Ex 3 day 1819,4,158,0.0206,3.6528,2.6137,3.3,177.37,1283,676
Ex 3 day 1819,4,159,0.0206,3.5843,2.5917,3.3,174.04,1286,732
Ex 3 day 1819,4,160,0.0206,3.8032,2.5675,3.3,184.67,1274,766
Ex 3 day 1819,4,161,0.0206,3.3453,2.2453,4.24,162.44,1261,693
Ex 3 day 1819,4,162,0.0206,3.1678,2.1654,3.3,153.82,1248,662
Ex 3 day 1819,4,163,0.0206,3.3861,2.4113,3.3,164.42,1256,744
Ex 3 day 1819,4,164,0.0206,3.3615,2.4832,3.3,163.23,1237,757
Ex 3 day 1819,4,165,0.0206,2.8606,1.9616,3.3,138.9,1282,686
Ex 3 day 1819,4,166,0.0206,2.8487,2.4112,2.83,138.33,1260,736
Ex 3 day 1819,4,167,0.0206,2.3742,1.671,5.19,115.28,1218,739
Ex 3 day 1819,4,168,0.0206,2.2768,1.6221,3.3,110.55,1261,665
Ex 3 day 1819,4,169,0.0206,2.2534,1.8768,2.83,109.42,1273,750
Ex 3 day 1819,4,170,0.0206,2.4398,1.7574,3.3,118.47,1283,662
Ex 3 day 1819,4,171,0.0206,2.3254,1.574,3.3,112.91,1281,722
Ex 3 day 1819,4,172,0.0206,1.6043,1.0923,4.71,77.9,1184,725
Ex 3 day 1819,4,173,0.0206,2.0241,1.4304,3.3,98.29,1287,701
Ex 3 day 1819,4,174,0.0206,2.354,1.7321,3.3,114.3,1300,667
Ex 3 day 1819,4,175,0.0206,2.0438,1.678,2.83,99.24,1274,720
Ex 3 day 1819,4,176,0.0206,2.0358,1.686,2.83,98.85,1281,750
Ex 3 day 1819,5,177,0.0218,4.4785,3.1718,3.3,205.56,376,792
Ex 3 day 1819,5,178,0.0218,4.5857,3.1198,3.3,210.48,309,839
Ex 3 day 1819,5,179,0.0218,4.3335,2.8934,3.3,198.91,279,835
Ex 3 day 1819,5,180,0.0218,4.3176,3.0321,3.3,198.18,331,819
Ex 3 day 1819,5,181,0.0218,4.3839,3.1281,3.3,201.22,278,700
Ex 3 day 1819,5,182,0.0218,4.3778,3.0406,3.3,200.94,383,760
Ex 3 day 1819,5,183,0.0218,4.2954,3.0292,3.3,197.16,256,710
Ex 3 day 1819,5,184,0.0218,4.2126,3.006,3.77,193.36,242,801
Ex 3 day 1819,5,185,0.0218,4.3016,3.1026,3.77,197.44,306,810
Ex 3 day 1819,5,186,0.0218,4.1308,2.9072,3.3,189.6,356,725
Ex 3 day 1819,5,187,0.0218,3.8587,2.725,3.3,177.12,291,844
Ex 3 day 1819,5,188,0.0218,3.6924,2.8925,3.77,169.48,225,757
Ex 3 day 1819,5,189,0.0218,3.8482,2.9258,3.77,176.63,299,691
Ex 3 day 1819,5,190,0.0218,3.756,2.7336,3.3,172.4,308,749
Ex 3 day 1819,5,191,0.0218,3.5588,2.5054,3.3,163.35,344,754
Ex 3 day 1819,5,192,0.0218,3.8061,3.1968,2.83,174.7,310,679
Ex 3 day 1819,5,193,0.0218,3.1803,2.6608,2.83,145.97,335,843
Ex 3 day 1819,5,194,0.0218,3.8222,2.8184,3.3,175.44,217,801
Ex 3 day 1819,5,195,0.0218,3.9077,2.7393,3.3,179.36,393,810
Ex 3 day 1819,5,196,0.0218,3.4348,2.6386,3.3,157.66,375,812
Ex 3 day 1819,5,197,0.0218,3.869,3.3281,2.83,177.59,374,711
Ex 3 day 1819,5,198,0.0218,3.8645,3.305,2.83,177.38,354,775
Ex 3 day 1819,5,199,0.0218,3.9336,3.4407,2.83,180.55,304,865
Ex 3 day 1819,5,200,0.0218,3.1717,2.3692,3.77,145.58,333,749
Ex 3 day 1819,5,201,0.0218,3.3804,2.5179,3.3,155.16,329,861
Ex 3 day 1819,5,202,0.0218,3.4754,2.3841,3.3,159.52,389,731
Ex 3 day 1819,5,203,0.0218,3.7306,3.1876,2.83,171.23,332,694
Ex 3 day 1819,5,204,0.0218,3.3598,2.3507,3.3,154.22,337,773
Ex 3 day 1819,5,205,0.0218,3.1056,2.4707,3.77,142.55,354,693
Ex 3 day 1819,5,206,0.0218,3.422,2.8746,2.83,157.07,255,812
Ex 3 day 1819,5,207,0.0218,3.8164,2.6308,3.3,175.17,324,716
Ex 3 day 1819,5,208,0.0218,2.8232,1.8454,4.24,129.59,226,780
Ex 3 day 1819,5,209,0.0218,3.0048,2.383,3.77,137.92,280,731
Ex 3 day 1819,5,210,0.0218,3.3893,2.4197,3.77,155.57,314,766
Ex 3 day 1819,5,211,0.0218,3.5384,3.0233,2.83,162.41,289,770
Ex 3 day 1819,5,212,0.0218,2.7835,1.96,3.3,127.76,266,752
Ex 3 day 1819,5,213,0.0218,2.7837,2.1812,3.77,127.77,245,781
Ex 3 day 1819,5,214,0.0218,3.1314,2.1878,3.3,143.73,221,713
Ex 3 day 1819,5,215,0.0218,2.997,2.5349,2.83,137.56,326,765
Ex 3 day 1819,5,216,0.0218,2.1572,2.0197,3.77,99.02,322,803
Ex 3 day 1819,5,217,0.0218,2.817,1.8638,3.3,129.3,290,743
Ex 3 day 1819,5,218,0.0218,2.8637,1.7926,4.24,131.44,343,725
Ex 3 day 1819,5,219,0.0218,2.8632,1.9357,3.3,131.42,239,759
Ex 3 day 1819,5,220,0.0218,3.2328,2.7997,2.83,148.38,256,789
Ex 3 day 1819,5,221,0.0218,2.823,1.7931,4.24,129.58,372,727
Ex 3 day 1819,5,222,0.0218,3.0848,2.1599,3.3,141.59,245,697
Ex 3 day 1819,5,223,0.0218,3.1346,2.7102,2.83,143.88,280,664
Ex 3 day 1819,5,224,0.0218,2.4443,2.0496,2.83,112.19,298,761
Ex 3 day 1819,5,225,0.0218,2.5987,1.6934,3.3,119.28,295,716
Ex 3 day 1819,5,226,0.0218,2.6318,1.8015,3.3,120.8,350,803
Ex 3 day 1819,5,227,0.0218,2.6286,1.7196,3.3,120.65,332,730
Ex 3 day 1819,5,228,0.0218,2.5763,2.0368,2.83,118.25,307,716
Ex 3 day 1819,5,229,0.0218,3.0196,2.127,3.77,138.6,273,811
Ex 3 day 1819,5,230,0.0218,2.4814,1.9875,2.83,113.9,362,815
Ex 3 day 1819,5,231,0.0218,2.5559,1.8856,3.3,117.32,259,737
Ex 3 day 1819,5,232,0.0218,1.9425,1.6066,2.83,89.16,281,741
Ex 3 day 1819,5,233,0.0218,3.2167,2.5555,2.83,147.64,257,818
Ex 3 day 1819,5,234,0.0218,2.6483,2.3388,2.83,121.56,332,662
Ex 3 day 1819,5,235,0.0218,2.4989,1.9615,2.83,114.7,353,838
Ex 3 day 1819,5,236,0.0218,2.1707,1.8504,2.83,99.64,363,784
Ex 3 day 1819,5,237,0.0218,1.8651,1.3512,2.83,85.61,375,746
Ex 3 day 1819,5,238,0.0218,2.0718,1.5675,5.19,95.1,260,680
Ex 3 day 1819,5,239,0.0218,2.3854,1.7622,3.77,109.49,379,692
Ex 3 day 1819,5,240,0.0218,2.4685,2.1834,2.83,113.31,256,759
Ex 3 day 1819,5,241,0.0218,2.3527,1.7341,3.3,107.99,247,751
Ex 3 day 1819,5,242,0.0218,2.3918,1.6993,3.3,109.78,253,765
Ex 3 day 1819,5,243,0.0218,1.9605,1.6073,2.83,89.99,323,790
Ex 3 day 1819,5,244,0.0218,2.1792,1.5104,3.77,100.03,245,733
Ex 3 day 1819,5,245,0.0218,2.2536,1.2908,3.3,103.44,364,752
Ex 3 day 1819,5,246,0.0218,2.0211,1.7367,2.83,92.77,345,834
Ex 3 day 1819,5,247,0.0218,1.6014,1.2589,2.83,73.51,286,805
Ex 3 day 1819,5,248,0.0218,1.5811,0.9203,3.3,72.57,288,797
Ex 3 day 1819,5,249,0.0218,2.0936,1.549,2.83,96.09,347,813
Ex 3 day 1819,5,250,0.0218,2.2189,1.8289,2.83,101.85,292,857
Ex 3 day 1819,5,251,0.0218,2.0008,1.4497,2.83,91.84,323,843
Ex 3 day 1819,5,252,0.0218,2.314,2.0043,2.83,106.21,382,713
Ex 3 day 1819,5,253,0.0218,1.9704,1.6597,3.77,90.44,287,655
Ex 3 day 1819,5,254,0.0218,2.158,1.96,2.83,99.05,396,781
Ex 3 day 1819,5,255,0.0218,1.9765,1.6718,2.83,90.72,289,778
Ex 3 day 1819,5,256,0.0218,1.5066,1.2124,5.66,69.15,221,829
Ex 3 day 1819,5,257,0.0218,1.6786,1.1648,2.83,77.05,354,814
Ex 3 day 1819,5,258,0.0218,1.3506,1.2517,2.83,61.99,264,785
Ex 3 day 1819,5,259,0.0218,2.1324,1.6024,3.3,97.88,308,769
Ex 3 day 1819,5,260,0.0218,1.796,1.4448,2.83,82.44,332,797
Ex 3 day 1819,5,261,0.0218,1.7455,1.3793,2.83,80.12,363,702
Ex 3 day 1819,5,262,0.0218,1.7927,1.5073,2.83,82.29,281,717
Ex 3 day 1819,5,263,0.0218,1.6474,1.2814,2.83,75.61,317,825
Ex 3 day 1819,5,264,0.0218,1.4553,1.1384,2.83,66.8,341,789
Ex 3 day 1819,5,265,0.0218,1.8071,1.284,3.3,82.94,260,845
Ex 3 day 1819,5,266,0.0218,1.8321,1.3205,2.83,84.09,291,815
Ex 3 day 1819,5,267,0.0218,1.8456,1.2603,3.3,84.71,265,766
Ex 3 day 1819,5,268,0.0218,1.5424,1.1479,4.71,70.8,246,839
Ex 3 day 1819,5,269,0.0218,1.9681,1.5387,3.77,90.33,339,656
Ex 3 day 1819,6,270,0.038,4.0123,2.9523,3.77,105.63,857,882
Ex 3 day 1819,6,271,0.038,3.7204,2.6124,3.3,97.95,801,909
Ex 3 day 1819,6,272,0.038,3.5539,2.6463,3.77,93.56,803,868
Ex 3 day 1819,6,273,0.038,3.184,2.5929,3.77,83.82,840,897
Ex 3 day 1819,6,274,0.038,3.301,2.3233,3.3,86.9,816,898
Ex 3 day 1819,6,275,0.038,2.9779,2.2441,3.77,78.4,798,887
Ex 3 day 1819,6,276,0.038,3.413,2.8557,2.83,89.85,849,922
Ex 3 day 1819,6,277,0.038,2.3863,1.9317,3.77,62.82,777,925
Ex 3 day 1819,6,278,0.038,2.3269,1.7335,3.3,61.26,822,886
Ex 3 day 1819,6,279,0.038,2.4336,1.7072,3.77,64.07,864,913
Ex 3 day 1819,6,280,0.038,2.3486,2.1274,2.83,61.83,840,863
Ex 3 day 1819,6,281,0.038,1.942,1.6848,2.83,51.13,774,899
Ex 3 day 1819,7,282,0.0575,3.6462,3.0734,2.83,63.46,832,934
Ex 3 day 1819,7,283,0.0575,3.3831,2.3625,3.3,58.88,825,991
Ex 3 day 1819,7,284,0.0575,3.3503,2.3588,3.3,58.31,853,963
Ex 3 day 1819,7,285,0.0575,3.1508,2.0816,4.24,54.84,864,945
Ex 3 day 1819,7,286,0.0575,3.1164,2.7171,2.83,54.24,809,970
Ex 3 day 1819,7,287,0.0575,2.8263,2.4858,2.83,49.19,855,983
Ex 3 day 1819,7,288,0.0575,1.9913,1.2997,3.3,34.66,852,933
Ex 3 day 1819,7,289,0.0575,2.6719,2.3223,2.83,46.51,802,974
Ex 3 day 1819,7,290,0.0575,2.5335,2.1045,2.83,44.1,808,934
Ex 3 day 1819,7,291,0.0575,2.0217,1.3609,4.24,35.19,843,944
Ex 3 day 1819,7,292,0.0575,2.2683,2.0332,2.83,39.48,885,952
Ex 3 day 1819,7,293,0.0575,2.2647,1.9467,2.83,39.42,857,956
Ex 3 day 1819,7,294,0.0575,1.6534,1.4315,2.83,28.78,837,958
Ex 3 day 1819,8,295,0.0327,4.7969,4.1222,2.83,146.84,895,994
Ex 3 day 1819,8,296,0.0327,3.6112,2.6619,3.3,110.55,860,1015
Ex 3 day 1819,8,297,0.0327,3.4489,2.4998,3.3,105.58,915,1000
Ex 3 day 1819,8,298,0.0327,3.3563,2.279,3.3,102.75,916,958
Ex 3 day 1819,8,299,0.0327,3.5298,2.4723,3.3,108.06,902,980
Ex 3 day 1819,8,300,0.0327,3.1786,2.3483,3.3,97.31,889,961
Ex 3 day 1819,8,301,0.0327,2.623,2.035,3.3,80.29,882,978
Ex 3 day 1819,8,302,0.0327,2.5871,1.9037,3.77,79.2,929,978
Ex 3 day 1819,8,303,0.0327,2.4744,2.1409,2.83,75.75,903,1026
Ex 3 day 1819,8,304,0.0327,2.2278,1.6035,3.3,68.2,923,1007
Ex 3 day 1819,8,305,0.0327,1.7436,1.0712,3.3,53.37,898,1007
Ex 3 day 1819,8,306,0.0327,1.7817,1.5829,2.83,54.54,870,977
Ex 3 day 1819,8,307,0.0327,1.6606,1.1178,3.3,50.83,882,1012
Ex 3 day 1819,8,308,0.0327,1.852,1.4456,2.83,56.69,896,974
Ex 3 day 182,1,1,0.1143,3.473,2.8397,2.83,30.38,425,28
Ex 3 day 182,1,2,0.1143,3.7597,3.089,2.83,32.89,390,84
Ex 3 day 182,1,3,0.1143,2.0397,1.7292,2.83,17.84,414,57
Ex 3 day 182,1,4,0.1143,2.8924,2.3555,2.83,25.3,436,16
Ex 3 day 182,1,5,0.1143,2.5978,2.13,2.83,22.72,405,71
Ex 3 day 182,1,6,0.1143,2.5209,1.9521,3.77,22.05,441,9
Ex 3 day 182,1,7,0.1143,2.491,1.8644,3.77,21.79,439,47
Ex 3 day 182,1,8,0.1143,1.8788,1.7169,2.83,16.43,422,65
Ex 3 day 182,1,9,0.1143,2.0371,1.5208,4.71,17.82,453,40
Ex 3 day 182,1,10,0.1143,2.2242,1.7728,2.83,19.46,422,43
Ex 3 day 182,1,11,0.1143,1.4882,1.1456,2.83,13.02,412,77
Ex 3 day 182,1,12,0.1143,1.9269,1.4843,2.83,16.86,391,65
Ex 3 day 182,2,13,0.0776,4.5636,3.2136,3.3,58.84,496,80
Ex 3 day 182,2,14,0.0776,3.5934,2.3583,3.3,46.33,521,66
Ex 3 day 182,2,15,0.0776,1.8015,1.6498,3.77,23.23,482,50
Ex 3 day 182,2,16,0.0776,1.9958,1.4115,2.83,25.73,476,60
Ex 3 day 182,2,17,0.0776,2.1098,1.7378,2.83,27.2,509,67
Ex 3 day 182,2,18,0.0776,1.9235,1.6795,2.83,24.8,485,69
Ex 3 day 182,2,19,0.0776,2.025,1.5517,3.77,26.11,516,53
Ex 3 day 182,2,20,0.0776,1.3337,1.2227,3.77,17.2,510,80
Ex 3 day 182,2,21,0.0776,1.9842,1.4215,2.83,25.58,478,84
Ex 3 day 182,3,22,0.0447,4.4125,3.7896,2.83,98.81,821,537
Ex 3 day 182,3,23,0.0447,4.4434,3.1564,3.3,99.5,876,503
Ex 3 day 182,3,24,0.0447,3.6891,2.8655,3.77,82.61,830,477
Ex 3 day 182,3,25,0.0447,3.9147,3.0224,3.77,87.66,816,522
Ex 3 day 182,3,26,0.0447,3.8208,2.8915,3.77,85.56,879,422
Ex 3 day 182,3,27,0.0447,4.0425,2.8513,3.3,90.52,778,582
Ex 3 day 182,3,28,0.0447,3.7599,2.4216,4.24,84.19,803,577
Ex 3 day 182,3,29,0.0447,3.5788,2.7831,3.77,80.14,782,517
Ex 3 day 182,3,30,0.0447,3.5017,2.6196,3.3,78.41,896,437
Ex 3 day 182,3,31,0.0447,2.9285,2.1452,3.3,65.58,873,485
Ex 3 day 182,3,32,0.0447,3.229,2.6278,3.77,72.31,834,428
Ex 3 day 182,3,33,0.0447,3.6221,2.557,3.3,81.11,902,479
Ex 3 day 182,3,34,0.0447,3.291,2.209,3.3,73.69,792,542
Ex 3 day 182,3,35,0.0447,3.3641,2.3386,3.3,75.33,815,406
Ex 3 day 182,3,36,0.0447,3.4296,2.5626,3.77,76.8,855,512
Ex 3 day 182,3,37,0.0447,3.4796,2.382,3.77,77.92,820,595
Ex 3 day 182,3,38,0.0447,2.8095,2.2864,3.77,62.91,834,552
Ex 3 day 182,3,39,0.0447,3.1585,2.3582,3.3,70.73,855,450
Ex 3 day 182,3,40,0.0447,2.8815,2.0678,2.83,64.52,889,464
Ex 3 day 182,3,41,0.0447,3.6837,3.0343,2.83,82.49,895,528
Ex 3 day 182,3,42,0.0447,3.0292,2.4254,2.83,67.83,858,556
Ex 3 day 182,3,43,0.0447,2.9892,2.3597,2.83,66.94,833,514
Ex 3 day 182,3,44,0.0447,3.4837,2.9195,2.83,78.01,784,605
Ex 3 day 182,3,45,0.0447,2.7161,2.2306,2.83,60.82,773,565
Ex 3 day 182,3,46,0.0447,2.6185,2.1168,2.83,58.64,797,515
Ex 3 day 182,3,47,0.0447,2.7146,1.889,4.24,60.79,872,405
Ex 3 day 182,3,48,0.0447,2.2497,1.9339,2.83,50.38,774,493
Ex 3 day 182,3,49,0.0447,2.1508,1.8997,2.83,48.16,820,504
Ex 3 day 182,3,50,0.0447,2.0941,1.5108,3.77,46.89,854,536
Ex 3 day 182,3,51,0.0447,2.1106,1.6679,4.24,47.26,827,462
Ex 3 day 182,3,52,0.0447,2.5088,2.0532,3.77,56.18,822,576
Ex 3 day 182,3,53,0.0447,2.4594,1.6419,4.24,55.07,873,438
Ex 3 day 182,3,54,0.0447,2.4586,2.0017,2.83,55.05,848,488
Ex 3 day 182,3,55,0.0447,2.7821,2.2219,2.83,62.3,849,498
Ex 3 day 182,3,56,0.0447,2.5114,2.0378,2.83,56.24,778,505
Ex 3 day 182,3,57,0.0447,2.102,1.422,4.24,47.07,809,557
Ex 3 day 182,3,58,0.0447,2.0603,1.448,3.3,46.14,793,464
Ex 3 day 182,3,59,0.0447,2.4393,1.9323,2.83,54.62,783,462
Ex 3 day 182,3,60,0.0447,2.9288,2.3026,2.83,65.58,854,424
Ex 3 day 182,3,61,0.0447,2.4462,2.0239,2.83,54.78,794,417
Ex 3 day 182,3,62,0.0447,3.2022,2.1073,2.83,71.7,813,460
Ex 3 day 182,3,63,0.0447,2.3281,1.5902,4.24,52.13,799,429
Ex 3 day 182,3,64,0.0447,2.2128,1.7841,3.77,49.55,826,606
Ex 3 day 182,3,65,0.0447,2.3557,1.8896,2.83,52.75,778,475
Ex 3 day 182,3,66,0.0447,2.5142,2.1495,2.83,56.3,832,442
Ex 3 day 182,3,67,0.0447,2.4211,1.1785,5.19,54.21,837,499
Ex 3 day 182,3,68,0.0447,2.2091,1.7284,3.77,49.47,882,448
Ex 3 day 182,3,69,0.0447,2.0471,1.6462,2.83,45.84,782,531
Ex 3 day 182,3,70,0.0447,2.2974,1.7091,2.83,51.45,759,536
Ex 3 day 182,3,71,0.0447,1.5506,1.4333,4.24,34.72,879,534
Ex 3 day 182,3,72,0.0447,2.0658,1.3613,3.3,46.26,890,502
Ex 3 day 182,3,73,0.0447,1.4457,0.9607,3.3,32.37,887,483
Ex 3 day 182,3,74,0.0447,1.6205,1.2053,2.83,36.29,862,469
Ex 3 day 182,3,75,0.0447,1.5609,1.2016,2.83,34.95,859,462
Ex 3 day 182,3,76,0.0447,1.5495,1.0974,2.83,34.7,761,543
Ex 3 day 182,3,77,0.0447,2.0523,1.0388,5.19,45.96,795,558
Ex 3 day 182,3,78,0.0447,2.4665,2.0225,2.83,55.23,781,542
Ex 3 day 182,3,79,0.0447,1.8879,1.4473,2.83,42.27,805,548
Ex 3 day 182,3,80,0.0447,2.1557,1.8466,2.83,48.27,833,521
Ex 3 day 182,3,81,0.0447,1.4328,1.1757,2.83,32.08,784,493
Ex 3 day 182,3,82,0.0447,1.5712,1.2209,3.3,35.18,794,502
Ex 3 day 182,3,83,0.0447,2.6014,1.8642,2.83,58.25,811,486
Ex 3 day 182,3,84,0.0447,2.0173,1.5635,2.83,45.17,813,468
Ex 3 day 182,3,85,0.0447,2.4835,2.0032,2.83,55.61,902,464
Ex 3 day 182,3,86,0.0447,1.7524,1.4387,2.83,39.24,875,523
Ex 3 day 182,3,87,0.0447,1.8178,1.4595,2.83,40.7,825,490
Ex 3 day 182,3,88,0.0447,1.9388,1.4756,2.83,43.41,894,544
Ex 3 day 182,3,89,0.0447,2.1022,1.8177,2.83,47.07,810,479
Ex 3 day 182,3,90,0.0447,1.5627,1.1935,2.83,34.99,885,568
Ex 3 day 182,3,91,0.0447,2.6319,1.9217,2.83,58.94,871,476
Ex 3 day 182,3,92,0.0447,1.2731,1.2136,2.83,28.51,767,558
Ex 3 day 182,3,93,0.0447,1.877,1.4643,2.83,42.03,827,568
Ex 3 day 182,3,94,0.0447,2.0194,1.4297,3.3,45.22,866,551
Ex 3 day 182,3,95,0.0447,1.6634,1.4182,2.83,37.25,903,498
Ex 3 day 182,3,96,0.0447,1.5061,1.1306,2.83,33.72,788,453
Ex 3 day 182,4,97,0.0317,4.009,2.8564,3.3,126.61,227,539
Ex 3 day 182,4,98,0.0317,3.832,2.4392,4.24,121.02,266,500
Ex 3 day 182,4,99,0.0317,3.3761,2.7561,2.83,106.62,311,546
Ex 3 day 182,4,100,0.0317,3.3,2.7414,3.77,104.22,326,565
Ex 3 day 182,4,101,0.0317,2.9825,2.4776,2.83,94.19,220,524
Ex 3 day 182,4,102,0.0317,3.5447,2.4091,3.3,111.95,269,480
Ex 3 day 182,4,103,0.0317,3.101,2.3603,3.3,97.93,331,448
Ex 3 day 182,4,104,0.0317,2.5867,1.689,3.3,81.69,304,562
Ex 3 day 182,4,105,0.0317,4.1414,3.2498,2.83,130.79,239,594
Ex 3 day 182,4,106,0.0317,2.9105,1.9573,3.3,91.92,210,496
Ex 3 day 182,4,107,0.0317,2.7002,2.2725,2.83,85.28,231,580
Ex 3 day 182,4,108,0.0317,2.6988,1.992,4.24,85.23,205,482
Ex 3 day 182,4,109,0.0317,2.5096,2.0225,4.71,79.26,160,493
Ex 3 day 182,4,110,0.0317,3.258,2.7201,2.83,102.89,218,440
Ex 3 day 182,4,111,0.0317,2.7935,2.041,3.3,88.22,263,466
Ex 3 day 182,4,112,0.0317,2.1626,1.91,3.77,68.3,327,485
Ex 3 day 182,4,113,0.0317,3.0173,2.166,3.77,95.29,289,552
Ex 3 day 182,4,114,0.0317,2.8121,2.4016,2.83,88.81,314,581
Ex 3 day 182,4,115,0.0317,3.0294,2.142,3.3,95.67,277,451
Ex 3 day 182,4,116,0.0317,1.958,1.7711,2.83,61.84,302,598
Ex 3 day 182,4,117,0.0317,2.8107,2.3322,2.83,88.77,296,511
Ex 3 day 182,4,118,0.0317,2.677,1.7852,3.3,84.54,321,538
Ex 3 day 182,4,119,0.0317,2.1925,1.8519,2.83,69.24,338,521
Ex 3 day 182,4,120,0.0317,2.4284,1.8415,3.77,76.69,294,535
Ex 3 day 182,4,121,0.0317,2.3986,1.8814,2.83,75.75,345,541
Ex 3 day 182,4,122,0.0317,2.3307,1.9871,2.83,73.61,194,555
Ex 3 day 182,4,123,0.0317,2.5586,1.9534,3.77,80.8,225,467
Ex 3 day 182,4,124,0.0317,2.5538,1.7349,3.3,80.65,343,452
Ex 3 day 182,4,125,0.0317,2.5307,2.1153,2.83,79.92,171,480
Ex 3 day 182,4,126,0.0317,2.8413,1.7441,4.24,89.73,247,536
Ex 3 day 182,4,127,0.0317,2.492,1.6796,3.3,78.7,337,433
Ex 3 day 182,4,128,0.0317,2.071,1.6241,4.24,65.41,174,529
Ex 3 day 182,4,129,0.0317,1.9493,1.3814,4.24,61.56,342,510
Ex 3 day 182,4,130,0.0317,2.6709,1.9247,3.77,84.35,263,571
Ex 3 day 182,4,131,0.0317,1.9856,1.5282,4.71,62.71,282,515
Ex 3 day 182,4,132,0.0317,2.3539,1.9513,2.83,74.34,194,547
Ex 3 day 182,4,133,0.0317,2.7781,2.3318,2.83,87.74,345,529
Ex 3 day 182,4,134,0.0317,2.0572,1.5886,3.3,64.97,237,488
Ex 3 day 182,4,135,0.0317,2.1568,1.8388,2.83,68.11,180,514
Ex 3 day 182,4,136,0.0317,1.8548,1.5946,2.83,58.58,265,539
Ex 3 day 182,4,137,0.0317,2.295,1.637,3.3,72.48,267,597
Ex 3 day 182,4,138,0.0317,2.1121,1.2757,4.24,66.7,332,471
Ex 3 day 182,4,139,0.0317,1.9133,1.4436,3.3,60.42,277,552
Ex 3 day 182,4,140,0.0317,1.9438,1.4743,2.83,61.39,189,522
Ex 3 day 182,4,141,0.0317,1.6713,1.4603,2.83,52.78,257,578
Ex 3 day 182,4,142,0.0317,1.8877,1.6745,2.83,59.62,189,486
Ex 3 day 182,4,143,0.0317,2.2745,1.376,4.24,71.83,298,491
Ex 3 day 182,4,144,0.0317,1.7339,1.3644,2.83,54.76,263,519
Ex 3 day 182,4,145,0.0317,2.2358,1.4041,4.24,70.61,309,475
Ex 3 day 182,4,146,0.0317,1.3774,1.35,4.24,43.5,358,517
Ex 3 day 182,4,147,0.0317,2.1581,1.5747,3.77,68.16,294,472
Ex 3 day 182,4,148,0.0317,2.5363,2.2785,2.83,80.1,206,574
Ex 3 day 182,4,149,0.0317,2.2411,1.907,2.83,70.78,254,551
Ex 3 day 182,4,150,0.0317,2.5967,1.8351,2.83,82.01,242,582
Ex 3 day 182,4,151,0.0317,2.2763,1.8521,2.83,71.89,283,531
Ex 3 day 182,4,152,0.0317,1.8435,1.3344,3.3,58.22,195,466
Ex 3 day 182,4,153,0.0317,2.2934,1.8223,2.83,72.43,267,432
Ex 3 day 182,4,154,0.0317,1.7433,1.0035,5.66,55.06,323,509
Ex 3 day 182,4,155,0.0317,1.2142,1.0144,2.83,38.35,281,585
Ex 3 day 182,4,156,0.0317,1.7053,1.467,2.83,53.86,252,437
Ex 3 day 182,4,157,0.0317,1.6576,1.4285,3.3,52.35,348,500
Ex 3 day 182,4,158,0.0317,1.85,1.3894,2.83,58.43,269,526
Ex 3 day 182,4,159,0.0317,2.1021,1.4315,2.83,66.39,277,540
Ex 3 day 182,4,160,0.0317,1.4274,1.1455,2.83,45.08,332,530
Ex 3 day 182,4,161,0.0317,2.5244,1.9361,2.83,79.72,287,472
Ex 3 day 182,4,162,0.0317,1.9491,1.6986,2.83,61.56,345,479
Ex 3 day 182,4,163,0.0317,0.9571,0.9635,3.77,30.23,235,570
Ex 3 day 182,4,164,0.0317,1.9156,1.4862,2.83,60.5,313,428
Ex 3 day 182,4,165,0.0317,1.8007,1.313,2.83,56.87,204,540
Ex 3 day 182,4,166,0.0317,1.6293,1.3105,2.83,51.46,303,551
Ex 3 day 182,4,167,0.0317,2.2081,1.4841,4.71,69.74,346,487
Ex 3 day 182,4,168,0.0317,1.938,1.6502,2.83,61.2,200,567
Ex 3 day 182,5,169,0.0296,4.1901,3.1373,3.77,141.56,1089,500
Ex 3 day 182,5,170,0.0296,3.936,2.9793,3.77,132.97,1145,463
Ex 3 day 182,5,171,0.0296,4.0766,2.8014,3.3,137.72,1118,460
Ex 3 day 182,5,172,0.0296,3.4968,2.5958,3.3,118.13,1191,509
Ex 3 day 182,5,173,0.0296,3.5894,2.9386,2.83,121.26,1067,500
Ex 3 day 182,5,174,0.0296,3.235,2.4659,3.77,109.29,1060,466
Ex 3 day 182,5,175,0.0296,3.5826,2.6426,3.3,121.03,1118,533
Ex 3 day 182,5,176,0.0296,3.0363,2.3022,3.77,102.58,1129,516
Ex 3 day 182,5,177,0.0296,3.2074,2.2772,3.3,108.35,1223,487
Ex 3 day 182,5,178,0.0296,3.3901,2.5244,3.77,114.53,1154,506
Ex 3 day 182,5,179,0.0296,3.4756,2.4005,3.3,117.42,1088,451
Ex 3 day 182,5,180,0.0296,2.8712,1.8182,3.3,97.0,1156,532
Ex 3 day 182,5,181,0.0296,2.8944,2.5016,2.83,97.78,1129,417
Ex 3 day 182,5,182,0.0296,2.4015,1.8719,4.24,81.13,1163,452
Ex 3 day 182,5,183,0.0296,2.5807,1.8686,3.3,87.18,1197,519
Ex 3 day 182,5,184,0.0296,2.9385,2.5188,2.83,99.27,1190,469
Ex 3 day 182,5,185,0.0296,2.3921,1.7464,3.3,80.81,1163,473
Ex 3 day 182,5,186,0.0296,2.4542,1.8345,3.77,82.91,1072,516
Ex 3 day 182,5,187,0.0296,2.5766,1.9065,3.3,87.04,1117,432
Ex 3 day 182,5,188,0.0296,1.948,1.6943,2.83,65.81,1167,549
Ex 3 day 182,5,189,0.0296,2.6826,2.3143,2.83,90.63,1179,556
Ex 3 day 182,5,190,0.0296,2.3967,1.8898,3.77,80.97,1194,477
Ex 3 day 182,5,191,0.0296,1.7897,1.5774,3.77,60.46,1138,500
Ex 3 day 182,5,192,0.0296,2.5299,2.139,2.83,85.47,1077,439
Ex 3 day 182,5,193,0.0296,2.1591,1.5519,3.3,72.94,1058,523
Ex 3 day 182,5,194,0.0296,1.1559,1.2215,4.24,39.05,1117,492
Ex 3 day 182,5,195,0.0296,1.8147,1.5698,2.83,61.31,1082,429
Ex 3 day 182,5,196,0.0296,2.2815,1.7081,3.3,77.08,1126,437
Ex 3 day 182,5,197,0.0296,1.4248,1.1041,4.71,48.14,1060,426
Ex 3 day 182,5,198,0.0296,1.8042,1.229,3.77,60.95,1115,445
Ex 3 day 182,5,199,0.0296,1.8206,1.4174,4.24,61.5,1075,416
Ex 3 day 182,5,200,0.0296,1.811,1.5292,2.83,61.18,1179,526
Ex 3 day 182,5,201,0.0296,1.6788,1.3992,2.83,56.72,1091,427
Ex 3 day 182,5,202,0.0296,1.2974,1.1159,2.83,43.83,1093,466
Ex 3 day 182,5,203,0.0296,1.9744,1.7057,2.83,66.7,1165,521
Ex 3 day 182,5,204,0.0296,1.6264,1.2444,2.83,54.94,1090,462
Ex 3 day 182,5,205,0.0296,1.487,1.3172,3.77,50.23,1155,415
Ex 3 day 182,5,206,0.0296,1.6181,1.1773,3.3,54.66,1102,433
Ex 3 day 182,5,207,0.0296,1.6781,1.5029,2.83,56.69,1195,438
Ex 3 day 182,7,208,0.0322,4.4168,3.8203,2.83,137.16,1365,831
Ex 3 day 182,7,209,0.0322,3.9049,3.0234,3.77,121.27,1338,932
Ex 3 day 182,7,210,0.0322,3.7364,3.0029,3.77,116.04,1371,866
Ex 3 day 182,7,211,0.0322,3.7206,2.5983,3.3,115.55,1335,834
Ex 3 day 182,7,212,0.0322,3.4912,2.2005,4.24,108.42,1370,777
Ex 3 day 182,7,213,0.0322,2.995,2.136,4.71,93.01,1324,798
Ex 3 day 182,7,214,0.0322,2.6793,1.9685,4.24,83.21,1376,798
Ex 3 day 182,7,215,0.0322,2.5529,1.6555,4.71,79.28,1383,831
Ex 3 day 182,7,216,0.0322,2.4395,1.9137,2.83,75.76,1384,844
Ex 3 day 182,7,217,0.0322,2.909,2.1923,2.83,90.34,1353,916
Ex 3 day 182,7,218,0.0322,2.6795,2.0753,2.83,83.21,1358,857
Ex 3 day 182,7,219,0.0322,2.2858,1.3621,3.3,70.99,1385,893
Ex 3 day 182,7,220,0.0322,2.0844,1.1712,3.3,64.73,1391,865
Ex 3 day 182,7,221,0.0322,2.5267,2.1216,2.83,78.47,1356,926
Ex 3 day 182,7,222,0.0322,2.5152,1.8755,2.83,78.11,1387,852
Ex 3 day 182,7,223,0.0322,2.1732,1.7506,2.83,67.49,1374,845
Ex 3 day 182,7,224,0.0322,2.2018,1.4455,2.83,68.38,1391,906
Ex 3 day 182,7,225,0.0322,2.6702,2.0595,2.83,82.92,1357,881
Ex 3 day 182,7,226,0.0322,2.2068,1.5539,3.3,68.53,1370,949
Ex 3 day 182,7,227,0.0322,2.2005,1.5612,3.77,68.34,1350,882
Ex 3 day 182,7,228,0.0322,2.187,1.5765,3.3,67.92,1343,788
Ex 3 day 182,7,229,0.0322,2.1664,1.689,2.83,67.28,1364,931
Ex 3 day 182,7,230,0.0322,2.142,1.8203,2.83,66.52,1387,879
Ex 3 day 182,7,231,0.0322,1.644,1.0721,4.24,51.05,1332,879
Ex 3 day 182,7,232,0.0322,1.9543,1.5801,2.83,60.69,1381,927
Ex 3 day 182,7,233,0.0322,2.2905,1.8798,2.83,71.13,1370,884
Ex 3 day 182,7,234,0.0322,2.2608,1.878,2.83,70.21,1373,814
Ex 3 day 182,7,235,0.0322,2.6069,1.6683,3.77,80.96,1327,902
Ex 3 day 182,7,236,0.0322,1.9405,1.5166,4.24,60.26,1340,895
Ex 3 day 182,7,237,0.0322,2.2568,1.1612,4.24,70.08,1349,808
Ex 3 day 182,7,238,0.0322,2.1135,1.6131,2.83,65.63,1324,813
Ex 3 day 182,7,239,0.0322,2.0848,1.5672,3.77,64.74,1332,853
Ex 3 day 182,7,240,0.0322,2.366,2.0569,2.83,73.48,1370,905
Ex 3 day 182,7,241,0.0322,1.9883,1.443,3.3,61.75,1309,885
Ex 3 day 182,7,242,0.0322,2.0025,1.7677,2.83,62.19,1378,819
Ex 3 day 182,7,243,0.0322,2.1098,1.764,2.83,65.52,1327,879
Ex 3 day 182,7,244,0.0322,1.9949,1.6081,2.83,61.95,1346,870
Ex 3 day 182,7,245,0.0322,1.6958,1.3824,2.83,52.66,1361,846
Ex 3 day 182,7,246,0.0322,1.9324,1.4645,3.77,60.01,1325,832
Ex 3 day 1820,1,1,-0.0001,4.3844,3.1322,3.3,-33516.14,701,298
Ex 3 day 1820,1,2,-0.0001,4.201,3.0702,3.77,-32114.76,708,315
Ex 3 day 1820,1,3,-0.0001,3.7619,2.6718,3.77,-28757.76,768,241
Ex 3 day 1820,1,4,-0.0001,3.9239,3.0364,3.77,-29996.06,759,297
Ex 3 day 1820,1,5,-0.0001,3.648,2.6396,3.77,-27887.34,756,280
Ex 3 day 1820,1,6,-0.0001,3.9022,2.7622,3.77,-29829.94,772,260
Ex 3 day 1820,1,7,-0.0001,3.6629,2.6802,3.77,-28000.84,673,173
Ex 3 day 1820,1,8,-0.0001,4.0958,2.7852,3.3,-31309.94,700,161
Ex 3 day 1820,1,9,-0.0001,3.4352,2.2539,3.3,-26260.0,652,202
Ex 3 day 1820,1,10,-0.0001,3.8193,3.3459,2.83,-29196.46,652,173
Ex 3 day 1820,1,11,-0.0001,3.4303,2.3095,4.24,-26222.95,681,321
Ex 3 day 1820,1,12,-0.0001,3.5015,2.5445,3.3,-26767.4,685,204
Ex 3 day 1820,1,13,-0.0001,3.1025,2.4108,3.77,-23717.11,767,314
Ex 3 day 1820,1,14,-0.0001,2.8716,2.0762,4.71,-21952.25,693,270
Ex 3 day 1820,1,15,-0.0001,2.4599,2.134,2.83,-18804.87,664,203
Ex 3 day 1820,1,16,-0.0001,3.3542,2.411,3.77,-25640.96,734,315
Ex 3 day 1820,1,17,-0.0001,2.7481,1.8678,3.3,-21007.93,665,235
Ex 3 day 1820,1,18,-0.0001,2.8281,1.9792,3.3,-21619.11,750,262
Ex 3 day 1820,1,19,-0.0001,2.5794,1.8559,4.24,-19718.55,776,207
Ex 3 day 1820,1,20,-0.0001,2.8351,2.2234,2.83,-21672.92,701,185
Ex 3 day 1820,1,21,-0.0001,2.7901,1.7707,4.24,-21328.58,751,208
Ex 3 day 1820,1,22,-0.0001,2.471,1.8265,3.77,-18889.44,795,283
Ex 3 day 1820,1,23,-0.0001,2.8293,2.0047,3.77,-21628.64,742,304
Ex 3 day 1820,1,24,-0.0001,2.5429,2.1098,2.83,-19439.11,819,244
Ex 3 day 1820,1,25,-0.0001,2.502,1.8992,3.3,-19126.89,718,256
Ex 3 day 1820,1,26,-0.0001,2.3956,1.6611,3.3,-18312.81,715,291
Ex 3 day 1820,1,27,-0.0001,2.9588,2.0504,3.3,-22618.71,739,356
Ex 3 day 1820,1,28,-0.0001,2.8621,2.0893,3.3,-21879.49,695,218
Ex 3 day 1820,1,29,-0.0001,2.0772,1.6539,3.77,-15879.1,694,236
Ex 3 day 1820,1,30,-0.0001,2.9266,2.4054,2.83,-22372.09,757,268
Ex 3 day 1820,1,31,-0.0001,2.5236,1.8679,3.77,-19291.3,753,229
Ex 3 day 1820,1,32,-0.0001,2.8158,1.9977,3.77,-21525.02,745,330
Ex 3 day 1820,1,33,-0.0001,3.0388,2.3207,2.83,-23229.89,638,212
Ex 3 day 1820,1,34,-0.0001,2.7956,1.9344,3.3,-21371.02,720,350
Ex 3 day 1820,1,35,-0.0001,2.6001,1.9387,3.3,-19876.43,663,309
Ex 3 day 1820,1,36,-0.0001,2.4448,1.8306,3.77,-18689.03,879,253
Ex 3 day 1820,1,37,-0.0001,2.5032,1.7557,4.24,-19136.06,817,304
Ex 3 day 1820,1,38,-0.0001,3.0887,2.5299,2.83,-23611.37,645,186
Ex 3 day 1820,1,39,-0.0001,2.411,1.6386,4.24,-18430.55,799,249
Ex 3 day 1820,1,40,-0.0001,2.6405,1.8591,3.3,-20185.01,704,150
Ex 3 day 1820,1,41,-0.0001,2.7289,2.3808,2.83,-20861.0,659,150
Ex 3 day 1820,1,42,-0.0001,2.4033,2.1343,2.83,-18372.28,815,263
Ex 3 day 1820,1,43,-0.0001,2.6058,1.9176,3.77,-19920.05,671,279
Ex 3 day 1820,1,44,-0.0001,2.1482,1.6158,3.77,-16421.66,720,186
Ex 3 day 1820,1,45,-0.0001,2.5868,1.8217,3.77,-19774.56,786,260
Ex 3 day 1820,1,46,-0.0001,2.4799,1.7355,3.3,-18957.38,684,335
Ex 3 day 1820,1,47,-0.0001,2.3236,1.786,3.77,-17762.55,859,263
Ex 3 day 1820,1,48,-0.0001,2.3025,1.8993,2.83,-17601.26,626,288
Ex 3 day 1820,1,49,-0.0001,2.5359,1.6525,3.3,-19385.99,727,328
Ex 3 day 1820,1,50,-0.0001,2.1418,1.6286,2.83,-16373.23,635,329
Ex 3 day 1820,1,51,-0.0001,2.5234,1.7906,3.3,-19290.31,715,269
Ex 3 day 1820,1,52,-0.0001,2.3854,1.7866,3.3,-18235.15,849,279
Ex 3 day 1820,1,53,-0.0001,2.1878,1.6949,3.77,-16724.71,689,249
Ex 3 day 1820,1,54,-0.0001,2.2443,1.7715,3.77,-17156.71,862,284
Ex 3 day 1820,1,55,-0.0001,2.2427,1.8386,3.77,-17144.1,766,343
Ex 3 day 1820,1,56,-0.0001,2.2125,1.6819,2.83,-16913.18,849,344
Ex 3 day 1820,1,57,-0.0001,1.6115,1.2709,5.19,-12319.34,724,222
Ex 3 day 1820,1,58,-0.0001,2.5391,1.7287,3.3,-19409.75,842,262
Ex 3 day 1820,1,59,-0.0001,2.1493,1.6807,2.83,-16430.44,736,266
Ex 3 day 1820,1,60,-0.0001,1.9556,1.3074,3.3,-14949.56,730,247
Ex 3 day 1820,1,61,-0.0001,2.1226,1.7293,2.83,-16225.95,624,226
Ex 3 day 1820,1,62,-0.0001,2.107,1.4473,3.3,-16106.89,744,242
Ex 3 day 1820,1,63,-0.0001,2.3461,1.5379,4.71,-17935.1,723,241
Ex 3 day 1820,1,64,-0.0001,1.9241,1.4692,2.83,-14708.53,784,283
Ex 3 day 1820,1,65,-0.0001,2.031,1.55,3.77,-15526.19,845,246
Ex 3 day 1820,1,66,-0.0001,1.8965,1.5179,3.77,-14497.8,805,292
Ex 3 day 1820,1,67,-0.0001,2.1333,1.8095,2.83,-16307.65,654,189
Ex 3 day 1820,1,68,-0.0001,2.1799,1.6464,2.83,-16664.46,815,360
Ex 3 day 1820,1,69,-0.0001,2.2939,1.9723,2.83,-17535.57,784,249
Ex 3 day 1820,1,70,-0.0001,1.8135,1.538,2.83,-13863.11,821,354
Ex 3 day 1820,1,71,-0.0001,2.1394,1.8499,2.83,-16354.94,664,218
Ex 3 day 1820,1,72,-0.0001,1.9288,1.4649,4.24,-14744.69,704,244
Ex 3 day 1820,1,73,-0.0001,1.4734,1.2396,2.83,-11263.34,694,181
Ex 3 day 1820,1,74,-0.0001,2.145,1.8314,2.83,-16397.15,766,333
Ex 3 day 1820,1,75,-0.0001,2.0558,1.5504,3.77,-15715.19,630,208
Ex 3 day 1820,1,76,-0.0001,1.9327,1.6054,2.83,-14774.55,714,171
Ex 3 day 1820,1,77,-0.0001,2.0922,1.3463,3.3,-15994.05,668,191
Ex 3 day 1820,1,78,-0.0001,1.3964,0.9861,2.83,-10674.38,631,253
Ex 3 day 1820,1,79,-0.0001,2.1286,1.7784,2.83,-16272.22,763,215
Ex 3 day 1820,1,80,-0.0001,1.9051,1.5981,2.83,-14563.5,737,255
Ex 3 day 1820,1,81,-0.0001,1.9558,1.5015,2.83,-14950.73,637,225
Ex 3 day 1820,1,82,-0.0001,1.7884,1.598,2.83,-13671.49,807,358
Ex 3 day 1820,1,83,-0.0001,1.9261,1.5491,3.77,-14723.84,718,207
Ex 3 day 1820,1,84,-0.0001,1.7616,1.3272,2.83,-13466.79,758,250
Ex 3 day 1820,1,85,-0.0001,1.7349,1.2572,3.3,-13262.3,771,229
Ex 3 day 1820,1,86,-0.0001,0.9184,1.1687,4.71,-7020.44,702,284
Ex 3 day 1820,1,87,-0.0001,1.8904,1.4439,3.77,-14451.2,899,264
Ex 3 day 1820,1,88,-0.0001,1.6742,1.2853,2.83,-12798.31,739,227
Ex 3 day 1820,1,89,-0.0001,2.1907,1.2872,4.24,-16746.91,868,269
Ex 3 day 1820,1,90,-0.0001,2.2817,1.4703,4.24,-17442.33,828,277
Ex 3 day 1820,1,91,-0.0001,1.672,1.381,4.71,-12781.28,812,319
Ex 3 day 1820,1,92,-0.0001,1.6182,1.2592,2.83,-12370.26,727,170
Ex 3 day 1820,1,93,-0.0001,1.9584,1.5952,2.83,-14970.63,650,253
Ex 3 day 1820,1,94,-0.0001,1.8332,0.944,4.71,-14014.21,732,171
Ex 3 day 1820,1,95,-0.0001,1.7098,1.3994,2.83,-13070.54,696,332
Ex 3 day 1820,1,96,-0.0001,1.976,1.3116,2.83,-15105.14,894,306
Ex 3 day 1820,1,97,-0.0001,1.9293,1.459,2.83,-14748.16,746,224
Ex 3 day 1820,1,98,-0.0001,1.7747,1.3819,2.83,-13567.02,648,230
Ex 3 day 1820,1,99,-0.0001,1.456,1.0772,2.83,-11130.71,781,237
Ex 3 day 1820,1,100,-0.0001,1.1247,1.1712,2.83,-8598.06,623,194
Ex 3 day 1820,1,101,-0.0001,1.8384,1.5795,2.83,-14053.34,875,267
Ex 3 day 1820,1,102,-0.0001,1.9153,1.6326,2.83,-14641.44,848,259
Ex 3 day 1820,2,103,0.0243,4.1626,3.0866,3.3,171.14,345,386
Ex 3 day 1820,2,104,0.0243,4.017,3.0228,3.77,165.16,374,439
Ex 3 day 1820,2,105,0.0243,3.9768,2.994,3.77,163.5,408,424
Ex 3 day 1820,2,106,0.0243,4.1422,2.8832,3.3,170.3,476,420
Ex 3 day 1820,2,107,0.0243,4.186,2.942,3.3,172.11,320,337
Ex 3 day 1820,2,108,0.0243,3.9546,2.7853,3.3,162.59,399,478
Ex 3 day 1820,2,109,0.0243,3.7819,2.7568,3.3,155.49,337,410
Ex 3 day 1820,2,110,0.0243,3.8209,2.9433,3.77,157.09,484,440
Ex 3 day 1820,2,111,0.0243,3.6263,2.9489,3.77,149.09,446,508
Ex 3 day 1820,2,112,0.0243,3.4558,2.0974,4.24,142.08,363,366
Ex 3 day 1820,2,113,0.0243,3.8026,3.0813,2.83,156.34,388,468
Ex 3 day 1820,2,114,0.0243,3.0864,2.5891,3.77,126.9,484,468
Ex 3 day 1820,2,115,0.0243,3.9368,2.7847,3.77,161.86,436,380
Ex 3 day 1820,2,116,0.0243,3.373,2.5944,3.77,138.68,493,494
Ex 3 day 1820,2,117,0.0243,3.5922,2.4624,3.77,147.69,329,394
Ex 3 day 1820,2,118,0.0243,3.4005,2.2155,4.24,139.81,468,402
Ex 3 day 1820,2,119,0.0243,3.1823,2.1863,4.24,130.84,491,364
Ex 3 day 1820,2,120,0.0243,3.331,2.2332,4.24,136.95,425,352
Ex 3 day 1820,2,121,0.0243,3.5477,2.5842,3.3,145.86,485,343
Ex 3 day 1820,2,122,0.0243,3.2428,2.1683,4.71,133.32,373,331
Ex 3 day 1820,2,123,0.0243,3.5209,2.1431,3.3,144.76,344,428
Ex 3 day 1820,2,124,0.0243,2.9253,2.323,3.77,120.27,397,445
Ex 3 day 1820,2,125,0.0243,3.4484,2.8986,2.83,141.78,451,390
Ex 3 day 1820,2,126,0.0243,2.9009,2.2762,3.77,119.27,400,456
Ex 3 day 1820,2,127,0.0243,3.3408,2.3571,3.3,137.36,307,389
Ex 3 day 1820,2,128,0.0243,3.0649,2.1561,3.77,126.01,414,326
Ex 3 day 1820,2,129,0.0243,3.1271,1.7773,3.3,128.57,456,352
Ex 3 day 1820,2,130,0.0243,2.8551,2.0234,3.3,117.39,361,429
Ex 3 day 1820,2,131,0.0243,2.7647,2.2503,2.83,113.67,376,406
Ex 3 day 1820,2,132,0.0243,3.161,2.0061,3.3,129.96,464,376
Ex 3 day 1820,2,133,0.0243,2.8417,2.3719,2.83,116.83,383,389
Ex 3 day 1820,2,134,0.0243,2.7003,2.088,3.77,111.02,369,423
Ex 3 day 1820,2,135,0.0243,2.2426,1.6148,3.77,92.2,486,388
Ex 3 day 1820,2,136,0.0243,2.5194,1.8324,3.3,103.58,503,399
Ex 3 day 1820,2,137,0.0243,1.9796,1.5505,4.71,81.39,394,377
Ex 3 day 1820,2,138,0.0243,2.703,1.4795,4.71,111.13,422,452
Ex 3 day 1820,2,139,0.0243,2.4129,1.5069,4.24,99.2,431,503
Ex 3 day 1820,2,140,0.0243,2.3036,1.9985,2.83,94.71,387,323
Ex 3 day 1820,2,141,0.0243,2.392,1.8342,2.83,98.34,440,344
Ex 3 day 1820,2,142,0.0243,2.6764,2.1939,2.83,110.04,484,406
Ex 3 day 1820,2,143,0.0243,2.34,1.6711,2.83,96.21,417,402
Ex 3 day 1820,2,144,0.0243,2.3598,1.6581,4.24,97.02,410,380
Ex 3 day 1820,2,145,0.0243,1.8458,1.3714,4.71,75.89,403,401
Ex 3 day 1820,2,146,0.0243,2.5369,1.68,3.3,104.3,306,411
Ex 3 day 1820,2,147,0.0243,1.9348,1.1765,4.24,79.55,457,419
Ex 3 day 1820,2,148,0.0243,2.3633,1.5603,2.83,97.17,326,360
Ex 3 day 1820,2,149,0.0243,1.7825,1.3703,2.83,73.29,458,343
Ex 3 day 1820,2,150,0.0243,2.4175,2.1087,2.83,99.39,445,413
Ex 3 day 1820,2,151,0.0243,2.4921,2.0403,2.83,102.46,393,366
Ex 3 day 1820,2,152,0.0243,2.1285,1.7284,2.83,87.51,526,369
Ex 3 day 1820,2,153,0.0243,2.2954,1.9647,2.83,94.37,429,410
Ex 3 day 1820,2,154,0.0243,1.8749,1.4796,2.83,77.08,388,434
Ex 3 day 1820,2,155,0.0243,2.2966,1.6096,3.3,94.42,349,325
Ex 3 day 1820,2,156,0.0243,1.983,1.6715,2.83,81.53,327,372
Ex 3 day 1820,2,157,0.0243,2.5878,2.166,2.83,106.4,451,445
Ex 3 day 1820,2,158,0.0243,2.1825,1.8593,2.83,89.73,505,471
Ex 3 day 1820,2,159,0.0243,2.5601,2.2716,2.83,105.26,442,320
Ex 3 day 1820,2,160,0.0243,1.9379,1.4444,5.19,79.67,436,477
Ex 3 day 1820,2,161,0.0243,0.9622,1.0356,5.19,39.56,386,393
Ex 3 day 1820,2,162,0.0243,2.2016,1.3553,4.71,90.52,398,340
Ex 3 day 1820,2,163,0.0243,1.2661,1.3066,5.19,52.06,505,376
Ex 3 day 1820,2,164,0.0243,1.8349,1.5776,2.83,75.44,432,444
Ex 3 day 1820,2,165,0.0243,2.0123,1.3842,4.24,82.73,461,333
Ex 3 day 1820,2,166,0.0243,2.2162,1.5358,3.3,91.12,437,327
Ex 3 day 1820,2,167,0.0243,2.0769,1.423,2.83,85.39,425,304
Ex 3 day 1820,2,168,0.0243,1.7431,1.2247,2.83,71.67,319,382
Ex 3 day 1820,2,169,0.0243,1.5742,1.3361,2.83,64.72,449,339
Ex 3 day 1820,2,170,0.0243,1.525,1.085,2.83,62.7,369,383
Ex 3 day 1820,2,171,0.0243,1.41,1.114,2.83,57.97,406,351
Ex 3 day 1820,2,172,0.0243,2.3639,1.7768,2.83,97.19,438,452
Ex 3 day 1820,2,173,0.0243,1.658,1.3689,2.83,68.17,486,455
Ex 3 day 1820,2,174,0.0243,1.7206,1.332,2.83,70.74,485,482
Ex 3 day 1820,2,175,0.0243,1.8103,1.5401,2.83,74.43,399,320
Ex 3 day 1820,2,176,0.0243,1.5572,1.1647,2.83,64.03,440,433
Ex 3 day 1820,2,177,0.0243,1.9941,1.1812,4.24,81.99,314,357
Ex 3 day 1820,2,178,0.0243,2.0121,1.682,2.83,82.73,354,412
Ex 3 day 1820,2,179,0.0243,1.5073,1.0682,2.83,61.97,443,441
Ex 3 day 1820,2,180,0.0243,1.3154,1.0127,4.71,54.08,526,456
Ex 3 day 1820,2,181,0.0243,1.2744,1.072,5.66,52.4,346,368
Ex 3 day 1820,2,182,0.0243,1.2119,0.7341,2.83,49.83,494,380
Ex 3 day 1820,2,183,0.0243,1.8199,1.4545,2.83,74.82,463,490
Ex 3 day 1820,2,184,0.0243,1.4818,1.0884,3.3,60.92,419,494
Ex 3 day 1820,2,185,0.0243,1.5042,0.9874,2.83,61.84,419,440
Ex 3 day 1820,2,186,0.0243,1.6928,1.4631,2.83,69.6,429,421
Ex 3 day 1820,2,187,0.0243,1.6932,1.2993,2.83,69.62,475,385
Ex 3 day 1820,2,188,0.0243,1.295,1.0761,2.83,53.24,334,421
Ex 3 day 1820,2,189,0.0243,1.7781,1.29,3.3,73.11,409,390
Ex 3 day 1820,3,190,0.049,4.2965,3.2454,3.3,87.7,1225,411
Ex 3 day 1820,3,191,0.049,4.4552,3.1952,3.3,90.93,1205,426
Ex 3 day 1820,3,192,0.049,3.8715,2.9437,3.77,79.02,1208,357
Ex 3 day 1820,3,193,0.049,4.2805,2.9646,3.3,87.37,1265,380
Ex 3 day 1820,3,194,0.049,3.943,2.9511,3.77,80.48,1213,377
Ex 3 day 1820,3,195,0.049,3.9431,2.8665,3.77,80.48,1225,451
Ex 3 day 1820,3,196,0.049,3.4062,2.5045,3.77,69.52,1262,427
Ex 3 day 1820,3,197,0.049,3.7301,2.874,3.3,76.13,1229,324
Ex 3 day 1820,3,198,0.049,3.1335,2.3286,3.3,63.96,1250,443
Ex 3 day 1820,3,199,0.049,2.3966,2.0261,3.77,48.92,1184,381
Ex 3 day 1820,3,200,0.049,2.6566,2.2045,2.83,54.22,1198,405
Ex 3 day 1820,3,201,0.049,2.63,1.7765,3.3,53.68,1247,433
Ex 3 day 1820,3,202,0.049,2.4648,1.745,3.3,50.31,1209,329
Ex 3 day 1820,3,203,0.049,2.2402,1.7706,2.83,45.72,1217,396
Ex 3 day 1820,3,204,0.049,2.0975,1.6754,3.77,42.81,1189,350
Ex 3 day 1820,3,205,0.049,2.145,1.8537,2.83,43.78,1241,346
Ex 3 day 1820,3,206,0.049,1.9107,1.6295,2.83,39.0,1197,326
Ex 3 day 1820,3,207,0.049,1.9044,1.682,2.83,38.87,1232,384
Ex 3 day 1820,3,208,0.049,2.2044,1.6555,2.83,44.99,1232,347
Ex 3 day 1820,3,209,0.049,1.2794,1.0262,2.83,26.11,1193,373
Ex 3 day 1820,3,210,0.049,1.471,1.3348,3.77,30.02,1188,403
Ex 3 day 1820,3,211,0.049,1.5125,0.9683,3.3,30.87,1206,402
Ex 3 day 1820,3,212,0.049,1.5467,1.3546,2.83,31.57,1251,363
Ex 3 day 1820,3,213,0.049,1.7077,1.4542,2.83,34.85,1233,431
Ex 3 day 1820,4,214,0.0126,4.6568,3.2105,3.3,368.33,942,526
Ex 3 day 1820,4,215,0.0126,4.43,3.2118,3.3,350.38,927,520
Ex 3 day 1820,4,216,0.0126,4.2162,2.9487,3.3,333.48,911,507
Ex 3 day 1820,4,217,0.0126,3.9316,3.0005,3.77,310.96,921,464
Ex 3 day 1820,4,218,0.0126,3.8859,2.669,3.77,307.35,936,506
Ex 3 day 1820,4,219,0.0126,2.9997,1.8585,5.19,237.26,883,515
Ex 3 day 1820,4,220,0.0126,2.0913,1.5865,3.77,165.41,953,415
Ex 3 day 1820,4,221,0.0126,2.3234,1.9993,2.83,183.77,942,460
Ex 3 day 1820,4,222,0.0126,2.5077,2.134,2.83,198.34,927,443
Ex 3 day 1820,4,223,0.0126,2.1478,1.8422,2.83,169.88,937,429
Ex 3 day 1820,4,224,0.0126,1.9705,1.4579,2.83,155.86,939,446
Ex 3 day 1820,4,225,0.0126,1.3027,0.9475,4.24,103.03,901,475
Ex 3 day 1820,4,226,0.0126,2.0209,1.5796,3.77,159.84,905,448
Ex 3 day 1820,4,227,0.0126,1.9836,1.3077,2.83,156.89,923,504
Ex 3 day 1820,4,228,0.0126,1.9128,1.6633,2.83,151.29,906,493
Ex 3 day 1820,4,229,0.0126,1.9849,1.6978,2.83,156.99,938,489
Ex 3 day 1820,4,230,0.0126,1.9847,1.4505,2.83,156.97,942,478
Ex 3 day 1820,4,231,0.0126,2.0301,1.727,2.83,160.56,965,449
Ex 3 day 1820,4,232,0.0126,1.719,1.3534,2.83,135.96,960,455
Ex 3 day 1820,5,233,0.0412,4.3705,3.1722,3.3,105.97,1053,591
Ex 3 day 1820,5,234,0.0412,4.4167,3.1428,3.3,107.09,975,535
Ex 3 day 1820,5,235,0.0412,4.2666,2.9126,3.3,103.45,963,498
Ex 3 day 1820,5,236,0.0412,4.0461,2.8064,3.3,98.1,1054,550
Ex 3 day 1820,5,237,0.0412,3.7673,3.0895,2.83,91.34,1008,522
Ex 3 day 1820,5,238,0.0412,4.0021,2.5683,3.3,97.04,1008,500
Ex 3 day 1820,5,239,0.0412,3.9866,3.5233,2.83,96.66,981,567
Ex 3 day 1820,5,240,0.0412,3.4344,2.5786,3.3,83.27,1052,606
Ex 3 day 1820,5,241,0.0412,3.5704,2.4285,3.3,86.57,1003,489
Ex 3 day 1820,5,242,0.0412,3.8795,3.3062,2.83,94.06,1063,536
Ex 3 day 1820,5,243,0.0412,3.7358,2.7249,3.3,90.58,955,588
Ex 3 day 1820,5,244,0.0412,3.2832,2.5568,3.77,79.6,1066,570
Ex 3 day 1820,5,245,0.0412,3.1123,2.3203,3.3,75.46,988,491
Ex 3 day 1820,5,246,0.0412,3.5398,2.8004,2.83,85.83,1034,560
Ex 3 day 1820,5,247,0.0412,2.8562,2.2366,2.83,69.25,1026,580
Ex 3 day 1820,5,248,0.0412,2.8637,2.3864,2.83,69.43,1018,543
Ex 3 day 1820,5,249,0.0412,2.6888,2.2297,2.83,65.19,998,575
Ex 3 day 1820,5,250,0.0412,2.8805,1.7746,4.24,69.84,992,514
Ex 3 day 1820,5,251,0.0412,2.8527,2.4706,2.83,69.17,1008,602
Ex 3 day 1820,5,252,0.0412,2.4167,1.9347,2.83,58.6,993,540
Ex 3 day 1820,5,253,0.0412,2.3553,1.7146,2.83,57.11,1021,586
Ex 3 day 1820,5,254,0.0412,2.1169,1.5051,3.3,51.33,990,561
Ex 3 day 1820,5,255,0.0412,2.7013,2.3139,2.83,65.5,947,542
Ex 3 day 1820,5,256,0.0412,2.348,1.6427,3.77,56.93,968,517
Ex 3 day 1820,5,257,0.0412,1.8149,1.4421,3.3,44.0,1056,564
Ex 3 day 1820,5,258,0.0412,1.8926,1.5309,2.83,45.89,967,553
Ex 3 day 1820,5,259,0.0412,1.6761,1.2886,2.83,40.64,1009,573
Ex 3 day 1820,5,260,0.0412,1.9762,1.5777,3.77,47.92,1001,619
Ex 3 day 1820,5,261,0.0412,1.985,1.541,2.83,48.13,1036,568
Ex 3 day 1820,5,262,0.0412,2.4482,2.0288,2.83,59.36,996,607
Ex 3 day 1820,5,263,0.0412,1.4935,0.912,3.3,36.21,1035,585
Ex 3 day 1820,5,264,0.0412,1.7758,1.61,2.83,43.06,977,515
Ex 3 day 1820,5,265,0.0412,2.0373,1.846,2.83,49.4,1029,618
Ex 3 day 1820,5,266,0.0412,1.9426,1.6301,2.83,47.1,974,592
Ex 3 day 1820,5,267,0.0412,2.0798,1.6248,2.83,50.43,1003,535
Ex 3 day 1820,5,268,0.0412,2.1647,1.742,2.83,52.49,960,561
Ex 3 day 1820,5,269,0.0412,2.1498,1.6561,2.83,52.12,1014,555
Ex 3 day 1820,5,270,0.0412,2.3098,1.7959,2.83,56.0,1000,539
Ex 3 day 1820,5,271,0.0412,2.2276,1.7021,2.83,54.01,956,534
Ex 3 day 1820,5,272,0.0412,2.1447,1.679,2.83,52.0,1022,530
Ex 3 day 1820,5,273,0.0412,1.7008,0.8267,5.19,41.24,992,587
Ex 3 day 1820,5,274,0.0412,2.1923,1.4828,2.83,53.15,1010,590
Ex 3 day 1820,5,275,0.0412,1.4475,1.1004,2.83,35.1,988,530
Ex 3 day 1820,5,276,0.0412,2.6323,2.0018,2.83,63.82,1013,598
Ex 3 day 1820,5,277,0.0412,1.331,1.0296,2.83,32.27,1005,580
Ex 3 day 1820,6,278,0.0388,4.8508,3.339,3.3,124.93,563,888
Ex 3 day 1820,6,279,0.0388,4.6394,3.2837,3.3,119.48,643,909
Ex 3 day 1820,6,280,0.0388,4.4135,3.0063,3.3,113.67,590,888
Ex 3 day 1820,6,281,0.0388,4.5153,3.2246,3.77,116.29,539,890
Ex 3 day 1820,6,282,0.0388,4.0027,3.0199,3.3,103.09,565,839
Ex 3 day 1820,6,283,0.0388,3.923,2.9904,3.77,101.03,630,868
Ex 3 day 1820,6,284,0.0388,3.794,2.6914,3.3,97.71,642,877
Ex 3 day 1820,6,285,0.0388,3.4162,2.6832,3.77,87.98,616,846
Ex 3 day 1820,6,286,0.0388,3.7249,2.8737,3.77,95.93,600,845
Ex 3 day 1820,6,287,0.0388,3.6576,2.6283,3.3,94.2,551,835
Ex 3 day 1820,6,288,0.0388,3.4629,2.3224,4.24,89.18,545,941
Ex 3 day 1820,6,289,0.0388,3.1291,2.4591,3.77,80.59,665,899
Ex 3 day 1820,6,290,0.0388,2.6788,2.3206,2.83,68.99,558,911
Ex 3 day 1820,6,291,0.0388,3.383,2.6315,2.83,87.13,578,900
Ex 3 day 1820,6,292,0.0388,3.0793,2.7008,2.83,79.31,669,871
Ex 3 day 1820,6,293,0.0388,2.9852,2.0667,3.3,76.88,525,909
Ex 3 day 1820,6,294,0.0388,2.6712,2.131,2.83,68.8,597,912
Ex 3 day 1820,6,295,0.0388,3.0867,2.348,3.77,79.49,635,843
Ex 3 day 1820,6,296,0.0388,2.2524,1.8579,2.83,58.01,582,925
Ex 3 day 1820,6,297,0.0388,2.9279,2.068,3.77,75.41,573,944
Ex 3 day 1820,6,298,0.0388,2.8433,1.6956,4.24,73.23,638,934
Ex 3 day 1820,6,299,0.0388,2.179,1.8274,2.83,56.12,578,912
Ex 3 day 1820,6,300,0.0388,1.9509,1.6842,2.83,50.24,579,850
Ex 3 day 1820,6,301,0.0388,2.6788,2.2365,2.83,68.99,594,925
Ex 3 day 1820,6,302,0.0388,2.0193,1.728,2.83,52.0,547,857
Ex 3 day 1820,6,303,0.0388,2.2265,1.9668,2.83,57.34,535,863
Ex 3 day 1820,6,304,0.0388,2.2813,1.7606,2.83,58.75,635,951
Ex 3 day 1820,6,305,0.0388,1.668,1.2795,2.83,42.96,585,917
Ex 3 day 1820,6,306,0.0388,2.1717,1.6726,3.77,55.93,620,825
Ex 3 day 1820,6,307,0.0388,2.1665,1.8585,2.83,55.8,557,868
Ex 3 day 1820,6,308,0.0388,2.5448,2.1491,2.83,65.54,613,901
Ex 3 day 1820,6,309,0.0388,2.2433,1.7959,2.83,57.77,565,933
Ex 3 day 1820,6,310,0.0388,2.1521,1.7929,2.83,55.42,610,919
Ex 3 day 1820,6,311,0.0388,1.6095,1.1894,3.3,41.45,566,871
Ex 3 day 1820,6,312,0.0388,2.148,1.647,2.83,55.32,627,904
Ex 3 day 1820,6,313,0.0388,2.1052,1.8234,2.83,54.22,562,859
Ex 3 day 1820,6,314,0.0388,2.0137,1.525,2.83,51.86,545,926
Ex 3 day 1820,6,315,0.0388,1.7866,1.3313,2.83,46.01,583,938
Ex 3 day 1820,6,316,0.0388,1.3035,0.9978,3.77,33.57,579,871
Ex 3 day 1820,6,317,0.0388,2.0477,1.3916,2.83,52.74,607,876
Ex 3 day 1820,6,318,0.0388,2.0225,1.6348,2.83,52.09,540,909
Ex 3 day 1820,6,319,0.0388,2.0178,1.3069,4.24,51.97,633,852
Ex 3 day 1820,6,320,0.0388,1.6033,1.1652,2.83,41.29,571,933
Ex 3 day 1820,6,321,0.0388,1.8804,1.3395,3.3,48.43,547,917
Ex 3 day 1820,6,322,0.0388,2.1413,1.9095,2.83,55.15,628,916
Ex 3 day 1820,6,323,0.0388,2.0279,1.3133,3.77,52.23,594,830
Ex 3 day 1820,6,324,0.0388,1.6843,1.3318,2.83,43.38,612,866
Ex 3 day 1820,6,325,0.0388,1.8102,1.4252,2.83,46.62,586,954
Ex 3 day 1820,6,326,0.0388,1.5798,1.1973,3.3,40.69,607,889
Ex 3 day 1820,6,327,0.0388,1.4283,1.2613,3.3,36.79,569,912
Ex 3 day 1820,6,328,0.0388,1.6923,1.4537,2.83,43.58,599,899
Ex 3 day 1821,1,1,0.0168,4.2451,3.0574,3.3,252.31,257,158
Ex 3 day 1821,1,2,0.0168,4.0598,3.1388,3.77,241.3,267,143
Ex 3 day 1821,1,3,0.0168,3.9956,3.5323,2.83,237.49,281,160
Ex 3 day 1821,1,4,0.0168,3.9664,2.9843,3.77,235.75,284,127
Ex 3 day 1821,1,5,0.0168,4.0228,2.8474,3.3,239.1,230,188
Ex 3 day 1821,1,6,0.0168,4.0923,2.9037,3.3,243.23,254,77
Ex 3 day 1821,1,7,0.0168,3.834,2.7841,3.3,227.88,315,89
Ex 3 day 1821,1,8,0.0168,3.8452,2.6943,3.3,228.55,257,224
Ex 3 day 1821,1,9,0.0168,3.6173,2.8273,3.77,215.0,324,136
Ex 3 day 1821,1,10,0.0168,3.4516,2.5123,3.3,205.15,227,174
Ex 3 day 1821,1,11,0.0168,3.3594,2.2326,4.24,199.67,321,167
Ex 3 day 1821,1,12,0.0168,3.1935,2.165,3.3,189.81,245,142
Ex 3 day 1821,1,13,0.0168,3.5914,3.0561,2.83,213.46,248,186
Ex 3 day 1821,1,14,0.0168,3.5811,2.467,3.3,212.84,283,88
Ex 3 day 1821,1,15,0.0168,3.2126,2.4767,3.77,190.94,310,113
Ex 3 day 1821,1,16,0.0168,3.5829,2.5902,3.77,212.95,234,84
Ex 3 day 1821,1,17,0.0168,2.8148,2.457,2.83,167.3,229,165
Ex 3 day 1821,1,18,0.0168,3.2639,2.398,3.3,193.99,313,195
Ex 3 day 1821,1,19,0.0168,3.0048,1.9536,3.3,178.59,288,140
Ex 3 day 1821,1,20,0.0168,2.8797,2.0355,4.71,171.16,276,191
Ex 3 day 1821,1,21,0.0168,2.92,2.5516,2.83,173.56,299,125
Ex 3 day 1821,1,22,0.0168,2.6891,1.9227,3.3,159.83,267,201
Ex 3 day 1821,1,23,0.0168,2.7972,1.692,5.66,166.25,194,168
Ex 3 day 1821,1,24,0.0168,2.6402,1.9213,3.3,156.92,326,194
Ex 3 day 1821,1,25,0.0168,2.4031,1.7923,3.3,142.83,238,218
Ex 3 day 1821,1,26,0.0168,2.6389,1.976,3.77,156.85,252,173
Ex 3 day 1821,1,27,0.0168,2.3701,1.9602,3.77,140.87,224,146
Ex 3 day 1821,1,28,0.0168,2.1157,1.699,5.19,125.75,199,192
Ex 3 day 1821,1,29,0.0168,2.5153,1.9153,3.77,149.5,240,240
Ex 3 day 1821,1,30,0.0168,2.3885,1.6849,4.24,141.96,206,205
Ex 3 day 1821,1,31,0.0168,2.5575,2.1019,2.83,152.01,237,99
Ex 3 day 1821,1,32,0.0168,2.5001,2.1395,2.83,148.6,339,158
Ex 3 day 1821,1,33,0.0168,2.2402,1.9454,2.83,133.15,285,170
Ex 3 day 1821,1,34,0.0168,1.851,1.4491,2.83,110.02,263,103
Ex 3 day 1821,1,35,0.0168,2.3217,1.9986,2.83,137.99,251,118
Ex 3 day 1821,1,36,0.0168,1.7134,1.3736,2.83,101.84,254,93
Ex 3 day 1821,1,37,0.0168,2.1204,1.6743,2.83,126.03,229,122
Ex 3 day 1821,1,38,0.0168,2.1384,1.5505,3.3,127.1,236,149
Ex 3 day 1821,1,39,0.0168,1.9421,1.4624,2.83,115.43,230,100
Ex 3 day 1821,1,40,0.0168,2.1903,1.2834,5.66,130.18,297,170
Ex 3 day 1821,2,41,0.0642,4.2004,3.6981,2.83,65.41,869,485
Ex 3 day 1821,2,42,0.0642,4.128,2.8356,3.3,64.29,915,494
Ex 3 day 1821,2,43,0.0642,4.0475,2.9935,3.77,63.03,929,435
Ex 3 day 1821,2,44,0.0642,4.0501,2.7775,3.3,63.07,877,447
Ex 3 day 1821,2,45,0.0642,3.8361,3.4233,2.83,59.74,922,397
Ex 3 day 1821,2,46,0.0642,3.7889,3.2873,2.83,59.0,843,417
Ex 3 day 1821,2,47,0.0642,4.0878,2.846,3.3,63.66,905,461
Ex 3 day 1821,2,48,0.0642,3.7773,2.6592,3.3,58.82,872,504
Ex 3 day 1821,2,49,0.0642,3.7185,3.2227,2.83,57.91,905,431
Ex 3 day 1821,2,50,0.0642,3.4317,2.5145,3.77,53.44,860,452
Ex 3 day 1821,2,51,0.0642,3.4804,2.4054,3.3,54.2,926,467
Ex 3 day 1821,2,52,0.0642,3.6823,2.4954,3.3,57.34,938,422
Ex 3 day 1821,2,53,0.0642,3.4875,2.3329,3.3,54.31,896,380
Ex 3 day 1821,2,54,0.0642,3.0803,2.382,3.77,47.97,946,480
Ex 3 day 1821,2,55,0.0642,3.1555,2.6431,2.83,49.14,856,477
Ex 3 day 1821,2,56,0.0642,3.2113,2.7531,2.83,50.01,826,435
Ex 3 day 1821,2,57,0.0642,2.7376,2.0444,2.83,42.63,876,405
Ex 3 day 1821,2,58,0.0642,3.246,2.2573,3.3,50.55,848,393
Ex 3 day 1821,2,59,0.0642,2.9406,1.9629,3.3,45.79,832,474
Ex 3 day 1821,2,60,0.0642,3.2986,2.2972,3.3,51.37,822,459
Ex 3 day 1821,2,61,0.0642,3.0435,2.1759,3.77,47.4,892,407
Ex 3 day 1821,2,62,0.0642,2.9599,2.5745,2.83,46.09,851,439
Ex 3 day 1821,2,63,0.0642,2.771,1.9085,3.3,43.15,838,450
Ex 3 day 1821,2,64,0.0642,2.6952,2.2591,2.83,41.97,852,470
Ex 3 day 1821,2,65,0.0642,2.8418,2.0885,3.3,44.26,851,489
Ex 3 day 1821,2,66,0.0642,2.1372,1.4774,3.3,33.28,859,404
Ex 3 day 1821,2,67,0.0642,2.7567,2.1165,2.83,42.93,866,416
Ex 3 day 1821,2,68,0.0642,2.5425,1.9985,2.83,39.59,888,462
Ex 3 day 1821,2,69,0.0642,2.6629,2.3592,2.83,41.47,915,387
Ex 3 day 1821,2,70,0.0642,2.4462,2.14,2.83,38.1,843,460
Ex 3 day 1821,2,71,0.0642,2.2862,1.4742,3.3,35.6,838,437
Ex 3 day 1821,2,72,0.0642,2.4225,1.9938,2.83,37.73,895,482
Ex 3 day 1821,2,73,0.0642,2.3024,1.7206,3.3,35.86,831,414
Ex 3 day 1821,2,74,0.0642,2.261,1.9345,2.83,35.21,886,495
Ex 3 day 1821,2,75,0.0642,1.4631,0.8363,3.3,22.79,910,480
Ex 3 day 1821,2,76,0.0642,1.2692,1.0283,3.3,19.76,864,388
Ex 3 day 1821,2,77,0.0642,1.789,1.3503,5.19,27.86,933,494
Ex 3 day 1821,2,78,0.0642,1.2198,0.9538,2.83,19.0,905,399
Ex 3 day 1821,2,79,0.0642,1.7478,1.4502,2.83,27.22,923,479
Ex 3 day 1821,2,80,0.0642,1.9924,1.7234,2.83,31.03,901,497
Ex 3 day 1821,2,81,0.0642,1.8781,1.5295,2.83,29.25,898,477
Ex 3 day 1821,2,82,0.0642,1.7849,1.362,2.83,27.8,891,489
Ex 3 day 1821,2,83,0.0642,1.7008,1.2713,2.83,26.49,900,489
Ex 3 day 1821,2,84,0.0642,1.9181,1.3431,3.3,29.87,920,418
Ex 3 day 1821,2,85,0.0642,1.6377,1.3871,2.83,25.5,914,470
Ex 3 day 1821,2,86,0.0642,1.4804,1.041,4.71,23.05,926,451
Ex 3 day 1821,2,87,0.0642,1.7287,1.5372,2.83,26.92,865,410
Ex 3 day 1821,3,88,0.0282,3.2956,2.3993,3.3,116.97,140,670
Ex 3 day 1821,3,89,0.0282,1.8964,1.4929,5.19,67.31,142,753
Ex 3 day 1821,3,90,0.0282,2.6086,1.7579,3.3,92.59,122,730
Ex 3 day 1821,3,91,0.0282,2.2468,1.7346,3.3,79.74,120,749
Ex 3 day 1821,3,92,0.0282,1.7852,1.242,4.71,63.36,104,759
Ex 3 day 1821,4,93,0.0001,5.0723,4.2843,2.83,77018.46,312,810
Ex 3 day 1821,4,94,0.0001,4.8535,4.1874,2.83,73696.8,329,776
Ex 3 day 1821,4,95,0.0001,4.4793,3.243,3.3,68014.53,327,749
Ex 3 day 1821,4,96,0.0001,4.5244,3.8796,2.83,68699.12,265,713
Ex 3 day 1821,4,97,0.0001,4.0987,3.0438,3.77,62235.0,278,760
Ex 3 day 1821,4,98,0.0001,4.2841,3.0125,3.3,65050.0,268,779
Ex 3 day 1821,4,99,0.0001,4.2173,2.8077,3.3,64036.76,206,788
Ex 3 day 1821,4,100,0.0001,4.2694,2.9928,3.3,64826.93,236,852
Ex 3 day 1821,4,101,0.0001,4.1147,2.9894,3.77,62478.06,258,663
Ex 3 day 1821,4,102,0.0001,3.7876,2.8075,3.3,57512.16,352,715
Ex 3 day 1821,4,103,0.0001,4.0411,2.8625,3.3,61360.37,319,708
Ex 3 day 1821,4,104,0.0001,4.1087,2.9295,3.77,62387.93,240,670
Ex 3 day 1821,4,105,0.0001,3.8885,2.8003,3.3,59043.58,324,730
Ex 3 day 1821,4,106,0.0001,3.9642,2.9258,3.77,60192.98,327,791
Ex 3 day 1821,4,107,0.0001,3.8802,3.025,3.77,58918.21,234,809
Ex 3 day 1821,4,108,0.0001,3.8083,2.955,3.77,57825.15,333,695
Ex 3 day 1821,4,109,0.0001,3.8726,2.8844,3.77,58802.55,265,845
Ex 3 day 1821,4,110,0.0001,3.8139,2.6655,3.3,57910.55,296,715
Ex 3 day 1821,4,111,0.0001,3.7271,2.848,3.77,56592.89,303,734
Ex 3 day 1821,4,112,0.0001,3.6761,2.7839,3.77,55818.5,280,810
Ex 3 day 1821,4,113,0.0001,3.3556,2.1838,3.3,50951.43,242,775
Ex 3 day 1821,4,114,0.0001,3.3967,2.4568,3.3,51576.67,295,661
Ex 3 day 1821,4,115,0.0001,3.7556,3.3087,2.83,57026.43,307,839
Ex 3 day 1821,4,116,0.0001,3.5682,2.4529,3.3,54179.8,339,676
Ex 3 day 1821,4,117,0.0001,3.2916,2.2886,4.71,49979.94,298,695
Ex 3 day 1821,4,118,0.0001,3.4402,2.7744,2.83,52236.33,204,818
Ex 3 day 1821,4,119,0.0001,3.1935,2.1538,4.71,48490.65,227,759
Ex 3 day 1821,4,120,0.0001,2.9729,2.5849,2.83,45141.76,314,696
Ex 3 day 1821,4,121,0.0001,3.4607,2.4773,3.3,52547.86,218,860
Ex 3 day 1821,4,122,0.0001,3.5459,2.4569,3.77,53842.25,220,724
Ex 3 day 1821,4,123,0.0001,3.0812,2.3149,3.77,46785.85,211,752
Ex 3 day 1821,4,124,0.0001,3.3347,2.347,3.3,50634.81,262,867
Ex 3 day 1821,4,125,0.0001,3.2106,2.3846,3.3,48750.51,284,841
Ex 3 day 1821,4,126,0.0001,3.2415,2.8131,2.83,49219.96,369,771
Ex 3 day 1821,4,127,0.0001,3.2457,2.5405,2.83,49283.11,298,806
Ex 3 day 1821,4,128,0.0001,3.0118,2.1426,3.3,45731.98,249,731
Ex 3 day 1821,4,129,0.0001,3.1334,2.2293,3.3,47577.85,258,816
Ex 3 day 1821,4,130,0.0001,3.0004,1.9758,3.3,45558.63,281,798
Ex 3 day 1821,4,131,0.0001,3.1304,2.3691,3.77,47531.95,189,789
Ex 3 day 1821,4,132,0.0001,2.7842,1.8095,3.3,42275.69,254,784
Ex 3 day 1821,4,133,0.0001,3.2101,2.401,3.77,48743.0,276,669
Ex 3 day 1821,4,134,0.0001,2.7629,2.1805,3.77,41952.16,249,823
Ex 3 day 1821,4,135,0.0001,2.8701,2.006,3.3,43579.38,344,812
Ex 3 day 1821,4,136,0.0001,2.2996,1.5391,3.3,34917.68,220,780
Ex 3 day 1821,4,137,0.0001,2.9057,2.1061,3.3,44120.54,274,742
Ex 3 day 1821,4,138,0.0001,2.4657,2.0403,2.83,37440.35,267,682
Ex 3 day 1821,4,139,0.0001,2.8253,2.4916,2.83,42900.05,198,799
Ex 3 day 1821,4,140,0.0001,2.9086,2.4696,2.83,44164.41,217,737
Ex 3 day 1821,4,141,0.0001,2.8494,2.0986,3.77,43266.44,220,685
Ex 3 day 1821,4,142,0.0001,2.9016,2.2892,2.83,44058.18,298,814
Ex 3 day 1821,4,143,0.0001,2.8771,1.9673,3.77,43686.17,170,810
Ex 3 day 1821,4,144,0.0001,2.2938,1.8721,2.83,34829.61,260,689
Ex 3 day 1821,4,145,0.0001,2.5421,2.1815,2.83,38598.98,334,732
Ex 3 day 1821,4,146,0.0001,2.9186,1.9626,3.3,44316.78,359,688
Ex 3 day 1821,4,147,0.0001,2.3728,1.6261,4.24,36028.84,287,788
Ex 3 day 1821,4,148,0.0001,2.3486,1.6453,3.3,35661.87,305,721
Ex 3 day 1821,4,149,0.0001,2.3278,1.6444,3.3,35346.33,187,832
Ex 3 day 1821,4,150,0.0001,2.4425,1.7273,3.3,37087.88,211,738
Ex 3 day 1821,4,151,0.0001,2.1847,1.8695,2.83,33172.35,243,742
Ex 3 day 1821,4,152,0.0001,2.1952,1.7013,3.77,33332.69,335,803
Ex 3 day 1821,4,153,0.0001,1.7185,1.4574,3.77,26094.27,349,759
Ex 3 day 1821,4,154,0.0001,2.0745,1.5125,3.77,31499.65,252,765
Ex 3 day 1821,4,155,0.0001,2.397,2.0877,2.83,36397.14,198,740
Ex 3 day 1821,4,156,0.0001,2.2161,1.6201,2.83,33650.35,360,740
Ex 3 day 1821,4,157,0.0001,2.1676,1.7704,2.83,32912.45,322,840
Ex 3 day 1821,4,158,0.0001,2.0611,1.766,2.83,31296.81,294,847
Ex 3 day 1821,4,159,0.0001,1.753,1.4519,2.83,26618.31,237,713
Ex 3 day 1821,4,160,0.0001,1.7693,1.4371,2.83,26865.53,242,688
Ex 3 day 1821,4,161,0.0001,1.9111,1.5611,2.83,29018.5,362,749
Ex 3 day 1821,4,162,0.0001,1.3789,1.2641,4.24,20937.07,192,762
Ex 3 day 1821,4,163,0.0001,1.5382,1.2319,4.71,23355.74,285,743
Ex 3 day 1821,4,164,0.0001,1.843,1.6471,2.83,27984.71,226,740
Ex 3 day 1821,4,165,0.0001,2.2979,1.9592,2.83,34892.37,174,793
Ex 3 day 1821,4,166,0.0001,1.8697,1.5463,2.83,28390.06,253,711
Ex 3 day 1821,4,167,0.0001,1.7728,1.2218,3.3,26918.63,353,795
Ex 3 day 1821,4,168,0.0001,1.9858,1.6405,2.83,30153.45,248,689
Ex 3 day 1821,4,169,0.0001,1.2305,0.9125,3.3,18683.46,303,797
Ex 3 day 1821,4,170,0.0001,1.6775,1.412,2.83,25471.44,191,817
Ex 3 day 1821,4,171,0.0001,1.2941,1.0405,3.77,19650.52,227,831
Ex 3 day 1821,4,172,0.0001,1.9794,1.3464,4.24,30055.27,206,829
Ex 3 day 1821,4,173,0.0001,1.521,0.935,3.3,23095.56,274,831
Ex 3 day 1821,5,174,0.123,3.733,3.2397,2.83,30.35,1000,762
Ex 3 day 1821,5,175,0.123,2.5253,1.9008,4.24,20.53,849,814
Ex 3 day 1821,5,176,0.123,1.7706,1.3378,6.13,14.4,854,840
Ex 3 day 1821,5,177,0.123,2.5601,1.7066,3.3,20.82,908,867
Ex 3 day 1821,5,178,0.123,1.9677,1.303,3.3,16.0,846,779
Ex 3 day 1821,5,179,0.123,1.642,1.3968,2.83,13.35,848,768
Ex 3 day 1822,1,1,0.0288,4.3752,2.9862,3.3,151.77,174,258
Ex 3 day 1822,1,2,0.0288,3.8877,2.9026,3.77,134.85,112,193
Ex 3 day 1822,1,3,0.0288,3.748,2.414,3.3,130.01,144,200
Ex 3 day 1822,1,4,0.0288,4.0918,2.9861,3.77,141.93,129,179
Ex 3 day 1822,1,5,0.0288,3.9968,2.8956,3.3,138.64,126,305
Ex 3 day 1822,1,6,0.0288,4.0544,2.8286,3.3,140.64,111,215
Ex 3 day 1822,1,7,0.0288,3.7982,2.8862,3.77,131.75,178,337
Ex 3 day 1822,1,8,0.0288,3.6245,2.7754,3.3,125.72,134,226
Ex 3 day 1822,1,9,0.0288,3.6204,2.5689,3.3,125.58,158,193
Ex 3 day 1822,1,10,0.0288,3.9513,2.8134,3.3,137.06,205,228
Ex 3 day 1822,1,11,0.0288,3.7585,2.789,3.3,130.37,160,208
Ex 3 day 1822,1,12,0.0288,3.9585,2.7413,3.3,137.31,142,276
Ex 3 day 1822,1,13,0.0288,3.2202,2.3562,3.77,111.7,181,240
Ex 3 day 1822,1,14,0.0288,3.4983,2.7001,3.77,121.35,64,231
Ex 3 day 1822,1,15,0.0288,3.5969,2.6253,3.77,124.77,119,162
Ex 3 day 1822,1,16,0.0288,3.5277,3.0095,2.83,122.37,121,232
Ex 3 day 1822,1,17,0.0288,3.5896,2.2821,3.3,124.51,92,228
Ex 3 day 1822,1,18,0.0288,3.283,2.3319,3.3,113.88,181,227
Ex 3 day 1822,1,19,0.0288,3.4165,2.3632,3.3,118.51,178,303
Ex 3 day 1822,1,20,0.0288,3.6662,2.5854,3.3,127.17,207,255
Ex 3 day 1822,1,21,0.0288,3.3343,2.1981,4.24,115.66,177,281
Ex 3 day 1822,1,22,0.0288,3.1381,2.0924,3.3,108.85,181,207
Ex 3 day 1822,1,23,0.0288,2.9521,2.2249,4.71,102.4,227,251
Ex 3 day 1822,1,24,0.0288,2.5597,1.7591,3.3,88.79,191,233
Ex 3 day 1822,1,25,0.0288,3.3738,2.8744,2.83,117.03,220,217
Ex 3 day 1822,1,26,0.0288,3.0748,2.0679,3.3,106.66,175,314
Ex 3 day 1822,1,27,0.0288,2.9507,1.9673,3.3,102.35,158,299
Ex 3 day 1822,1,28,0.0288,3.4887,3.0069,2.83,121.02,161,178
Ex 3 day 1822,1,29,0.0288,2.9136,2.4724,2.83,101.07,110,310
Ex 3 day 1822,1,30,0.0288,3.3717,2.8952,2.83,116.96,165,245
Ex 3 day 1822,1,31,0.0288,2.5417,1.8927,4.71,88.16,106,247
Ex 3 day 1822,1,32,0.0288,2.8656,2.1195,3.77,99.4,95,305
Ex 3 day 1822,1,33,0.0288,2.3395,1.872,2.83,81.15,141,190
Ex 3 day 1822,1,34,0.0288,2.892,1.791,3.3,100.32,208,208
Ex 3 day 1822,1,35,0.0288,2.3417,1.624,3.3,81.23,200,271
Ex 3 day 1822,1,36,0.0288,2.3322,1.7057,3.77,80.9,133,199
Ex 3 day 1822,1,37,0.0288,2.2783,1.4279,4.24,79.03,196,309
Ex 3 day 1822,1,38,0.0288,2.5356,1.7423,3.3,87.96,120,338
Ex 3 day 1822,1,39,0.0288,2.19,1.6644,3.3,75.96,79,217
Ex 3 day 1822,1,40,0.0288,2.5842,2.2194,2.83,89.64,207,295
Ex 3 day 1822,1,41,0.0288,2.7015,2.3762,2.83,93.71,208,273
Ex 3 day 1822,1,42,0.0288,2.8029,2.4655,2.83,97.23,117,274
Ex 3 day 1822,1,43,0.0288,2.709,1.8696,3.3,93.97,98,296
Ex 3 day 1822,1,44,0.0288,2.3244,2.0343,2.83,80.63,173,223
Ex 3 day 1822,1,45,0.0288,2.425,1.7829,3.77,84.12,90,274
Ex 3 day 1822,1,46,0.0288,2.5435,1.9455,3.77,88.23,83,256
Ex 3 day 1822,1,47,0.0288,2.3124,1.9976,2.83,80.21,205,282
Ex 3 day 1822,1,48,0.0288,2.5266,1.7801,3.77,87.64,121,324
Ex 3 day 1822,1,49,0.0288,2.2075,1.4901,3.77,76.57,122,292
Ex 3 day 1822,1,50,0.0288,2.0837,1.4892,3.3,72.28,90,215
Ex 3 day 1822,1,51,0.0288,2.1286,1.3664,3.3,73.84,148,214
Ex 3 day 1822,1,52,0.0288,2.5458,2.2121,2.83,88.31,111,281
Ex 3 day 1822,1,53,0.0288,2.2563,1.6374,3.3,78.26,77,272
Ex 3 day 1822,1,54,0.0288,2.1713,1.8953,2.83,75.32,193,329
Ex 3 day 1822,1,55,0.0288,2.2544,1.4555,4.24,78.2,82,292
Ex 3 day 1822,1,56,0.0288,2.1522,1.5915,3.3,74.66,133,337
Ex 3 day 1822,1,57,0.0288,1.7722,1.3321,5.66,61.47,187,256
Ex 3 day 1822,1,58,0.0288,2.1414,1.8038,2.83,74.28,96,206
Ex 3 day 1822,1,59,0.0288,2.0956,1.7325,2.83,72.69,98,278
Ex 3 day 1822,1,60,0.0288,2.1145,1.492,3.3,73.35,164,273
Ex 3 day 1822,1,61,0.0288,1.9948,1.3883,3.77,69.2,149,320
Ex 3 day 1822,1,62,0.0288,1.6755,1.4426,2.83,58.12,111,179
Ex 3 day 1822,1,63,0.0288,1.7021,1.4971,2.83,59.04,157,316
Ex 3 day 1822,1,64,0.0288,1.9595,1.451,2.83,67.97,131,252
Ex 3 day 1822,1,65,0.0288,1.456,1.0144,6.13,50.51,144,294
Ex 3 day 1822,1,66,0.0288,1.9706,1.7303,2.83,68.36,193,257
Ex 3 day 1822,1,67,0.0288,1.778,1.435,3.77,61.67,99,317
Ex 3 day 1822,3,68,0.0042,4.5748,3.2453,3.3,1098.36,834,367
Ex 3 day 1822,3,69,0.0042,4.4009,3.0761,3.3,1056.59,824,393
Ex 3 day 1822,3,70,0.0042,4.626,3.2675,3.3,1110.65,850,391
Ex 3 day 1822,3,71,0.0042,4.4623,3.0496,3.3,1071.33,864,402
Ex 3 day 1822,3,72,0.0042,3.9796,2.9984,3.77,955.45,891,419
Ex 3 day 1822,3,73,0.0042,3.8966,2.9324,3.77,935.53,895,440
Ex 3 day 1822,3,74,0.0042,3.9377,2.4311,4.24,945.39,811,460
Ex 3 day 1822,3,75,0.0042,4.0623,2.9505,3.3,975.3,783,451
Ex 3 day 1822,3,76,0.0042,3.6979,2.4335,4.24,887.81,841,427
Ex 3 day 1822,3,77,0.0042,3.6237,2.6524,3.3,869.99,812,515
Ex 3 day 1822,3,78,0.0042,3.5533,2.2926,4.24,853.11,780,489
Ex 3 day 1822,3,79,0.0042,4.0244,3.5336,2.83,966.21,795,425
Ex 3 day 1822,3,80,0.0042,3.1936,2.1161,3.3,766.73,815,427
Ex 3 day 1822,3,81,0.0042,3.0291,2.5409,2.83,727.24,826,509
Ex 3 day 1822,3,82,0.0042,2.8404,1.8198,3.3,681.93,890,460
Ex 3 day 1822,3,83,0.0042,2.1079,1.8488,2.83,506.08,831,476
Ex 3 day 1822,3,84,0.0042,1.8883,1.649,3.77,453.35,865,475
Ex 3 day 1822,3,85,0.0042,2.3584,1.6833,2.83,566.23,810,412
Ex 3 day 1822,3,86,0.0042,2.1727,1.1579,4.24,521.63,831,446
Ex 3 day 1822,3,87,0.0042,1.9212,1.6365,2.83,461.24,877,441
Ex 3 day 1822,3,88,0.0042,2.6262,1.7975,3.77,630.5,837,494
Ex 3 day 1822,3,89,0.0042,1.7648,1.3321,3.3,423.72,841,481
Ex 3 day 1822,3,90,0.0042,1.6342,1.2492,3.3,392.36,820,499
Ex 3 day 1822,3,91,0.0042,2.1801,1.5045,4.24,523.4,805,490
Ex 3 day 1822,3,92,0.0042,1.6653,1.2021,3.3,399.82,873,432
Ex 3 day 1822,3,93,0.0042,1.5545,1.1044,4.71,373.22,847,469
Ex 3 day 1822,3,94,0.0042,1.4672,1.017,2.83,352.25,816,442
Ex 3 day 1822,3,95,0.0042,1.796,1.1701,4.24,431.19,872,458
Ex 3 day 1822,3,96,0.0042,2.3482,1.5753,3.3,563.77,860,444
Ex 3 day 1822,3,97,0.0042,1.7451,1.2229,3.3,418.98,857,481
Ex 3 day 1822,4,98,0.0397,4.3475,3.7601,2.83,109.49,1112,458
Ex 3 day 1822,4,99,0.0397,4.4733,3.1804,3.3,112.65,1051,433
Ex 3 day 1822,4,100,0.0397,4.1565,3.5413,2.83,104.68,1134,424
Ex 3 day 1822,4,101,0.0397,3.698,2.43,3.3,93.13,1066,446
Ex 3 day 1822,4,102,0.0397,3.3826,2.6813,3.77,85.19,1153,442
Ex 3 day 1822,4,103,0.0397,3.2973,2.7817,3.77,83.04,1098,446
Ex 3 day 1822,4,104,0.0397,3.228,2.7315,3.77,81.29,1053,464
Ex 3 day 1822,4,105,0.0397,2.645,2.2393,3.77,66.61,1099,486
Ex 3 day 1822,4,106,0.0397,3.2845,2.3402,3.3,82.72,1151,413
Ex 3 day 1822,4,107,0.0397,2.9529,2.3668,3.77,74.37,1123,528
Ex 3 day 1822,4,108,0.0397,2.8421,2.0946,3.77,71.57,1142,403
Ex 3 day 1822,4,109,0.0397,3.0615,2.6191,2.83,77.1,1104,408
Ex 3 day 1822,4,110,0.0397,2.4359,2.0344,4.71,61.35,1161,470
Ex 3 day 1822,4,111,0.0397,2.2816,1.3928,3.3,57.46,1145,427
Ex 3 day 1822,4,112,0.0397,2.8821,1.9827,3.3,72.58,1021,433
Ex 3 day 1822,4,113,0.0397,2.601,1.9197,3.77,65.5,1109,435
Ex 3 day 1822,4,114,0.0397,2.403,1.8587,4.24,60.52,1159,502
Ex 3 day 1822,4,115,0.0397,2.0768,1.7815,3.77,52.3,1089,478
Ex 3 day 1822,4,116,0.0397,2.196,1.6162,5.66,55.3,1138,448
Ex 3 day 1822,4,117,0.0397,2.4173,1.8369,3.77,60.88,1112,494
Ex 3 day 1822,4,118,0.0397,2.3658,1.8896,4.71,59.58,1107,511
Ex 3 day 1822,4,119,0.0397,2.4826,2.1437,2.83,62.52,1058,501
Ex 3 day 1822,4,120,0.0397,2.047,1.5328,4.24,51.55,1123,471
Ex 3 day 1822,4,121,0.0397,1.8643,1.467,2.83,46.95,1160,488
Ex 3 day 1822,4,122,0.0397,2.0985,1.4455,4.24,52.85,1168,519
Ex 3 day 1822,4,123,0.0397,1.936,1.6547,2.83,48.76,1152,459
Ex 3 day 1822,4,124,0.0397,1.6307,1.2667,6.6,41.07,1077,491
Ex 3 day 1822,4,125,0.0397,2.0085,1.735,3.77,50.58,1137,488
Ex 3 day 1822,4,126,0.0397,1.8649,1.4183,3.77,46.96,1149,389
Ex 3 day 1822,4,127,0.0397,2.1874,1.5824,3.3,55.09,1030,465
Ex 3 day 1822,4,128,0.0397,2.0055,1.6899,2.83,50.51,1039,466
Ex 3 day 1822,4,129,0.0397,1.8657,1.5834,4.24,46.98,1123,485
Ex 3 day 1822,4,130,0.0397,1.9919,1.3882,3.3,50.16,1088,526
Ex 3 day 1822,4,131,0.0397,1.6934,1.412,2.83,42.65,1058,486
Ex 3 day 1822,4,132,0.0397,1.5941,1.2999,2.83,40.14,1114,423
Ex 3 day 1822,5,133,0.0417,3.9285,2.9018,3.77,94.15,720,846
Ex 3 day 1822,5,134,0.0417,3.7921,2.7207,3.3,90.88,779,795
Ex 3 day 1822,5,135,0.0417,3.9133,2.8161,3.3,93.78,730,789
Ex 3 day 1822,5,136,0.0417,3.4316,2.6018,3.77,82.24,743,843
Ex 3 day 1822,5,137,0.0417,3.5198,2.5141,3.3,84.35,767,809
Ex 3 day 1822,5,138,0.0417,3.078,2.1165,3.3,73.76,724,776
Ex 3 day 1822,5,139,0.0417,3.0413,2.2065,3.3,72.88,782,832
Ex 3 day 1822,5,140,0.0417,2.8371,2.05,3.3,67.99,793,799
Ex 3 day 1822,5,141,0.0417,2.1554,1.2765,3.3,51.65,752,823
Ex 3 day 1822,5,142,0.0417,2.7802,2.4423,2.83,66.63,801,802
Ex 3 day 1822,5,143,0.0417,2.1694,1.6892,2.83,51.99,744,822
Ex 3 day 1822,5,144,0.0417,2.2408,1.9531,2.83,53.7,789,853
Ex 3 day 1822,5,145,0.0417,1.6533,1.149,3.3,39.62,764,797
Ex 3 day 1822,5,146,0.0417,1.1326,0.9694,3.77,27.14,777,819
Ex 3 day 1822,5,147,0.0417,1.9521,1.172,4.24,46.78,792,825
Ex 3 day 1822,6,148,0.0722,4.0303,2.9522,3.3,55.84,745,893
Ex 3 day 1822,6,149,0.0722,3.4983,2.4837,3.77,48.47,688,902
Ex 3 day 1822,6,150,0.0722,3.2418,2.3454,3.77,44.92,775,887
Ex 3 day 1822,6,151,0.0722,2.7974,2.1331,3.77,38.76,732,856
Ex 3 day 1822,6,152,0.0722,3.2748,2.2957,3.3,45.38,700,903
Ex 3 day 1822,6,153,0.0722,2.2414,1.8513,3.77,31.06,738,872
Ex 3 day 1822,6,154,0.0722,2.3309,2.0338,2.83,32.3,751,859
Ex 3 day 1822,6,155,0.0722,1.9435,1.6259,2.83,26.93,727,883
Ex 3 day 1822,6,156,0.0722,1.9207,1.4601,3.3,26.61,696,878
Ex 3 day 1822,6,157,0.0722,2.007,1.1196,6.6,27.81,712,887
Ex 3 day 1822,6,158,0.0722,2.4081,1.8035,3.3,33.37,695,842
Ex 3 day 1822,6,159,0.0722,1.8869,1.317,2.83,26.14,714,862
Ex 3 day 183,1,1,0.015,3.9877,3.1157,2.83,265.11,772,24
Ex 3 day 183,1,2,0.015,3.1301,2.6122,2.83,208.1,781,53
Ex 3 day 183,1,3,0.015,3.4042,2.5737,2.83,226.32,695,0
Ex 3 day 183,1,4,0.015,3.152,2.4778,2.83,209.55,725,72
Ex 3 day 183,1,5,0.015,3.3509,2.3919,2.83,222.78,727,34
Ex 3 day 183,1,6,0.015,2.8982,2.2198,2.83,192.68,716,0
Ex 3 day 183,1,7,0.015,2.6873,2.1768,2.83,178.66,747,32
Ex 3 day 183,1,8,0.015,2.4794,1.6663,3.77,164.84,761,7
Ex 3 day 183,1,9,0.015,2.907,2.3799,2.83,193.27,761,29
Ex 3 day 183,1,10,0.015,3.2773,2.6031,2.83,217.89,762,85
Ex 3 day 183,1,11,0.015,3.2403,2.7913,2.83,215.42,754,102
Ex 3 day 183,1,12,0.015,2.9494,2.4,2.83,196.08,731,0
Ex 3 day 183,1,13,0.015,2.7829,2.2668,2.83,185.01,711,83
Ex 3 day 183,1,14,0.015,2.3014,1.778,2.83,153.01,765,92
Ex 3 day 183,1,15,0.015,2.6004,1.9732,2.83,172.88,769,103
Ex 3 day 183,1,16,0.015,1.9103,1.3181,3.3,127.0,806,73
Ex 3 day 183,1,17,0.015,2.4321,1.9508,2.83,161.69,789,105
Ex 3 day 183,1,18,0.015,2.4871,1.9385,2.83,165.35,746,8
Ex 3 day 183,1,19,0.015,2.1012,1.6992,2.83,139.7,724,23
Ex 3 day 183,1,20,0.015,2.7187,2.2626,2.83,180.75,858,84
Ex 3 day 183,1,21,0.015,2.2751,1.9221,2.83,151.25,679,67
Ex 3 day 183,1,22,0.015,1.7907,1.5298,2.83,119.05,776,92
Ex 3 day 183,1,23,0.015,2.452,1.9543,2.83,163.01,792,75
Ex 3 day 183,1,24,0.015,2.3654,1.6747,2.83,157.26,768,41
Ex 3 day 183,1,25,0.015,2.6513,2.2324,2.83,176.27,820,92
Ex 3 day 183,1,26,0.015,2.1173,1.7601,2.83,140.76,755,47
Ex 3 day 183,1,27,0.015,2.4181,1.921,2.83,160.76,739,79
Ex 3 day 183,1,28,0.015,2.5326,1.9887,2.83,168.37,716,68
Ex 3 day 183,1,29,0.015,2.4074,1.9291,2.83,160.05,823,87
Ex 3 day 183,1,30,0.015,2.0893,1.5383,2.83,138.9,736,14
Ex 3 day 183,1,31,0.015,1.564,1.3699,3.3,103.98,750,78
Ex 3 day 183,1,32,0.015,1.9057,1.5989,2.83,126.69,687,40
Ex 3 day 183,1,33,0.015,2.4801,1.6242,3.77,164.88,726,93
Ex 3 day 183,1,34,0.015,2.8835,2.1204,2.83,191.7,808,88
Ex 3 day 183,1,35,0.015,2.5972,1.6609,3.3,172.67,807,20
Ex 3 day 183,1,36,0.015,2.1427,1.5759,2.83,142.45,797,98
Ex 3 day 183,1,37,0.015,2.435,1.9876,2.83,161.88,677,25
Ex 3 day 183,1,38,0.015,1.9043,1.3822,2.83,126.6,702,53
Ex 3 day 183,1,39,0.015,2.1959,1.7123,2.83,145.99,835,92
Ex 3 day 183,1,40,0.015,1.5236,1.3023,2.83,101.3,785,44
Ex 3 day 183,1,41,0.015,2.4719,2.0527,2.83,164.34,790,87
Ex 3 day 183,1,42,0.015,1.9056,1.6039,2.83,126.69,747,91
Ex 3 day 183,1,43,0.015,1.9771,1.667,2.83,131.44,725,79
Ex 3 day 183,1,44,0.015,1.2862,1.1231,2.83,85.51,736,41
Ex 3 day 183,1,45,0.015,0.8579,1.0998,5.66,57.04,796,61
Ex 3 day 183,1,46,0.015,1.8028,1.2131,2.83,119.86,743,40
Ex 3 day 183,1,47,0.015,2.1204,1.6987,2.83,140.97,689,5
Ex 3 day 183,1,48,0.015,1.7243,1.1311,3.3,114.64,811,101
Ex 3 day 183,1,49,0.015,2.2591,1.9465,2.83,150.19,797,87
Ex 3 day 183,1,50,0.015,1.659,1.3897,2.83,110.29,718,7
Ex 3 day 183,1,51,0.015,1.9361,1.6443,2.83,128.72,799,11
Ex 3 day 183,1,52,0.015,1.2232,0.9473,2.83,81.32,825,76
Ex 3 day 183,1,53,0.015,1.4582,0.9615,2.83,96.95,838,82
Ex 3 day 183,1,54,0.015,1.4527,1.0888,3.77,96.58,711,31
Ex 3 day 183,1,55,0.015,1.4082,0.9313,3.3,93.62,797,45
Ex 3 day 183,1,56,0.015,1.3204,1.1197,3.77,87.78,739,21
Ex 3 day 183,1,57,0.015,0.8932,1.0476,3.77,59.38,778,75
Ex 3 day 183,1,58,0.015,2.5728,1.9316,2.83,171.05,697,16
Ex 3 day 183,1,59,0.015,1.8322,1.323,2.83,121.81,695,44
Ex 3 day 183,1,60,0.015,1.3425,1.0345,2.83,89.26,712,42
Ex 3 day 183,1,61,0.015,1.6515,1.3328,2.83,109.8,680,13
Ex 3 day 183,1,62,0.015,1.5685,1.0396,4.24,104.28,697,67
Ex 3 day 183,1,63,0.015,1.9174,1.1892,3.3,127.47,705,49
Ex 3 day 183,2,64,0.0193,3.671,3.0225,2.83,190.27,152,133
Ex 3 day 183,2,65,0.0193,3.0493,2.1788,4.24,158.05,209,124
Ex 3 day 183,2,66,0.0193,3.806,2.6945,3.3,197.27,204,91
Ex 3 day 183,2,67,0.0193,3.5364,2.5072,3.3,183.3,153,171
Ex 3 day 183,2,68,0.0193,3.1873,2.417,3.3,165.2,183,81
Ex 3 day 183,2,69,0.0193,3.0365,2.2707,3.3,157.39,87,136
Ex 3 day 183,2,70,0.0193,3.0482,2.6027,2.83,157.99,123,181
Ex 3 day 183,2,71,0.0193,3.3174,2.2068,3.77,171.94,107,114
Ex 3 day 183,2,72,0.0193,3.0507,2.638,2.83,158.12,167,180
Ex 3 day 183,2,73,0.0193,2.9928,2.2489,2.83,155.12,130,142
Ex 3 day 183,2,74,0.0193,2.7995,2.3233,2.83,145.1,165,136
Ex 3 day 183,2,75,0.0193,2.6651,2.0319,2.83,138.14,180,145
Ex 3 day 183,2,76,0.0193,2.2203,1.9099,3.77,115.08,203,147
Ex 3 day 183,2,77,0.0193,2.8557,2.3209,2.83,148.02,121,113
Ex 3 day 183,2,78,0.0193,2.5334,1.9045,2.83,131.31,194,104
Ex 3 day 183,2,79,0.0193,2.5124,1.8031,2.83,130.22,133,114
Ex 3 day 183,2,80,0.0193,2.1257,1.5062,4.71,110.18,176,131
Ex 3 day 183,2,81,0.0193,2.5843,1.9038,2.83,133.95,199,162
Ex 3 day 183,2,82,0.0193,2.3492,1.5447,4.71,121.76,161,111
Ex 3 day 183,2,83,0.0193,1.9863,1.4574,2.83,102.95,204,112
Ex 3 day 183,2,84,0.0193,2.0824,1.6811,3.77,107.93,139,160
Ex 3 day 183,2,85,0.0193,1.8786,1.3423,4.24,97.37,138,134
Ex 3 day 183,2,86,0.0193,1.718,1.5686,2.83,89.05,218,101
Ex 3 day 183,2,87,0.0193,1.8869,1.4507,3.77,97.8,163,86
Ex 3 day 183,2,88,0.0193,2.3072,1.8145,2.83,119.58,137,100
Ex 3 day 183,2,89,0.0193,2.1958,1.5482,2.83,113.81,173,160
Ex 3 day 183,2,90,0.0193,2.0674,1.4238,2.83,107.15,192,162
Ex 3 day 183,2,91,0.0193,2.2574,1.8065,2.83,117.0,175,148
Ex 3 day 183,2,92,0.0193,1.8911,1.4962,2.83,98.02,83,126
Ex 3 day 183,2,93,0.0193,2.0661,1.6828,2.83,107.09,159,159
Ex 3 day 183,2,94,0.0193,2.1306,1.5807,2.83,110.43,192,144
Ex 3 day 183,2,95,0.0193,2.0308,1.5539,2.83,105.26,131,150
Ex 3 day 183,2,96,0.0193,2.6029,1.6227,2.83,134.91,140,184
Ex 3 day 183,2,97,0.0193,2.503,2.1722,2.83,129.73,166,111
Ex 3 day 183,2,98,0.0193,1.5576,1.0718,3.77,80.73,150,110
Ex 3 day 183,2,99,0.0193,2.356,1.7643,2.83,122.11,118,148
Ex 3 day 183,2,100,0.0193,1.35,1.0111,2.83,69.97,151,123
Ex 3 day 183,2,101,0.0193,1.888,1.4354,2.83,97.86,107,134
Ex 3 day 183,2,102,0.0193,1.9329,1.5787,2.83,100.19,117,119
Ex 3 day 183,2,103,0.0193,1.5382,1.146,2.83,79.73,194,128
Ex 3 day 183,2,104,0.0193,1.3348,0.8929,2.83,69.19,115,135
Ex 3 day 183,2,105,0.0193,1.9222,1.5136,2.83,99.63,221,110
Ex 3 day 183,2,106,0.0193,1.7853,1.3457,2.83,92.53,109,160
Ex 3 day 183,2,107,0.0193,1.4566,0.8024,2.83,75.5,142,148
Ex 3 day 183,2,108,0.0193,2.3429,1.0578,4.24,121.44,225,127
Ex 3 day 183,2,109,0.0193,1.4396,1.192,2.83,74.62,133,101
Ex 3 day 183,2,110,0.0193,2.2761,1.6665,2.83,117.97,226,114
Ex 3 day 183,3,111,0.0075,3.6267,2.9049,2.83,481.33,392,151
Ex 3 day 183,3,112,0.0075,3.9272,2.7705,3.77,521.21,399,128
Ex 3 day 183,3,113,0.0075,4.0928,3.3666,2.83,543.18,378,170
Ex 3 day 183,3,114,0.0075,2.7448,2.3561,2.83,364.29,379,149
Ex 3 day 183,3,115,0.0075,3.2876,2.3037,2.83,436.32,383,186
Ex 3 day 183,3,116,0.0075,2.3722,1.8394,2.83,314.84,337,153
Ex 3 day 183,3,117,0.0075,2.603,2.1191,2.83,345.47,351,191
Ex 3 day 183,3,118,0.0075,2.4512,1.6058,3.3,325.32,394,183
Ex 3 day 183,3,119,0.0075,2.4534,2.1294,2.83,325.6,421,149
Ex 3 day 183,3,120,0.0075,2.8828,2.1028,2.83,382.59,375,136
Ex 3 day 183,3,121,0.0075,2.5964,2.158,2.83,344.59,351,159
Ex 3 day 183,3,122,0.0075,2.1817,1.7379,3.77,289.55,325,185
Ex 3 day 183,3,123,0.0075,1.8719,1.3764,2.83,248.44,376,186
Ex 3 day 183,3,124,0.0075,2.1341,1.7082,2.83,283.23,349,181
Ex 3 day 183,3,125,0.0075,2.2417,1.795,2.83,297.51,347,198
Ex 3 day 183,3,126,0.0075,2.4812,2.0155,2.83,329.31,343,181
Ex 3 day 183,3,127,0.0075,2.0016,1.4814,2.83,265.65,331,181
Ex 3 day 183,3,128,0.0075,2.0557,1.5656,2.83,272.84,407,143
Ex 3 day 183,3,129,0.0075,2.1497,1.6986,2.83,285.31,344,163
Ex 3 day 183,3,130,0.0075,1.4913,1.3213,2.83,197.92,395,196
Ex 3 day 183,3,131,0.0075,1.7859,1.4508,2.83,237.02,417,125
Ex 3 day 183,3,132,0.0075,1.3956,1.1066,2.83,185.22,329,198
Ex 3 day 183,3,133,0.0075,1.7892,1.4288,2.83,237.47,387,125
Ex 3 day 183,3,134,0.0075,1.6838,1.323,2.83,223.47,395,165
Ex 3 day 183,3,135,0.0075,2.1139,1.5254,2.83,280.56,424,137
Ex 3 day 183,3,136,0.0075,1.8761,1.3556,2.83,248.99,372,181
Ex 3 day 183,3,137,0.0075,1.9307,1.3846,2.83,256.23,418,136
Ex 3 day 183,3,138,0.0075,1.571,1.1226,2.83,208.49,384,196
Ex 3 day 183,3,139,0.0075,1.5852,1.1706,2.83,210.38,362,175
Ex 3 day 183,3,140,0.0075,2.5637,2.0583,2.83,340.25,369,135
Ex 3 day 183,3,141,0.0075,2.0979,1.6527,2.83,278.43,363,132
Ex 3 day 183,3,142,0.0075,1.8375,1.3431,2.83,243.87,344,147
Ex 3 day 183,3,143,0.0075,1.4157,0.9602,2.83,187.89,351,167
Ex 3 day 183,4,144,0.0319,3.9725,3.4115,2.83,124.66,1227,209
Ex 3 day 183,4,145,0.0319,3.8198,3.2846,2.83,119.87,1343,247
Ex 3 day 183,4,146,0.0319,3.2996,2.5666,2.83,103.54,1281,203
Ex 3 day 183,4,147,0.0319,3.8098,2.9115,2.83,119.55,1284,192
Ex 3 day 183,4,148,0.0319,3.6971,2.9857,2.83,116.02,1232,236
Ex 3 day 183,4,149,0.0319,2.7822,2.2605,2.83,87.31,1332,227
Ex 3 day 183,4,150,0.0319,3.2686,2.5322,2.83,102.57,1369,225
Ex 3 day 183,4,151,0.0319,3.5193,3.0698,2.83,110.44,1329,251
Ex 3 day 183,4,152,0.0319,3.2849,2.4563,2.83,103.08,1301,224
Ex 3 day 183,4,153,0.0319,3.0163,2.3617,2.83,94.65,1256,202
Ex 3 day 183,4,154,0.0319,2.9635,2.444,2.83,93.0,1277,282
Ex 3 day 183,4,155,0.0319,2.9969,2.4413,2.83,94.04,1201,218
Ex 3 day 183,4,156,0.0319,2.4711,1.7041,3.3,77.54,1287,245
Ex 3 day 183,4,157,0.0319,2.6837,2.0394,2.83,84.21,1196,233
Ex 3 day 183,4,158,0.0319,2.1881,1.5628,4.24,68.67,1344,224
Ex 3 day 183,4,159,0.0319,2.5867,2.1817,2.83,81.17,1226,247
Ex 3 day 183,4,160,0.0319,2.99,2.3195,2.83,93.83,1274,297
Ex 3 day 183,4,161,0.0319,3.4541,2.5849,2.83,108.39,1330,289
Ex 3 day 183,4,162,0.0319,2.8655,2.2716,2.83,89.92,1269,223
Ex 3 day 183,4,163,0.0319,2.4374,1.4659,3.3,76.49,1317,284
Ex 3 day 183,4,164,0.0319,2.2502,2.0347,2.83,70.61,1210,229
Ex 3 day 183,4,165,0.0319,2.1957,1.8568,2.83,68.9,1301,210
Ex 3 day 183,4,166,0.0319,3.5639,2.3484,2.83,111.84,1312,220
Ex 3 day 183,4,167,0.0319,2.8366,1.8353,2.83,89.01,1218,247
Ex 3 day 183,4,168,0.0319,2.8428,2.0684,2.83,89.21,1215,264
Ex 3 day 183,4,169,0.0319,2.1763,1.9759,2.83,68.29,1284,286
Ex 3 day 183,4,170,0.0319,2.6193,2.1653,2.83,82.19,1305,267
Ex 3 day 183,4,171,0.0319,2.7539,2.2263,2.83,86.42,1254,222
Ex 3 day 183,4,172,0.0319,2.3382,2.1928,2.83,73.37,1205,250
Ex 3 day 183,4,173,0.0319,2.5206,1.9876,2.83,79.1,1269,304
Ex 3 day 183,4,174,0.0319,1.9646,1.2755,3.77,61.65,1315,208
Ex 3 day 183,4,175,0.0319,2.3519,2.04,2.83,73.81,1257,252
Ex 3 day 183,4,176,0.0319,2.3086,1.7631,2.83,72.45,1245,207
Ex 3 day 183,4,177,0.0319,2.1474,1.6955,2.83,67.39,1238,201
Ex 3 day 183,4,178,0.0319,1.8581,1.5474,3.3,58.31,1296,258
Ex 3 day 183,4,179,0.0319,2.8701,1.9117,4.71,90.06,1265,320
Ex 3 day 183,4,180,0.0319,2.9285,2.1722,2.83,91.9,1310,298
Ex 3 day 183,4,181,0.0319,2.075,1.5695,3.77,65.11,1321,223
Ex 3 day 183,4,182,0.0319,2.1093,1.5369,3.3,66.19,1271,214
Ex 3 day 183,4,183,0.0319,2.266,1.5077,3.3,71.11,1364,258
Ex 3 day 183,4,184,0.0319,2.5314,2.1221,2.83,79.44,1245,246
Ex 3 day 183,4,185,0.0319,2.2444,1.9119,2.83,70.43,1239,212
Ex 3 day 183,4,186,0.0319,1.9013,1.6131,2.83,59.66,1270,259
Ex 3 day 183,4,187,0.0319,2.2715,2.0185,2.83,71.28,1299,196
Ex 3 day 183,4,188,0.0319,2.0361,1.4299,2.83,63.89,1274,247
Ex 3 day 183,4,189,0.0319,2.9206,2.071,2.83,91.65,1245,272
Ex 3 day 183,4,190,0.0319,2.1515,1.4768,2.83,67.52,1354,221
Ex 3 day 183,4,191,0.0319,3.4201,2.3003,2.83,107.32,1220,320
Ex 3 day 183,4,192,0.0319,2.0126,1.7585,2.83,63.15,1306,200
Ex 3 day 183,4,193,0.0319,2.56,1.2618,4.24,80.33,1319,270
Ex 3 day 183,4,194,0.0319,2.3164,1.8136,2.83,72.69,1349,278
Ex 3 day 183,4,195,0.0319,2.1991,1.5132,2.83,69.01,1293,270
Ex 3 day 183,4,196,0.0319,2.59,2.029,2.83,81.28,1292,192
Ex 3 day 183,4,197,0.0319,1.7732,1.6435,2.83,55.65,1259,282
Ex 3 day 183,4,198,0.0319,1.9931,1.5959,2.83,62.55,1253,233
Ex 3 day 183,4,199,0.0319,1.5708,1.0563,4.24,49.29,1378,234
Ex 3 day 183,4,200,0.0319,2.5645,1.6932,2.83,80.48,1209,264
Ex 3 day 183,4,201,0.0319,1.9432,1.6568,2.83,60.98,1230,254
Ex 3 day 183,4,202,0.0319,1.9942,1.4905,2.83,62.58,1326,298
Ex 3 day 183,4,203,0.0319,2.1747,1.7958,2.83,68.24,1264,235
Ex 3 day 183,4,204,0.0319,2.3349,1.9844,2.83,73.27,1354,277
Ex 3 day 183,4,205,0.0319,2.2156,1.6053,3.3,69.53,1270,188
Ex 3 day 183,4,206,0.0319,1.6966,1.4329,2.83,53.24,1214,237
Ex 3 day 183,4,207,0.0319,1.8154,1.3434,3.3,56.97,1250,259
Ex 3 day 183,4,208,0.0319,2.2805,1.9181,2.83,71.56,1254,297
Ex 3 day 183,4,209,0.0319,2.1786,1.8661,2.83,68.37,1279,269
Ex 3 day 183,4,210,0.0319,1.8644,1.4535,2.83,58.51,1296,184
Ex 3 day 183,4,211,0.0319,2.2638,1.7566,2.83,71.04,1255,196
Ex 3 day 183,4,212,0.0319,1.7149,1.2889,3.77,53.82,1224,225
Ex 3 day 183,4,213,0.0319,1.9437,1.3595,4.24,60.99,1304,290
Ex 3 day 183,4,214,0.0319,1.7483,1.3476,2.83,54.86,1218,269
Ex 3 day 183,4,215,0.0319,1.9382,1.5475,2.83,60.82,1260,268
Ex 3 day 183,4,216,0.0319,1.9134,1.6141,2.83,60.04,1241,195
Ex 3 day 183,4,217,0.0319,1.8503,1.1748,4.24,58.06,1303,236
Ex 3 day 183,4,218,0.0319,2.7846,1.926,2.83,87.38,1327,272
Ex 3 day 183,4,219,0.0319,1.6869,1.3424,3.3,52.94,1362,239
Ex 3 day 183,4,220,0.0319,1.9748,1.4655,2.83,61.97,1356,257
Ex 3 day 183,4,221,0.0319,1.4417,1.023,2.83,45.24,1194,257
Ex 3 day 183,4,222,0.0319,1.5958,1.3468,3.77,50.08,1291,232
Ex 3 day 183,4,223,0.0319,1.8621,1.3889,2.83,58.43,1286,212
Ex 3 day 183,4,224,0.0319,2.2574,1.7379,2.83,70.84,1209,234
Ex 3 day 183,4,225,0.0319,1.585,1.2344,2.83,49.74,1305,179
Ex 3 day 183,4,226,0.0319,1.6709,1.4527,2.83,52.43,1287,220
Ex 3 day 183,4,227,0.0319,2.012,1.5833,2.83,63.14,1246,213
Ex 3 day 183,4,228,0.0319,2.2936,1.8574,2.83,71.97,1242,269
Ex 3 day 183,4,229,0.0319,1.6252,1.2252,2.83,51.0,1369,268
Ex 3 day 183,4,230,0.0319,2.018,1.4337,4.24,63.33,1365,210
Ex 3 day 183,4,231,0.0319,1.9269,1.6281,2.83,60.47,1237,291
Ex 3 day 183,4,232,0.0319,1.8591,1.1635,2.83,58.34,1297,298
Ex 3 day 183,4,233,0.0319,2.1541,1.712,2.83,67.6,1219,258
Ex 3 day 183,4,234,0.0319,1.5504,1.1768,2.83,48.65,1237,273
Ex 3 day 183,4,235,0.0319,1.8797,1.6438,2.83,58.99,1283,259
Ex 3 day 183,4,236,0.0319,1.8754,1.1697,5.66,58.85,1286,309
Ex 3 day 183,4,237,0.0319,1.4737,1.3073,2.83,46.25,1325,209
Ex 3 day 183,4,238,0.0319,1.6343,1.3526,2.83,51.29,1235,315
Ex 3 day 183,4,239,0.0319,1.8338,1.29,2.83,57.54,1375,255
Ex 3 day 183,4,240,0.0319,2.0565,1.8381,2.83,64.53,1179,262
Ex 3 day 183,4,241,0.0319,1.8359,1.3489,2.83,57.61,1301,283
Ex 3 day 183,4,242,0.0319,1.2613,0.7626,3.3,39.58,1378,245
Ex 3 day 183,4,243,0.0319,1.3503,1.0588,2.83,42.37,1295,247
Ex 3 day 183,4,244,0.0319,1.9982,1.4905,2.83,62.7,1369,233
Ex 3 day 183,4,245,0.0319,1.6835,1.2459,2.83,52.83,1215,279
Ex 3 day 183,4,246,0.0319,1.1463,0.7613,2.83,35.97,1306,245
Ex 3 day 183,4,247,0.0319,1.3471,1.09,2.83,42.27,1260,213
Ex 3 day 183,4,248,0.0319,2.2419,1.9145,2.83,70.35,1194,279
Ex 3 day 183,4,249,0.0319,2.0459,1.6121,2.83,64.2,1324,304
Ex 3 day 183,4,250,0.0319,1.7696,1.3666,2.83,55.53,1239,223
Ex 3 day 183,4,251,0.0319,1.795,1.4749,2.83,56.33,1283,304
Ex 3 day 183,4,252,0.0319,1.0307,0.8273,2.83,32.34,1295,277
Ex 3 day 183,4,253,0.0319,1.9942,1.6274,2.83,62.58,1341,297
Ex 3 day 183,4,254,0.0319,1.9698,1.4373,2.83,61.81,1205,242
Ex 3 day 183,4,255,0.0319,0.5929,1.2515,4.24,18.61,1335,210
Ex 3 day 183,4,256,0.0319,1.4365,1.193,2.83,45.08,1182,271
Ex 3 day 183,4,257,0.0319,2.3262,1.9066,2.83,73.0,1228,293
Ex 3 day 183,4,258,0.0319,1.4913,0.9769,3.3,46.8,1194,246
Ex 3 day 183,4,259,0.0319,2.1143,1.7094,2.83,66.35,1309,231
Ex 3 day 183,5,260,0.0132,4.5515,3.0443,3.3,345.4,402,244
Ex 3 day 183,5,261,0.0132,3.9062,2.8831,3.3,296.43,351,226
Ex 3 day 183,5,262,0.0132,3.3293,2.6925,2.83,252.65,386,208
Ex 3 day 183,5,263,0.0132,2.3118,1.9293,2.83,175.44,384,218
Ex 3 day 183,5,264,0.0132,2.3236,1.8862,2.83,176.33,336,215
Ex 3 day 183,5,265,0.0132,2.5048,2.0695,2.83,190.08,399,265
Ex 3 day 183,5,266,0.0132,2.1012,1.6108,2.83,159.46,388,266
Ex 3 day 183,5,267,0.0132,1.5667,1.4629,2.83,118.89,373,210
Ex 3 day 183,5,268,0.0132,2.5527,1.7375,2.83,193.72,380,231
Ex 3 day 183,5,269,0.0132,2.4317,1.7156,4.71,184.54,375,250
Ex 3 day 183,5,270,0.0132,2.4253,1.8808,2.83,184.05,371,244
Ex 3 day 183,5,271,0.0132,2.3453,2.0153,2.83,177.98,351,244
Ex 3 day 183,5,272,0.0132,2.0525,1.6005,2.83,155.76,392,233
Ex 3 day 183,5,273,0.0132,1.8354,1.5789,2.83,139.28,349,259
Ex 3 day 183,5,274,0.0132,1.6835,1.3906,2.83,127.76,371,224
Ex 3 day 183,5,275,0.0132,2.4213,1.9781,2.83,183.74,345,241
Ex 3 day 183,5,276,0.0132,2.239,1.6296,2.83,169.91,401,220
Ex 3 day 183,5,277,0.0132,1.6481,1.1427,2.83,125.07,363,220
Ex 3 day 183,5,278,0.0132,1.9421,1.576,2.83,147.38,399,211
Ex 3 day 183,5,279,0.0132,1.7087,1.3015,2.83,129.67,373,218
Ex 3 day 183,5,280,0.0132,1.932,1.6,2.83,146.61,422,231
Ex 3 day 183,5,281,0.0132,1.3818,0.8882,2.83,104.86,336,230
Ex 3 day 183,5,282,0.0132,1.7609,1.376,2.83,133.63,381,239
Ex 3 day 183,5,283,0.0132,1.349,0.8863,2.83,102.37,405,228
Ex 3 day 183,6,284,-0.0322,4.2387,3.1226,3.3,-131.77,1014,411
Ex 3 day 183,6,285,-0.0322,3.3091,2.2268,4.24,-102.87,1048,352
Ex 3 day 183,6,286,-0.0322,3.4701,2.3583,3.3,-107.87,1014,367
Ex 3 day 183,6,287,-0.0322,3.4741,2.5952,3.3,-108.0,1009,392
Ex 3 day 183,6,288,-0.0322,3.4708,2.0511,3.3,-107.9,996,428
Ex 3 day 183,6,289,-0.0322,3.0398,2.0985,4.71,-94.5,1041,397
Ex 3 day 183,6,290,-0.0322,3.3761,2.3268,3.3,-104.95,1048,375
Ex 3 day 183,6,291,-0.0322,2.6093,2.1006,2.83,-81.11,1020,429
Ex 3 day 183,6,292,-0.0322,2.1443,1.7894,2.83,-66.66,1028,367
Ex 3 day 183,6,293,-0.0322,2.3293,1.8647,2.83,-72.41,1047,385
Ex 3 day 183,6,294,-0.0322,2.2458,1.8525,2.83,-69.82,1034,431
Ex 3 day 183,6,295,-0.0322,1.9331,1.5995,2.83,-60.09,983,398
Ex 3 day 183,6,296,-0.0322,2.2589,1.9042,2.83,-70.22,1061,362
Ex 3 day 183,6,297,-0.0322,2.247,1.5828,2.83,-69.85,1035,414
Ex 3 day 183,6,298,-0.0322,1.5841,1.1051,3.3,-49.24,1025,354
Ex 3 day 183,6,299,-0.0322,1.9458,1.43,2.83,-60.49,1024,390
Ex 3 day 183,6,300,-0.0322,2.0707,1.612,2.83,-64.37,1036,374
Ex 3 day 183,6,301,-0.0322,2.0193,1.3159,4.71,-62.77,987,416
Ex 3 day 183,6,302,-0.0322,1.6588,1.275,2.83,-51.57,1019,450
Ex 3 day 183,6,303,-0.0322,0.8513,0.9554,2.83,-26.46,1030,444
Ex 3 day 183,6,304,-0.0322,1.6269,1.2414,2.83,-50.58,1012,437
Ex 3 day 183,6,305,-0.0322,1.6666,1.2858,2.83,-51.81,1021,441
Ex 3 day 183,6,306,-0.0322,1.3843,1.0707,2.83,-43.04,1061,369
Ex 3 day 183,6,307,-0.0322,1.3534,1.1587,2.83,-42.07,1045,428
Ex 3 day 183,7,308,-0.0044,4.4428,3.0575,3.3,-1015.14,1152,437
Ex 3 day 183,7,309,-0.0044,4.0856,3.0968,3.3,-933.53,1131,430
Ex 3 day 183,7,310,-0.0044,4.0728,3.54,2.83,-930.6,1101,353
Ex 3 day 183,7,311,-0.0044,4.1799,3.0176,3.77,-955.06,1079,442
Ex 3 day 183,7,312,-0.0044,4.1093,2.8783,3.3,-938.93,1078,419
Ex 3 day 183,7,313,-0.0044,3.5269,2.6144,3.77,-805.87,1078,399
Ex 3 day 183,7,314,-0.0044,3.1542,2.5612,3.77,-720.7,1074,381
Ex 3 day 183,7,315,-0.0044,3.2177,2.4851,3.77,-735.21,1105,388
Ex 3 day 183,7,316,-0.0044,3.246,2.224,4.24,-741.68,1098,454
Ex 3 day 183,7,317,-0.0044,3.1324,2.702,2.83,-715.73,1091,420
Ex 3 day 183,7,318,-0.0044,3.0332,2.4347,2.83,-693.07,1080,464
Ex 3 day 183,7,319,-0.0044,3.3894,2.3444,3.3,-774.44,1046,442
Ex 3 day 183,7,320,-0.0044,2.5804,1.8719,2.83,-589.61,1100,404
Ex 3 day 183,7,321,-0.0044,2.3883,1.8194,2.83,-545.71,1108,406
Ex 3 day 183,7,322,-0.0044,1.9073,1.5316,4.24,-435.79,1149,414
Ex 3 day 183,7,323,-0.0044,2.2667,1.8637,2.83,-517.91,1075,352
Ex 3 day 183,7,324,-0.0044,2.2865,2.073,2.83,-522.43,1056,441
Ex 3 day 183,7,325,-0.0044,1.4826,1.483,4.71,-338.75,1123,372
Ex 3 day 183,7,326,-0.0044,2.4191,1.9076,2.83,-552.74,1062,474
Ex 3 day 183,7,327,-0.0044,1.9068,1.2868,4.24,-435.69,1129,405
Ex 3 day 183,7,328,-0.0044,1.9639,1.1541,3.3,-448.74,1105,484
Ex 3 day 183,7,329,-0.0044,1.9809,1.6295,2.83,-452.62,1121,388
Ex 3 day 183,7,330,-0.0044,1.6359,1.2349,2.83,-373.79,1098,438
Ex 3 day 183,7,331,-0.0044,1.5163,1.2573,2.83,-346.46,1139,410
Ex 3 day 183,7,332,-0.0044,1.7351,1.4151,2.83,-396.46,1074,474
Ex 3 day 183,7,333,-0.0044,1.742,1.3952,3.77,-398.03,1137,379
Ex 3 day 183,7,334,-0.0044,1.6308,1.349,2.83,-372.63,1136,395
Ex 3 day 183,7,335,-0.0044,1.5498,1.4461,3.77,-354.11,1150,394
Ex 3 day 183,7,336,-0.0044,2.1003,1.3464,3.3,-479.9,1067,483
Ex 3 day 183,7,337,-0.0044,2.2913,1.705,2.83,-523.54,1089,374
Ex 3 day 183,7,338,-0.0044,0.8949,0.8334,3.3,-204.48,1060,427
Ex 3 day 183,7,339,-0.0044,1.5817,1.2567,2.83,-361.4,1105,365
Ex 3 day 183,7,340,-0.0044,1.5558,1.3478,2.83,-355.48,1114,430
Ex 3 day 183,7,341,-0.0044,1.8157,1.4447,2.83,-414.86,1152,403
Ex 3 day 183,7,342,-0.0044,2.4136,1.8476,2.83,-551.48,1081,474
Ex 3 day 183,7,343,-0.0044,1.6881,1.286,2.83,-385.71,1143,399
Ex 3 day 183,7,344,-0.0044,1.4763,1.1654,2.83,-337.32,1067,471
Ex 3 day 183,8,345,0.0467,4.7729,4.2109,2.83,102.27,1175,537
Ex 3 day 183,8,346,0.0467,4.2452,2.9751,3.3,90.96,1240,551
Ex 3 day 183,8,347,0.0467,3.9568,2.8705,3.3,84.78,1279,484
Ex 3 day 183,8,348,0.0467,4.0938,2.908,3.3,87.72,1278,500
Ex 3 day 183,8,349,0.0467,4.0148,3.4989,2.83,86.03,1196,543
Ex 3 day 183,8,350,0.0467,3.6451,3.2166,2.83,78.1,1268,555
Ex 3 day 183,8,351,0.0467,4.0462,2.8488,3.3,86.7,1249,534
Ex 3 day 183,8,352,0.0467,3.9304,3.2791,2.83,84.22,1307,490
Ex 3 day 183,8,353,0.0467,3.8074,3.1673,2.83,81.58,1302,543
Ex 3 day 183,8,354,0.0467,3.3423,2.5901,2.83,71.62,1294,486
Ex 3 day 183,8,355,0.0467,3.3004,2.8725,2.83,70.72,1248,499
Ex 3 day 183,8,356,0.0467,3.349,2.2925,3.3,71.76,1323,483
Ex 3 day 183,8,357,0.0467,3.0152,1.8771,4.24,64.61,1288,517
Ex 3 day 183,8,358,0.0467,2.4533,2.0522,2.83,52.57,1208,523
Ex 3 day 183,8,359,0.0467,3.1109,2.2919,3.3,66.66,1238,505
Ex 3 day 183,8,360,0.0467,2.7011,2.0799,2.83,57.88,1254,550
Ex 3 day 183,8,361,0.0467,2.8331,1.7407,4.24,60.7,1280,534
Ex 3 day 183,8,362,0.0467,2.1391,1.6625,2.83,45.84,1258,514
Ex 3 day 183,8,363,0.0467,2.4596,2.0873,2.83,52.7,1187,525
Ex 3 day 183,8,364,0.0467,2.4165,1.8806,2.83,51.78,1267,526
Ex 3 day 183,8,365,0.0467,2.2425,1.9506,2.83,48.05,1226,543
Ex 3 day 183,8,366,0.0467,1.8422,1.4947,2.83,39.47,1299,480
Ex 3 day 183,8,367,0.0467,2.0322,1.6739,2.83,43.54,1197,499
Ex 3 day 183,8,368,0.0467,1.8544,1.4299,2.83,39.73,1305,530
Ex 3 day 183,8,369,0.0467,1.9674,1.4271,2.83,42.15,1201,567
Ex 3 day 183,8,370,0.0467,1.9183,1.6322,2.83,41.1,1221,534
Ex 3 day 183,8,371,0.0467,2.5221,2.1931,2.83,54.04,1307,462
Ex 3 day 183,8,372,0.0467,1.4047,1.1089,2.83,30.1,1200,561
Ex 3 day 183,8,373,0.0467,1.7347,1.174,3.77,37.17,1265,498
Ex 3 day 183,8,374,0.0467,1.8131,1.4578,2.83,38.85,1267,478
Ex 3 day 183,8,375,0.0467,2.2054,1.6515,2.83,47.26,1247,472
Ex 3 day 183,9,376,0.2656,2.0627,1.4691,5.19,7.77,869,612
Ex 3 day 183,10,377,0.0011,3.8042,2.8192,3.3,3341.35,792,729
Ex 3 day 183,10,378,0.0011,3.324,2.6986,3.77,2919.6,823,685
Ex 3 day 183,10,379,0.0011,3.8091,2.7913,3.77,3345.71,695,682
Ex 3 day 183,10,380,0.0011,3.8141,2.6886,2.83,3350.07,729,736
Ex 3 day 183,10,381,0.0011,4.0166,3.0789,2.83,3527.97,701,662
Ex 3 day 183,10,382,0.0011,3.5745,2.5204,3.3,3139.62,737,705
Ex 3 day 183,10,383,0.0011,3.3787,2.7149,3.77,2967.62,860,693
Ex 3 day 183,10,384,0.0011,3.3302,2.1123,4.24,2925.05,761,646
Ex 3 day 183,10,385,0.0011,3.5071,2.7952,2.83,3080.47,906,714
Ex 3 day 183,10,386,0.0011,3.0789,2.1705,4.24,2704.35,857,661
Ex 3 day 183,10,387,0.0011,3.4985,2.7232,2.83,3072.92,808,780
Ex 3 day 183,10,388,0.0011,2.6491,2.2585,2.83,2326.81,895,725
Ex 3 day 183,10,389,0.0011,3.2976,2.7021,2.83,2896.41,858,729
Ex 3 day 183,10,390,0.0011,2.4217,1.9389,2.83,2127.12,819,641
Ex 3 day 183,10,391,0.0011,3.0966,2.2775,2.83,2719.88,770,658
Ex 3 day 183,10,392,0.0011,3.1226,2.321,2.83,2742.71,720,688
Ex 3 day 183,10,393,0.0011,3.058,2.6125,2.83,2685.97,784,755
Ex 3 day 183,10,394,0.0011,2.6926,2.2699,2.83,2365.06,688,721
Ex 3 day 183,10,395,0.0011,3.01,1.9388,3.3,2643.84,833,700
Ex 3 day 183,10,396,0.0011,3.1056,2.4254,2.83,2727.77,746,742
Ex 3 day 183,10,397,0.0011,2.0836,1.8544,2.83,1830.14,820,751
Ex 3 day 183,10,398,0.0011,2.7103,1.9173,3.3,2380.61,859,769
Ex 3 day 183,10,399,0.0011,2.7486,2.2155,3.77,2414.25,781,703
Ex 3 day 183,10,400,0.0011,2.3492,2.0609,2.83,2063.37,713,731
Ex 3 day 183,10,401,0.0011,2.7457,1.755,2.83,2411.63,760,712
Ex 3 day 183,10,402,0.0011,2.606,2.1176,2.83,2288.94,786,625
Ex 3 day 183,10,403,0.0011,2.8628,1.9348,2.83,2514.48,713,646
Ex 3 day 183,10,404,0.0011,2.167,1.796,2.83,1903.35,803,753
Ex 3 day 183,10,405,0.0011,2.5859,1.7926,3.3,2271.29,833,654
Ex 3 day 183,10,406,0.0011,2.3798,1.8862,2.83,2090.29,702,723
Ex 3 day 183,10,407,0.0011,2.3688,2.0749,2.83,2080.6,821,760
Ex 3 day 183,10,408,0.0011,2.0234,1.5541,3.77,1777.21,806,640
Ex 3 day 183,10,409,0.0011,2.7007,2.1241,2.83,2372.17,840,714
Ex 3 day 183,10,410,0.0011,3.4233,2.5833,2.83,3006.83,734,656
Ex 3 day 183,10,411,0.0011,3.2476,2.4833,2.83,2852.51,852,628
Ex 3 day 183,10,412,0.0011,2.5144,1.9376,2.83,2208.49,856,642
Ex 3 day 183,10,413,0.0011,2.8183,2.3765,2.83,2475.46,697,734
Ex 3 day 183,10,414,0.0011,2.7243,1.9837,2.83,2392.83,852,708
Ex 3 day 183,10,415,0.0011,2.2794,1.5732,3.3,2002.1,779,730
Ex 3 day 183,10,416,0.0011,3.2087,2.4095,2.83,2818.31,891,740
Ex 3 day 183,10,417,0.0011,2.6278,1.8524,3.3,2308.12,713,666
Ex 3 day 183,10,418,0.0011,2.765,2.2618,2.83,2428.64,791,653
Ex 3 day 183,10,419,0.0011,2.5203,1.7516,2.83,2213.7,822,654
Ex 3 day 183,10,420,0.0011,2.2001,1.8592,2.83,1932.47,818,669
Ex 3 day 183,10,421,0.0011,2.5974,1.9734,2.83,2281.41,763,754
Ex 3 day 183,10,422,0.0011,2.7204,2.0821,2.83,2389.45,788,669
Ex 3 day 183,10,423,0.0011,2.7414,1.7505,4.71,2407.93,733,683
Ex 3 day 183,10,424,0.0011,2.5222,1.8597,2.83,2215.4,809,687
Ex 3 day 183,10,425,0.0011,2.3904,1.6929,3.77,2099.58,793,717
Ex 3 day 183,10,426,0.0011,2.0674,1.5438,3.77,1815.9,795,631
Ex 3 day 183,10,427,0.0011,2.4055,1.9941,2.83,2112.84,749,754
Ex 3 day 183,10,428,0.0011,2.468,2.0202,2.83,2167.79,790,776
Ex 3 day 183,10,429,0.0011,2.773,1.7429,4.71,2435.61,762,691
Ex 3 day 183,10,430,0.0011,1.5507,1.2981,2.83,1362.05,787,687
Ex 3 day 183,10,431,0.0011,2.3454,1.6783,3.3,2060.11,871,779
Ex 3 day 183,10,432,0.0011,2.3789,1.5703,2.83,2089.51,889,762
Ex 3 day 183,10,433,0.0011,2.384,2.0305,2.83,2093.98,854,762
Ex 3 day 183,10,434,0.0011,2.1193,1.6149,2.83,1861.49,837,647
Ex 3 day 183,10,435,0.0011,1.8939,1.4812,3.3,1663.51,805,726
Ex 3 day 183,10,436,0.0011,2.3987,1.7456,2.83,2106.89,838,761
Ex 3 day 183,10,437,0.0011,3.0668,2.2237,2.83,2693.72,773,766
Ex 3 day 183,10,438,0.0011,2.246,1.77,2.83,1972.76,893,748
Ex 3 day 183,10,439,0.0011,2.1477,1.8784,2.83,1886.41,721,701
Ex 3 day 183,10,440,0.0011,2.0028,1.5393,2.83,1759.14,746,762
Ex 3 day 183,10,441,0.0011,2.0183,1.6183,2.83,1772.73,821,777
Ex 3 day 183,10,442,0.0011,2.2559,1.7514,2.83,1981.5,693,707
Ex 3 day 183,10,443,0.0011,2.1363,1.6962,2.83,1876.44,888,698
Ex 3 day 183,10,444,0.0011,1.9717,1.671,2.83,1731.83,867,710
Ex 3 day 183,10,445,0.0011,1.5948,1.1782,5.19,1400.8,834,749
Ex 3 day 183,10,446,0.0011,2.2508,1.5013,4.24,1976.98,810,623
Ex 3 day 183,10,447,0.0011,2.331,1.8618,2.83,2047.4,826,784
Ex 3 day 183,10,448,0.0011,2.3423,1.8593,2.83,2057.35,891,714
Ex 3 day 183,10,449,0.0011,2.2641,1.5596,2.83,1988.63,775,664
Ex 3 day 183,10,450,0.0011,1.935,1.6542,2.83,1699.55,754,730
Ex 3 day 183,10,451,0.0011,2.3298,1.7009,2.83,2046.38,718,749
Ex 3 day 183,10,452,0.0011,2.244,1.7613,2.83,1970.97,717,767
Ex 3 day 183,10,453,0.0011,2.1215,1.6247,2.83,1863.4,790,781
Ex 3 day 183,10,454,0.0011,1.9476,1.5254,2.83,1710.64,854,749
Ex 3 day 183,10,455,0.0011,1.9845,1.7112,2.83,1743.11,843,693
Ex 3 day 183,10,456,0.0011,1.9369,1.5225,2.83,1701.3,805,714
Ex 3 day 183,10,457,0.0011,1.8522,1.3958,2.83,1626.88,746,681
Ex 3 day 183,10,458,0.0011,2.1386,1.7633,2.83,1878.43,737,771
Ex 3 day 183,10,459,0.0011,2.3148,1.7358,2.83,2033.18,797,764
Ex 3 day 183,10,460,0.0011,2.4241,1.7598,2.83,2129.21,830,641
Ex 3 day 183,10,461,0.0011,1.9547,1.6526,2.83,1716.87,703,697
Ex 3 day 183,10,462,0.0011,1.8961,1.7071,2.83,1665.44,799,660
Ex 3 day 183,10,463,0.0011,0.7449,1.0761,4.71,654.27,842,736
Ex 3 day 183,10,464,0.0011,2.3229,1.5073,4.24,2040.33,824,732
Ex 3 day 183,10,465,0.0011,1.5717,1.3117,2.83,1380.51,905,699
Ex 3 day 183,10,466,0.0011,2.0787,1.5786,2.83,1825.84,739,731
Ex 3 day 183,10,467,0.0011,2.2904,1.7844,2.83,2011.75,681,697
Ex 3 day 183,10,468,0.0011,1.5656,1.2509,2.83,1375.17,823,705
Ex 3 day 183,10,469,0.0011,1.8555,1.5142,2.83,1629.8,751,657
Ex 3 day 183,10,470,0.0011,1.9785,1.3646,2.83,1737.79,844,749
Ex 3 day 183,10,471,0.0011,2.2258,1.9504,2.83,1955.02,835,617
Ex 3 day 183,10,472,0.0011,1.6431,1.4541,2.83,1443.21,872,730
Ex 3 day 183,10,473,0.0011,2.295,1.8882,2.83,2015.8,752,720
Ex 3 day 183,10,474,0.0011,1.1722,1.1074,4.24,1029.63,834,769
Ex 3 day 183,10,475,0.0011,1.8795,1.4258,2.83,1650.85,890,755
Ex 3 day 183,10,476,0.0011,1.7194,1.31,3.3,1510.24,813,732
Ex 3 day 183,10,477,0.0011,1.9217,1.4426,2.83,1687.92,735,765
Ex 3 day 183,10,478,0.0011,1.6274,1.2998,2.83,1429.38,713,720
Ex 3 day 183,10,479,0.0011,1.9087,1.5958,2.83,1676.47,723,711
Ex 3 day 183,10,480,0.0011,1.9829,1.31,3.3,1741.69,754,671
Ex 3 day 183,10,481,0.0011,1.663,1.2086,2.83,1460.68,710,712
Ex 3 day 183,10,482,0.0011,1.2874,1.0434,2.83,1130.82,845,652
Ex 3 day 183,10,483,0.0011,1.8175,1.4704,2.83,1596.37,801,694
Ex 3 day 183,10,484,0.0011,1.9139,1.6398,2.83,1681.07,880,665
Ex 3 day 183,10,485,0.0011,2.0385,1.6707,2.83,1790.47,785,635
Ex 3 day 183,10,486,0.0011,2.0537,1.3861,2.83,1803.84,729,748
Ex 3 day 183,10,487,0.0011,2.1115,1.7375,2.83,1854.61,721,775
Ex 3 day 183,10,488,0.0011,2.0852,1.7445,2.83,1831.54,800,673
Ex 3 day 183,10,489,0.0011,1.7707,1.3314,2.83,1555.29,733,669
Ex 3 day 183,10,490,0.0011,2.0603,1.669,2.83,1809.69,822,784
Ex 3 day 183,10,491,0.0011,0.9034,0.8613,2.83,793.52,782,648
Ex 3 day 183,10,492,0.0011,1.604,1.1594,2.83,1408.87,845,628
Ex 3 day 183,10,493,0.0011,2.0068,1.5984,2.83,1762.67,764,675
Ex 3 day 183,10,494,0.0011,1.7914,1.4245,2.83,1573.46,787,659
Ex 3 day 183,10,495,0.0011,2.3358,1.5517,2.83,2051.67,730,638
Ex 3 day 183,10,496,0.0011,1.6371,1.2285,2.83,1437.95,713,741
Ex 3 day 183,10,497,0.0011,1.7039,1.2471,2.83,1496.61,881,698
Ex 3 day 183,10,498,0.0011,2.2473,1.511,2.83,1973.92,767,742
Ex 3 day 183,10,499,0.0011,2.1159,1.6566,2.83,1858.48,707,747
Ex 3 day 183,10,500,0.0011,2.3504,1.6966,2.83,2064.45,882,766
Ex 3 day 183,10,501,0.0011,2.2742,1.4677,2.83,1997.57,705,716
Ex 3 day 183,11,502,0.0068,4.6248,3.4238,2.83,681.24,9,844
Ex 3 day 183,11,503,0.0068,3.8746,3.3662,2.83,570.73,128,755
Ex 3 day 183,11,504,0.0068,3.7853,2.7315,3.3,557.57,177,856
Ex 3 day 183,11,505,0.0068,3.984,3.0538,2.83,586.85,57,796
Ex 3 day 183,11,506,0.0068,3.9394,3.2478,2.83,580.28,16,776
Ex 3 day 183,11,507,0.0068,2.8759,2.425,3.77,423.63,66,739
Ex 3 day 183,11,508,0.0068,2.725,2.0867,4.71,401.4,115,733
Ex 3 day 183,11,509,0.0068,3.1853,2.4213,3.77,469.19,130,857
Ex 3 day 183,11,510,0.0068,3.5376,3.1337,2.83,521.1,47,749
Ex 3 day 183,11,511,0.0068,2.5337,2.1169,3.77,373.22,9,834
Ex 3 day 183,11,512,0.0068,3.9408,1.8704,4.24,580.48,175,806
Ex 3 day 183,11,513,0.0068,2.8449,1.9497,3.3,419.05,8,787
Ex 3 day 183,11,514,0.0068,3.0003,2.3998,2.83,441.95,69,895
Ex 3 day 183,11,515,0.0068,3.4445,2.2272,3.3,507.38,154,747
Ex 3 day 183,11,516,0.0068,3.4653,2.9882,2.83,510.44,112,909
Ex 3 day 183,11,517,0.0068,2.6483,2.1616,3.77,390.1,29,829
Ex 3 day 183,11,518,0.0068,2.5894,2.0674,2.83,381.42,69,867
Ex 3 day 183,11,519,0.0068,3.2773,2.2895,2.83,482.75,136,816
Ex 3 day 183,11,520,0.0068,2.2958,1.5708,5.66,338.17,0,819
Ex 3 day 183,11,521,0.0068,2.3512,1.6925,2.83,346.34,0,797
Ex 3 day 183,11,522,0.0068,3.5325,2.4191,3.77,520.35,208,806
Ex 3 day 183,11,523,0.0068,2.4819,1.8454,3.3,365.59,161,866
Ex 3 day 183,11,524,0.0068,2.9971,1.8071,3.3,441.48,180,820
Ex 3 day 183,11,525,0.0068,2.5373,2.2,2.83,373.75,165,885
Ex 3 day 183,11,526,0.0068,3.0234,2.5071,2.83,445.35,153,887
Ex 3 day 183,11,527,0.0068,2.7541,2.3074,2.83,405.69,156,761
Ex 3 day 183,11,528,0.0068,2.484,1.8453,2.83,365.89,83,725
Ex 3 day 183,11,529,0.0068,2.7835,2.2087,2.83,410.02,152,772
Ex 3 day 183,11,530,0.0068,2.5742,1.8639,3.3,379.19,158,929
Ex 3 day 183,11,531,0.0068,2.0129,1.9603,4.24,296.51,157,916
Ex 3 day 183,11,532,0.0068,2.3631,2.0243,3.77,348.1,207,882
Ex 3 day 183,11,533,0.0068,2.9968,2.3996,2.83,441.44,50,821
Ex 3 day 183,11,534,0.0068,3.4915,2.6895,2.83,514.3,30,854
Ex 3 day 183,11,535,0.0068,2.7882,2.0152,2.83,410.7,47,803
Ex 3 day 183,11,536,0.0068,2.0,1.8428,2.83,294.61,41,882
Ex 3 day 183,11,537,0.0068,2.5043,2.1641,2.83,368.88,55,887
Ex 3 day 183,11,538,0.0068,3.0376,2.5867,2.83,447.44,62,839
Ex 3 day 183,11,539,0.0068,2.3655,1.814,2.83,348.44,185,891
Ex 3 day 183,11,540,0.0068,2.3759,1.865,2.83,349.97,133,929
Ex 3 day 183,11,541,0.0068,2.5211,1.9862,2.83,371.37,210,834
Ex 3 day 183,11,542,0.0068,1.7478,1.5085,4.71,257.45,77,792
Ex 3 day 183,11,543,0.0068,1.8124,1.7859,4.71,266.96,115,818
Ex 3 day 183,11,544,0.0068,2.0316,1.6435,2.83,299.26,189,905
Ex 3 day 183,11,545,0.0068,2.0811,1.5938,3.3,306.55,132,840
Ex 3 day 183,11,546,0.0068,1.5803,1.275,3.77,232.78,111,897
Ex 3 day 183,11,547,0.0068,2.2776,1.7042,2.83,335.5,103,890
Ex 3 day 183,11,548,0.0068,2.5654,2.1314,2.83,377.89,111,793
Ex 3 day 183,11,549,0.0068,2.0527,1.5522,2.83,302.36,64,767
Ex 3 day 183,11,550,0.0068,2.0645,1.5372,2.83,304.1,20,802
Ex 3 day 183,11,551,0.0068,2.0572,1.5455,2.83,303.03,190,783
Ex 3 day 183,11,552,0.0068,2.154,1.7774,2.83,317.28,134,889
Ex 3 day 183,11,553,0.0068,2.0344,1.8094,2.83,299.66,158,850
Ex 3 day 183,11,554,0.0068,2.6819,2.2411,2.83,395.04,58,855
Ex 3 day 183,11,555,0.0068,2.3762,1.6518,2.83,350.02,56,764
Ex 3 day 183,11,556,0.0068,2.2504,1.9377,2.83,331.48,85,762
Ex 3 day 183,11,557,0.0068,2.0925,1.2351,4.24,308.23,20,818
Ex 3 day 183,11,558,0.0068,2.7336,1.8147,2.83,402.66,70,850
Ex 3 day 183,11,559,0.0068,1.9204,1.2597,2.83,282.88,108,843
Ex 3 day 183,11,560,0.0068,2.2612,1.515,2.83,333.08,72,884
Ex 3 day 183,11,561,0.0068,2.5008,2.013,2.83,368.37,37,810
Ex 3 day 183,11,562,0.0068,1.8828,1.5216,2.83,277.34,117,864
Ex 3 day 183,11,563,0.0068,1.6204,1.4178,2.83,238.68,58,752
Ex 3 day 183,11,564,0.0068,1.6927,1.4256,3.3,249.34,98,854
Ex 3 day 183,11,565,0.0068,2.1824,1.8434,2.83,321.47,181,833
Ex 3 day 183,11,566,0.0068,2.1998,1.7675,2.83,324.03,99,867
Ex 3 day 183,11,567,0.0068,2.6605,2.0273,2.83,391.9,91,778
Ex 3 day 183,11,568,0.0068,2.127,1.576,2.83,313.3,178,767
Ex 3 day 183,11,569,0.0068,2.0989,1.4876,2.83,309.17,166,761
Ex 3 day 183,11,570,0.0068,1.7355,1.3614,4.71,255.64,134,802
Ex 3 day 183,11,571,0.0068,2.3171,1.7317,2.83,341.31,130,872
Ex 3 day 183,11,572,0.0068,2.2997,1.7019,2.83,338.75,49,828
Ex 3 day 183,11,573,0.0068,1.453,1.2857,2.83,214.03,149,902
Ex 3 day 183,11,574,0.0068,2.1443,1.7926,2.83,315.86,109,874
Ex 3 day 183,11,575,0.0068,1.9146,1.4733,2.83,282.02,134,914
Ex 3 day 183,11,576,0.0068,2.4804,2.1595,2.83,365.37,161,827
Ex 3 day 183,11,577,0.0068,1.5619,1.1816,2.83,230.07,105,809
Ex 3 day 183,11,578,0.0068,2.6943,2.1006,2.83,396.87,156,799
Ex 3 day 183,11,579,0.0068,2.1105,1.858,2.83,310.88,122,888
Ex 3 day 183,11,580,0.0068,1.568,1.2515,2.83,230.97,33,763
Ex 3 day 183,11,581,0.0068,1.9476,1.6658,2.83,286.89,145,873
Ex 3 day 183,11,582,0.0068,2.2324,1.7196,2.83,328.83,95,722
Ex 3 day 183,11,583,0.0068,1.369,1.1984,4.24,201.65,42,851
Ex 3 day 183,11,584,0.0068,2.327,1.2106,4.24,342.78,48,837
Ex 3 day 183,11,585,0.0068,1.8206,1.299,2.83,268.18,10,758
Ex 3 day 183,11,586,0.0068,1.5402,1.2689,3.77,226.88,148,785
Ex 3 day 183,11,587,0.0068,1.5887,1.3734,2.83,234.01,135,783
Ex 3 day 183,11,588,0.0068,1.9193,1.1625,3.3,282.72,21,849
Ex 3 day 183,11,589,0.0068,2.2547,1.5724,2.83,332.13,162,793
Ex 3 day 183,11,590,0.0068,2.2512,1.7111,2.83,331.6,145,930
Ex 3 day 183,11,591,0.0068,1.8963,1.5287,2.83,279.33,98,737
Ex 3 day 183,11,592,0.0068,1.4888,1.2943,2.83,219.3,11,808
Ex 3 day 183,11,593,0.0068,2.1466,1.5159,2.83,316.2,140,832
Ex 3 day 183,11,594,0.0068,2.4962,1.5789,3.3,367.7,123,777
Ex 3 day 183,11,595,0.0068,2.0454,1.7235,2.83,301.29,193,823
Ex 3 day 183,11,596,0.0068,2.2963,1.5106,2.83,338.25,101,838
Ex 3 day 183,11,597,0.0068,1.5011,1.5214,2.83,221.11,42,816
Ex 3 day 183,11,598,0.0068,2.5419,1.943,2.83,374.43,86,860
Ex 3 day 183,11,599,0.0068,1.9007,1.4155,3.77,279.97,36,797
Ex 3 day 183,11,600,0.0068,2.171,1.7697,2.83,319.79,187,845
Ex 3 day 183,11,601,0.0068,1.8968,1.5254,2.83,279.4,126,901
Ex 3 day 183,11,602,0.0068,2.1995,1.7119,2.83,323.99,200,779
Ex 3 day 183,11,603,0.0068,2.0758,1.5852,2.83,305.76,195,812
Ex 3 day 183,11,604,0.0068,1.2745,1.0471,5.19,187.73,174,914
Ex 3 day 183,11,605,0.0068,2.2744,1.7515,3.77,335.03,84,827
Ex 3 day 183,11,606,0.0068,1.9895,1.4905,2.83,293.05,95,762
Ex 3 day 183,11,607,0.0068,1.6693,1.5021,2.83,245.89,94,737
Ex 3 day 183,11,608,0.0068,1.9637,1.6062,2.83,289.26,3,851
Ex 3 day 183,11,609,0.0068,1.9567,1.3397,3.3,288.22,164,783
Ex 3 day 183,11,610,0.0068,2.2427,1.7945,2.83,330.36,159,833
Ex 3 day 183,11,611,0.0068,2.2091,1.5735,2.83,325.4,108,748
Ex 3 day 183,11,612,0.0068,1.7582,1.3682,2.83,258.99,71,753
Ex 3 day 183,11,613,0.0068,1.4517,1.1088,5.19,213.83,76,778
Ex 3 day 183,11,614,0.0068,1.0379,0.9377,2.83,152.88,147,912
Ex 3 day 183,11,615,0.0068,1.7002,1.2282,3.77,250.44,168,772
Ex 3 day 183,11,616,0.0068,2.4119,1.76,2.83,355.28,125,926
Ex 3 day 183,11,617,0.0068,2.6285,1.7113,2.83,387.19,147,892
Ex 3 day 183,11,618,0.0068,1.8231,1.5356,2.83,268.55,194,770
Ex 3 day 183,11,619,0.0068,2.1702,1.8668,2.83,319.67,79,763
Ex 3 day 183,11,620,0.0068,1.7511,1.307,2.83,257.94,79,887
Ex 3 day 183,11,621,0.0068,1.2193,1.0376,2.83,179.6,161,902
Ex 3 day 183,11,622,0.0068,1.3033,1.1343,3.77,191.98,69,803
Ex 3 day 183,11,623,0.0068,2.04,1.6424,2.83,300.49,78,861
Ex 3 day 183,11,624,0.0068,2.2122,1.6172,2.83,325.87,202,789
Ex 3 day 183,11,625,0.0068,1.9997,1.5705,2.83,294.56,56,816
Ex 3 day 183,11,626,0.0068,1.5324,1.075,2.83,225.73,188,914
Ex 3 day 183,11,627,0.0068,1.6166,1.1959,3.3,238.13,97,791
Ex 3 day 183,11,628,0.0068,2.662,1.9675,2.83,392.11,82,872
Ex 3 day 183,11,629,0.0068,1.7716,1.5105,2.83,260.96,84,750
Ex 3 day 183,11,630,0.0068,2.0581,1.7018,2.83,303.17,56,863
Ex 3 day 183,11,631,0.0068,1.8458,1.3874,2.83,271.89,50,731
Ex 3 day 183,11,632,0.0068,1.9544,1.3441,2.83,287.89,200,905
Ex 3 day 183,11,633,0.0068,1.6877,1.4364,2.83,248.6,148,874
Ex 3 day 183,11,634,0.0068,0.9627,1.2164,4.24,141.81,28,876
Ex 3 day 183,11,635,0.0068,1.6816,1.2889,2.83,247.7,86,890
Ex 3 day 183,11,636,0.0068,1.6294,1.0741,2.83,240.01,48,767
Ex 3 day 183,11,637,0.0068,1.5134,1.2106,2.83,222.93,75,843
Ex 3 day 183,11,638,0.0068,1.0081,1.2213,4.24,148.49,116,875
Ex 3 day 183,11,639,0.0068,1.3882,0.9279,2.83,204.49,20,792
Ex 3 day 183,11,640,0.0068,1.3494,1.1821,2.83,198.77,142,762
Ex 3 day 183,11,641,0.0068,1.3649,1.0197,2.83,201.05,50,868
Ex 3 day 183,11,642,0.0068,2.2452,1.619,2.83,330.72,174,869
Ex 3 day 183,11,643,0.0068,2.3132,1.6301,2.83,340.74,183,772
Ex 3 day 183,11,644,0.0068,1.3312,1.0966,2.83,196.09,83,903
Ex 3 day 183,11,645,0.0068,1.4661,1.2827,2.83,215.95,173,894
Ex 3 day 183,11,646,0.0068,1.4757,1.128,2.83,217.38,11,855
Ex 3 day 183,11,647,0.0068,2.4409,1.8611,2.83,359.55,155,788
Ex 3 day 183,12,648,0.0085,3.4353,2.9072,2.83,404.9,765,911
Ex 3 day 183,12,649,0.0085,3.6413,2.9165,2.83,429.18,787,980
Ex 3 day 183,12,650,0.0085,3.2245,2.5804,2.83,380.05,780,946
Ex 3 day 183,12,651,0.0085,3.1932,2.5816,2.83,376.37,756,922
Ex 3 day 183,12,652,0.0085,2.5404,2.1784,2.83,299.42,826,958
Ex 3 day 183,12,653,0.0085,2.3907,1.7347,3.77,281.77,767,976
Ex 3 day 183,12,654,0.0085,2.7935,2.2932,2.83,329.26,762,953
Ex 3 day 183,12,655,0.0085,2.3365,1.9293,2.83,275.39,765,963
Ex 3 day 183,12,656,0.0085,2.6074,2.12,2.83,307.32,742,890
Ex 3 day 183,12,657,0.0085,2.8222,2.4608,2.83,332.64,813,982
Ex 3 day 183,12,658,0.0085,2.7691,2.3955,2.83,326.38,752,958
Ex 3 day 183,12,659,0.0085,2.3314,2.0673,2.83,274.79,811,908
Ex 3 day 183,12,660,0.0085,3.0423,2.5502,2.83,358.58,746,975
Ex 3 day 183,12,661,0.0085,2.6176,2.0107,2.83,308.52,771,879
Ex 3 day 183,12,662,0.0085,2.3284,1.6845,3.3,274.44,792,899
Ex 3 day 183,12,663,0.0085,2.1173,1.6656,3.77,249.55,788,915
Ex 3 day 183,12,664,0.0085,2.1694,1.7853,2.83,255.69,775,924
Ex 3 day 183,12,665,0.0085,2.6336,1.5871,3.3,310.41,766,996
Ex 3 day 183,12,666,0.0085,2.1111,1.5549,2.83,248.83,769,957
Ex 3 day 183,12,667,0.0085,2.3017,1.9005,3.3,271.3,832,934
Ex 3 day 183,12,668,0.0085,1.6382,1.4097,2.83,193.09,797,871
Ex 3 day 183,12,669,0.0085,1.8667,1.5529,2.83,220.01,765,935
Ex 3 day 183,12,670,0.0085,1.6819,1.3499,2.83,198.24,762,896
Ex 3 day 183,12,671,0.0085,2.1435,1.385,3.3,252.65,781,973
Ex 3 day 183,12,672,0.0085,2.4155,2.0562,2.83,284.71,797,934
Ex 3 day 183,12,673,0.0085,2.451,1.7382,2.83,288.88,795,996
Ex 3 day 183,12,674,0.0085,2.3642,1.7223,2.83,278.66,762,878
Ex 3 day 183,12,675,0.0085,2.5083,1.8955,2.83,295.64,751,883
Ex 3 day 183,12,676,0.0085,1.6227,1.1101,2.83,191.26,818,974
Ex 3 day 183,12,677,0.0085,2.2857,1.8673,2.83,269.41,802,913
Ex 3 day 183,12,678,0.0085,2.2943,1.7975,2.83,270.42,784,862
Ex 3 day 183,12,679,0.0085,2.0196,1.766,2.83,238.04,781,870
Ex 3 day 183,12,680,0.0085,2.0628,1.5823,2.83,243.13,779,992
Ex 3 day 183,12,681,0.0085,2.2854,1.7432,2.83,269.37,781,929
Ex 3 day 183,12,682,0.0085,1.9663,1.4894,2.83,231.75,777,963
Ex 3 day 183,12,683,0.0085,1.9695,1.6666,2.83,232.14,749,896
Ex 3 day 183,12,684,0.0085,1.9858,1.5535,2.83,234.05,756,904
Ex 3 day 183,12,685,0.0085,1.6063,1.1998,2.83,189.33,818,952
Ex 3 day 183,12,686,0.0085,1.6606,1.514,2.83,195.73,748,946
Ex 3 day 183,12,687,0.0085,2.2133,1.622,2.83,260.87,790,862
Ex 3 day 183,12,688,0.0085,2.0808,1.5447,2.83,245.25,784,962
Ex 3 day 183,12,689,0.0085,2.1699,1.7409,2.83,255.76,769,871
Ex 3 day 183,12,690,0.0085,1.8877,1.5349,2.83,222.5,739,905
Ex 3 day 183,12,691,0.0085,2.0046,1.6786,2.83,236.27,751,930
Ex 3 day 183,12,692,0.0085,1.5477,1.3169,2.83,182.42,792,942
Ex 3 day 183,12,693,0.0085,1.6007,1.2755,2.83,188.66,821,936
Ex 3 day 183,12,694,0.0085,0.9593,0.7787,2.83,113.06,764,985
Ex 3 day 184,1,1,0.0699,3.6369,2.7475,3.77,52.0,403,273
Ex 3 day 184,1,2,0.0699,3.3077,2.526,3.77,47.29,415,306
Ex 3 day 184,1,3,0.0699,3.3988,2.3553,3.3,48.59,407,252
Ex 3 day 184,1,4,0.0699,3.1095,2.0548,4.24,44.46,415,241
Ex 3 day 184,1,5,0.0699,3.0029,2.3474,3.77,42.93,450,219
Ex 3 day 184,1,6,0.0699,2.7879,2.3286,3.77,39.86,358,277
Ex 3 day 184,1,7,0.0699,3.0082,2.2107,3.3,43.01,359,303
Ex 3 day 184,1,8,0.0699,2.5822,1.7945,4.71,36.92,340,289
Ex 3 day 184,1,9,0.0699,2.7801,2.0465,3.77,39.75,374,288
Ex 3 day 184,1,10,0.0699,2.4395,1.7344,3.3,34.88,427,271
Ex 3 day 184,1,11,0.0699,2.3643,1.7022,3.3,33.8,332,313
Ex 3 day 184,1,12,0.0699,2.8012,1.9923,3.77,40.05,414,226
Ex 3 day 184,1,13,0.0699,2.4207,1.872,3.77,34.61,317,292
Ex 3 day 184,1,14,0.0699,2.5127,1.7226,3.3,35.92,450,263
Ex 3 day 184,1,15,0.0699,2.1034,1.631,2.83,30.07,376,269
Ex 3 day 184,1,16,0.0699,1.8266,1.2853,3.3,26.12,399,301
Ex 3 day 184,2,17,0.0379,4.4315,3.1492,3.3,116.88,712,516
Ex 3 day 184,2,18,0.0379,4.0095,2.7947,3.3,105.75,645,576
Ex 3 day 184,2,19,0.0379,3.8948,3.0582,3.77,102.73,670,597
Ex 3 day 184,2,20,0.0379,3.8853,2.9391,3.77,102.48,685,508
Ex 3 day 184,2,21,0.0379,3.7234,3.2193,2.83,98.21,659,571
Ex 3 day 184,2,22,0.0379,3.7436,2.8308,3.77,98.74,691,535
Ex 3 day 184,2,23,0.0379,3.6849,2.7033,3.77,97.19,637,597
Ex 3 day 184,2,24,0.0379,3.7198,2.6812,3.77,98.11,639,561
Ex 3 day 184,2,25,0.0379,3.4163,2.453,2.83,90.11,648,494
Ex 3 day 184,2,26,0.0379,2.832,2.3395,3.77,74.7,627,510
Ex 3 day 184,2,27,0.0379,2.8369,2.4804,2.83,74.83,699,569
Ex 3 day 184,2,28,0.0379,2.0288,1.3928,4.24,53.51,721,536
Ex 3 day 184,2,29,0.0379,2.9665,2.1096,3.77,78.24,707,614
Ex 3 day 184,2,30,0.0379,2.5163,2.1156,2.83,66.37,693,581
Ex 3 day 184,2,31,0.0379,2.5541,2.1969,2.83,67.37,729,524
Ex 3 day 184,2,32,0.0379,1.8249,1.6032,2.83,48.13,689,567
Ex 3 day 184,2,33,0.0379,2.1091,1.4953,3.3,55.63,657,581
Ex 3 day 184,2,34,0.0379,1.5241,1.2323,3.77,40.2,682,556
Ex 3 day 184,2,35,0.0379,1.8298,1.3195,2.83,48.26,723,548
Ex 3 day 184,2,36,0.0379,1.5869,0.8752,3.3,41.86,678,543
Ex 3 day 184,2,37,0.0379,2.6267,2.1797,2.83,69.28,728,590
Ex 3 day 184,2,38,0.0379,1.9502,1.5812,2.83,51.44,678,569
Ex 3 day 184,2,39,0.0379,1.6342,1.3847,2.83,43.1,638,531
Ex 3 day 184,2,40,0.0379,1.873,1.6873,2.83,49.4,735,552
Ex 3 day 184,2,41,0.0379,1.868,1.5988,2.83,49.27,700,557
Ex 3 day 184,2,42,0.0379,1.5766,1.1275,3.3,41.58,670,535
Ex 3 day 184,2,43,0.0379,1.7861,1.1574,3.3,47.11,671,557
Ex 3 day 184,2,44,0.0379,1.5933,1.2273,4.24,42.02,671,500
Ex 3 day 184,2,45,0.0379,2.1158,1.4988,3.77,55.81,641,610
Ex 3 day 184,2,46,0.0379,1.5339,1.0618,2.83,40.46,672,546
Ex 3 day 184,2,47,0.0379,2.1436,1.6673,2.83,56.54,648,515
Ex 3 day 184,2,48,0.0379,2.048,1.6342,2.83,54.02,657,522
Ex 3 day 184,2,49,0.0379,1.6546,1.2358,2.83,43.64,734,572
Ex 3 day 184,2,50,0.0379,2.0874,1.627,2.83,55.06,720,532
Ex 3 day 184,2,51,0.0379,1.8706,1.4265,2.83,49.34,624,534
Ex 3 day 184,3,52,0.1231,2.537,2.1131,2.83,20.61,669,788
Ex 3 day 184,3,53,0.1231,2.8692,2.5527,2.83,23.31,662,812
Ex 3 day 184,3,54,0.1231,3.1006,2.3502,2.83,25.19,654,770
Ex 3 day 184,3,55,0.1231,2.6464,2.326,2.83,21.5,697,804
Ex 3 day 184,3,56,0.1231,2.4626,1.611,3.3,20.01,674,820
Ex 3 day 184,3,57,0.1231,2.4831,1.8068,3.77,20.17,676,798
Ex 3 day 184,3,58,0.1231,2.1165,1.2945,4.24,17.19,633,748
Ex 3 day 184,3,59,0.1231,2.2772,1.9588,2.83,18.5,657,789
Ex 3 day 185,1,1,0.0588,3.4278,2.3878,3.3,58.27,836,239
Ex 3 day 185,1,2,0.0588,3.0157,2.0397,3.3,51.27,823,222
Ex 3 day 185,1,3,0.0588,2.6303,2.0482,3.77,44.72,796,267
Ex 3 day 185,1,4,0.0588,2.1204,1.5848,3.3,36.05,781,260
Ex 3 day 185,1,5,0.0588,2.3795,1.7472,3.3,40.45,806,271
Ex 3 day 185,1,6,0.0588,1.7953,1.162,3.3,30.52,792,281
Ex 3 day 185,1,7,0.0588,1.825,1.4097,3.77,31.03,859,271
Ex 3 day 185,1,8,0.0588,1.2505,0.8897,4.24,21.26,846,256
Ex 3 day 185,2,9,0.0508,3.9159,3.4111,2.83,77.1,824,338
Ex 3 day 185,2,10,0.0508,3.8712,2.7903,3.3,76.22,873,348
Ex 3 day 185,2,11,0.0508,3.6406,2.9365,2.83,71.68,826,350
Ex 3 day 185,2,12,0.0508,3.2582,2.5472,3.77,64.15,807,336
Ex 3 day 185,2,13,0.0508,3.4793,2.2388,3.3,68.51,868,318
Ex 3 day 185,2,14,0.0508,3.0646,2.3436,3.77,60.34,854,352
Ex 3 day 185,2,15,0.0508,3.3428,2.361,3.77,65.82,825,365
Ex 3 day 185,2,16,0.0508,3.0152,2.0799,3.3,59.37,790,348
Ex 3 day 185,2,17,0.0508,2.5676,1.7041,4.24,50.56,810,356
Ex 3 day 185,2,18,0.0508,2.5297,2.0539,3.77,49.81,844,307
Ex 3 day 185,2,19,0.0508,1.9781,1.4924,3.3,38.95,834,343
Ex 3 day 185,2,20,0.0508,2.2553,1.9071,2.83,44.41,777,321
Ex 3 day 185,2,21,0.0508,2.6026,1.7468,3.3,51.25,821,325
Ex 3 day 185,2,22,0.0508,2.191,1.6444,3.77,43.14,851,339
Ex 3 day 185,2,23,0.0508,1.9032,1.2525,3.3,37.47,808,315
Ex 3 day 185,2,24,0.0508,2.154,1.8445,2.83,42.41,803,344
Ex 3 day 185,3,25,-0.0286,4.3613,3.1304,3.3,-152.26,719,390
Ex 3 day 185,3,26,-0.0286,3.9525,3.0954,3.77,-137.99,735,366
Ex 3 day 185,3,27,-0.0286,3.9961,2.956,3.77,-139.51,771,380
Ex 3 day 185,3,28,-0.0286,3.8203,2.4581,4.24,-133.38,715,365
Ex 3 day 185,3,29,-0.0286,3.4436,2.3069,4.24,-120.22,681,357
Ex 3 day 185,3,30,-0.0286,3.8187,3.4131,2.83,-133.32,745,430
Ex 3 day 185,3,31,-0.0286,3.7425,2.3564,4.24,-130.66,704,436
Ex 3 day 185,3,32,-0.0286,3.6434,2.7062,3.77,-127.2,662,385
Ex 3 day 185,3,33,-0.0286,3.3905,2.4481,3.3,-118.37,777,434
Ex 3 day 185,3,34,-0.0286,3.108,2.0995,3.3,-108.51,712,351
Ex 3 day 185,3,35,-0.0286,3.4321,2.4501,3.3,-119.82,777,399
Ex 3 day 185,3,36,-0.0286,3.0298,2.2664,3.77,-105.78,703,340
Ex 3 day 185,3,37,-0.0286,2.461,1.8815,3.3,-85.92,785,424
Ex 3 day 185,3,38,-0.0286,2.4618,1.9707,3.77,-85.95,705,401
Ex 3 day 185,3,39,-0.0286,2.5584,2.0194,2.83,-89.32,813,404
Ex 3 day 185,3,40,-0.0286,1.6793,1.266,3.77,-58.63,817,430
Ex 3 day 185,3,41,-0.0286,1.7604,1.4361,2.83,-61.46,764,415
Ex 3 day 185,3,42,-0.0286,1.8095,1.38,2.83,-63.17,750,392
Ex 3 day 185,3,43,-0.0286,1.0984,1.0072,2.83,-38.35,756,368
Ex 3 day 185,3,44,-0.0286,1.6432,1.4309,2.83,-57.37,687,385
Ex 3 day 185,3,45,-0.0286,2.3513,1.6362,2.83,-82.09,756,388
Ex 3 day 185,3,46,-0.0286,1.9143,1.5705,2.83,-66.83,759,428
Ex 3 day 185,3,47,-0.0286,1.9074,1.4234,4.24,-66.59,785,403
Ex 3 day 185,3,48,-0.0286,1.5782,1.1044,2.83,-55.1,773,354
Ex 3 day 185,4,49,0.0308,3.6336,2.4338,3.3,117.87,600,573
Ex 3 day 185,4,50,0.0308,3.4729,2.4696,3.3,112.66,552,597
Ex 3 day 185,4,51,0.0308,3.257,2.7997,2.83,105.65,634,604
Ex 3 day 185,4,52,0.0308,3.0019,2.0838,4.24,97.38,541,528
Ex 3 day 185,4,53,0.0308,2.8059,2.2167,3.77,91.02,611,556
Ex 3 day 185,4,54,0.0308,3.3137,2.4183,3.77,107.49,565,611
Ex 3 day 185,4,55,0.0308,3.2796,2.4285,3.77,106.39,613,593
Ex 3 day 185,4,56,0.0308,2.7927,2.1073,4.71,90.59,575,557
Ex 3 day 185,4,57,0.0308,2.7653,1.7814,3.3,89.7,562,591
Ex 3 day 185,4,58,0.0308,3.1288,2.1616,3.3,101.49,631,633
Ex 3 day 185,4,59,0.0308,2.8898,1.971,3.3,93.74,591,559
Ex 3 day 185,4,60,0.0308,2.4916,1.7916,3.3,80.82,526,581
Ex 3 day 185,4,61,0.0308,2.6757,2.0136,3.77,86.8,533,593
Ex 3 day 185,4,62,0.0308,2.8886,2.2098,3.77,93.7,585,534
Ex 3 day 185,4,63,0.0308,2.2105,1.7427,4.24,71.7,512,578
Ex 3 day 185,4,64,0.0308,2.6195,1.7051,4.24,84.97,531,545
Ex 3 day 185,4,65,0.0308,1.7437,1.3446,3.77,56.56,541,567
Ex 3 day 185,4,66,0.0308,1.7166,1.2318,5.19,55.69,545,582
Ex 3 day 185,4,67,0.0308,2.5514,1.6738,4.24,82.76,627,546
Ex 3 day 185,4,68,0.0308,2.0165,1.4124,3.77,65.41,614,573
Ex 3 day 185,4,69,0.0308,2.0698,1.52,3.77,67.14,596,517
Ex 3 day 185,4,70,0.0308,2.0291,1.4903,3.3,65.82,591,603
Ex 3 day 185,4,71,0.0308,2.3254,1.4467,3.3,75.43,582,610
Ex 3 day 185,4,72,0.0308,2.0299,1.5164,3.3,65.85,654,600
Ex 3 day 185,4,73,0.0308,1.8473,1.4622,4.24,59.92,651,612
Ex 3 day 185,4,74,0.0308,2.1946,1.573,3.3,71.19,602,549
Ex 3 day 185,4,75,0.0308,1.6232,1.1213,4.24,52.65,547,551
Ex 3 day 185,4,76,0.0308,1.7357,1.3465,3.77,56.3,650,525
Ex 3 day 185,4,77,0.0308,2.0847,1.5246,3.77,67.63,585,541
Ex 3 day 185,4,78,0.0308,2.0035,1.7226,2.83,64.99,573,581
Ex 3 day 185,4,79,0.0308,1.3204,0.9453,4.24,42.83,529,569
Ex 3 day 185,4,80,0.0308,1.6237,1.1113,3.3,52.67,599,586
Ex 3 day 185,5,81,-0.0184,4.184,3.6651,2.83,-227.12,721,629
Ex 3 day 185,5,82,-0.0184,3.1172,2.1927,4.71,-169.21,745,631
Ex 3 day 185,5,83,-0.0184,3.1426,2.3779,3.77,-170.59,772,610
Ex 3 day 185,5,84,-0.0184,3.2242,2.3919,3.77,-175.02,754,605
Ex 3 day 185,5,85,-0.0184,2.6742,1.7763,3.3,-145.16,738,608
Ex 3 day 185,5,86,-0.0184,2.6172,2.0011,3.77,-142.07,679,623
Ex 3 day 185,5,87,-0.0184,2.8245,2.0999,3.77,-153.32,700,626
Ex 3 day 185,5,88,-0.0184,2.3891,1.6906,3.3,-129.69,758,640
Ex 3 day 185,5,89,-0.0184,2.1644,1.484,3.3,-117.49,737,621
Ex 3 day 185,5,90,-0.0184,2.7486,2.1918,3.77,-149.2,753,583
Ex 3 day 185,5,91,-0.0184,2.3572,1.6075,3.3,-127.96,704,638
Ex 3 day 185,5,92,-0.0184,2.7452,1.8501,3.3,-149.02,772,642
Ex 3 day 185,5,93,-0.0184,2.2144,1.9968,2.83,-120.2,728,634
Ex 3 day 185,5,94,-0.0184,2.1135,1.5231,3.3,-114.72,686,642
Ex 3 day 185,5,95,-0.0184,1.741,1.1325,3.3,-94.51,771,627
Ex 3 day 185,5,96,-0.0184,1.5548,1.1785,3.77,-84.4,667,625
Ex 3 day 185,6,97,0.0457,3.3017,2.4882,3.77,72.2,843,759
Ex 3 day 185,6,98,0.0457,3.3158,2.336,3.3,72.51,913,775
Ex 3 day 185,6,99,0.0457,3.5572,2.4814,3.3,77.79,859,764
Ex 3 day 185,6,100,0.0457,2.8004,2.1306,3.77,61.24,862,732
Ex 3 day 185,6,101,0.0457,2.5486,2.2252,2.83,55.73,863,757
Ex 3 day 185,6,102,0.0457,2.1468,1.646,4.24,46.95,857,743
Ex 3 day 185,6,103,0.0457,2.2803,1.6555,3.3,49.86,840,775
Ex 3 day 185,6,104,0.0457,2.2589,1.7222,3.3,49.4,862,709
Ex 3 day 185,6,105,0.0457,1.9456,1.2778,4.24,42.54,853,800
Ex 3 day 185,6,106,0.0457,1.7392,1.0318,3.3,38.03,910,750
Ex 3 day 185,6,107,0.0457,1.8404,1.2876,3.3,40.25,831,755
Ex 3 day 185,6,108,0.0457,1.989,1.5014,3.77,43.49,856,697
Ex 3 day 185,7,109,0.0508,4.0296,2.8189,3.3,79.39,226,815
Ex 3 day 185,7,110,0.0508,3.9251,2.5167,4.24,77.33,261,827
Ex 3 day 185,7,111,0.0508,3.9306,3.0358,3.77,77.44,208,772
Ex 3 day 185,7,112,0.0508,3.5478,2.5697,3.3,69.9,168,835
Ex 3 day 185,7,113,0.0508,3.5242,2.2545,4.24,69.43,224,830
Ex 3 day 185,7,114,0.0508,3.0202,2.5974,2.83,59.5,230,857
Ex 3 day 185,7,115,0.0508,3.6128,2.7185,3.77,71.18,264,770
Ex 3 day 185,7,116,0.0508,3.1611,2.1274,4.24,62.28,155,845
Ex 3 day 185,7,117,0.0508,3.5659,2.6481,3.77,70.26,252,853
Ex 3 day 185,7,118,0.0508,2.8379,2.1737,3.77,55.91,289,799
Ex 3 day 185,7,119,0.0508,2.8921,2.1328,3.77,56.98,228,882
Ex 3 day 185,7,120,0.0508,2.9949,2.1019,3.77,59.0,294,818
Ex 3 day 185,7,121,0.0508,2.8212,1.9052,4.24,55.58,293,787
Ex 3 day 185,7,122,0.0508,2.5864,1.9105,3.77,50.96,156,798
Ex 3 day 185,7,123,0.0508,2.2848,1.6459,3.3,45.01,203,819
Ex 3 day 185,7,124,0.0508,2.6969,1.9533,3.77,53.13,276,813
Ex 3 day 185,7,125,0.0508,2.6416,2.1162,2.83,52.04,189,818
Ex 3 day 185,7,126,0.0508,2.1195,1.7077,2.83,41.76,242,831
Ex 3 day 185,7,127,0.0508,2.0857,1.4705,3.3,41.09,194,845
Ex 3 day 185,7,128,0.0508,1.7362,1.394,2.83,34.21,192,826
Ex 3 day 185,7,129,0.0508,2.3911,1.3549,4.24,47.11,196,875
Ex 3 day 185,7,130,0.0508,2.2763,1.7952,2.83,44.85,272,860
Ex 3 day 185,7,131,0.0508,1.4832,1.1944,2.83,29.22,198,835
Ex 3 day 185,7,132,0.0508,1.715,1.3756,2.83,33.79,243,782
Ex 3 day 185,7,133,0.0508,1.6383,1.2191,3.3,32.28,233,866
Ex 3 day 185,7,134,0.0508,1.5931,1.2169,2.83,31.39,208,810
Ex 3 day 185,7,135,0.0508,2.4122,1.7859,2.83,47.52,237,780
Ex 3 day 185,7,136,0.0508,1.8521,1.5325,2.83,36.49,224,785
Ex 3 day 186,1,1,0.0562,4.5618,3.3262,3.3,81.1,609,233
Ex 3 day 186,1,2,0.0562,4.4385,2.8369,3.3,78.91,582,282
Ex 3 day 186,1,3,0.0562,3.6962,2.6508,3.3,65.71,590,232
Ex 3 day 186,1,4,0.0562,3.0657,1.7032,5.19,54.5,602,203
Ex 3 day 186,1,5,0.0562,3.6317,2.715,3.3,64.57,565,267
Ex 3 day 186,1,6,0.0562,3.1291,2.2067,3.3,55.63,617,261
Ex 3 day 186,1,7,0.0562,2.4313,2.064,2.83,43.23,594,266
Ex 3 day 186,1,8,0.0562,2.3582,1.7988,3.3,41.92,607,254
Ex 3 day 186,1,9,0.0562,2.0893,1.6989,3.77,37.14,571,246
Ex 3 day 186,1,10,0.0562,2.2922,1.4767,4.24,40.75,603,281
Ex 3 day 186,1,11,0.0562,2.212,1.4489,3.3,39.33,589,216
Ex 3 day 186,1,12,0.0562,1.9211,1.5789,2.83,34.15,575,257
Ex 3 day 186,1,13,0.0562,1.8274,1.6123,2.83,32.49,616,250
Ex 3 day 186,2,14,0.0248,4.5869,3.0988,3.3,184.88,667,305
Ex 3 day 186,2,15,0.0248,4.3239,3.0953,3.3,174.28,630,318
Ex 3 day 186,2,16,0.0248,3.9719,3.0163,3.77,160.09,709,243
Ex 3 day 186,2,17,0.0248,3.6656,2.5137,3.3,147.74,665,284
Ex 3 day 186,2,18,0.0248,3.578,2.474,3.3,144.22,649,220
Ex 3 day 186,2,19,0.0248,3.2683,2.4057,3.3,131.73,656,264
Ex 3 day 186,2,20,0.0248,3.2772,2.4994,3.77,132.09,636,287
Ex 3 day 186,2,21,0.0248,2.7966,1.7938,3.3,112.72,630,223
Ex 3 day 186,2,22,0.0248,2.8988,2.2223,3.77,116.84,696,299
Ex 3 day 186,2,23,0.0248,2.8894,2.0245,3.3,116.46,654,228
Ex 3 day 186,2,24,0.0248,2.7558,2.3542,2.83,111.07,640,237
Ex 3 day 186,2,25,0.0248,3.0194,2.2204,3.3,121.7,646,320
Ex 3 day 186,2,26,0.0248,2.954,2.0857,3.3,119.06,698,308
Ex 3 day 186,2,27,0.0248,2.3751,1.8446,3.77,95.73,653,332
Ex 3 day 186,2,28,0.0248,2.3649,1.7984,3.77,95.32,683,243
Ex 3 day 186,2,29,0.0248,1.9635,1.2205,3.77,79.14,674,256
Ex 3 day 186,4,30,0.0254,4.1569,2.7063,3.3,163.38,1272,562
Ex 3 day 186,4,31,0.0254,3.8845,3.0028,3.77,152.68,1320,479
Ex 3 day 186,4,32,0.0254,3.7094,2.7122,3.3,145.79,1285,551
Ex 3 day 186,4,33,0.0254,3.911,2.8854,3.77,153.72,1264,519
Ex 3 day 186,4,34,0.0254,3.6256,2.4553,4.24,142.5,1278,439
Ex 3 day 186,4,35,0.0254,3.5743,2.7483,3.77,140.49,1215,498
Ex 3 day 186,4,36,0.0254,3.7947,2.5564,3.3,149.15,1278,604
Ex 3 day 186,4,37,0.0254,3.58,2.5933,3.3,140.71,1290,579
Ex 3 day 186,4,38,0.0254,3.3417,2.4386,3.3,131.34,1320,503
Ex 3 day 186,4,39,0.0254,3.2987,2.4749,3.77,129.65,1336,472
Ex 3 day 186,4,40,0.0254,3.2362,2.2415,3.3,127.2,1283,520
Ex 3 day 186,4,41,0.0254,2.9684,2.2014,3.77,116.67,1244,574
Ex 3 day 186,4,42,0.0254,2.6781,2.0694,3.77,105.26,1232,562
Ex 3 day 186,4,43,0.0254,2.712,1.6813,4.24,106.59,1282,463
Ex 3 day 186,4,44,0.0254,2.5372,1.8452,3.3,99.72,1289,569
Ex 3 day 186,4,45,0.0254,2.7599,1.814,4.24,108.47,1262,485
Ex 3 day 186,4,46,0.0254,2.5992,1.7299,3.3,102.16,1219,532
Ex 3 day 186,4,47,0.0254,2.3094,1.6938,3.77,90.77,1258,584
Ex 3 day 186,4,48,0.0254,2.2935,1.4653,3.3,90.14,1252,507
Ex 3 day 186,4,49,0.0254,2.1546,1.5335,3.3,84.69,1214,520
Ex 3 day 186,4,50,0.0254,2.4703,1.8047,3.3,97.09,1254,484
Ex 3 day 186,4,51,0.0254,1.9889,1.516,4.71,78.17,1235,534
Ex 3 day 186,4,52,0.0254,1.666,1.3542,4.71,65.48,1303,551
Ex 3 day 186,4,53,0.0254,2.1011,1.8251,2.83,82.58,1259,450
Ex 3 day 186,4,54,0.0254,2.165,1.3227,4.24,85.09,1273,505
Ex 3 day 186,4,55,0.0254,1.8711,1.3592,3.3,73.54,1253,567
Ex 3 day 186,4,56,0.0254,1.6363,1.339,2.83,64.31,1246,554
Ex 3 day 186,5,57,0.0636,3.7682,2.8903,3.3,59.28,335,558
Ex 3 day 186,5,58,0.0636,3.461,2.5351,3.77,54.44,381,507
Ex 3 day 186,5,59,0.0636,3.8461,2.6018,3.3,60.5,370,551
Ex 3 day 186,5,60,0.0636,3.4083,2.3675,4.24,53.61,365,517
Ex 3 day 186,5,61,0.0636,4.036,2.7076,3.3,63.49,363,500
Ex 3 day 186,5,62,0.0636,3.2661,2.4092,3.3,51.38,350,520
Ex 3 day 186,5,63,0.0636,3.1486,2.4563,3.77,49.53,276,527
Ex 3 day 186,5,64,0.0636,3.2127,2.3496,3.77,50.54,386,554
Ex 3 day 186,5,65,0.0636,3.4572,2.521,3.77,54.38,363,574
Ex 3 day 186,5,66,0.0636,2.6599,1.8178,3.3,41.84,336,534
Ex 3 day 186,5,67,0.0636,2.764,2.3474,2.83,43.48,300,572
Ex 3 day 186,5,68,0.0636,2.8,1.9954,3.3,44.05,375,570
Ex 3 day 186,5,69,0.0636,2.7403,1.9786,3.77,43.11,388,531
Ex 3 day 186,5,70,0.0636,2.8355,2.3542,2.83,44.6,365,606
Ex 3 day 186,5,71,0.0636,2.7494,1.9985,3.77,43.25,341,508
Ex 3 day 186,5,72,0.0636,2.4532,1.9093,3.77,38.59,287,570
Ex 3 day 186,5,73,0.0636,2.4318,1.722,4.24,38.25,339,601
Ex 3 day 186,5,74,0.0636,2.1816,1.7551,3.77,34.32,314,603
Ex 3 day 186,5,75,0.0636,2.0857,1.6157,3.3,32.81,294,586
Ex 3 day 186,5,76,0.0636,2.145,1.4557,4.24,33.74,322,500
Ex 3 day 186,5,77,0.0636,2.116,1.6529,3.77,33.29,310,495
Ex 3 day 186,5,78,0.0636,2.2936,1.9105,2.83,36.08,335,588
Ex 3 day 186,5,79,0.0636,2.2313,1.3997,3.3,35.1,321,574
Ex 3 day 186,5,80,0.0636,1.947,1.3322,3.3,30.63,315,546
Ex 3 day 186,5,81,0.0636,2.2395,1.6619,3.77,35.23,381,593
Ex 3 day 186,5,82,0.0636,1.8239,1.1114,4.24,28.69,330,520
Ex 3 day 186,5,83,0.0636,0.9843,0.9192,3.77,15.48,345,575
Ex 3 day 186,5,84,0.0636,1.8536,1.2516,3.3,29.16,309,565
Ex 3 day 186,5,85,0.0636,1.9719,1.7224,2.83,31.02,315,485
Ex 3 day 186,5,86,0.0636,2.0228,1.4956,3.77,31.82,407,539
Ex 3 day 186,5,87,0.0636,1.568,1.3707,2.83,24.66,317,563
Ex 3 day 186,5,88,0.0636,2.0096,1.6229,3.3,31.61,328,606
Ex 3 day 186,5,89,0.0636,1.9495,1.5121,3.77,30.67,374,489
Ex 3 day 186,5,90,0.0636,1.7412,1.3443,2.83,27.39,319,526
Ex 3 day 186,5,91,0.0636,1.8242,1.0457,4.24,28.7,364,538
Ex 3 day 186,5,92,0.0636,2.3,1.5137,3.3,36.18,301,600
Ex 3 day 186,5,93,0.0636,1.774,1.4152,2.83,27.91,328,588
Ex 3 day 186,5,94,0.0636,1.6142,1.4286,4.71,25.39,340,474
Ex 3 day 186,5,95,0.0636,1.7224,1.1386,3.3,27.09,419,554
Ex 3 day 186,5,96,0.0636,2.4502,1.7716,2.83,38.54,353,560
Ex 3 day 186,5,97,0.0636,1.8349,1.4392,3.77,28.86,401,515
Ex 3 day 186,6,98,0.0322,4.1838,2.9974,3.3,129.91,115,854
Ex 3 day 186,6,99,0.0322,4.3679,3.1843,3.77,135.63,168,795
Ex 3 day 186,6,100,0.0322,3.9954,3.0351,3.77,124.06,64,757
Ex 3 day 186,6,101,0.0322,3.8208,2.9053,3.77,118.64,185,838
Ex 3 day 186,6,102,0.0322,3.6795,2.6816,3.3,114.25,95,841
Ex 3 day 186,6,103,0.0322,3.9108,2.7831,3.3,121.43,164,891
Ex 3 day 186,6,104,0.0322,3.9925,2.6463,3.3,123.97,158,812
Ex 3 day 186,6,105,0.0322,3.4895,2.3051,4.24,108.35,219,789
Ex 3 day 186,6,106,0.0322,3.511,2.5741,3.77,109.02,115,809
Ex 3 day 186,6,107,0.0322,3.6898,2.5335,3.3,114.57,190,788
Ex 3 day 186,6,108,0.0322,2.8872,1.8753,4.24,89.65,186,731
Ex 3 day 186,6,109,0.0322,2.9265,2.216,3.77,90.87,155,854
Ex 3 day 186,6,110,0.0322,2.8703,2.3023,2.83,89.13,165,766
Ex 3 day 186,6,111,0.0322,2.853,1.8509,4.71,88.59,142,824
Ex 3 day 186,6,112,0.0322,2.9871,2.5093,2.83,92.75,195,812
Ex 3 day 186,6,113,0.0322,2.9045,2.0024,3.3,90.19,161,738
Ex 3 day 186,6,114,0.0322,2.1185,1.7578,4.71,65.78,127,757
Ex 3 day 186,6,115,0.0322,2.9749,2.2485,3.77,92.37,157,836
Ex 3 day 186,6,116,0.0322,2.5137,1.5605,5.19,78.05,123,828
Ex 3 day 186,6,117,0.0322,2.5898,1.8376,3.77,80.42,218,773
Ex 3 day 186,6,118,0.0322,2.3728,1.5455,4.24,73.68,58,772
Ex 3 day 186,6,119,0.0322,2.571,1.7163,3.3,79.83,202,757
Ex 3 day 186,6,120,0.0322,2.2825,2.0231,2.83,70.87,140,863
Ex 3 day 186,6,121,0.0322,1.6735,1.1175,3.3,51.96,162,825
Ex 3 day 186,6,122,0.0322,2.0378,1.6838,2.83,63.28,189,758
Ex 3 day 186,6,123,0.0322,1.5554,1.3099,2.83,48.3,77,762
Ex 3 day 186,6,124,0.0322,1.8983,1.5812,2.83,58.94,190,766
Ex 3 day 186,6,125,0.0322,1.9848,1.6153,2.83,61.63,154,767
Ex 3 day 186,6,126,0.0322,1.9417,1.7364,2.83,60.29,138,721
Ex 3 day 186,6,127,0.0322,1.7765,1.3967,3.3,55.16,148,838
Ex 3 day 186,6,128,0.0322,1.5193,1.0035,4.71,47.18,178,822
Ex 3 day 186,6,129,0.0322,2.1263,1.4858,2.83,66.02,108,842
Ex 3 day 186,6,130,0.0322,1.6094,1.264,2.83,49.97,190,804
Ex 3 day 186,6,131,0.0322,1.8524,1.5138,3.3,57.52,202,806
Ex 3 day 186,6,132,0.0322,1.6885,1.1943,4.24,52.43,218,826
Ex 3 day 186,6,133,0.0322,1.7677,1.1922,5.19,54.89,171,728
Ex 3 day 186,6,134,0.0322,1.7179,1.2559,3.3,53.34,98,820
Ex 3 day 186,6,135,0.0322,1.452,1.0698,5.19,45.09,122,867
Ex 3 day 186,6,136,0.0322,2.3379,1.1666,4.24,72.59,84,750
Ex 3 day 187,1,1,0.0049,4.4407,3.2157,3.3,915.0,453,170
Ex 3 day 187,1,2,0.0049,4.3182,3.7409,2.83,889.75,478,114
Ex 3 day 187,1,3,0.0049,3.5572,2.5754,3.3,732.96,426,90
Ex 3 day 187,1,4,0.0049,3.8572,2.9427,2.83,794.76,447,110
Ex 3 day 187,1,5,0.0049,3.6959,3.1267,2.83,761.54,485,87
Ex 3 day 187,1,6,0.0049,3.6648,2.7247,3.3,755.13,476,157
Ex 3 day 187,1,7,0.0049,3.7821,3.284,2.83,779.3,541,141
Ex 3 day 187,1,8,0.0049,2.8792,2.0413,3.3,593.25,417,136
Ex 3 day 187,1,9,0.0049,3.1529,2.236,3.3,649.65,451,156
Ex 3 day 187,1,10,0.0049,3.3199,2.9505,2.83,684.06,471,81
Ex 3 day 187,1,11,0.0049,3.1533,2.6263,2.83,649.74,496,162
Ex 3 day 187,1,12,0.0049,2.7679,2.1523,2.83,570.33,421,158
Ex 3 day 187,1,13,0.0049,2.8477,2.3712,2.83,586.75,517,106
Ex 3 day 187,1,14,0.0049,2.8807,1.7666,4.24,593.56,432,127
Ex 3 day 187,1,15,0.0049,3.2367,2.7036,2.83,666.92,533,72
Ex 3 day 187,1,16,0.0049,2.4783,1.9638,2.83,510.65,548,55
Ex 3 day 187,1,17,0.0049,2.1174,1.7391,3.77,436.28,517,128
Ex 3 day 187,1,18,0.0049,2.1403,1.6862,2.83,441.01,449,88
Ex 3 day 187,1,19,0.0049,2.8559,1.951,3.3,588.46,535,107
Ex 3 day 187,1,20,0.0049,2.9842,2.4372,2.83,614.9,524,66
Ex 3 day 187,1,21,0.0049,2.4331,2.0145,2.83,501.34,525,49
Ex 3 day 187,1,22,0.0049,2.8259,2.4006,2.83,582.27,464,123
Ex 3 day 187,1,23,0.0049,2.5579,1.8571,3.77,527.04,422,113
Ex 3 day 187,1,24,0.0049,3.0617,2.4987,2.83,630.86,505,48
Ex 3 day 187,1,25,0.0049,2.1881,1.8242,2.83,450.85,494,55
Ex 3 day 187,1,26,0.0049,1.8925,1.357,4.24,389.95,433,142
Ex 3 day 187,1,27,0.0049,1.476,1.1197,3.3,304.14,438,96
Ex 3 day 187,1,28,0.0049,2.5724,2.2545,2.83,530.04,523,111
Ex 3 day 187,1,29,0.0049,1.9992,1.3571,2.83,411.93,510,94
Ex 3 day 187,1,30,0.0049,1.8554,1.0648,4.24,382.31,474,190
Ex 3 day 187,1,31,0.0049,2.1544,1.3982,2.83,443.92,560,90
Ex 3 day 187,1,32,0.0049,2.1134,1.6996,2.83,435.46,517,164
Ex 3 day 187,1,33,0.0049,1.8818,1.4789,2.83,387.75,557,75
Ex 3 day 187,1,34,0.0049,1.8257,1.2961,2.83,376.17,473,140
Ex 3 day 187,1,35,0.0049,1.4585,1.0519,2.83,300.53,521,83
Ex 3 day 187,1,36,0.0049,1.7844,1.4121,2.83,367.68,484,134
Ex 3 day 187,1,37,0.0049,1.4965,1.1727,2.83,308.34,517,91
Ex 3 day 187,1,38,0.0049,1.3074,0.9967,2.83,269.39,441,84
Ex 3 day 187,1,39,0.0049,1.7118,1.1505,2.83,352.71,400,121
Ex 3 day 187,1,40,0.0049,1.3578,1.0647,2.83,279.78,499,150
Ex 3 day 187,1,41,0.0049,2.0874,1.7943,2.83,430.1,415,96
Ex 3 day 187,2,42,0.024,3.9865,3.3971,2.83,166.42,633,212
Ex 3 day 187,2,43,0.024,3.2473,2.8404,2.83,135.56,574,300
Ex 3 day 187,2,44,0.024,2.9392,2.645,2.83,122.7,598,244
Ex 3 day 187,2,45,0.024,3.4774,2.6806,2.83,145.17,631,225
Ex 3 day 187,2,46,0.024,3.7293,2.609,2.83,155.68,576,282
Ex 3 day 187,2,47,0.024,3.0172,2.317,2.83,125.95,558,230
Ex 3 day 187,2,48,0.024,2.727,2.286,2.83,113.84,593,231
Ex 3 day 187,2,49,0.024,3.0949,1.981,4.24,129.2,635,276
Ex 3 day 187,2,50,0.024,3.3802,2.7661,2.83,141.11,565,179
Ex 3 day 187,2,51,0.024,2.4846,1.9334,2.83,103.72,609,192
Ex 3 day 187,2,52,0.024,1.7141,1.3929,2.83,71.56,569,203
Ex 3 day 187,2,53,0.024,2.5432,1.8447,2.83,106.17,572,213
Ex 3 day 187,2,54,0.024,2.6398,2.2192,2.83,110.2,598,221
Ex 3 day 187,2,55,0.024,3.1041,1.9777,2.83,129.58,587,204
Ex 3 day 187,2,56,0.024,2.6234,2.1357,2.83,109.52,582,264
Ex 3 day 187,2,57,0.024,2.0279,1.6689,2.83,84.66,626,298
Ex 3 day 187,2,58,0.024,2.5971,1.9193,2.83,108.42,582,259
Ex 3 day 187,2,59,0.024,3.396,2.6896,2.83,141.77,619,254
Ex 3 day 187,2,60,0.024,2.3839,2.1106,2.83,99.52,589,230
Ex 3 day 187,2,61,0.024,2.1291,1.8568,2.83,88.88,554,220
Ex 3 day 187,2,62,0.024,1.4786,1.2606,3.3,61.73,585,218
Ex 3 day 187,2,63,0.024,2.6045,2.0545,2.83,108.73,608,214
Ex 3 day 187,2,64,0.024,2.4383,1.9819,2.83,101.79,589,291
Ex 3 day 187,2,65,0.024,1.8201,1.3303,3.3,75.98,639,241
Ex 3 day 187,2,66,0.024,2.0503,1.7479,2.83,85.59,606,283
Ex 3 day 187,2,67,0.024,1.7749,1.6397,3.77,74.09,574,229
Ex 3 day 187,2,68,0.024,2.3917,1.8298,2.83,99.84,549,202
Ex 3 day 187,2,69,0.024,2.0543,1.7321,2.83,85.76,616,197
Ex 3 day 187,2,70,0.024,1.7825,1.2415,2.83,74.41,566,196
Ex 3 day 187,2,71,0.024,2.0069,1.4948,2.83,83.78,626,236
Ex 3 day 187,2,72,0.024,2.6879,2.3368,2.83,112.21,648,246
Ex 3 day 187,2,73,0.024,0.7447,1.2276,5.19,31.09,598,265
Ex 3 day 187,2,74,0.024,1.8714,1.4361,2.83,78.12,590,248
Ex 3 day 187,2,75,0.024,1.5687,1.1785,2.83,65.49,619,237
Ex 3 day 187,2,76,0.024,2.6912,1.8373,2.83,112.35,565,214
Ex 3 day 187,2,77,0.024,2.1978,1.7435,2.83,91.75,603,220
Ex 3 day 187,2,78,0.024,2.5364,2.0177,2.83,105.88,603,290
Ex 3 day 187,2,79,0.024,1.0399,1.1393,3.77,43.41,608,228
Ex 3 day 187,2,80,0.024,1.7167,1.3467,2.83,71.66,631,293
Ex 3 day 187,2,81,0.024,1.7638,0.9321,4.24,73.63,582,206
Ex 3 day 187,2,82,0.024,1.8369,1.6623,2.83,76.68,560,250
Ex 3 day 187,2,83,0.024,1.7945,1.4371,2.83,74.91,582,181
Ex 3 day 187,2,84,0.024,1.4464,1.2474,2.83,60.38,587,299
Ex 3 day 187,2,85,0.024,1.7097,1.2853,2.83,71.37,596,186
Ex 3 day 187,2,86,0.024,2.5338,1.7892,2.83,105.78,553,210
Ex 3 day 187,2,87,0.024,1.9881,1.6291,2.83,83.0,623,227
Ex 3 day 187,2,88,0.024,2.072,1.4755,3.3,86.5,562,269
Ex 3 day 187,2,89,0.024,1.4386,1.0815,4.24,60.05,614,266
Ex 3 day 187,2,90,0.024,1.3209,1.1691,4.71,55.14,595,193
Ex 3 day 187,2,91,0.024,1.465,1.0875,2.83,61.16,648,232
Ex 3 day 187,2,92,0.024,1.6944,1.2426,2.83,70.73,593,208
Ex 3 day 187,2,93,0.024,1.9236,1.4571,2.83,80.3,584,195
Ex 3 day 187,2,94,0.024,2.1703,1.7244,2.83,90.6,568,281
Ex 3 day 187,2,95,0.024,1.583,1.3025,2.83,66.09,550,232
Ex 3 day 187,2,96,0.024,2.0107,1.1099,2.83,83.94,649,226
Ex 3 day 187,2,97,0.024,1.3117,0.9229,2.83,54.76,600,203
Ex 3 day 187,2,98,0.024,2.7909,1.9731,2.83,116.51,650,252
Ex 3 day 187,2,99,0.024,1.8563,1.3385,2.83,77.49,638,226
Ex 3 day 187,3,100,0.0164,4.1269,3.28,2.83,251.81,744,325
Ex 3 day 187,3,101,0.0164,3.4265,2.1322,3.3,209.07,783,396
Ex 3 day 187,3,102,0.0164,3.6171,2.7405,2.83,220.7,808,371
Ex 3 day 187,3,103,0.0164,3.3092,2.6621,2.83,201.91,729,380
Ex 3 day 187,3,104,0.0164,3.0806,2.6139,2.83,187.96,755,425
Ex 3 day 187,3,105,0.0164,2.846,2.4683,2.83,173.65,763,385
Ex 3 day 187,3,106,0.0164,3.3797,2.8067,2.83,206.21,778,336
Ex 3 day 187,3,107,0.0164,2.9516,2.3133,2.83,180.09,830,416
Ex 3 day 187,3,108,0.0164,2.4598,2.0897,2.83,150.09,728,405
Ex 3 day 187,3,109,0.0164,3.027,2.2596,2.83,184.69,744,448
Ex 3 day 187,3,110,0.0164,2.6199,1.9572,3.77,159.86,807,357
Ex 3 day 187,3,111,0.0164,2.6336,2.2598,2.83,160.69,753,410
Ex 3 day 187,3,112,0.0164,2.5309,1.8814,2.83,154.42,782,347
Ex 3 day 187,3,113,0.0164,2.9462,2.4706,2.83,179.76,826,399
Ex 3 day 187,3,114,0.0164,2.5737,1.9178,2.83,157.04,715,400
Ex 3 day 187,3,115,0.0164,2.4981,1.8152,3.3,152.42,771,448
Ex 3 day 187,3,116,0.0164,1.9606,1.6457,3.77,119.63,726,394
Ex 3 day 187,3,117,0.0164,2.9238,2.3249,2.83,178.4,772,354
Ex 3 day 187,3,118,0.0164,2.9543,2.2052,2.83,180.26,795,326
Ex 3 day 187,3,119,0.0164,1.6131,1.425,3.3,98.43,774,410
Ex 3 day 187,3,120,0.0164,1.4158,1.3055,2.83,86.39,763,402
Ex 3 day 187,3,121,0.0164,2.9636,2.4271,2.83,180.82,829,364
Ex 3 day 187,3,122,0.0164,2.6783,1.6253,2.83,163.42,776,320
Ex 3 day 187,3,123,0.0164,1.7824,1.4535,3.77,108.75,763,321
Ex 3 day 187,3,124,0.0164,2.1486,1.7579,2.83,131.1,804,402
Ex 3 day 187,3,125,0.0164,2.9167,2.138,2.83,177.96,714,358
Ex 3 day 187,3,126,0.0164,2.5947,1.9745,2.83,158.32,713,425
Ex 3 day 187,3,127,0.0164,2.3328,1.7498,2.83,142.34,755,368
Ex 3 day 187,3,128,0.0164,2.2816,1.7228,2.83,139.21,729,357
Ex 3 day 187,3,129,0.0164,1.1811,0.5018,4.71,72.07,850,370
Ex 3 day 187,3,130,0.0164,2.159,1.6582,2.83,131.73,830,345
Ex 3 day 187,3,131,0.0164,2.1697,1.8116,2.83,132.38,838,354
Ex 3 day 187,3,132,0.0164,2.3632,1.8814,2.83,144.19,759,331
Ex 3 day 187,3,133,0.0164,2.2566,1.7781,2.83,137.69,775,420
Ex 3 day 187,3,134,0.0164,1.9618,1.5881,2.83,119.7,784,359
Ex 3 day 187,3,135,0.0164,2.0856,1.5816,2.83,127.26,765,355
Ex 3 day 187,3,136,0.0164,2.8651,2.2878,2.83,174.82,798,337
Ex 3 day 187,3,137,0.0164,2.1916,1.5746,2.83,133.72,731,347
Ex 3 day 187,3,138,0.0164,2.6272,1.9403,2.83,160.3,716,352
Ex 3 day 187,3,139,0.0164,2.2707,1.3889,4.71,138.55,741,386
Ex 3 day 187,3,140,0.0164,2.1537,1.6174,2.83,131.41,826,324
Ex 3 day 187,3,141,0.0164,2.1115,1.6477,2.83,128.83,735,367
Ex 3 day 187,3,142,0.0164,2.6577,2.149,2.83,162.16,805,382
Ex 3 day 187,3,143,0.0164,2.4207,1.7996,2.83,147.7,787,438
Ex 3 day 187,3,144,0.0164,2.1107,1.5268,2.83,128.79,739,403
Ex 3 day 187,3,145,0.0164,1.9244,1.7118,2.83,117.42,769,397
Ex 3 day 187,3,146,0.0164,1.821,1.6321,2.83,111.11,767,338
Ex 3 day 187,3,147,0.0164,1.8435,1.4611,2.83,112.48,763,363
Ex 3 day 187,3,148,0.0164,2.7144,2.0276,2.83,165.62,714,374
Ex 3 day 187,3,149,0.0164,1.1989,0.8843,2.83,73.15,850,361
Ex 3 day 187,3,150,0.0164,2.1237,1.8485,2.83,129.58,719,426
Ex 3 day 187,3,151,0.0164,2.2956,1.7152,2.83,140.07,777,376
Ex 3 day 187,3,152,0.0164,2.648,1.8276,2.83,161.57,830,387
Ex 3 day 187,3,153,0.0164,2.3906,1.4348,3.3,145.87,809,330
Ex 3 day 187,3,154,0.0164,2.0769,1.6801,2.83,126.72,713,392
Ex 3 day 187,3,155,0.0164,1.8577,1.454,2.83,113.35,743,413
Ex 3 day 187,3,156,0.0164,2.3326,1.7514,2.83,142.32,760,372
Ex 3 day 187,3,157,0.0164,1.9972,1.7571,2.83,121.86,823,342
Ex 3 day 187,3,158,0.0164,1.9166,1.5897,2.83,116.95,794,397
Ex 3 day 187,3,159,0.0164,2.8316,1.9288,2.83,172.77,811,392
Ex 3 day 187,3,160,0.0164,1.8945,1.545,2.83,115.59,794,371
Ex 3 day 187,3,161,0.0164,1.7271,1.3249,2.83,105.38,770,375
Ex 3 day 187,3,162,0.0164,2.0693,1.6018,2.83,126.26,819,347
Ex 3 day 187,3,163,0.0164,2.5531,2.0134,2.83,155.78,819,425
Ex 3 day 187,3,164,0.0164,2.0395,1.2829,2.83,124.44,814,326
Ex 3 day 187,3,165,0.0164,1.6596,1.3691,4.71,101.26,742,363
Ex 3 day 187,3,166,0.0164,1.6593,1.3935,2.83,101.24,737,338
Ex 3 day 187,3,167,0.0164,2.3655,1.8639,2.83,144.33,742,392
Ex 3 day 187,3,168,0.0164,2.0441,1.6526,2.83,124.72,813,425
Ex 3 day 187,3,169,0.0164,2.105,1.4041,2.83,128.44,746,353
Ex 3 day 187,3,170,0.0164,1.8768,1.5875,2.83,114.52,729,412
Ex 3 day 187,3,171,0.0164,1.9431,1.4591,2.83,118.56,792,348
Ex 3 day 187,3,172,0.0164,1.6368,1.0526,3.3,99.87,755,394
Ex 3 day 187,3,173,0.0164,1.2047,0.84,5.19,73.51,707,391
Ex 3 day 187,3,174,0.0164,1.5855,1.3076,2.83,96.74,779,369
Ex 3 day 187,3,175,0.0164,2.3119,1.6226,2.83,141.06,761,442
Ex 3 day 187,3,176,0.0164,2.3864,2.0031,2.83,145.61,789,409
Ex 3 day 187,3,177,0.0164,2.2307,1.0821,4.24,136.1,740,420
Ex 3 day 187,3,178,0.0164,1.5943,1.3586,2.83,97.28,780,311
Ex 3 day 187,3,179,0.0164,1.5959,1.1664,2.83,97.37,827,333
Ex 3 day 187,3,180,0.0164,1.4856,1.2788,2.83,90.64,754,358
Ex 3 day 187,3,181,0.0164,1.4028,1.0205,2.83,85.6,803,410
Ex 3 day 187,3,182,0.0164,1.8971,1.388,2.83,115.75,729,419
Ex 3 day 187,3,183,0.0164,1.9682,1.3655,2.83,120.09,738,347
Ex 3 day 187,3,184,0.0164,1.8776,1.3812,2.83,114.56,716,381
Ex 3 day 187,3,185,0.0164,1.4126,1.0097,4.24,86.19,843,381
Ex 3 day 187,3,186,0.0164,2.0093,1.6442,2.83,122.6,815,405
Ex 3 day 187,3,187,0.0164,1.7058,1.3589,2.83,104.08,740,441
Ex 3 day 187,4,188,-0.0041,3.9701,3.4268,2.83,-977.08,911,523
Ex 3 day 187,4,189,-0.0041,3.9723,2.6936,2.83,-977.6,840,518
Ex 3 day 187,4,190,-0.0041,2.9405,2.7745,2.83,-723.68,785,602
Ex 3 day 187,4,191,-0.0041,3.5237,2.8358,2.83,-867.21,773,555
Ex 3 day 187,4,192,-0.0041,3.5385,2.6185,2.83,-870.84,792,648
Ex 3 day 187,4,193,-0.0041,3.3022,2.6775,2.83,-812.71,925,542
Ex 3 day 187,4,194,-0.0041,3.1655,2.383,2.83,-779.07,809,656
Ex 3 day 187,4,195,-0.0041,3.8569,2.7715,2.83,-949.21,849,528
Ex 3 day 187,4,196,-0.0041,3.2909,2.2947,2.83,-809.91,901,586
Ex 3 day 187,4,197,-0.0041,3.2459,2.5796,2.83,-798.84,803,613
Ex 3 day 187,4,198,-0.0041,3.3928,2.693,2.83,-835.0,879,497
Ex 3 day 187,4,199,-0.0041,2.2759,1.7068,2.83,-560.12,835,625
Ex 3 day 187,4,200,-0.0041,3.0644,2.4278,2.83,-754.17,782,579
Ex 3 day 187,4,201,-0.0041,2.6165,2.1987,2.83,-643.95,787,625
Ex 3 day 187,4,202,-0.0041,2.7052,2.2497,2.83,-665.76,836,573
Ex 3 day 187,4,203,-0.0041,2.7468,2.1692,2.83,-676.01,869,511
Ex 3 day 187,4,204,-0.0041,2.1904,1.9684,2.83,-539.09,888,592
Ex 3 day 187,4,205,-0.0041,2.6939,2.1583,2.83,-663.0,823,599
Ex 3 day 187,4,206,-0.0041,2.8863,2.0722,2.83,-710.34,869,548
Ex 3 day 187,4,207,-0.0041,3.0896,2.2657,2.83,-760.38,857,637
Ex 3 day 187,4,208,-0.0041,2.3318,1.6772,2.83,-573.88,819,641
Ex 3 day 187,4,209,-0.0041,2.5633,1.9321,2.83,-630.84,838,639
Ex 3 day 187,4,210,-0.0041,3.0658,2.1952,2.83,-754.52,905,603
Ex 3 day 187,4,211,-0.0041,2.4413,1.9625,2.83,-600.82,840,587
Ex 3 day 187,4,212,-0.0041,2.954,2.2444,2.83,-727.01,783,668
Ex 3 day 187,4,213,-0.0041,2.4865,1.9199,2.83,-611.95,814,585
Ex 3 day 187,4,214,-0.0041,2.3135,1.7927,2.83,-569.36,877,547
Ex 3 day 187,4,215,-0.0041,2.2182,1.5778,4.71,-545.91,836,542
Ex 3 day 187,4,216,-0.0041,2.456,1.984,2.83,-604.45,799,658
Ex 3 day 187,4,217,-0.0041,2.9658,2.173,2.83,-729.91,797,562
Ex 3 day 187,4,218,-0.0041,2.3494,1.7814,3.77,-578.2,913,577
Ex 3 day 187,4,219,-0.0041,2.2785,1.8996,2.83,-560.76,909,541
Ex 3 day 187,4,220,-0.0041,2.4624,1.8777,2.83,-606.01,870,613
Ex 3 day 187,4,221,-0.0041,2.3792,1.9584,2.83,-585.54,879,555
Ex 3 day 187,4,222,-0.0041,2.2014,1.3322,3.3,-541.79,900,571
Ex 3 day 187,4,223,-0.0041,2.3159,1.9776,2.83,-569.97,807,557
Ex 3 day 187,4,224,-0.0041,3.2079,2.7334,2.83,-789.5,763,579
Ex 3 day 187,4,225,-0.0041,2.0618,1.6141,2.83,-507.42,808,669
Ex 3 day 187,4,226,-0.0041,3.1683,2.1324,2.83,-779.76,834,504
Ex 3 day 187,4,227,-0.0041,1.9024,1.4598,2.83,-468.21,804,568
Ex 3 day 187,4,228,-0.0041,2.4259,1.7832,2.83,-597.03,896,539
Ex 3 day 187,4,229,-0.0041,2.7106,1.895,2.83,-667.09,860,542
Ex 3 day 187,4,230,-0.0041,2.3562,1.7481,2.83,-579.88,867,534
Ex 3 day 187,4,231,-0.0041,2.4371,1.6603,2.83,-599.78,769,658
Ex 3 day 187,4,232,-0.0041,2.7552,2.0847,2.83,-678.08,797,679
Ex 3 day 187,4,233,-0.0041,2.6045,1.892,2.83,-640.98,850,582
Ex 3 day 187,4,234,-0.0041,2.9695,2.3393,2.83,-730.81,861,630
Ex 3 day 187,4,235,-0.0041,2.6454,2.2454,2.83,-651.06,891,545
Ex 3 day 187,4,236,-0.0041,1.9129,1.3069,3.3,-470.79,889,513
Ex 3 day 187,4,237,-0.0041,2.2506,1.8374,2.83,-553.9,801,585
Ex 3 day 187,4,238,-0.0041,2.2762,1.8436,2.83,-560.2,824,625
Ex 3 day 187,4,239,-0.0041,2.561,1.2095,4.71,-630.28,885,516
Ex 3 day 187,4,240,-0.0041,2.3846,1.426,3.3,-586.88,913,559
Ex 3 day 187,4,241,-0.0041,2.5645,1.8296,2.83,-631.15,851,512
Ex 3 day 187,4,242,-0.0041,2.0323,1.6175,2.83,-500.17,857,616
Ex 3 day 187,4,243,-0.0041,2.2843,1.9511,2.83,-562.19,870,597
Ex 3 day 187,4,244,-0.0041,2.1767,1.7324,2.83,-535.71,803,589
Ex 3 day 187,4,245,-0.0041,2.6592,2.0809,2.83,-654.45,830,653
Ex 3 day 187,4,246,-0.0041,1.6944,1.3298,2.83,-417.01,867,569
Ex 3 day 187,4,247,-0.0041,2.761,2.2879,2.83,-679.51,823,569
Ex 3 day 187,4,248,-0.0041,1.8674,1.5328,2.83,-459.57,900,553
Ex 3 day 187,4,249,-0.0041,2.5732,2.0815,2.83,-633.3,798,528
Ex 3 day 187,4,250,-0.0041,2.2245,1.9092,2.83,-547.46,818,556
Ex 3 day 187,4,251,-0.0041,1.919,1.6742,2.83,-472.29,903,615
Ex 3 day 187,4,252,-0.0041,2.5702,1.9213,3.77,-632.55,760,596
Ex 3 day 187,4,253,-0.0041,1.6817,1.3875,2.83,-413.89,786,569
Ex 3 day 187,4,254,-0.0041,1.7502,1.4595,4.71,-430.74,883,576
Ex 3 day 187,4,255,-0.0041,2.61,1.6645,2.83,-642.34,882,614
Ex 3 day 187,4,256,-0.0041,2.2898,1.5887,2.83,-563.53,893,608
Ex 3 day 187,4,257,-0.0041,2.0555,1.5303,2.83,-505.88,811,535
Ex 3 day 187,4,258,-0.0041,2.9013,2.0307,2.83,-714.04,836,598
Ex 3 day 187,4,259,-0.0041,2.7737,2.083,2.83,-682.62,821,656
Ex 3 day 187,4,260,-0.0041,2.2527,1.7163,2.83,-554.4,921,591
Ex 3 day 187,4,261,-0.0041,2.3831,1.8545,2.83,-586.5,855,608
Ex 3 day 187,4,262,-0.0041,2.1131,1.4271,3.3,-520.04,857,600
Ex 3 day 187,4,263,-0.0041,2.3439,1.762,2.83,-576.85,785,546
Ex 3 day 187,4,264,-0.0041,2.2509,1.3539,3.77,-553.97,862,626
Ex 3 day 187,4,265,-0.0041,1.2671,1.204,2.83,-311.83,816,594
Ex 3 day 187,4,266,-0.0041,1.8501,1.4102,2.83,-455.34,855,498
Ex 3 day 187,4,267,-0.0041,2.1307,1.6641,2.83,-524.39,884,622
Ex 3 day 187,4,268,-0.0041,2.2318,1.8893,2.83,-549.26,840,563
Ex 3 day 187,4,269,-0.0041,1.4993,1.1775,2.83,-368.99,923,559
Ex 3 day 187,4,270,-0.0041,1.7059,1.4184,2.83,-419.84,816,630
Ex 3 day 187,4,271,-0.0041,1.73,1.4395,2.83,-425.77,865,561
Ex 3 day 187,4,272,-0.0041,1.6884,1.2278,2.83,-415.53,882,634
Ex 3 day 187,4,273,-0.0041,1.9329,1.2061,2.83,-475.71,848,552
Ex 3 day 187,4,274,-0.0041,2.5223,1.855,2.83,-620.76,827,614
Ex 3 day 187,4,275,-0.0041,2.4769,1.1742,4.24,-609.58,806,603
Ex 3 day 187,4,276,-0.0041,2.2061,1.803,2.83,-542.93,795,669
Ex 3 day 187,4,277,-0.0041,1.1661,0.9026,2.83,-286.99,804,545
Ex 3 day 187,4,278,-0.0041,2.0098,1.5992,2.83,-494.63,857,581
Ex 3 day 187,4,279,-0.0041,2.2741,1.5923,2.83,-559.66,896,596
Ex 3 day 187,4,280,-0.0041,2.3016,1.7789,2.83,-566.45,803,681
Ex 3 day 187,4,281,-0.0041,1.9252,1.2865,2.83,-473.81,837,524
Ex 3 day 187,4,282,-0.0041,2.2987,1.6815,2.83,-565.73,874,628
Ex 3 day 187,4,283,-0.0041,1.8356,1.4976,2.83,-451.75,831,604
Ex 3 day 187,4,284,-0.0041,1.6942,1.1248,3.3,-416.96,809,621
Ex 3 day 187,4,285,-0.0041,1.9751,1.4906,2.83,-486.09,856,557
Ex 3 day 187,4,286,-0.0041,1.7278,1.3585,2.83,-425.23,829,640
Ex 3 day 187,4,287,-0.0041,2.1614,1.7194,2.83,-531.94,852,540
Ex 3 day 187,4,288,-0.0041,1.6664,1.3917,2.83,-410.12,784,647
Ex 3 day 187,4,289,-0.0041,1.8144,1.5492,2.83,-446.54,775,641
Ex 3 day 187,4,290,-0.0041,2.3748,1.7697,2.83,-584.47,912,535
Ex 3 day 187,4,291,-0.0041,2.178,1.7243,2.83,-536.02,874,529
Ex 3 day 187,4,292,-0.0041,1.6297,1.2234,2.83,-401.09,852,591
Ex 3 day 187,4,293,-0.0041,1.7542,1.1808,2.83,-431.73,871,518
Ex 3 day 187,4,294,-0.0041,1.4966,1.1553,3.3,-368.33,811,518
Ex 3 day 187,4,295,-0.0041,1.8968,1.2735,2.83,-466.82,824,526
Ex 3 day 187,4,296,-0.0041,1.9386,1.4907,2.83,-477.1,844,641
Ex 3 day 187,4,297,-0.0041,1.674,1.2917,2.83,-412.0,851,563
Ex 3 day 187,4,298,-0.0041,1.4123,1.2063,2.83,-347.59,880,602
Ex 3 day 187,4,299,-0.0041,1.8786,1.5232,2.83,-462.34,848,541
Ex 3 day 187,4,300,-0.0041,2.0205,1.4959,2.83,-497.26,902,561
Ex 3 day 187,4,301,-0.0041,1.2953,0.9612,2.83,-318.79,823,587
Ex 3 day 187,4,302,-0.0041,1.391,1.1005,2.83,-342.33,774,600
Ex 3 day 187,4,303,-0.0041,2.2585,1.6729,2.83,-555.83,860,571
Ex 3 day 187,4,304,-0.0041,1.7973,1.2924,2.83,-442.32,830,511
Ex 3 day 187,4,305,-0.0041,2.2759,1.5745,2.83,-560.12,875,508
Ex 3 day 187,4,306,-0.0041,1.8152,1.2577,2.83,-446.73,800,554
Ex 3 day 187,4,307,-0.0041,1.6427,1.3279,2.83,-404.29,810,552
Ex 3 day 187,4,308,-0.0041,2.0212,1.5568,2.83,-497.43,899,504
Ex 3 day 187,5,309,-0.0174,3.1666,2.5285,2.83,-182.02,968,664
Ex 3 day 187,5,310,-0.0174,2.9614,2.307,2.83,-170.23,865,721
Ex 3 day 187,5,311,-0.0174,2.7951,2.1802,2.83,-160.67,933,671
Ex 3 day 187,5,312,-0.0174,2.9898,2.5211,2.83,-171.86,860,679
Ex 3 day 187,5,313,-0.0174,3.2268,2.5956,2.83,-185.48,821,729
Ex 3 day 187,5,314,-0.0174,3.4733,2.7194,2.83,-199.65,835,656
Ex 3 day 187,5,315,-0.0174,2.57,2.0719,3.77,-147.73,919,663
Ex 3 day 187,5,316,-0.0174,3.7726,2.9428,2.83,-216.85,966,684
Ex 3 day 187,5,317,-0.0174,2.4968,2.121,2.83,-143.52,937,743
Ex 3 day 187,5,318,-0.0174,2.8531,2.4082,2.83,-164.0,832,669
Ex 3 day 187,5,319,-0.0174,3.1915,2.5552,2.83,-183.45,803,724
Ex 3 day 187,5,320,-0.0174,3.1125,2.3609,2.83,-178.91,832,720
Ex 3 day 187,5,321,-0.0174,3.0031,2.2412,2.83,-172.62,819,716
Ex 3 day 187,5,322,-0.0174,2.8564,2.3713,2.83,-164.19,856,665
Ex 3 day 187,5,323,-0.0174,3.3406,2.657,2.83,-192.02,870,743
Ex 3 day 187,5,324,-0.0174,2.6589,2.1774,2.83,-152.84,842,670
Ex 3 day 187,5,325,-0.0174,2.748,1.747,2.83,-157.96,852,708
Ex 3 day 187,5,326,-0.0174,2.4345,1.6387,3.3,-139.94,890,672
Ex 3 day 187,5,327,-0.0174,2.5363,1.8991,2.83,-145.79,888,642
Ex 3 day 187,5,328,-0.0174,2.7955,2.3945,2.83,-160.69,953,663
Ex 3 day 187,5,329,-0.0174,2.4381,1.988,2.83,-140.15,940,719
Ex 3 day 187,5,330,-0.0174,2.4497,1.8012,2.83,-140.82,833,746
Ex 3 day 187,5,331,-0.0174,2.8368,2.0539,2.83,-163.06,903,654
Ex 3 day 187,5,332,-0.0174,2.0194,1.739,4.71,-116.08,904,641
Ex 3 day 187,5,333,-0.0174,2.7523,2.2154,2.83,-158.2,923,722
Ex 3 day 187,5,334,-0.0174,3.0668,2.0999,2.83,-176.28,837,682
Ex 3 day 187,5,335,-0.0174,2.2362,1.7089,2.83,-128.54,880,703
Ex 3 day 187,5,336,-0.0174,3.623,2.7324,2.83,-208.25,956,620
Ex 3 day 187,5,337,-0.0174,2.64,1.9615,2.83,-151.75,854,699
Ex 3 day 187,5,338,-0.0174,2.3602,1.8097,2.83,-135.67,893,740
Ex 3 day 187,5,339,-0.0174,1.9293,1.4226,2.83,-110.9,966,632
Ex 3 day 187,5,340,-0.0174,2.0776,1.776,2.83,-119.42,820,741
Ex 3 day 187,5,341,-0.0174,2.2775,1.8865,2.83,-130.92,897,659
Ex 3 day 187,5,342,-0.0174,2.1308,1.5933,3.77,-122.48,942,699
Ex 3 day 187,5,343,-0.0174,1.4543,1.3419,3.3,-83.6,883,652
Ex 3 day 187,5,344,-0.0174,2.1502,1.6951,2.83,-123.6,947,647
Ex 3 day 187,5,345,-0.0174,2.1373,1.8455,2.83,-122.86,842,733
Ex 3 day 187,5,346,-0.0174,0.808,1.3348,5.19,-46.44,886,719
Ex 3 day 187,5,347,-0.0174,1.7514,1.3336,2.83,-100.68,829,679
Ex 3 day 187,5,348,-0.0174,1.7505,1.253,2.83,-100.62,901,719
Ex 3 day 187,5,349,-0.0174,1.4346,1.1051,2.83,-82.46,879,676
Ex 3 day 187,5,350,-0.0174,2.6891,2.043,2.83,-154.58,959,706
Ex 3 day 187,5,351,-0.0174,2.7516,2.183,2.83,-158.16,820,696
Ex 3 day 187,5,352,-0.0174,2.3303,1.7983,2.83,-133.95,843,654
Ex 3 day 187,5,353,-0.0174,1.5511,1.555,2.83,-89.16,966,644
Ex 3 day 187,5,354,-0.0174,2.6704,2.119,2.83,-153.5,804,737
Ex 3 day 187,5,355,-0.0174,1.6723,1.2497,4.71,-96.13,877,687
Ex 3 day 187,5,356,-0.0174,2.1919,1.7729,2.83,-126.0,905,677
Ex 3 day 187,5,357,-0.0174,1.919,1.4531,2.83,-110.31,956,644
Ex 3 day 187,5,358,-0.0174,2.044,1.5256,2.83,-117.49,887,656
Ex 3 day 187,5,359,-0.0174,1.3731,1.0496,2.83,-78.93,905,685
Ex 3 day 187,5,360,-0.0174,2.1866,1.7321,2.83,-125.69,904,699
Ex 3 day 187,5,361,-0.0174,2.3068,1.8724,2.83,-132.6,940,623
Ex 3 day 187,5,362,-0.0174,2.2616,1.8005,2.83,-130.0,819,685
Ex 3 day 187,5,363,-0.0174,2.083,1.7347,2.83,-119.73,951,656
Ex 3 day 187,5,364,-0.0174,2.4645,1.8573,2.83,-141.66,908,693
Ex 3 day 187,5,365,-0.0174,1.4851,1.3915,4.24,-85.36,893,701
Ex 3 day 187,5,366,-0.0174,1.9216,1.5793,2.83,-110.45,941,627
Ex 3 day 187,5,367,-0.0174,2.5338,1.8632,2.83,-145.65,921,648
Ex 3 day 187,5,368,-0.0174,1.4708,1.194,2.83,-84.54,804,693
Ex 3 day 187,5,369,-0.0174,1.2211,0.881,4.24,-70.19,883,739
Ex 3 day 187,5,370,-0.0174,1.8639,1.448,2.83,-107.14,877,716
Ex 3 day 187,5,371,-0.0174,2.2346,1.9136,2.83,-128.45,919,745
Ex 3 day 187,5,372,-0.0174,1.612,1.2577,2.83,-92.66,894,638
Ex 3 day 187,5,373,-0.0174,1.9852,1.5442,2.83,-114.11,822,686
Ex 3 day 187,5,374,-0.0174,2.5469,2.0159,2.83,-146.4,868,738
Ex 3 day 187,5,375,-0.0174,1.2609,1.2353,3.3,-72.48,926,619
Ex 3 day 187,5,376,-0.0174,1.9565,1.517,2.83,-112.46,916,693
Ex 3 day 187,5,377,-0.0174,1.1516,1.3063,4.71,-66.2,932,634
Ex 3 day 187,5,378,-0.0174,2.1699,1.7469,2.83,-124.73,829,705
Ex 3 day 187,5,379,-0.0174,1.6251,1.1738,2.83,-93.42,897,682
Ex 3 day 187,5,380,-0.0174,1.5581,1.2598,2.83,-89.56,915,611
Ex 3 day 187,5,381,-0.0174,1.7255,1.277,2.83,-99.18,927,701
Ex 3 day 187,5,382,-0.0174,2.0219,1.6656,2.83,-116.22,949,616
Ex 3 day 187,5,383,-0.0174,1.5352,1.19,2.83,-88.25,929,735
Ex 3 day 187,5,384,-0.0174,2.2097,1.5924,2.83,-127.02,850,716
Ex 3 day 187,5,385,-0.0174,2.148,1.3094,2.83,-123.47,872,724
Ex 3 day 187,5,386,-0.0174,2.2468,1.4465,2.83,-129.15,875,708
Ex 3 day 187,5,387,-0.0174,1.6029,1.4388,2.83,-92.14,914,718
Ex 3 day 187,5,388,-0.0174,0.9119,0.9972,3.77,-52.42,952,715
Ex 3 day 187,5,389,-0.0174,1.5649,1.272,2.83,-89.95,871,678
Ex 3 day 187,5,390,-0.0174,2.4554,1.8357,2.83,-141.14,945,678
Ex 3 day 187,5,391,-0.0174,1.6031,1.3519,2.83,-92.15,848,741
Ex 3 day 187,5,392,-0.0174,1.7176,1.1297,2.83,-98.73,931,663
Ex 3 day 187,5,393,-0.0174,1.7925,1.2572,2.83,-103.04,897,728
Ex 3 day 187,5,394,-0.0174,1.768,1.3954,2.83,-101.63,919,681
Ex 3 day 187,5,395,-0.0174,1.981,1.4274,3.3,-113.87,908,624
Ex 3 day 187,5,396,-0.0174,1.4206,0.9033,3.77,-81.66,973,673
Ex 3 day 187,5,397,-0.0174,1.8296,1.465,2.83,-105.17,925,639
Ex 3 day 187,5,398,-0.0174,1.4131,1.063,2.83,-81.23,982,696
Ex 3 day 187,5,399,-0.0174,1.8547,1.6338,2.83,-106.61,811,682
Ex 3 day 187,5,400,-0.0174,1.9318,1.5177,2.83,-111.04,874,661
Ex 3 day 187,5,401,-0.0174,1.3817,1.0893,2.83,-79.42,929,687
Ex 3 day 187,5,402,-0.0174,1.6336,1.3401,2.83,-93.9,844,677
Ex 3 day 187,5,403,-0.0174,1.9843,1.4014,2.83,-114.06,891,682
Ex 3 day 187,5,404,-0.0174,2.2143,1.6534,2.83,-127.28,847,728
Ex 3 day 187,6,405,0.1144,4.1257,3.2953,2.83,36.06,518,993
Ex 3 day 187,6,406,0.1144,3.9997,2.7874,3.3,34.96,519,920
Ex 3 day 187,6,407,0.1144,3.4761,2.1821,4.24,30.38,519,971
Ex 3 day 187,6,408,0.1144,3.3873,2.504,3.3,29.61,517,945
Ex 3 day 187,6,409,0.1144,2.878,2.4867,2.83,25.15,499,906
Ex 3 day 187,6,410,0.1144,2.1165,1.3952,5.19,18.5,503,973
Ex 3 day 187,6,411,0.1144,2.0486,1.7802,2.83,17.91,509,994
Ex 3 day 187,6,412,0.1144,2.2317,1.9166,2.83,19.51,503,953
Ex 3 day 187,7,413,0.0466,3.2033,2.2689,3.3,68.72,396,956
Ex 3 day 187,7,414,0.0466,3.4106,2.8501,2.83,73.16,411,929
Ex 3 day 187,7,415,0.0466,2.7373,1.8717,3.3,58.72,384,959
Ex 3 day 187,7,416,0.0466,2.541,2.1288,2.83,54.51,416,997
Ex 3 day 187,7,417,0.0466,2.8061,2.4252,2.83,60.2,390,995
Ex 3 day 187,7,418,0.0466,2.2771,1.7448,2.83,48.85,380,985
Ex 3 day 187,7,419,0.0466,3.4448,2.403,2.83,73.9,403,1024
Ex 3 day 187,7,420,0.0466,2.8386,2.255,2.83,60.89,395,966
Ex 3 day 187,7,421,0.0466,1.7018,1.4155,3.3,36.51,428,931
Ex 3 day 187,7,422,0.0466,2.3578,1.7149,2.83,50.58,429,950
Ex 3 day 187,7,423,0.0466,2.316,1.5965,2.83,49.68,402,991
Ex 3 day 187,7,424,0.0466,1.3276,1.4042,3.77,28.48,404,1005
Ex 3 day 187,7,425,0.0466,2.615,1.9519,2.83,56.1,403,1018
Ex 3 day 187,7,426,0.0466,1.8911,1.6098,2.83,40.57,395,1007
Ex 3 day 187,7,427,0.0466,1.9065,1.6428,2.83,40.9,407,967
Ex 3 day 187,7,428,0.0466,2.1773,1.9716,2.83,46.71,426,967
Ex 3 day 187,7,429,0.0466,2.4921,2.1836,2.83,53.46,420,957
Ex 3 day 187,7,430,0.0466,1.7433,1.4659,2.83,37.4,412,1006
Ex 3 day 187,7,431,0.0466,2.0581,1.7417,2.83,44.15,388,982
Ex 3 day 187,7,432,0.0466,2.1046,1.4869,2.83,45.15,389,938
Ex 3 day 187,7,433,0.0466,2.0562,1.7216,2.83,44.11,397,941
Ex 3 day 187,7,434,0.0466,1.8096,1.2993,2.83,38.82,423,945
Ex 3 day 187,7,435,0.0466,1.6104,1.2734,2.83,34.55,377,967
Ex 3 day 187,7,436,0.0466,1.7175,1.3991,2.83,36.84,392,924
Ex 3 day 187,7,437,0.0466,2.0315,1.6132,2.83,43.58,378,1009
Ex 3 day 187,7,438,0.0466,1.0522,1.4562,4.71,22.57,388,1018
Ex 3 day 187,7,439,0.0466,1.2688,1.214,3.3,27.22,378,940
Ex 3 day 187,7,440,0.0466,1.8314,1.753,2.83,39.29,425,978
Ex 3 day 187,7,441,0.0466,2.1821,1.6616,2.83,46.81,398,922
Ex 3 day 187,7,442,0.0466,1.9678,1.6127,2.83,42.21,381,995
Ex 3 day 187,7,443,0.0466,1.8286,1.2958,2.83,39.23,429,940
Ex 3 day 187,8,444,-0.0114,3.1335,2.5588,2.83,-274.81,417,1026
Ex 3 day 187,8,445,-0.0114,3.6222,2.1796,3.3,-317.68,523,1039
Ex 3 day 187,8,446,-0.0114,2.7048,1.9081,3.77,-237.22,434,1039
Ex 3 day 187,8,447,-0.0114,2.7309,2.0812,2.83,-239.51,470,1014
Ex 3 day 187,8,448,-0.0114,1.9291,1.7728,4.71,-169.19,416,1039
Ex 3 day 187,8,449,-0.0114,2.361,2.0136,2.83,-207.07,514,1018
Ex 3 day 187,8,450,-0.0114,2.4982,2.0783,2.83,-219.1,453,1002
Ex 3 day 187,8,451,-0.0114,2.1309,1.3204,3.3,-186.88,491,1039
Ex 3 day 187,8,452,-0.0114,1.4264,1.1641,3.3,-125.1,503,1039
Ex 3 day 187,8,453,-0.0114,2.4358,1.9283,2.83,-213.62,449,991
Ex 3 day 187,8,454,-0.0114,2.0616,1.257,3.3,-180.81,459,1016
Ex 3 day 187,8,455,-0.0114,2.2919,1.6158,2.83,-201.01,461,998
Ex 3 day 187,8,456,-0.0114,2.0356,1.4992,3.77,-178.53,470,1039
Ex 3 day 187,8,457,-0.0114,1.3968,1.1277,2.83,-122.51,441,1023
Ex 3 day 187,8,458,-0.0114,1.8797,1.4013,2.83,-164.86,509,1026
Ex 3 day 187,8,459,-0.0114,1.4753,1.1383,2.83,-129.39,479,1029
Ex 3 day 187,8,460,-0.0114,2.3751,1.9673,2.83,-208.31,434,991
Ex 3 day 187,9,461,0.0058,2.148,1.4334,2.83,369.46,425,1010
Ex 3 day 188,1,1,0.0428,3.0077,2.4682,2.83,70.26,1361,140
Ex 3 day 188,1,2,0.0428,2.6244,1.8983,2.83,61.31,1391,86
Ex 3 day 188,1,3,0.0428,1.8928,1.8445,4.71,44.21,1377,127
Ex 3 day 188,1,4,0.0428,2.0547,1.2737,3.3,48.0,1391,217
Ex 3 day 188,1,5,0.0428,2.8017,2.2455,2.83,65.45,1368,169
Ex 3 day 188,1,6,0.0428,2.9057,1.9872,3.3,67.88,1391,175
Ex 3 day 188,1,7,0.0428,2.1615,1.601,2.83,50.49,1355,228
Ex 3 day 188,1,8,0.0428,2.4471,2.0884,2.83,57.16,1389,107
Ex 3 day 188,1,9,0.0428,2.9065,2.455,2.83,67.89,1358,214
Ex 3 day 188,1,10,0.0428,2.3195,1.9449,2.83,54.18,1346,212
Ex 3 day 188,1,11,0.0428,2.1764,1.5997,2.83,50.84,1361,126
Ex 3 day 188,1,12,0.0428,2.0676,1.6043,2.83,48.3,1384,242
Ex 3 day 188,1,13,0.0428,1.994,1.6826,2.83,46.58,1381,177
Ex 3 day 188,1,14,0.0428,2.3931,1.6332,2.83,55.9,1366,240
Ex 3 day 188,1,15,0.0428,3.1377,0.9218,5.19,73.3,1391,243
Ex 3 day 188,1,16,0.0428,2.0814,1.2769,4.24,48.62,1351,181
Ex 3 day 188,1,17,0.0428,1.4377,1.1355,2.83,33.59,1338,182
Ex 3 day 188,1,18,0.0428,2.0402,1.5494,3.3,47.66,1391,190
Ex 3 day 188,1,19,0.0428,1.2902,1.0189,5.66,30.14,1391,227
Ex 3 day 188,1,20,0.0428,1.4696,1.099,2.83,34.33,1381,209
Ex 3 day 188,1,21,0.0428,2.2135,1.9797,2.83,51.71,1379,145
Ex 3 day 188,1,22,0.0428,1.8831,1.3472,4.71,43.99,1371,227
Ex 3 day 188,1,23,0.0428,1.5932,0.9695,2.83,37.22,1377,216
Ex 3 day 188,1,24,0.0428,1.8637,1.5572,2.83,43.54,1378,247
Ex 3 day 188,1,25,0.0428,2.2621,1.0933,4.24,52.84,1348,156
Ex 3 day 188,1,26,0.0428,1.191,0.9954,2.83,27.82,1377,185
Ex 3 day 188,1,27,0.0428,1.6883,1.213,2.83,39.44,1349,130
Ex 3 day 188,1,28,0.0428,1.5372,1.2113,2.83,35.91,1373,248
Ex 3 day 188,1,29,0.0428,1.769,1.2312,4.24,41.32,1374,201
Ex 3 day 188,1,30,0.0428,1.9684,1.4904,2.83,45.98,1369,187
Ex 3 day 188,1,31,0.0428,1.8211,1.4326,2.83,42.54,1381,154
Ex 3 day 188,2,32,-0.0055,5.0202,4.1733,2.83,-919.85,1149,376
Ex 3 day 188,2,33,-0.0055,4.1945,3.5519,2.83,-768.56,1119,338
Ex 3 day 188,2,34,-0.0055,3.337,2.6467,2.83,-611.44,1091,310
Ex 3 day 188,2,35,-0.0055,3.9015,3.3764,2.83,-714.86,1103,409
Ex 3 day 188,2,36,-0.0055,3.5981,2.3118,4.24,-659.28,1136,287
Ex 3 day 188,2,37,-0.0055,3.8519,2.789,3.77,-705.78,1084,370
Ex 3 day 188,2,38,-0.0055,3.0536,2.411,2.83,-559.51,1080,397
Ex 3 day 188,2,39,-0.0055,3.8817,2.632,3.3,-711.23,1098,394
Ex 3 day 188,2,40,-0.0055,3.4912,2.505,3.77,-639.69,1152,267
Ex 3 day 188,2,41,-0.0055,3.7164,2.6274,3.3,-680.95,1046,383
Ex 3 day 188,2,42,-0.0055,2.9727,2.2229,3.3,-544.68,1135,325
Ex 3 day 188,2,43,-0.0055,3.2169,2.3722,2.83,-589.43,1134,306
Ex 3 day 188,2,44,-0.0055,3.2151,2.3086,2.83,-589.09,1062,408
Ex 3 day 188,2,45,-0.0055,2.514,2.2406,2.83,-460.63,1124,374
Ex 3 day 188,2,46,-0.0055,2.0801,1.5159,4.24,-381.14,1128,406
Ex 3 day 188,2,47,-0.0055,2.8793,2.1884,2.83,-527.57,1062,327
Ex 3 day 188,2,48,-0.0055,2.7684,1.9053,4.24,-507.26,1155,309
Ex 3 day 188,2,49,-0.0055,3.3114,2.477,2.83,-606.74,1185,302
Ex 3 day 188,2,50,-0.0055,2.6415,2.0358,2.83,-484.01,1116,364
Ex 3 day 188,2,51,-0.0055,3.12,2.6433,2.83,-571.67,1125,253
Ex 3 day 188,2,52,-0.0055,2.3497,1.9288,2.83,-430.53,1061,397
Ex 3 day 188,2,53,-0.0055,2.472,1.9988,2.83,-452.94,1077,356
Ex 3 day 188,2,54,-0.0055,2.9645,2.3729,2.83,-543.18,1181,342
Ex 3 day 188,2,55,-0.0055,3.0349,1.9215,3.77,-556.09,1049,352
Ex 3 day 188,2,56,-0.0055,2.4984,1.8441,2.83,-457.79,1102,333
Ex 3 day 188,2,57,-0.0055,2.3029,1.7254,2.83,-421.97,1082,407
Ex 3 day 188,2,58,-0.0055,2.215,1.9862,2.83,-405.86,1128,359
Ex 3 day 188,2,59,-0.0055,2.8026,2.3316,2.83,-513.51,1074,329
Ex 3 day 188,2,60,-0.0055,2.1351,1.4726,3.3,-391.22,1091,301
Ex 3 day 188,2,61,-0.0055,2.4229,2.0222,2.83,-443.94,1056,329
Ex 3 day 188,2,62,-0.0055,1.9602,1.5521,3.3,-359.16,1100,266
Ex 3 day 188,2,63,-0.0055,2.0606,1.3575,6.6,-377.57,1113,314
Ex 3 day 188,2,64,-0.0055,2.4834,1.9631,2.83,-455.04,1022,355
Ex 3 day 188,2,65,-0.0055,2.4033,1.7242,3.77,-440.36,1173,261
Ex 3 day 188,2,66,-0.0055,2.484,2.0548,2.83,-455.15,1041,331
Ex 3 day 188,2,67,-0.0055,2.7827,1.7684,2.83,-509.88,1094,332
Ex 3 day 188,2,68,-0.0055,2.0808,1.7619,2.83,-381.27,1185,331
Ex 3 day 188,2,69,-0.0055,2.089,1.4436,2.83,-382.76,1177,315
Ex 3 day 188,2,70,-0.0055,2.2085,1.7785,2.83,-404.66,1068,422
Ex 3 day 188,2,71,-0.0055,2.0946,1.2712,3.3,-383.78,1072,289
Ex 3 day 188,2,72,-0.0055,2.791,2.2397,2.83,-511.39,1060,306
Ex 3 day 188,2,73,-0.0055,2.711,2.2217,2.83,-496.74,1164,284
Ex 3 day 188,2,74,-0.0055,1.5133,1.2331,2.83,-277.27,1031,376
Ex 3 day 188,2,75,-0.0055,1.7719,1.3889,2.83,-324.66,1165,364
Ex 3 day 188,2,76,-0.0055,1.935,1.4078,3.3,-354.54,1062,299
Ex 3 day 188,2,77,-0.0055,1.5434,1.1722,3.3,-282.8,1134,378
Ex 3 day 188,2,78,-0.0055,1.5578,1.4088,2.83,-285.43,1152,332
Ex 3 day 188,2,79,-0.0055,2.1076,1.5334,2.83,-386.17,1095,327
Ex 3 day 188,2,80,-0.0055,2.9603,2.0151,2.83,-542.42,1080,320
Ex 3 day 188,2,81,-0.0055,2.2208,1.506,2.83,-406.91,1167,374
Ex 3 day 188,2,82,-0.0055,1.8835,1.3567,2.83,-345.12,1102,362
Ex 3 day 188,2,83,-0.0055,1.6624,1.2724,2.83,-304.59,1109,381
Ex 3 day 188,2,84,-0.0055,1.8464,1.4224,2.83,-338.32,1106,300
Ex 3 day 188,2,85,-0.0055,1.2053,1.0869,2.83,-220.85,1044,321
Ex 3 day 188,2,86,-0.0055,1.797,1.2182,2.83,-329.26,1071,412
Ex 3 day 188,2,87,-0.0055,1.8453,1.4531,2.83,-338.11,1087,324
Ex 3 day 188,2,88,-0.0055,1.4747,1.2276,4.71,-270.21,1067,347
Ex 3 day 188,2,89,-0.0055,2.1127,1.6755,2.83,-387.1,1065,379
Ex 3 day 188,2,90,-0.0055,1.371,1.1744,2.83,-251.2,1112,249
Ex 3 day 188,2,91,-0.0055,2.0299,1.7419,2.83,-371.93,1066,287
Ex 3 day 188,2,92,-0.0055,1.6737,1.2692,2.83,-306.66,1050,364
Ex 3 day 188,2,93,-0.0055,1.7777,1.3938,2.83,-325.73,1033,329
Ex 3 day 188,2,94,-0.0055,1.7494,0.9951,3.3,-320.55,1080,339
Ex 3 day 188,2,95,-0.0055,2.0086,1.3432,2.83,-368.04,1120,386
Ex 3 day 188,2,96,-0.0055,2.0872,1.6405,2.83,-382.43,1101,293
Ex 3 day 188,3,97,0.0315,3.4149,2.904,2.83,108.28,1337,381
Ex 3 day 188,3,98,0.0315,3.4396,2.3531,2.83,109.07,1278,294
Ex 3 day 188,3,99,0.0315,4.0253,2.5837,3.3,127.64,1231,356
Ex 3 day 188,3,100,0.0315,3.3396,2.7614,2.83,105.89,1256,356
Ex 3 day 188,3,101,0.0315,3.076,2.4371,2.83,97.54,1350,305
Ex 3 day 188,3,102,0.0315,2.4118,1.9359,2.83,76.47,1238,299
Ex 3 day 188,3,103,0.0315,2.4083,1.8498,2.83,76.36,1209,360
Ex 3 day 188,3,104,0.0315,2.6158,2.3115,2.83,82.94,1211,346
Ex 3 day 188,3,105,0.0315,2.8355,2.0623,3.3,89.91,1299,378
Ex 3 day 188,3,106,0.0315,2.9455,1.7962,4.24,93.4,1224,383
Ex 3 day 188,3,107,0.0315,1.8653,1.6748,5.66,59.14,1269,424
Ex 3 day 188,3,108,0.0315,2.3041,1.8108,2.83,73.06,1245,337
Ex 3 day 188,3,109,0.0315,2.5047,1.9713,4.71,79.42,1280,375
Ex 3 day 188,3,110,0.0315,3.3938,2.8923,2.83,107.61,1240,399
Ex 3 day 188,3,111,0.0315,2.7397,2.2848,2.83,86.87,1317,298
Ex 3 day 188,3,112,0.0315,2.5045,1.9256,2.83,79.41,1311,408
Ex 3 day 188,3,113,0.0315,2.389,1.676,2.83,75.75,1192,374
Ex 3 day 188,3,114,0.0315,2.5906,2.3399,2.83,82.15,1348,325
Ex 3 day 188,3,115,0.0315,2.3434,1.9728,2.83,74.31,1322,338
Ex 3 day 188,3,116,0.0315,1.9251,1.1024,5.19,61.04,1254,326
Ex 3 day 188,3,117,0.0315,1.9482,1.5205,2.83,61.78,1234,318
Ex 3 day 188,3,118,0.0315,2.0732,1.8648,2.83,65.74,1278,363
Ex 3 day 188,3,119,0.0315,2.2876,1.7338,2.83,72.54,1243,309
Ex 3 day 188,3,120,0.0315,1.9912,1.5659,3.77,63.14,1267,307
Ex 3 day 188,3,121,0.0315,2.31,1.8397,2.83,73.25,1331,379
Ex 3 day 188,3,122,0.0315,1.9718,1.542,2.83,62.52,1242,373
Ex 3 day 188,3,123,0.0315,2.0346,1.6157,2.83,64.51,1202,336
Ex 3 day 188,3,124,0.0315,1.5371,1.2858,3.77,48.74,1287,413
Ex 3 day 188,3,125,0.0315,1.6725,1.312,2.83,53.03,1299,400
Ex 3 day 188,3,126,0.0315,2.0104,1.5211,4.24,63.75,1291,431
Ex 3 day 188,3,127,0.0315,1.662,1.4361,2.83,52.7,1353,355
Ex 3 day 188,3,128,0.0315,2.1801,1.5962,2.83,69.13,1269,332
Ex 3 day 188,3,129,0.0315,1.7811,1.3176,2.83,56.48,1337,335
Ex 3 day 188,3,130,0.0315,1.6795,1.3274,2.83,53.25,1201,326
Ex 3 day 188,3,131,0.0315,2.1151,1.5267,2.83,67.07,1234,343
Ex 3 day 188,3,132,0.0315,2.402,2.1283,2.83,76.17,1296,338
Ex 3 day 188,3,133,0.0315,2.1831,1.6772,2.83,69.22,1322,352
Ex 3 day 188,3,134,0.0315,1.6912,1.4143,2.83,53.62,1198,365
Ex 3 day 188,3,135,0.0315,2.5197,1.9713,2.83,79.9,1326,287
Ex 3 day 188,3,136,0.0315,1.8161,1.3601,2.83,57.59,1275,406
Ex 3 day 188,3,137,0.0315,2.099,1.5313,2.83,66.56,1311,418
Ex 3 day 188,3,138,0.0315,1.1672,1.0316,4.71,37.01,1198,385
Ex 3 day 188,3,139,0.0315,1.9935,1.3886,4.24,63.21,1322,399
Ex 3 day 188,3,140,0.0315,1.763,1.5451,2.83,55.9,1278,318
Ex 3 day 188,3,141,0.0315,1.6014,1.2464,4.24,50.78,1242,420
Ex 3 day 188,3,142,0.0315,1.4359,1.1343,2.83,45.53,1322,345
Ex 3 day 188,3,143,0.0315,2.0328,1.2786,3.77,64.46,1254,383
Ex 3 day 188,5,144,0.0322,4.2927,3.3764,2.83,133.14,647,495
Ex 3 day 188,5,145,0.0322,4.7674,3.9963,2.83,147.86,616,462
Ex 3 day 188,5,146,0.0322,4.3371,3.7265,2.83,134.52,603,490
Ex 3 day 188,5,147,0.0322,4.2631,3.0447,3.3,132.22,641,516
Ex 3 day 188,5,148,0.0322,4.1092,3.0563,2.83,127.45,579,418
Ex 3 day 188,5,149,0.0322,4.1455,2.9092,3.3,128.58,580,487
Ex 3 day 188,5,150,0.0322,3.5732,2.5235,3.3,110.83,611,449
Ex 3 day 188,5,151,0.0322,3.9788,2.7863,3.3,123.41,676,516
Ex 3 day 188,5,152,0.0322,3.2603,2.1408,4.24,101.12,639,455
Ex 3 day 188,5,153,0.0322,3.535,2.5919,3.3,109.64,635,559
Ex 3 day 188,5,154,0.0322,2.9839,2.4383,2.83,92.55,618,497
Ex 3 day 188,5,155,0.0322,3.2172,2.3726,3.3,99.78,674,467
Ex 3 day 188,5,156,0.0322,2.7666,1.7907,3.3,85.81,585,472
Ex 3 day 188,5,157,0.0322,2.7753,2.1231,2.83,86.08,622,524
Ex 3 day 188,5,158,0.0322,3.0725,2.1175,3.3,95.3,681,451
Ex 3 day 188,5,159,0.0322,2.4237,2.0507,2.83,75.17,599,427
Ex 3 day 188,5,160,0.0322,2.0905,1.3797,4.24,64.84,615,555
Ex 3 day 188,5,161,0.0322,2.0101,1.5087,2.83,62.34,596,472
Ex 3 day 188,5,162,0.0322,2.174,1.7339,3.77,67.43,652,433
Ex 3 day 188,5,163,0.0322,1.8609,1.2901,3.77,57.72,618,513
Ex 3 day 188,5,164,0.0322,2.2521,1.6922,3.77,69.85,670,493
Ex 3 day 188,5,165,0.0322,1.9337,1.5309,2.83,59.97,603,518
Ex 3 day 188,5,166,0.0322,1.9132,1.5719,2.83,59.34,635,533
Ex 3 day 188,5,167,0.0322,2.1075,1.5515,3.3,65.36,649,444
Ex 3 day 188,5,168,0.0322,2.0485,1.5664,2.83,63.54,593,450
Ex 3 day 188,5,169,0.0322,1.9712,1.6345,2.83,61.14,595,457
Ex 3 day 188,5,170,0.0322,2.3095,1.1306,5.19,71.63,604,525
Ex 3 day 188,5,171,0.0322,1.8295,1.4666,2.83,56.74,648,477
Ex 3 day 188,5,172,0.0322,1.6891,1.4049,2.83,52.39,654,473
Ex 3 day 188,5,173,0.0322,1.1205,1.0821,3.77,34.75,623,540
Ex 3 day 188,6,174,-0.0004,2.8577,1.8671,3.3,-7953.26,106,616
Ex 3 day 188,6,175,-0.0004,2.0071,1.5968,2.83,-5585.9,83,595
Ex 3 day 188,6,176,-0.0004,1.5744,1.1479,7.07,-4381.54,41,575
Ex 3 day 188,6,177,-0.0004,1.8258,1.3452,2.83,-5081.4,79,576
Ex 3 day 188,6,178,-0.0004,1.9768,1.3849,3.77,-5501.53,67,601
Ex 3 day 188,7,179,0.0783,3.7441,2.8536,3.77,47.82,178,607
Ex 3 day 188,7,180,0.0783,3.8784,2.8179,3.3,49.54,131,566
Ex 3 day 188,7,181,0.0783,3.1046,2.197,4.24,39.66,167,642
Ex 3 day 188,7,182,0.0783,2.8355,2.194,3.77,36.22,170,547
Ex 3 day 188,7,183,0.0783,2.5421,1.5718,5.19,32.47,165,562
Ex 3 day 188,7,184,0.0783,2.3108,1.8241,5.66,29.52,143,541
Ex 3 day 188,7,185,0.0783,2.5199,1.7088,4.71,32.19,104,636
Ex 3 day 188,7,186,0.0783,2.3596,1.1765,7.07,30.14,142,632
Ex 3 day 188,7,187,0.0783,1.7261,1.4334,2.83,22.05,116,623
Ex 3 day 188,7,188,0.0783,2.2237,1.2989,4.24,28.4,119,640
Ex 3 day 188,7,189,0.0783,1.6535,1.2803,3.77,21.12,151,575
Ex 3 day 188,7,190,0.0783,1.917,1.4737,2.83,24.49,154,617
Ex 3 day 189,1,1,0.015,4.3476,3.7948,2.83,289.72,1128,426
Ex 3 day 189,1,2,0.015,3.3377,2.3691,4.24,222.42,1024,356
Ex 3 day 189,1,3,0.015,3.6497,3.1241,2.83,243.21,1094,403
Ex 3 day 189,1,4,0.015,3.4375,2.141,4.24,229.07,1122,459
Ex 3 day 189,1,5,0.015,3.3057,2.1284,4.24,220.29,1120,365
Ex 3 day 189,1,6,0.015,3.2703,2.837,2.83,217.93,1145,439
Ex 3 day 189,1,7,0.015,3.2048,2.8079,2.83,213.56,1115,421
Ex 3 day 189,1,8,0.015,2.9879,2.4751,2.83,199.11,1054,336
Ex 3 day 189,1,9,0.015,2.7535,2.3053,2.83,183.49,1006,295
Ex 3 day 189,1,10,0.015,3.0333,2.2233,3.3,202.13,1063,386
Ex 3 day 189,1,11,0.015,2.6022,2.101,2.83,173.41,1044,370
Ex 3 day 189,1,12,0.015,2.2577,1.8628,2.83,150.45,1024,413
Ex 3 day 189,1,13,0.015,2.3294,2.0338,2.83,155.23,1004,319
Ex 3 day 189,1,14,0.015,2.2343,1.7823,2.83,148.89,1167,419
Ex 3 day 189,1,15,0.015,2.3244,2.0292,2.83,154.89,1102,348
Ex 3 day 189,1,16,0.015,1.7535,1.5027,2.83,116.85,1123,398
Ex 3 day 189,1,17,0.015,2.0432,1.4516,3.3,136.16,1092,367
Ex 3 day 189,1,18,0.015,2.3097,1.8706,2.83,153.92,1101,442
Ex 3 day 189,1,19,0.015,2.0005,1.4883,2.83,133.31,1088,304
Ex 3 day 189,1,20,0.015,1.8738,1.5768,3.77,124.87,1081,293
Ex 3 day 189,1,21,0.015,1.2413,1.3882,4.24,82.72,1152,404
Ex 3 day 189,1,22,0.015,2.3666,1.9236,2.83,157.71,1161,400
Ex 3 day 189,1,23,0.015,2.2485,1.5941,3.3,149.84,1098,357
Ex 3 day 189,1,24,0.015,1.2455,1.1225,3.77,83.0,1139,394
Ex 3 day 189,2,25,0.0419,3.8141,3.3281,2.83,90.98,461,359
Ex 3 day 189,2,26,0.0419,4.0437,2.9811,3.77,96.46,404,396
Ex 3 day 189,2,27,0.0419,3.765,2.3688,4.24,89.81,433,381
Ex 3 day 189,2,28,0.0419,3.9915,2.8872,3.77,95.22,370,394
Ex 3 day 189,2,29,0.0419,3.4717,2.6513,3.77,82.82,440,396
Ex 3 day 189,2,30,0.0419,3.8226,2.8366,3.77,91.19,494,327
Ex 3 day 189,2,31,0.0419,3.718,2.3365,4.24,88.69,390,371
Ex 3 day 189,2,32,0.0419,3.6471,2.7356,3.77,87.0,425,406
Ex 3 day 189,2,33,0.0419,3.1655,2.2062,3.3,75.51,401,336
Ex 3 day 189,2,34,0.0419,3.2791,2.8181,2.83,78.22,417,362
Ex 3 day 189,2,35,0.0419,2.9541,2.1307,3.77,70.47,440,350
Ex 3 day 189,2,36,0.0419,3.2392,2.4012,3.3,77.27,457,325
Ex 3 day 189,2,37,0.0419,2.6997,1.9017,3.3,64.4,434,324
Ex 3 day 189,2,38,0.0419,2.5537,2.1363,2.83,60.92,473,369
Ex 3 day 189,2,39,0.0419,2.3659,1.6696,3.3,56.44,382,428
Ex 3 day 189,2,40,0.0419,2.2371,1.5495,3.77,53.37,370,416
Ex 3 day 189,2,41,0.0419,2.1618,1.8453,2.83,51.57,385,420
Ex 3 day 189,2,42,0.0419,2.0543,1.2988,3.3,49.0,472,401
Ex 3 day 189,2,43,0.0419,1.495,1.2456,2.83,35.66,457,337
Ex 3 day 189,2,44,0.0419,1.9209,1.4628,3.77,45.82,375,340
